Security Wise Delivery Position - Compulsory Rolling Settlement
10,MTO,01092026,1896048543,0003394
Trade Date <01-SEP-2026>,Settlement Type <N>
Record Type,Sr No,Name of Security,Quantity Traded,Deliverable Quantity(gross across client level),% of Deliverable Quantity to Traded Quantity
20,1,1003ISFL28,N4,113,89,78.76
20,2,1003SFIL28,NX,55,5,9.09
20,3,1015ECL29,NR,25,24,96.00
20,4,1015SCL28,NR,14,14,100.00
20,5,1018GS2026,GS,650,650,100.00
20,6,1020CCSP27,N0,1,1,100.00
20,7,1025PATE28,N0,3,3,100.00
20,8,1025SCL34A,ZT,20,20,100.00
20,9,1025SCL34B,N1,50,50,100.00
20,10,1025VCCL28,N0,2,2,100.00
20,11,1050UCL28,NH,452,452,100.00
20,12,105IIFL29,N7,2,2,100.00
20,13,1060ECL29,NS,50,50,100.00
20,14,1065NFL27,NC,516,516,100.00
20,15,1075SCL33A,N2,40,40,100.00
20,16,1075WCA28,N0,22,22,100.00
20,17,1075WCAP28,N0,1,1,100.00
20,18,10CAGL27,N5,160,160,100.00
20,19,10IIFL29,N6,79,49,62.03
20,20,10ISFL26,N3,232,232,100.00
20,21,10MWL29,N0,1,1,100.00
20,22,1119NFL27,ND,15,15,100.00
20,23,1150AFIL29,N0,1,1,100.00
20,24,115VCCL31A,N0,10,10,100.00
20,25,1225IFL28,N0,2,2,100.00
20,26,125VCCL31,N0,1,1,100.00
20,27,1275DCCL28,N0,11,11,100.00
20,28,12AFIL27,N0,22,22,100.00
20,29,12AFIL27A,N0,19,19,100.00
20,30,20MICRONS,EQ,137611,70231,51.04
20,31,21STCENMGM,EQ,4172,4066,97.46
20,32,360ONE,EQ,2175285,403321,18.54
20,33,364D110227,TB,200,100,50.00
20,34,3BBLACKBIO,EQ,40078,16509,41.19
20,35,3MINDIA,EQ,2999,1328,44.28
20,36,3PLAND,EQ,829,792,95.54
20,37,591GS2028,GS,6000,6000,100.00
20,38,5PAISA,EQ,86636,52681,60.81
20,39,601GS2030,GS,1985,1985,100.00
20,40,610GS2031,GS,1,1,100.00
20,41,620GS2029,GS,7867,7867,100.00
20,42,633GS2035,GS,21,11,52.38
20,43,636GS2031,GS,200,200,100.00
20,44,63MOONS,EQ,121930,66773,54.76
20,45,645GS2029,GS,2,2,100.00
20,46,648GS2035,GS,4400,4400,100.00
20,47,654GS2032,GS,10000,10000,100.00
20,48,662GS2051,GS,20,20,100.00
20,49,664GS2027,GS,290,290,100.00
20,50,667GS2035,GS,16973,16973,100.00
20,51,667GS2050,GS,36,36,100.00
20,52,668GS2040,GS,84722,84722,100.00
20,53,674MH29,SG,1000,1000,100.00
20,54,676GS2061,GS,89018,88980,99.96
20,55,679GS2034,GS,300,300,100.00
20,56,68GS2060,GS,30,20,66.67
20,57,690GS2065,GS,60689,60689,100.00
20,58,694GS2036,GS,4172,4172,100.00
20,59,695GS2061,GS,3142,3140,99.94
20,60,699GS2051,GS,12,7,58.33
20,61,702GJ31,SG,100,100,100.00
20,62,702GS2027,GS,2200,2200,100.00
20,63,704GS2029,GS,300,300,100.00
20,64,706GS2028,GS,400,400,100.00
20,65,706GS2041,GS,3290,2790,84.80
20,66,706GS2046,GS,1,1,100.00
20,67,709GS2054,GS,17537,17537,100.00
20,68,709GS2074,GS,19899,19899,100.00
20,69,70CG29,SG,100,100,100.00
20,70,710GS2029,GS,12001,12001,100.00
20,71,717GS2030,GS,100,100,100.00
20,72,718GS2037,GS,20203,20201,99.99
20,73,71GS2034,GS,1,1,100.00
20,74,71MH33,SG,100,100,100.00
20,75,723GS2039,GS,600,600,100.00
20,76,724GS2055,GS,22028,21007,95.36
20,77,725GS2063,GS,188328,186825,99.20
20,78,726GS2032,GS,11030,11030,100.00
20,79,732GS2030,GS,200,100,50.00
20,80,733GS2026,GS,500,500,100.00
20,81,734GS2064,GS,141555,140374,99.17
20,82,734IRFC28,N4,151,150,99.34
20,83,736GS2052,GS,999,999,100.00
20,84,737NTPC35C,NA,35,35,100.00
20,85,738GS2027,GS,34901,28501,81.66
20,86,739TN34A,SG,600,600,100.00
20,87,73GS2053,GS,20038,20028,99.95
20,88,741GS2036,GS,3121,2845,91.16
20,89,742AS34,SG,100,100,100.00
20,90,743GS2076,GS,304759,304615,99.95
20,91,743REC35,NH,60,60,100.00
20,92,746GS2073,GS,501,501,100.00
20,93,746MH35,SG,200,200,100.00
20,94,74GS2062,GS,27,27,100.00
20,95,750GS2056,GS,615,615,100.00
20,96,750IRFC35,NK,991,791,79.82
20,97,750TN32,SG,1800,1800,100.00
20,98,752TN33,SG,200,100,50.00
20,99,753IRFC30,NJ,1928,1897,98.39
20,100,753NTPC30E,NC,493,493,100.00
20,101,754GS2036,GS,318050,314400,98.85
20,102,758JK50,SG,100,100,100.00
20,103,762NTPC35F,ND,161,160,99.38
20,104,764HUDCO31,N8,838,504,60.14
20,105,764IRFC31,NO,1112,850,76.44
20,106,768KA37,SG,100,100,100.00
20,107,769HUDCO31,N9,1145,733,64.02
20,108,769NHAI31,NE,26,13,50.00
20,109,76NHAI31,NA,800,755,94.38
20,110,76TN32,SG,100,100,100.00
20,111,771GS2066,GS,30863,30662,99.35
20,112,773BR39,SG,100,100,100.00
20,113,774AP36A,SG,200,200,100.00
20,114,774IREDA31,N7,215,215,100.00
20,115,779PN38,SG,100,100,100.00
20,116,791MH39,SG,100,100,100.00
20,117,79NHIT35,N1,2826,2751,97.35
20,118,79NHIT40,N2,368,368,100.00
20,119,79NHIT47,N3,900,900,100.00
20,120,7PFCL31,N3,10,10,100.00
20,121,807AP51,SG,100,100,100.00
20,122,813GS2045,GS,86,86,100.00
20,123,81TCHF28,N8,215,200,93.02
20,124,824GS2027,GS,4429,4429,100.00
20,125,82HUDCO27,N2,797,797,100.00
20,126,82IGT31,NJ,4,4,100.00
20,127,830NHAI27,N2,987,978,99.09
20,128,830PFCL27,N5,20,20,100.00
20,129,835SCL23B,YM,6,6,100.00
20,130,842IIFL26,NL,63,63,100.00
20,131,843IHFL29,NC,2,2,100.00
20,132,848AEL29,NJ,425,424,99.76
20,133,850CIFCL26,NE,100,100,100.00
20,134,852IIFL29,Y5,135,135,100.00
20,135,862AEL31,NM,40,40,100.00
20,136,863NHB29,N2,7,6,85.71
20,137,865IFL28,NZ,150,150,100.00
20,138,865IIFL28,NS,366,366,100.00
20,139,865IRFC29,NA,605,605,100.00
20,140,865SCL27,N4,220,220,100.00
20,141,865TCAPS27,N8,1364,852,62.46
20,142,866NTPC33,N3,5,5,100.00
20,143,871REC28,N9,1135,1085,95.59
20,144,875NHAI29,N6,220,211,95.91
20,145,875SCL23A,YI,43,43,100.00
20,146,876HUDCO28,ND,480,480,100.00
20,147,87LTF27,NH,11,10,90.91
20,148,880IREDA29,N5,69,69,100.00
20,149,885IHL26,N1,50,50,100.00
20,150,888ECL28,N1,212,211,99.53
20,151,888IRFC29,NE,50,50,100.00
20,152,890AEL31,NN,1486,1467,98.72
20,153,891NTPC33,N6,624,615,98.56
20,154,892PFCL33,N8,20,10,50.00
20,155,893NHB29,N6,2,2,100.00
20,156,898LTF29,N7,51,51,100.00
20,157,89IHFL29,N1,21,21,100.00
20,158,901NHB34,N6,177,175,98.87
20,159,902SCL28,N1,72,72,100.00
20,160,915AEL28,NC,50,50,100.00
20,161,915APSBC27,N0,5,5,100.00
20,162,915APSBC31,N0,8,5,62.50
20,163,915APSBC34,N0,2,1,50.00
20,164,915APSBC35,N0,10,10,100.00
20,165,915SCL26,NE,30,30,100.00
20,166,91D100926,TB,2000,2000,100.00
20,167,91D191126,TB,1300,900,69.23
20,168,91D271126,TB,1000,1000,100.00
20,169,91D291026,TB,3300,3300,100.00
20,170,920ISF28B,N0,7,7,100.00
20,171,925ECL28,N2,19,19,100.00
20,172,925ISF28,N0,38,25,65.79
20,173,925SCL2028,N8,200,200,100.00
20,174,92GS2030,GS,15889,15789,99.37
20,175,930APMD30,N0,11,11,100.00
20,176,930APMD32,N0,8,5,62.50
20,177,935LTF29,N5,654,620,94.80
20,178,935MOFSL29,N5,20,20,100.00
20,179,935TSI30,N0,2,2,100.00
20,180,935TSIIC28,N0,1,1,100.00
20,181,93MOFSL34,N6,500,390,78.00
20,182,948SCL26A,NN,150,150,100.00
20,183,948SCL27D,N1,4,4,100.00
20,184,956AEL29,N6,147,147,100.00
20,185,957ISFL26,N2,110,110,100.00
20,186,965AEL27,N4,689,685,99.42
20,187,96IIFL28,N5,1070,1048,97.94
20,188,96IIFL28A,NF,2030,1905,93.84
20,189,970CAGL28,ND,4,4,100.00
20,190,971SCL29A,ZN,1000,500,50.00
20,191,975IIFL28,Y0,63,63,100.00
20,192,975SCL28A,N0,5,5,100.00
20,193,97MOFSL34,N7,50,50,100.00
20,194,97SFL29,YZ,250,250,100.00
20,195,985CCSP27,N0,1,1,100.00
20,196,985ECL28,NK,228,228,100.00
20,197,985SFIL28,NO,25,25,100.00
20,198,990SCL28,N1,1,1,100.00
20,199,995SCL2035,NM,5,5,100.00
20,200,9AEL30,NE,90,90,100.00
20,201,9IIFL28,Y0,49,49,100.00
20,202,9IIFL28A,NT,2845,2145,75.40
20,203,9PCPL28A,N0,5,5,100.00
20,204,9PFL31A,NA,29,29,100.00
20,205,9SCL26BA,NA,2,1,50.00
20,206,9SCL27,N2,47,47,100.00
20,207,A2ZINFRA,EQ,97461,65608,67.32
20,208,AAATECH,EQ,15904,6255,39.33
20,209,AADHARHFC,EQ,289606,147513,50.94
20,210,AAKAAR,SM,6400,6400,100.00
20,211,AAKASH,EQ,28034,18032,64.32
20,212,AARADHYA,SM,150000,126000,84.00
20,213,AAREYDRUGS,EQ,716181,160277,22.38
20,214,AARON,EQ,8935,5860,65.58
20,215,AARTIDRUGS,EQ,254941,95293,37.38
20,216,AARTIIND,EQ,637770,264918,41.54
20,217,AARTIPHARM,EQ,513635,191067,37.20
20,218,AARVI,EQ,109670,30918,28.19
20,219,AASTHA,EQ,741120,339785,45.85
20,220,AAVAS,EQ,172413,91139,52.86
20,221,ABANSENT,EQ,9830,7535,76.65
20,222,ABB,EQ,253254,115967,45.79
20,223,ABBOTINDIA,EQ,8754,3792,43.32
20,224,ABCAPITAL,EQ,2580254,1136099,44.03
20,225,ABCL26,N3,40,40,100.00
20,226,ABCL28,N6,40,40,100.00
20,227,ABCOTS,EQ,3782,2991,79.09
20,228,ABDL,EQ,230238,81485,35.39
20,229,ABFRL,EQ,3376116,1445368,42.81
20,230,ABGSEC,EQ,27,27,100.00
20,231,ABH,ST,217200,217200,100.00
20,232,ABHAPOWER,SM,3200,3200,100.00
20,233,ABLBL,EQ,667788,323956,48.51
20,234,ABMKNO,EQ,775,653,84.26
20,235,ABREL,EQ,154550,74227,48.03
20,236,ABSL10BANK,EQ,1818,1750,96.26
20,237,ABSLAMC,EQ,303733,164706,54.23
20,238,ABSLBANETF,EQ,65505,36367,55.52
20,239,ABSLLIQUID,EQ,20719,10704,51.66
20,240,ABSLMSCIN,EQ,247,150,60.73
20,241,ABSLNN50ET,EQ,12129,9747,80.36
20,242,ABSLPSE,EQ,150958,119216,78.97
20,243,ABSMARINE,SM,132000,112500,85.23
20,244,ACC,EQ,98545,48564,49.28
20,245,ACCELYA,EQ,7470,5228,69.99
20,246,ACCENTMIC,SM,62500,41000,65.60
20,247,ACCPL,ST,1200,1200,100.00
20,248,ACE,EQ,183768,97197,52.89
20,249,ACEINTEG,EQ,11819,4934,41.75
20,250,ACGL,EQ,1923,1607,83.57
20,251,ACI,EQ,1602730,1011356,63.10
20,252,ACL,EQ,4249,2951,69.45
20,253,ACMESOLAR,EQ,1454893,589867,40.54
20,254,ACUTAAS,EQ,333584,151465,45.41
20,255,ADANIENSOL,EQ,8161918,3747773,45.92
20,256,ADANIENT,EQ,3862408,1733099,44.87
20,257,ADANIGREEN,EQ,4309378,1464846,33.99
20,258,ADANIPORTS,EQ,3770354,1560050,41.38
20,259,ADANIPOWER,EQ,38032254,11138279,29.29
20,260,ADDICTIVE,SM,5000,5000,100.00
20,261,ADDIND,EQ,373,359,96.25
20,262,ADFFOODS,EQ,135582,63156,46.58
20,263,ADISOFT,SM,37600,23200,61.70
20,264,ADL,EQ,753,597,79.28
20,265,ADOR,EQ,51304,22389,43.64
20,266,ADROITINFO,EQ,15956,12761,79.98
20,267,ADSL,EQ,85703,36185,42.22
20,268,ADVAIT,EQ,46878,23594,50.33
20,269,ADVANCE,EQ,90717,50255,55.40
20,270,ADVANIHOTR,EQ,12199,8803,72.16
20,271,ADVENTHTL,EQ,84873,59861,70.53
20,272,ADVENZYMES,EQ,161643,103863,64.25
20,273,ADVIKCA,EQ,289220,200258,69.24
20,274,AEGISLOG,EQ,1344809,519721,38.65
20,275,AEGISVOPAK,EQ,711022,282776,39.77
20,276,AEL120126,NL,16,12,75.00
20,277,AEL120924B,N8,8,8,100.00
20,278,AEPL,EQ,965192,960082,99.47
20,279,AEQUS,EQ,2245052,1278223,56.94
20,280,AEROENTER,EQ,1336212,472205,35.34
20,281,AEROFLEX,EQ,2920944,779724,26.69
20,282,AERON,SM,13000,12000,92.31
20,283,AERONEU,EQ,37739,20654,54.73
20,284,AEROPLANE,EQ,228243,105778,46.34
20,285,AESTHETIK,SM,4000,2000,50.00
20,286,AETHER,EQ,102406,39497,38.57
20,287,AFCONS,EQ,324859,198707,61.17
20,288,AFFLE,EQ,149381,81130,54.31
20,289,AFFORDABLE,EQ,16546,10664,64.45
20,290,AFIL,EQ,131859,102068,77.41
20,291,AFSL,EQ,5139,3650,71.03
20,292,AGARIND,EQ,70393,46953,66.70
20,293,AGARWALEYE,EQ,139334,68583,49.22
20,294,AGARWALFT,SM,7500,4500,60.00
20,295,AGARWALTUF,SM,76800,49200,64.06
20,296,AGI,EQ,124438,53468,42.97
20,297,AGIIL,EQ,271445,100235,36.93
20,298,AGL,EQ,3355300,2671263,79.61
20,299,AGNI,SM,5000,5000,100.00
20,300,AGRITECH,EQ,3000,1998,66.60
20,301,AGROPHOS,EQ,20769,15913,76.62
20,302,AHCL,EQ,1880199,1165034,61.96
20,303,AHLADA,EQ,6566,4089,62.28
20,304,AHLEAST,EQ,4748,2740,57.71
20,305,AHLUCONT,EQ,70430,36552,51.90
20,306,AIAENG,EQ,20642,11280,54.65
20,307,AIIL,EQ,523103,212844,40.69
20,308,AILIMITED,SM,3000,3000,100.00
20,309,AIMTRON,SM,20800,10600,50.96
20,310,AIRAN,EQ,34343,23698,69.00
20,311,AIROLAM,EQ,3467,3353,96.71
20,312,AJANTPHARM,EQ,87584,42224,48.21
20,313,AJAXENGG,EQ,34918,20295,58.12
20,314,AJMERA,EQ,147515,76996,52.20
20,315,AJOONI,EQ,450753,309384,68.64
20,316,AKANKSHA,SM,41000,28000,68.29
20,317,AKASH,EQ,4258,2906,68.25
20,318,AKCAPIT,EQ,1648,991,60.13
20,319,AKG,EQ,7195,6893,95.80
20,320,AKI,EQ,1003297,527247,52.55
20,321,AKIKO,SM,28800,22400,77.78
20,322,AKSHAR,EQ,2436509,1412783,57.98
20,323,AKUMS,EQ,461075,235869,51.16
20,324,ALANKIT,EQ,72141,57301,79.43
20,325,ALBERTDAVD,EQ,7074,4748,67.12
20,326,ALCODIS,SM,625,625,100.00
20,327,ALEMBICLTD,EQ,848069,340933,40.20
20,328,ALFREDHE,EQ,11,11,100.00
20,329,ALGOQUANT,EQ,1083176,255825,23.62
20,330,ALICON,EQ,18536,11196,60.40
20,331,ALIVUS,EQ,395923,173239,43.76
20,332,ALKEM,EQ,88288,51913,58.80
20,333,ALKYLAMINE,EQ,80010,28431,35.53
20,334,ALLCARGO,EQ,25577812,5021980,19.63
20,335,ALLDIGI,EQ,4779,3485,72.92
20,336,ALLETEC,SM,16000,14400,90.00
20,337,ALLTIME,EQ,647970,221700,34.21
20,338,ALMONDZ,EQ,342019,288187,84.26
20,339,ALOKINDS,EQ,81881769,48657200,59.42
20,340,ALPA,EQ,15807,10561,66.81
20,341,ALPEXSOLAR,SM,29100,20200,69.42
20,342,ALPHA,EQ,1088932,720683,66.18
20,343,ALPHAETF,EQ,433145,314787,72.67
20,344,ALPINETEX,EQ,163406,96711,59.18
20,345,ALPL30IETF,EQ,435315,236718,54.38
20,346,ALUFLUOR,EQ,15472,13459,86.99
20,347,ALUWIND,SM,6000,6000,100.00
20,348,AMAGI,EQ,716012,281351,39.29
20,349,AMAL,EQ,6902,4799,69.53
20,350,AMARJOTHI,EQ,906,690,76.16
20,351,AMBAAUTO,SM,4000,3000,75.00
20,352,AMBER,EQ,100768,40059,39.75
20,353,AMBICAAGAR,EQ,6087,5090,83.62
20,354,AMBIKCO,EQ,12954,7873,60.78
20,355,AMBUJACEM,EQ,1377257,573551,41.64
20,356,AMCL,SM,6400,6400,100.00
20,357,AMDIND,EQ,66205,36469,55.08
20,358,AMEYA,SM,4000,4000,100.00
20,359,AMJLAND,EQ,5193,4079,78.55
20,360,AMNPLST,EQ,5501,3309,60.15
20,361,AMRUTANJAN,EQ,50017,27057,54.10
20,362,ANANDRATHI,EQ,213203,97934,45.93
20,363,ANANTAM,IV,25295,25188,99.58
20,364,ANANTRAJ,EQ,1114268,493025,44.25
20,365,ANAWIL,SM,275600,150000,54.43
20,366,ANDHRAPAP,EQ,270667,192104,70.97
20,367,ANDHRSUGAR,EQ,388648,175659,45.20
20,368,ANDREWYU,EQ,100589,67102,66.71
20,369,ANGELONE,EQ,2909391,1193099,41.01
20,370,ANIKINDS,EQ,13921,12504,89.82
20,371,ANLON,SM,2800,2000,71.43
20,372,ANMOL,EQ,36429,33369,91.60
20,373,ANNAPURNA,EQ,35855,23862,66.55
20,374,ANONDITA,SM,147800,124600,84.30
20,375,ANSALBU,EQ,46059,16094,34.94
20,376,ANTELOPUS,EQ,47544,25012,52.61
20,377,ANTGRAPHIC,EQ,199813,153626,76.88
20,378,ANTHEM,EQ,1326412,613964,46.29
20,379,ANUHPHR,EQ,61758,29426,47.65
20,380,ANUP,EQ,23575,10790,45.77
20,381,ANURAS,EQ,219299,122252,55.75
20,382,ANYA,SM,40000,40000,100.00
20,383,AONEGOLD,EQ,828122,302040,36.47
20,384,AONELIQUID,EQ,8005,4627,57.80
20,385,AONENIFTY,EQ,247088,99073,40.10
20,386,AONESILVER,EQ,1182475,478184,40.44
20,387,AONETMMQ50,EQ,32131,14691,45.72
20,388,AONETOTAL,EQ,273082,187916,68.81
20,389,APARINDS,EQ,88375,32506,36.78
20,390,APCL,EQ,5140,3065,59.63
20,391,APCOTEXIND,EQ,228646,97674,42.72
20,392,APEX,EQ,171058,87111,50.92
20,393,APEXECO,ST,8800,8000,90.91
20,394,APLAPOLLO,EQ,642035,284037,44.24
20,395,APLLTD,EQ,114428,56596,49.46
20,396,APOLLO,EQ,3505166,1228814,35.06
20,397,APOLLOHOSP,EQ,153262,86619,56.52
20,398,APOLLOPIPE,EQ,288698,151554,52.50
20,399,APOLLOTYRE,EQ,276871,141393,51.07
20,400,APOLSINHOT,EQ,1038,782,75.34
20,401,APRAMEYA,SM,6500,4500,69.23
20,402,APS,SM,6250,4750,76.00
20,403,APSISAERO,ST,1200,1200,100.00
20,404,APTUS,EQ,731329,404385,55.29
20,405,AQYLON,EQ,5615935,1437575,25.60
20,406,ARABIAN,SM,2000,2000,100.00
20,407,ARCHIDPLY,EQ,20540,14392,70.07
20,408,ARCHIES,EQ,13064,7805,59.74
20,409,ARCIIL,SM,4000,4000,100.00
20,410,ARCL,EQ,124,73,58.87
20,411,ARDEE,EQ,3590794,1735410,48.33
20,412,ARE&M,EQ,439607,206906,47.07
20,413,ARENTERP,EQ,872,756,86.70
20,414,ARFIN,EQ,934707,110781,11.85
20,415,ARHAM,SM,33000,26000,78.79
20,416,ARIES,EQ,103326,41658,40.32
20,417,ARIHANT,EQ,2202,1791,81.34
20,418,ARIHANTACA,SM,400,400,100.00
20,419,ARIHANTCAP,EQ,272914,167672,61.44
20,420,ARIHANTSUP,EQ,5622,3726,66.28
20,421,ARIS,EQ,5907678,2220621,37.59
20,422,ARISTO,SM,800,800,100.00
20,423,ARKADE,EQ,186349,71856,38.56
20,424,ARMANFIN,EQ,23217,11199,48.24
20,425,ARMOUR,ST,18000,18000,100.00
20,426,AROGRANITE,EQ,16003,12389,77.42
20,427,ARSSBL,EQ,183696,93380,50.83
20,428,ARTEMISMED,EQ,546257,220303,40.33
20,429,ARTNIRMAN,EQ,950,942,99.16
20,430,ARUNAYA,SM,4000,4000,100.00
20,431,ARVEE,EQ,1150,607,52.78
20,432,ARVIND,EQ,486221,225313,46.34
20,433,ARVINDFASN,EQ,205486,107733,52.43
20,434,ARVINDPORT,SM,4500,4500,100.00
20,435,ARVSMART,EQ,46238,26012,56.26
20,436,ARYAMAN,EQ,26,26,100.00
20,437,ASAHIINDIA,EQ,74285,45335,61.03
20,438,ASAL,EQ,19429,6218,32.00
20,439,ASALCBR,EQ,17898,11771,65.77
20,440,ASHALOG,SM,3000,3000,100.00
20,441,ASHAPURMIN,EQ,329674,153264,46.49
20,442,ASHIANA,EQ,26448,13160,49.76
20,443,ASHIMASYN,EQ,80364,60055,74.73
20,444,ASHOKA,EQ,9607922,1009758,10.51
20,445,ASHOKAMET,EQ,7113,4840,68.04
20,446,ASHOKLEY,EQ,16860146,6882870,40.82
20,447,ASHWINI,SM,3000,2000,66.67
20,448,ASIANENE,EQ,398711,174942,43.88
20,449,ASIANHOTNR,EQ,214552,38521,17.95
20,450,ASIANPAINT,EQ,1046523,401019,38.32
20,451,ASIANTILES,EQ,8205021,3600306,43.88
20,452,ASIANTNE,EQ,13782,10432,75.69
20,453,ASKAUTOLTD,EQ,197446,91054,46.12
20,454,ASPINWALL,EQ,1722,1590,92.33
20,455,ASPIRE,SM,12000,8000,66.67
20,456,ASSAMENT,EQ,14,13,92.86
20,457,ASTEC,EQ,22629,11334,50.09
20,458,ASTERDM,EQ,967322,572141,59.15
20,459,ASTRAL,EQ,726492,309933,42.66
20,460,ASTRAMICRO,EQ,292436,112703,38.54
20,461,ASTRAZEN,EQ,3552,1888,53.15
20,462,ATALREAL,EQ,18612147,6881578,36.97
20,463,ATAM,EQ,15123,7656,50.62
20,464,ATCENERGY,ST,2400,2400,100.00
20,465,ATGL,EQ,730043,199938,27.39
20,466,ATHERENERG,EQ,9562596,2140232,22.38
20,467,ATL,EQ,266188,146013,54.85
20,468,ATLANTAA,EQ,121504,87058,71.65
20,469,ATLANTAELE,EQ,169455,76574,45.19
20,470,ATLASCYCLE,EQ,14972,6445,43.05
20,471,ATLPP,E1,14539,11419,78.54
20,472,ATMASTCO,SM,7600,7200,94.74
20,473,ATUL,EQ,12419,6259,50.40
20,474,ATULAUTO,EQ,454055,120166,26.47
20,475,AUBANK,EQ,1068952,557755,52.18
20,476,AUGMONT,EQ,3757111,1030854,27.44
20,477,AURIONPRO,EQ,231981,129590,55.86
20,478,AUROIMPEX,SM,9600,9600,100.00
20,479,AUROPHARMA,EQ,608791,249292,40.95
20,480,AURUM,EQ,120342,65758,54.64
20,481,AURUS,EQ,1850,1850,100.00
20,482,AUSL,SM,4000,2000,50.00
20,483,AUSOMENT,EQ,9500,7005,73.74
20,484,AUSTENG,EQ,705,693,98.30
20,485,AUTOAXLES,EQ,15397,8599,55.85
20,486,AUTOBEES,EQ,423107,202024,47.75
20,487,AUTOIETF,EQ,723144,338786,46.85
20,488,AUTOIND,EQ,142696,57794,40.50
20,489,AVADHSUGAR,EQ,134076,63499,47.36
20,490,AVALON,EQ,301080,108286,35.97
20,491,AVANA,ST,28000,26000,92.86
20,492,AVANCE,EQ,9823178,5574724,56.75
20,493,AVANTEL,EQ,746978,287589,38.50
20,494,AVANTIFEED,EQ,278974,93852,33.64
20,495,AVIANSH,SM,3000,2000,66.67
20,496,AVIENCE,SM,23400,19200,82.05
20,497,AVL,EQ,86864,44888,51.68
20,498,AVONMORE,EQ,185858,113941,61.31
20,499,AVPINFRA,SM,8800,5600,63.64
20,500,AVROIND,EQ,223687,142851,63.86
20,501,AVSL,ST,1000,1000,100.00
20,502,AVTNPL,EQ,376944,203924,54.10
20,503,AWFIS,EQ,317406,88332,27.83
20,504,AWHCL,EQ,64871,34510,53.20
20,505,AWL,EQ,3175886,1713024,53.94
20,506,AXISBANK,EQ,5588158,3413641,61.09
20,507,AXISCADES,EQ,158188,79927,50.53
20,508,AXITA,EQ,944524,541626,57.34
20,509,AXTEL,EQ,3246,2923,90.05
20,510,AYE,EQ,1443202,636891,44.13
20,511,AYMSYNTEX,EQ,652034,186377,28.58
20,512,AZAD,EQ,440243,188443,42.80
20,513,AZADIND,EQ,35851,9815,27.38
20,514,BABAFP,SM,1600,1600,100.00
20,515,BAGDIGITAL,SM,27200,19200,70.59
20,516,BAGFILMS,EQ,46601,32867,70.53
20,517,BAGMANE,RR,388365,351270,90.45
20,518,BAHETI,SM,19875,12750,64.15
20,519,BAIDFIN,EQ,75869,59727,78.72
20,520,BAJAJ-AUTO,EQ,495029,166305,33.60
20,521,BAJAJCON,EQ,1247518,528424,42.36
20,522,BAJAJELEC,EQ,126133,53478,42.40
20,523,BAJAJFINSV,EQ,788344,365159,46.32
20,524,BAJAJHCARE,EQ,78501,41004,52.23
20,525,BAJAJHFL,EQ,3146554,1909355,60.68
20,526,BAJAJHIND,EQ,32102812,5663917,17.64
20,527,BAJAJHLDNG,EQ,44566,27404,61.49
20,528,BAJAJINDEF,EQ,11276,6318,56.03
20,529,BAJAJST,EQ,5847,4246,72.62
20,530,BAJEL,EQ,174373,99528,57.08
20,531,BAJFINANCE,EQ,4813301,3014822,62.64
20,532,BALAJEE,EQ,20852,16363,78.47
20,533,BALAJIPHOS,SM,264000,237000,89.77
20,534,BALAJITELE,EQ,70769,45249,63.94
20,535,BALAMINES,EQ,262817,81142,30.87
20,536,BALAXI,EQ,22106,18749,84.81
20,537,BALCO,SM,6000,6000,100.00
20,538,BALKRISHNA,EQ,20202,4884,24.18
20,539,BALKRISIND,EQ,511138,303080,59.30
20,540,BALMLAWRIE,EQ,241856,66368,27.44
20,541,BALPHARMA,EQ,23149,13816,59.68
20,542,BALRAMCHIN,EQ,5571019,713541,12.81
20,543,BALUFORGE,EQ,1369121,438549,32.03
20,544,BANARBEADS,EQ,795,383,48.18
20,545,BANARISUG,EQ,1473,910,61.78
20,546,BANCOINDIA,EQ,84843,37126,43.76
20,547,BANDHANBNK,EQ,5214696,2240290,42.96
20,548,BANG,EQ,178597,93909,52.58
20,549,BANK10ADD,EQ,10318464,10221828,99.06
20,550,BANK10BETF,EQ,9190,8044,87.53
20,551,BANKA,EQ,1216,992,81.58
20,552,BANKADD,EQ,1866,937,50.21
20,553,BANKBARODA,EQ,13131444,4995714,38.04
20,554,BANKBEES,EQ,462594,208050,44.97
20,555,BANKBETA,EQ,128807,114817,89.14
20,556,BANKBETF,EQ,13974,8565,61.29
20,557,BANKETF,EQ,11328,3049,26.92
20,558,BANKIETF,EQ,677022,316509,46.75
20,559,BANKINDIA,EQ,3406860,1142657,33.54
20,560,BANKNIFTY1,EQ,450214,173920,38.63
20,561,BANKPSU,EQ,72011,54941,76.30
20,562,BANSALWIRE,EQ,43459,22846,52.57
20,563,BANSWRAS,EQ,39803,27162,68.24
20,564,BARFLEX,SM,8000,8000,100.00
20,565,BASF,EQ,13391,6296,47.02
20,566,BASILIC,SM,42600,39000,91.55
20,567,BATAINDIA,EQ,149599,55726,37.25
20,568,BATLIBOI,EQ,25746,14809,57.52
20,569,BAWEJA,ST,13600,13600,100.00
20,570,BAYERCROP,EQ,14746,8047,54.57
20,571,BBETF0432,EQ,815,461,56.56
20,572,BBL,EQ,11521,6534,56.71
20,573,BBNPNBETF,EQ,2363,1862,78.80
20,574,BBNPPGOLD,EQ,1764,1336,75.74
20,575,BBOX,EQ,445043,218866,49.18
20,576,BBTC,EQ,197902,49923,25.23
20,577,BBTCL,EQ,7436,4428,59.55
20,578,BCG,EQ,2958794,1370437,46.32
20,579,BCLIND,EQ,532349,243053,45.66
20,580,BCONCEPTS,EQ,10683,7391,69.18
20,581,BCPL,EQ,7059,5393,76.40
20,582,BDL,EQ,1100052,384231,34.93
20,583,BEACON,SM,3000,3000,100.00
20,584,BEARDSELL,EQ,4436,2847,64.18
20,585,BECTORFOOD,EQ,2607751,1113809,42.71
20,586,BEDMUTHA,EQ,4441,4197,94.51
20,587,BEEKAY,EQ,824,527,63.96
20,588,BEL,EQ,5628444,3381929,60.09
20,589,BELLACASA,EQ,13499,7951,58.90
20,590,BELRISE,EQ,2926112,1435076,49.04
20,591,BEML,EQ,304165,117784,38.72
20,592,BENARAS,EQ,74,63,85.14
20,593,BENGALASM,EQ,1001,792,79.12
20,594,BEPL,EQ,3436941,1157930,33.69
20,595,BERGEPAINT,EQ,134383,62985,46.87
20,596,BESTAGRO,EQ,351441,187312,53.30
20,597,BETA,EQ,12964,7120,54.92
20,598,BEWLTD,SM,50500,46500,92.08
20,599,BFINVEST,EQ,16151,8655,53.59
20,600,BFSI,EQ,146614,107859,73.57
20,601,BFUTILITIE,EQ,32870,16793,51.09
20,602,BHADORA,ST,14400,14400,100.00
20,603,BHAGCHEM,EQ,146689,115629,78.83
20,604,BHAGYANGR,EQ,80991,45061,55.64
20,605,BHANDARI,EQ,69915,53307,76.25
20,606,BHARATCOAL,EQ,3510944,1644812,46.85
20,607,BHARATFORG,EQ,976086,612582,62.76
20,608,BHARATRAS,EQ,9653,6263,64.88
20,609,BHARATSE,EQ,154435,64935,42.05
20,610,BHARATWIRE,EQ,385775,175406,45.47
20,611,BHARTIARTL,EQ,9900740,5890898,59.50
20,612,BHARTIHEXA,EQ,54396,25028,46.01
20,613,BHEL,EQ,7144021,3180568,44.52
20,614,BIGBLOC,EQ,59739,26938,45.09
20,615,BIKAJI,EQ,626123,313175,50.02
20,616,BIKEWO,ST,58000,54000,93.10
20,617,BIL,EQ,64376,22796,35.41
20,618,BIMETAL,EQ,326,304,93.25
20,619,BIOCON,EQ,2120745,1072352,50.56
20,620,BIOFILCHEM,EQ,8734,6709,76.81
20,621,BIOPOL,SM,523200,350400,66.97
20,622,BIRET,RR,176335,157058,89.07
20,623,BIRLACORPN,EQ,33058,14493,43.84
20,624,BIRLAMONEY,EQ,26855,16997,63.29
20,625,BIRLANU,EQ,5038,2214,43.95
20,626,BIRLAPREC,EQ,98098,54007,55.05
20,627,BLACKBUCK,EQ,158533,71988,45.41
20,628,BLAL,EQ,26199,22386,85.45
20,629,BLBLIMITED,EQ,130303,89872,68.97
20,630,BLEL,EQ,1089456,248809,22.84
20,631,BLIL,EQ,54581,42814,78.44
20,632,BLKASHYAP,EQ,498024,271520,54.52
20,633,BLS,EQ,1098843,475831,43.30
20,634,BLSE,EQ,231381,102643,44.36
20,635,BLUECLOUDS,EQ,1271193,754711,59.37
20,636,BLUEDART,EQ,29783,10525,35.34
20,637,BLUEJET,EQ,691675,260765,37.70
20,638,BLUEPEBBLE,SM,5200,5200,100.00
20,639,BLUESTARCO,EQ,259707,107117,41.25
20,640,BLUESTONE,EQ,570871,223399,39.13
20,641,BLUEWATER,ST,7000,7000,100.00
20,642,BLUSPRING,EQ,297341,154600,51.99
20,643,BMETRICS,SM,4800,4800,100.00
20,644,BMLL,SM,9000,8000,88.89
20,645,BMWVENTLTD,EQ,65868,42581,64.65
20,646,BNAGROCHEM,EQ,24252,14653,60.42
20,647,BNKETFAXIS,EQ,122,79,64.75
20,648,BODALCHEM,EQ,10764398,2265605,21.05
20,649,BOHRAIND,EQ,44696,33881,75.80
20,650,BOMDYEING,EQ,570890,226107,39.61
20,651,BONLON,EQ,3949,2698,68.32
20,652,BORANA,EQ,21050,14346,68.15
20,653,BOROLTD,EQ,602776,224200,37.19
20,654,BORORENEW,EQ,336371,173982,51.72
20,655,BOROSCI,EQ,89127,37114,41.64
20,656,BOSCH-HCIL,EQ,41851,25401,60.69
20,657,BOSCHLTD,EQ,53609,18301,34.14
20,658,BOSS,SM,6000,4000,66.67
20,659,BPCL,EQ,6048491,3253954,53.80
20,660,BPL,EQ,33259,19219,57.79
20,661,BPLPHARMA,EQ,5388,4236,78.62
20,662,BRACEPORT,SM,11200,9600,85.71
20,663,BRAHMINFRA,EQ,8922,6903,77.37
20,664,BRANDMAN,SM,48800,42400,86.89
20,665,BRIGADE,EQ,284854,101715,35.71
20,666,BRIGHOTEL,EQ,123274,79560,64.54
20,667,BRIGHTBR,EQ,3650,3650,100.00
20,668,BRITANNIA,EQ,235479,105123,44.64
20,669,BRNL,EQ,8810,6626,75.21
20,670,BSE,EQ,3137016,1434332,45.72
20,671,BSE500IETF,EQ,160624,110876,69.03
20,672,BSHSL,EQ,6266,4655,74.29
20,673,BSL,EQ,1462,988,67.58
20,674,BSLGOLDETF,EQ,895717,704583,78.66
20,675,BSLNIFTY,EQ,1228238,1078604,87.82
20,676,BSLSENETFG,EQ,1189,799,67.20
20,677,BSOFT,EQ,1358901,579859,42.67
20,678,BTML,EQ,497677,325474,65.40
20,679,BUILDPRO,EQ,31355,22534,71.87
20,680,BULKCORP,ST,1200,1200,100.00
20,681,BURNPUR,EQ,40109,40109,100.00
20,682,BUTTERFLY,EQ,14336,10963,76.47
20,683,BVCL,EQ,63845,42947,67.27
20,684,C2C,SM,48150,30600,63.55
20,685,CALSOFT,EQ,513118,353503,68.89
20,686,CAMLINFINE,EQ,453916,245521,54.09
20,687,CAMPUS,EQ,310687,175099,56.36
20,688,CAMS,EQ,1008731,485941,48.17
20,689,CANARYS,SM,40000,36000,90.00
20,690,CANBK,EQ,9840419,3368183,34.23
20,691,CANFINHOME,EQ,210620,94994,45.10
20,692,CANHLIFE,EQ,543430,236722,43.56
20,693,CANTABIL,EQ,670337,498604,74.38
20,694,CAPACITE,EQ,178944,104001,58.12
20,695,CAPILLARY,EQ,162807,93274,57.29
20,696,CAPINVIT,IV,426980,362801,84.97
20,697,CAPITALSFB,EQ,16612,13038,78.49
20,698,CAPLIPOINT,EQ,1992659,224400,11.26
20,699,CARBORUNIV,EQ,213988,97252,45.45
20,700,CARERATING,EQ,43401,24234,55.84
20,701,CARRARO,EQ,134604,67922,50.46
20,702,CARTRADE,EQ,167127,70058,41.92
20,703,CARYSIL,EQ,33593,16585,49.37
20,704,CASHIETF,EQ,140831,98770,70.13
20,705,CASTROLIND,EQ,680714,377304,55.43
20,706,CBAZAAR,ST,24000,24000,100.00
20,707,CCAVENUE,EQ,12431519,4792036,38.55
20,708,CCCL,EQ,218880,153130,69.96
20,709,CCHHL,EQ,7806,5951,76.24
20,710,CCL,EQ,99628,44737,44.90
20,711,CDSL,EQ,743240,304387,40.95
20,712,CEATLTD,EQ,43371,19864,45.80
20,713,CEDAAR,ST,13000,13000,100.00
20,714,CEIGALL,EQ,452494,225099,49.75
20,715,CEINSYS,EQ,45055,26043,57.80
20,716,CELEBRITY,EQ,12664,11215,88.56
20,717,CELLECOR,SM,777000,408000,52.51
20,718,CELLO,EQ,167515,80039,47.78
20,719,CELLPOINT,SM,3600,2400,66.67
20,720,CEMNTGROWW,EQ,191871,106639,55.58
20,721,CEMPRO,EQ,165149,80857,48.96
20,722,CENTENKA,EQ,16420,7060,43.00
20,723,CENTEXT,EQ,88903,51587,58.03
20,724,CENTRALBK,EQ,3583473,1964431,54.82
20,725,CENTRUM,EQ,443047,270494,61.05
20,726,CENTUM,EQ,18815,7851,41.73
20,727,CENTURYPLY,EQ,32019,18117,56.58
20,728,CERA,EQ,4556,2108,46.27
20,729,CESC,EQ,1361771,793260,58.25
20,730,CEWATER,EQ,29779,11488,38.58
20,731,CFEL,EQ,69410,66697,96.09
20,732,CGCL,EQ,2645298,916440,34.64
20,733,CGPOWER,EQ,2969058,1600661,53.91
20,734,CGRAPHICS,SM,23200,16000,68.97
20,735,CGVAK,EQ,1989,1287,64.71
20,736,CHALET,EQ,988080,446876,45.23
20,737,CHAMBLFERT,EQ,755291,434154,57.48
20,738,CHAMUNDA,SM,3000,3000,100.00
20,739,CHANDAN,SM,20800,16000,76.92
20,740,CHAVDA,SM,18000,13000,72.22
20,741,CHEMBOND,EQ,5663,4428,78.19
20,742,CHEMCRUX,EQ,4029,3696,91.73
20,743,CHEMFAB,EQ,3614,2617,72.41
20,744,CHEMICAL,EQ,231002,131731,57.03
20,745,CHEMPLASTS,EQ,398460,206324,51.78
20,746,CHENNPETRO,EQ,2212980,498231,22.51
20,747,CHETANA,SM,9600,6400,66.67
20,748,CHEVIOT,EQ,572,378,66.08
20,749,CHOICEGOLD,EQ,11713,8360,71.37
20,750,CHOICEIN,EQ,257538,73731,28.63
20,751,CHOLAFIN,EQ,1873461,549433,29.33
20,752,CHOLAHLDNG,EQ,207051,132885,64.18
20,753,CIEINDIA,EQ,267687,150666,56.28
20,754,CIFL,EQ,53100,42303,79.67
20,755,CINELINE,EQ,11750,9627,81.93
20,756,CINEVISTA,EQ,9980,7315,73.30
20,757,CIPLA,EQ,880100,258898,29.42
20,758,CITIUSINVT,IV,353879,333111,94.13
20,759,CKKRETAIL,SM,19200,11200,58.33
20,760,CLASSICEIL,SM,17600,11200,63.64
20,761,CLAYCRAFT,SM,18600,17400,93.55
20,762,CLEAN,EQ,229094,89121,38.90
20,763,CLEANMAX,EQ,258964,104175,40.23
20,764,CLSEL,EQ,101722,43070,42.34
20,765,CLSL,ST,4000,4000,100.00
20,766,CMLL,EQ,206242,91398,44.32
20,767,CMNL,SM,3000,2250,75.00
20,768,CMPDI,EQ,2052412,1208693,58.89
20,769,CMRGREEN,EQ,658143,288987,43.91
20,770,CMRSL,SM,3200,3200,100.00
20,771,CMSINFO,EQ,623561,372930,59.81
20,772,CNL,EQ,27761,12985,46.77
20,773,COALINDIA,EQ,6128444,3401471,55.50
20,774,COASTCORP,EQ,70219,53141,75.68
20,775,COCHINSHIP,EQ,404766,127743,31.56
20,776,COCKERILL,EQ,6824,3691,54.09
20,777,COFORGE,EQ,2055771,1123184,54.64
20,778,COHANCE,EQ,2194523,548057,24.97
20,779,COLPAL,EQ,374486,188801,50.42
20,780,COMFINTE,EQ,220246,121043,54.96
20,781,COMMITTED,SM,1600,1600,100.00
20,782,COMMOIETF,EQ,30625,17139,55.96
20,783,COMPEAU,EQ,2287,1985,86.79
20,784,COMPUSOFT,EQ,19771,17570,88.87
20,785,COMSYN,EQ,1215635,647066,53.23
20,786,CONCOR,EQ,1247573,632845,50.73
20,787,CONCORDBIO,EQ,198238,81966,41.35
20,788,CONFIPET,EQ,1499783,699247,46.62
20,789,CONNPLEX,SM,9600,6400,66.67
20,790,CONS,EQ,22288,20823,93.43
20,791,CONSUMAXIS,EQ,2568,1070,41.67
20,792,CONSUMBEES,EQ,51215,27288,53.28
20,793,CONSUMER,EQ,269411,215913,80.14
20,794,CONSUMIETF,EQ,8727,6407,73.42
20,795,CONTI,SM,219978,219978,100.00
20,796,CONTROLPR,EQ,38147,24555,64.37
20,797,COOLCAPS,ST,88750,78750,88.73
20,798,CORALFINAC,EQ,16429,7040,42.85
20,799,CORDELIA,EQ,1301291,831221,63.88
20,800,CORDSCABLE,EQ,799500,258168,32.29
20,801,COROMANDEL,EQ,59054,30740,52.05
20,802,CORONA,EQ,32850,27661,84.20
20,803,COSMOFIRST,EQ,458088,140131,30.59
20,804,CPCAP,EQ,34895,5916,16.95
20,805,CPEDU,EQ,5989,4818,80.45
20,806,CPL,EQ,123324,6506,5.28
20,807,CPPLUS,EQ,504187,304908,60.48
20,808,CPSEETF,EQ,518496,353899,68.25
20,809,CRAFTSMAN,EQ,144450,18203,12.60
20,810,CRAMC,EQ,370716,218313,58.89
20,811,CRAVATEX,EQ,181,179,98.90
20,812,CREATIVEYE,EQ,11781,8961,76.06
20,813,CREDENT,ST,84600,72000,85.11
20,814,CREDITACC,EQ,559605,296406,52.97
20,815,CREST,EQ,369,311,84.28
20,816,CRISIL,EQ,60880,31705,52.08
20,817,CRIZAC,EQ,435251,271691,62.42
20,818,CROMPTON,EQ,3046723,1229148,40.34
20,819,CROWN,EQ,37268,32569,87.39
20,820,CSBBANK,EQ,653928,440635,67.38
20,821,CSLFINANCE,EQ,55083,41846,75.97
20,822,CSM,EQ,121136,64927,53.60
20,823,CSSL,SM,20000,20000,100.00
20,824,CUB,EQ,2919901,1182992,40.51
20,825,CUBEINVIT,IV,245274,223716,91.21
20,826,CUBEXTUB,EQ,25269,12080,47.81
20,827,CUDML,SM,15000,15000,100.00
20,828,CUMMINSIND,EQ,430883,290041,67.31
20,829,CUPID,EQ,17011348,4695329,27.60
20,830,CURAA,EQ,360,324,90.00
20,831,CURIS,SM,38000,21000,55.26
20,832,CURRENT,SM,16000,11200,70.00
20,833,CYBERMEDIA,EQ,96734,62858,64.98
20,834,CYIENT,EQ,1708736,470205,27.52
20,835,CYIENTDLM,EQ,1322733,670400,50.68
20,836,DABUR,EQ,1394674,825372,59.18
20,837,DAICHI,EQ,4522,4288,94.83
20,838,DALBHARAT,EQ,85376,41759,48.91
20,839,DALMIASUG,EQ,240866,100574,41.76
20,840,DAMCAPITAL,EQ,206946,115182,55.66
20,841,DANGEE,EQ,106577,33688,31.61
20,842,DANISH,SM,27900,21300,76.34
20,843,DATAMATICS,EQ,47370,26150,55.20
20,844,DATAPATTNS,EQ,421777,124318,29.47
20,845,DAVANGERE,EQ,15603255,10454156,67.00
20,846,DBCORP,EQ,39339,23035,58.56
20,847,DBL,EQ,110025,66225,60.19
20,848,DBOL,EQ,427906,225002,52.58
20,849,DBREALTY,EQ,837691,486631,58.09
20,850,DCAL,EQ,597409,134004,22.43
20,851,DCBBANK,EQ,3789148,1730241,45.66
20,852,DCCL,SM,2000,2000,100.00
20,853,DCG,SM,150000,116400,77.60
20,854,DCI,EQ,115858,36835,31.79
20,855,DCMFINSERV,EQ,8548,7820,91.48
20,856,DCMNVL,EQ,31283,26672,85.26
20,857,DCMSHRIRAM,EQ,122199,64581,52.85
20,858,DCMSIL,EQ,85626,59233,69.18
20,859,DCMSRIND,EQ,104770,68086,64.99
20,860,DCW,EQ,1359355,768128,56.51
20,861,DCXINDIA,EQ,225548,89713,39.78
20,862,DDEVPLSTIK,EQ,117688,67277,57.17
20,863,DECCANCE,EQ,18213,11543,63.38
20,864,DECCANTRAN,SM,2400,2400,100.00
20,865,DECNGOLD,EQ,835236,348385,41.71
20,866,DEEDEV,EQ,438089,246355,56.23
20,867,DEEM,ST,2000,1000,50.00
20,868,DEEP,EQ,5304,3807,71.78
20,869,DEEPAKFERT,EQ,143168,49204,34.37
20,870,DEEPAKNTR,EQ,1005828,480585,47.78
20,871,DEEPINDS,EQ,333259,174475,52.35
20,872,DEFENCE,EQ,289945,172713,59.57
20,873,DELAPLEX,SM,14400,10800,75.00
20,874,DELHIVERY,EQ,1175474,598649,50.93
20,875,DELTACORP,EQ,1843770,405760,22.01
20,876,DELTAMAGNT,EQ,820,664,80.98
20,877,DELTIC,SM,2000,2000,100.00
20,878,DEN,EQ,409169,210406,51.42
20,879,DENEERS,SM,7200,5400,75.00
20,880,DENORA,EQ,3462,2079,60.05
20,881,DENTA,EQ,99201,38814,39.13
20,882,DENTALKART,SM,21250,19750,92.94
20,883,DEVIT,EQ,21329,17450,81.81
20,884,DEVX,EQ,208331,172995,83.04
20,885,DEVYANI,EQ,1016965,315867,31.06
20,886,DGCONTENT,EQ,17491,16163,92.41
20,887,DHAMPURSUG,EQ,586402,222967,38.02
20,888,DHANBANK,EQ,327355,178134,54.42
20,889,DHANLAXMI,SM,14000,10000,71.43
20,890,DHANSA,SM,16000,16000,100.00
20,891,DHANUKA,EQ,35231,18650,52.94
20,892,DHARARAIL,ST,2000,2000,100.00
20,893,DHARIWAL,SM,120000,120000,100.00
20,894,DHARMAJ,EQ,55826,46228,82.81
20,895,DHATRE,EQ,20130,17102,84.96
20,896,DHOOTTRANS,EQ,1671879,355152,21.24
20,897,DHRUV,EQ,4491,4491,100.00
20,898,DHTL,SM,5600,4800,85.71
20,899,DHUNINV,EQ,1224,890,72.71
20,900,DIAMINESQ,EQ,8211,3581,43.61
20,901,DIAMONDYD,EQ,27059,11777,43.52
20,902,DICIND,EQ,4851,2844,58.63
20,903,DIFFNKG,EQ,1746855,317693,18.19
20,904,DIGIDRIVE,EQ,17897,13567,75.81
20,905,DIGIKORE,SM,26400,14800,56.06
20,906,DIGISPICE,EQ,31061,18803,60.54
20,907,DIGITIDE,EQ,153441,56808,37.02
20,908,DIGJAMLMTD,EQ,5678,4847,85.36
20,909,DISAQ,EQ,318,52,16.35
20,910,DISHTV,EQ,805531,704017,87.40
20,911,DIVGIITTS,EQ,649484,220808,34.00
20,912,DIVIDEND,EQ,2157,1459,67.64
20,913,DIVINEHIRA,ST,25200,15600,61.90
20,914,DIVISLAB,EQ,485620,289310,59.58
20,915,DIVOPPBEES,EQ,19569,9424,48.16
20,916,DIXON,EQ,229903,73233,31.85
20,917,DJML,EQ,115318,25187,21.84
20,918,DLF,EQ,3403562,1805786,53.06
20,919,DLINKINDIA,EQ,49405,26107,52.84
20,920,DMART,EQ,382602,183799,48.04
20,921,DMCC,EQ,31194,13988,44.84
20,922,DNAMEDIA,EQ,46628,43677,93.67
20,923,DODLA,EQ,21297,9740,45.73
20,924,DOLATALGO,EQ,137305,79348,57.79
20,925,DOLLAR,EQ,54534,30111,55.22
20,926,DOLLEX,SM,16000,16000,100.00
20,927,DOLPHIN,EQ,23068,9879,42.83
20,928,DOMS,EQ,14876,8289,55.72
20,929,DONEAR,EQ,10394,7699,74.07
20,930,DPABHUSHAN,EQ,24352,12777,52.47
20,931,DPEL,SM,23500,16000,68.09
20,932,DRAGARWQ,EQ,501,295,58.88
20,933,DRCSYSTEMS,EQ,106401,84025,78.97
20,934,DREAMFOLKS,EQ,26723,15918,59.57
20,935,DREDGECORP,EQ,84130,30583,36.35
20,936,DRONE,SM,19000,15500,81.58
20,937,DRREDDY,EQ,556259,222438,39.99
20,938,DRSDILIP,SM,800,800,100.00
20,939,DSSL,EQ,28727,19755,68.77
20,940,DTIL,EQ,25172,18620,73.97
20,941,DUCOL,SM,4000,4000,100.00
20,942,DUCON,EQ,1529775,1129530,73.84
20,943,DUGLOBAL,SM,2500,2500,100.00
20,944,DURLAX,SM,112000,92000,82.14
20,945,DVL,EQ,17456,9967,57.10
20,946,DWARKESH,EQ,3772601,1172673,31.08
20,947,DYCL,EQ,10973790,942455,8.59
20,948,DYNAMATECH,EQ,9545,4479,46.93
20,949,DYNAMIC,ST,1500,1500,100.00
20,950,DYNPRO,EQ,5016,3456,68.90
20,951,E2ERAIL,SM,248000,99200,40.00
20,952,EASEMYTRIP,EQ,28049247,10017241,35.71
20,953,EASTWEST,EQ,84010,54914,65.37
20,954,EBANK10,EQ,457,457,100.00
20,955,EBANKNIFTY,EQ,2833,2737,96.61
20,956,EBBETF0430,EQ,28753,27560,95.85
20,957,EBBETF0431,EQ,2008,1586,78.98
20,958,EBBETF0433,EQ,3469,2193,63.22
20,959,EBGNG,EQ,1922207,517407,26.92
20,960,EBIX,EQ,180580,104343,57.78
20,961,ECAPINSURE,EQ,26648,23929,89.80
20,962,ECLERX,EQ,298440,94869,31.79
20,963,ECOLINE,ST,3000,3000,100.00
20,964,ECORECO,EQ,8887,5322,59.89
20,965,ECOSMOBLTY,EQ,58477,41708,71.32
20,966,EDELWEISS,EQ,10187016,3318518,32.58
20,967,EEPL,ST,19000,17000,89.47
20,968,EFACTOR,SM,4800,4000,83.33
20,969,EFCIL,EQ,486529,275383,56.60
20,970,EFFWA,ST,14800,14800,100.00
20,971,EFORCE,SM,22800,20400,89.47
20,972,EGOLD,EQ,248113,214207,86.33
20,973,EICHERMOT,EQ,760133,277677,36.53
20,974,EIDPARRY,EQ,304136,149535,49.17
20,975,EIEL,EQ,590767,314652,53.26
20,976,EIHAHOTELS,EQ,23651,16673,70.50
20,977,EIHOTEL,EQ,430234,145173,33.74
20,978,EIMCOELECO,EQ,22635,10606,46.86
20,979,EKC,EQ,133299,72026,54.03
20,980,EKI,EQ,12589,7595,60.33
20,981,ELANTAS,EQ,3579,1678,46.88
20,982,ELCIDIN,EQ,6,4,66.67
20,983,ELDEHSG,EQ,1342,909,67.73
20,984,ELECON,EQ,279355,113434,40.61
20,985,ELECTCAST,EQ,5555670,2168119,39.03
20,986,ELECTHERM,EQ,11055,6164,55.76
20,987,ELGIEQUIP,EQ,341868,195870,57.29
20,988,ELGIRUBCO,EQ,76618,42079,54.92
20,989,ELGNZ,SM,12000,8000,66.67
20,990,ELIN,EQ,408968,250437,61.24
20,991,ELIQUID,EQ,16877,16877,100.00
20,992,ELITECON,EQ,15340431,8292564,54.06
20,993,ELLEN,EQ,305472,155894,51.03
20,994,ELM250,EQ,134603,107549,79.90
20,995,ELMDIV,EQ,3015,1188,39.40
20,996,ELPROINTL,EQ,9627,6586,68.41
20,997,EMAMILTD,EQ,1648320,709549,43.05
20,998,EMAMIREAL,EQ,3969,2785,70.17
20,999,EMAPARTNER,SM,10000,7000,70.00
20,1000,EMBASSY,RR,247838,219560,88.59
20,1001,EMBDL,EQ,2981824,1497986,50.24
20,1002,EMCURE,EQ,114806,61004,53.14
20,1003,EMETAL,EQ,4694,3517,74.93
20,1004,EMIL,EQ,957847,443523,46.30
20,1005,EMKAY,EQ,87226,50264,57.63
20,1006,EMKAYTOOLS,SM,3450,2400,69.57
20,1007,EMMIL,SM,7750,6000,77.42
20,1008,EMMVEE,EQ,877483,465010,52.99
20,1009,EMPIND,EQ,3955,2826,71.45
20,1010,EMPOWER,EQ,4047435,3947133,97.52
20,1011,EMSLIMITED,EQ,104652,39246,37.50
20,1012,EMUDHRA,EQ,125079,62283,49.79
20,1013,EMULTIMQ,EQ,20939,14429,68.91
20,1014,ENCOMPAS,SM,5600,4400,78.57
20,1015,ENDURANCE,EQ,42736,21385,50.04
20,1016,ENERGY,EQ,1399237,1353103,96.70
20,1017,ENERGYDEV,EQ,13623,9857,72.36
20,1018,ENEXT50,EQ,887,520,58.62
20,1019,ENFUSE,SM,1800,1800,100.00
20,1020,ENGINERSIN,EQ,57537014,9115312,15.84
20,1021,ENIFTY,EQ,1787,1629,91.16
20,1022,ENIL,EQ,28318,22230,78.50
20,1023,ENKEIWHEL,EQ,8408,8374,99.60
20,1024,ENRIN,EQ,217495,102418,47.09
20,1025,ENSER,SM,95000,85000,89.47
20,1026,ENTERO,EQ,116123,54554,46.98
20,1027,ENVIRO,SM,8000,6000,75.00
20,1028,EPACK,EQ,490346,186026,37.94
20,1029,EPACKPEB,EQ,362380,135780,37.47
20,1030,EPIGRAL,EQ,66587,28674,43.06
20,1031,EPL,EQ,135432363,88117293,65.06
20,1032,EPWINDIA,ST,32400,27600,85.19
20,1033,EQUAL200,EQ,8664,8664,100.00
20,1034,EQUAL50,EQ,5190,3126,60.23
20,1035,EQUAL50ADD,EQ,5952,3281,55.12
20,1036,EQUITASBNK,EQ,939445,479596,51.05
20,1037,ERIS,EQ,48468,28861,59.55
20,1038,ESABINDIA,EQ,7782,3744,48.11
20,1039,ESCONET,SM,78000,64800,83.08
20,1040,ESCORTS,EQ,115819,33347,28.79
20,1041,ESENSEX,EQ,836,780,93.30
20,1042,ESFL,SM,14400,12240,85.00
20,1043,ESG,EQ,52087,47860,91.88
20,1044,ESILVER,EQ,313124,214238,68.42
20,1045,ESPRIT,SM,1600,1600,100.00
20,1046,ESSARSHPNG,EQ,151322,99271,65.60
20,1047,ESSENTIA,EQ,3144152,1895205,60.28
20,1048,ESTER,EQ,121349,57505,47.39
20,1049,ETERNAL,EQ,21501682,11435409,53.18
20,1050,ETHOSLTD,EQ,21366,7843,36.71
20,1051,ETL,SM,1050,600,57.14
20,1052,ETML,SM,8400,7200,85.71
20,1053,EUREKAFORB,EQ,192759,93958,48.74
20,1054,EUROBOND,EQ,3776,3128,82.84
20,1055,EUROPRATIK,EQ,177200,20747,11.71
20,1056,EVEREADY,EQ,92060,50207,54.54
20,1057,EVIETF,EQ,124434,68056,54.69
20,1058,EVINDIA,EQ,401981,286675,71.32
20,1059,EXCELINDUS,EQ,6767,4638,68.54
20,1060,EXCELSOFT,EQ,156084,74041,47.44
20,1061,EXICOM,EQ,870784,342484,39.33
20,1062,EXIDEIND,EQ,2106708,891245,42.31
20,1063,EXIMROUTES,SM,2400,1600,66.67
20,1064,EXPLEOSOL,EQ,12578,7053,56.07
20,1065,EXXARO,EQ,1403583,953650,67.94
20,1066,FABTECH,EQ,27864,13310,47.77
20,1067,FACT,EQ,172573,36633,21.23
20,1068,FALCONTECH,SM,1200,1200,100.00
20,1069,FASCINATE,ST,6400,6400,100.00
20,1070,FAZE3Q,EQ,21672,11967,55.22
20,1071,FCL,EQ,13911490,6117171,43.97
20,1072,FCSSOFT,EQ,1245103,859462,69.03
20,1073,FDC,EQ,230099,113583,49.36
20,1074,FEDDERSHOL,EQ,1288203,305812,23.74
20,1075,FEDERALBNK,EQ,3391394,1900532,56.04
20,1076,FEDFINA,EQ,913152,472179,51.71
20,1077,FELIX,SM,116500,86500,74.25
20,1078,FERMENTA,EQ,93488,37098,39.68
20,1079,FIBERWEB,EQ,9566,7371,77.05
20,1080,FIDEL,SM,4000,3000,75.00
20,1081,FIEMIND,EQ,106503,39800,37.37
20,1082,FILATEX,EQ,1719002,956009,55.61
20,1083,FILATFASH,EQ,16623007,13426350,80.77
20,1084,FINBUD,SM,5000,3000,60.00
20,1085,FINCABLES,EQ,641035,221396,34.54
20,1086,FINEORG,EQ,31627,17135,54.18
20,1087,FINIETF,EQ,303728,177024,58.28
20,1088,FINKURVE,EQ,109032,55743,51.13
20,1089,FINOPB,EQ,334325,160616,48.04
20,1090,FINPIPE,EQ,464728,264474,56.91
20,1091,FIRSTCRY,EQ,1115282,478266,42.88
20,1092,FISCHER,EQ,1152839,774766,67.21
20,1093,FIVESTAR,EQ,321205,170594,53.11
20,1094,FLAIR,EQ,59842,36944,61.74
20,1095,FLEXIADD,EQ,47189,40352,85.51
20,1096,FLUOROCHEM,EQ,88065,37527,42.61
20,1097,FLYSBS,SM,95000,61200,64.42
20,1098,FMCGADD,EQ,45182,42980,95.13
20,1099,FMCGIETF,EQ,4747626,3675920,77.43
20,1100,FMGOETZE,EQ,2091800,714803,34.17
20,1101,FMNL,EQ,34341,26717,77.80
20,1102,FONEBOX,SM,5000,5000,100.00
20,1103,FOODSIN,EQ,38335,23496,61.29
20,1104,FORCAS,ST,49600,44800,90.32
20,1105,FORCEMOT,EQ,149245,42175,28.26
20,1106,FORGEAUTO,SM,6000,6000,100.00
20,1107,FORTIS,EQ,1605569,822237,51.21
20,1108,FOSECOIND,EQ,20790,9179,44.15
20,1109,FRACTAL,EQ,213921,114854,53.69
20,1110,FREDUN,EQ,24906,13034,52.33
20,1111,FRESHARA,ST,36000,33600,93.33
20,1112,FROG,ST,76800,71600,93.23
20,1113,FRONTSP,EQ,12369,8586,69.42
20,1114,FSL,EQ,1357079,544122,40.10
20,1115,FUSION,EQ,298034,182777,61.33
20,1116,GABRIEL,EQ,647260,183658,28.37
20,1117,GAEL,EQ,829190,380993,45.95
20,1118,GAIL,EQ,8008794,4922704,61.47
20,1119,GAJA,EQ,6737896,1237206,18.36
20,1120,GAJANAND,SM,6000,6000,100.00
20,1121,GALAPREC,EQ,29559,17378,58.79
20,1122,GALAXYSURF,EQ,40040,19015,47.49
20,1123,GALLANTT,EQ,78899,47441,60.13
20,1124,GANDHAR,EQ,2578536,839637,32.56
20,1125,GANDHITUBE,EQ,4413,3173,71.90
20,1126,GANECOS,EQ,49268,27533,55.88
20,1127,GANESHCP,EQ,116515,70691,60.67
20,1128,GANESHHOU,EQ,27105,13121,48.41
20,1129,GANESHIN,ST,64800,49600,76.54
20,1130,GANGABATH,SM,33000,9000,27.27
20,1131,GANGAFORGE,EQ,2248677,1735931,77.20
20,1132,GANGESSECU,EQ,3685,2294,62.25
20,1133,GARFIBRES,EQ,90917,49908,54.89
20,1134,GARUDA,EQ,782142,304272,38.90
20,1135,GATEWAY,EQ,1270338,681089,53.61
20,1136,GAYAHWS,EQ,371576,203835,54.86
20,1137,GAYAPROJ,EQ,400454,272837,68.13
20,1138,GCHOTELS,ST,70200,61800,88.03
20,1139,GCSL,EQ,484271,161927,33.44
20,1140,GEEKAYWIRE,EQ,867412,436488,50.32
20,1141,GEMAROMA,EQ,56296,31737,56.38
20,1142,GENCON,EQ,312963,29701,9.49
20,1143,GENESYS,EQ,592909,218245,36.81
20,1144,GENUSPAPER,EQ,83707,66061,78.92
20,1145,GENUSPOWER,EQ,2515432,1315962,52.32
20,1146,GENXAI,SM,34800,30000,86.21
20,1147,GEOJITFSL,EQ,272219,160619,59.00
20,1148,GESHIP,EQ,725819,330309,45.51
20,1149,GFLLIMITED,EQ,109094,59815,54.83
20,1150,GGBL,SM,59400,39900,67.17
20,1151,GHCL,EQ,108022,54516,50.47
20,1152,GHCLTEXTIL,EQ,2290225,830715,36.27
20,1153,GICHSGFIN,EQ,105049,37581,35.77
20,1154,GICL,EQ,332495,274329,82.51
20,1155,GICRE,EQ,1430980,797290,55.72
20,1156,GILLANDERS,EQ,7145,6104,85.43
20,1157,GILLETTE,EQ,16392,9596,58.54
20,1158,GILT10BETA,EQ,2929,2891,98.70
20,1159,GILT5BETA,EQ,1958,1940,99.08
20,1160,GILT5YBEES,EQ,291766,205691,70.50
20,1161,GIPCL,EQ,488311,240488,49.25
20,1162,GIRIRAJ,SM,2000,2000,100.00
20,1163,GJL,ST,1600,1600,100.00
20,1164,GKB,EQ,37,37,100.00
20,1165,GKENERGY,EQ,302913,142946,47.19
20,1166,GKSL,EQ,1728913,455612,26.35
20,1167,GKWLIMITED,EQ,692,581,83.96
20,1168,GLAND,EQ,257559,117486,45.62
20,1169,GLAXO,EQ,89863,54544,60.70
20,1170,GLENMARK,EQ,679565,252951,37.22
20,1171,GLFL,EQ,4749,4147,87.32
20,1172,GLOBAL,EQ,76188,59356,77.91
20,1173,GLOBALE,EQ,3419,2666,77.98
20,1174,GLOBALPET,ST,1500,1500,100.00
20,1175,GLOBALVECT,EQ,3044,1684,55.32
20,1176,GLOBE,EQ,901436,857448,95.12
20,1177,GLOBECIVIL,EQ,129549,41310,31.89
20,1178,GLOBUSSPR,EQ,122377,85083,69.53
20,1179,GLOSTERLTD,EQ,361,275,76.18
20,1180,GLOTTIS,EQ,67595,58495,86.54
20,1181,GMBREW,EQ,14995,8867,59.13
20,1182,GMDCLTD,EQ,1018206,346636,34.04
20,1183,GMMPFAUDLR,EQ,393281,169331,43.06
20,1184,GMRAIRPORT,EQ,19748938,7045194,35.67
20,1185,GMRP&UI,EQ,1140376,607255,53.25
20,1186,GNA,EQ,190305,107062,56.26
20,1187,GNFC,EQ,379437,176991,46.65
20,1188,GNRL,EQ,39190,20734,52.91
20,1189,GOACARBON,EQ,14805,7222,48.78
20,1190,GOCLCORP,EQ,21846,12502,57.23
20,1191,GOCOLORS,EQ,134208,59778,44.54
20,1192,GODAVARIB,EQ,64800,26630,41.10
20,1193,GODFRYPHLP,EQ,137521,49296,35.85
20,1194,GODIGIT,EQ,167036,63019,37.73
20,1195,GODREJAGRO,EQ,10860764,1019934,9.39
20,1196,GODREJCP,EQ,691129,322133,46.61
20,1197,GODREJIND,EQ,465955,69499,14.92
20,1198,GODREJPROP,EQ,329259,118463,35.98
20,1199,GOKEX,EQ,124248,53945,43.42
20,1200,GOKUL,EQ,256692,107421,41.85
20,1201,GOKULAGRO,EQ,430312,194123,45.11
20,1202,GOLD1,EQ,1541753,750460,48.68
20,1203,GOLD360,EQ,20057,14088,70.24
20,1204,GOLDADD,EQ,12181845,9748719,80.03
20,1205,GOLDAXIS,EQ,2033566,953921,46.91
20,1206,GOLDBEES,EQ,35522261,16685288,46.97
20,1207,GOLDBETA,EQ,1230361,999669,81.25
20,1208,GOLDBND,EQ,26819,12738,47.50
20,1209,GOLDCASE,EQ,15677029,9210868,58.75
20,1210,GOLDETF,EQ,1368789,783613,57.25
20,1211,GOLDIAM,EQ,348336,170676,49.00
20,1212,GOLDIETF,EQ,7664223,4337091,56.59
20,1213,GOLDSTAR,SM,11250,11250,100.00
20,1214,GOODLUCK,EQ,393025,185357,47.16
20,1215,GOODYEAR,EQ,4047,2594,64.10
20,1216,GOPAL,EQ,165765,56167,33.88
20,1217,GOYALALUM,EQ,31214,22800,73.04
20,1218,GOYALSALT,SM,3600,3600,100.00
20,1219,GPECO,ST,8200,8200,100.00
20,1220,GPIL,EQ,1079861,576273,53.37
20,1221,GPPL,EQ,2611554,1440698,55.17
20,1222,GPTHEALTH,EQ,40575,26131,64.40
20,1223,GPTINFRA,EQ,111339,74795,67.18
20,1224,GRADIENTE,EQ,405560,297657,73.39
20,1225,GRANDOAK,EQ,369,275,74.53
20,1226,GRANULES,EQ,346212,169105,48.84
20,1227,GRAPHISAD,SM,9600,7200,75.00
20,1228,GRAPHITE,EQ,6472464,1176872,18.18
20,1229,GRASIM,EQ,818556,493987,60.35
20,1230,GRAUWEIL,EQ,409135,221745,54.20
20,1231,GRAVISSHO,EQ,11098,10376,93.49
20,1232,GRAVITA,EQ,123419,58617,47.49
20,1233,GRCL,SM,750,750,100.00
20,1234,GREAVESCOT,EQ,1030615,391690,38.01
20,1235,GREENCHEF,SM,4000,3200,80.00
20,1236,GREENLAM,EQ,64371,35058,54.46
20,1237,GREENLEAF,ST,8000,8000,100.00
20,1238,GREENPANEL,EQ,1371358,1056347,77.03
20,1239,GREENPLY,EQ,56331,26250,46.60
20,1240,GREENPOWER,EQ,1657142,917968,55.39
20,1241,GRETEX,SM,750,750,100.00
20,1242,GRINDWELL,EQ,31019,16797,54.15
20,1243,GRINFRA,EQ,9428,5124,54.35
20,1244,GRMOVER,EQ,1039802,377330,36.29
20,1245,GROBTEA,EQ,214,127,59.35
20,1246,GROWW,EQ,25408315,14859112,58.48
20,1247,GROWWCAPM,EQ,435784,336637,77.25
20,1248,GROWWCHEM,EQ,60572,43113,71.18
20,1249,GROWWDEFNC,EQ,246944,138910,56.25
20,1250,GROWWEV,EQ,605315,361306,59.69
20,1251,GROWWGOLD,EQ,1597880,773314,48.40
20,1252,GROWWHOSPI,EQ,655640,465448,70.99
20,1253,GROWWLIQID,EQ,241149,100938,41.86
20,1254,GROWWLOVOL,EQ,10649,5584,52.44
20,1255,GROWWMC150,EQ,548,526,95.99
20,1256,GROWWMETAL,EQ,286061,116514,40.73
20,1257,GROWWMOM50,EQ,343659,294057,85.57
20,1258,GROWWN200,EQ,38858,24867,63.99
20,1259,GROWWNET,EQ,471216,187639,39.82
20,1260,GROWWNIFTY,EQ,530939,322554,60.75
20,1261,GROWWNXT50,EQ,5394,2667,49.44
20,1262,GROWWPOWER,EQ,1670679,940320,56.28
20,1263,GROWWPSE,EQ,3550,1727,48.65
20,1264,GROWWPSUBK,EQ,4678,2186,46.73
20,1265,GROWWRAIL,EQ,393033,215168,54.75
20,1266,GROWWRLTY,EQ,233558,128484,55.01
20,1267,GROWWSC250,EQ,81553,72170,88.49
20,1268,GROWWSLVR,EQ,1786480,615787,34.47
20,1269,GRPLTD,EQ,1864,1442,77.36
20,1270,GRSE,EQ,327932,124600,38.00
20,1271,GRWRHITECH,EQ,30911,15605,50.48
20,1272,GSEC10ABSL,EQ,5,5,100.00
20,1273,GSEC10ADD,EQ,185,185,100.00
20,1274,GSEC10IETF,EQ,6819,5052,74.09
20,1275,GSEC10YEAR,EQ,883,883,100.00
20,1276,GSEC5IETF,EQ,729,698,95.75
20,1277,GSFC,EQ,833892,406725,48.77
20,1278,GSLSU,EQ,307658,187073,60.81
20,1279,GSMFOILS,SM,36500,36500,100.00
20,1280,GSPCROP,EQ,187642,65844,35.09
20,1281,GSS,EQ,288106,150625,52.28
20,1282,GSTL,SM,1000,1000,100.00
20,1283,GTL,EQ,194118,136584,70.36
20,1284,GTLINFRA,EQ,52128924,28074592,53.86
20,1285,GTPL,EQ,46295,29567,63.87
20,1286,GUFICBIO,EQ,97459,45793,46.99
20,1287,GUJALKALI,EQ,143928,53398,37.10
20,1288,GUJAPOLLO,EQ,22857,18674,81.70
20,1289,GUJENERGY,EQ,1912693,959825,50.18
20,1290,GUJRAFFIA,EQ,1245,946,75.98
20,1291,GUJTHEM,EQ,705471,453676,64.31
20,1292,GULFOILLUB,EQ,56441,29681,52.59
20,1293,GULPOLY,EQ,214258,105000,49.01
20,1294,GURUNANAK,SM,1600,1600,100.00
20,1295,GVPIL,EQ,107768,57975,53.80
20,1296,GVPTECH,EQ,110129,86756,78.78
20,1297,GVT&D,EQ,1044144,484877,46.44
20,1298,GYFTR,EQ,216367,126045,58.26
20,1299,HAL,EQ,492865,261638,53.09
20,1300,HALDER,EQ,23233,5748,24.74
20,1301,HALEOSLABS,EQ,1374,1326,96.51
20,1302,HAMPTON,EQ,9867,8109,82.18
20,1303,HAPPSTMNDS,EQ,15538393,4295093,27.64
20,1304,HAPPY,SM,28000,26000,92.86
20,1305,HAPPYFORGE,EQ,132544,71540,53.97
20,1306,HARDWYN,EQ,2835807,1962594,69.21
20,1307,HARIOMPIPE,EQ,67406,35641,52.88
20,1308,HARRMALAYA,EQ,10983,7538,68.63
20,1309,HARSHA,EQ,348002,157130,45.15
20,1310,HATHWAY,EQ,1072807,501525,46.75
20,1311,HATSUN,EQ,121102,62198,51.36
20,1312,HAVELLS,EQ,1005951,642177,63.84
20,1313,HAVISHA,EQ,48515,41355,85.24
20,1314,HAWKINCOOK,EQ,346,232,67.05
20,1315,HAZOOR,EQ,133778,72054,53.86
20,1316,HBESD,EQ,528,527,99.81
20,1317,HBLENGINE,EQ,709804,287983,40.57
20,1318,HBPOR,EQ,1424,1369,96.14
20,1319,HBSL,EQ,350,350,100.00
20,1320,HCC,EQ,30351930,9127187,30.07
20,1321,HCG,EQ,270089,169465,62.74
20,1322,HCL-INSYS,EQ,168664,101583,60.23
20,1323,HCLTECH,EQ,4031856,1652798,40.99
20,1324,HDBFS,EQ,1611454,1415190,87.82
20,1325,HDFCAMC,EQ,936933,528934,56.45
20,1326,HDFCBANK,EQ,44417092,18568849,41.81
20,1327,HDFCBSE500,EQ,1255609,1218566,97.05
20,1328,HDFCGOLD,EQ,5938508,4401604,74.12
20,1329,HDFCGROWTH,EQ,93296,46373,49.71
20,1330,HDFCLIFE,EQ,3064468,1079603,35.23
20,1331,HDFCLIQUID,EQ,12014,7269,60.50
20,1332,HDFCLOWVOL,EQ,14000,11504,82.17
20,1333,HDFCMID150,EQ,244263,144304,59.08
20,1334,HDFCMOMENT,EQ,219655,92000,41.88
20,1335,HDFCNEXT50,EQ,357190,244670,68.50
20,1336,HDFCNIF100,EQ,28828,19424,67.38
20,1337,HDFCNIFBAN,EQ,79841,55219,69.16
20,1338,HDFCNIFIT,EQ,767263,418394,54.53
20,1339,HDFCNIFTY,EQ,67866,31155,45.91
20,1340,HDFCNIMEG,EQ,32828,31310,95.38
20,1341,HDFCPSUBK,EQ,40291,19963,49.55
20,1342,HDFCPVTBAN,EQ,528261,348134,65.90
20,1343,HDFCQUAL,EQ,6295,4495,71.41
20,1344,HDFCSENSEX,EQ,39852,20689,51.91
20,1345,HDFCSILVER,EQ,5724309,2079563,36.33
20,1346,HDFCSML250,EQ,7719160,6973772,90.34
20,1347,HDFCVALUE,EQ,1384,636,45.95
20,1348,HEADSUP,EQ,355,302,85.07
20,1349,HEALTHADD,EQ,14905,12668,84.99
20,1350,HEALTHAXIS,EQ,6914,3419,49.45
20,1351,HEALTHCARE,EQ,51174,46676,91.21
20,1352,HEALTHIETF,EQ,87858,49136,55.93
20,1353,HEALTHX,EQ,3582,3285,91.71
20,1354,HEALTHY,EQ,199982,123283,61.65
20,1355,HECPROJECT,EQ,4575,3560,77.81
20,1356,HEG,EQ,3707105,815858,22.01
20,1357,HEIDELBERG,EQ,204831,144020,70.31
20,1358,HEMIPROP,EQ,154322,91709,59.43
20,1359,HERANBA,EQ,75220,28571,37.98
20,1360,HERITGFOOD,EQ,199186,98100,49.25
20,1361,HEROMOTOCO,EQ,1231011,469770,38.16
20,1362,HESTERBIO,EQ,5008,3353,66.95
20,1363,HEXATRADEX,EQ,720,705,97.92
20,1364,HEXT,EQ,132636,63626,47.97
20,1365,HFCL,EQ,12772540,6841311,53.56
20,1366,HGINFRA,EQ,65514,36447,55.63
20,1367,HGM,EQ,47035,33609,71.46
20,1368,HGS,EQ,20971,14583,69.54
20,1369,HIGREEN,SM,3200,2400,75.00
20,1370,HIKAL,EQ,211546,111023,52.48
20,1371,HILINFRA,EQ,70388,59028,83.86
20,1372,HILTON,EQ,70590,45091,63.88
20,1373,HIMATSEIDE,EQ,304253,146347,48.10
20,1374,HINDADH,EQ,2683,1920,71.56
20,1375,HINDALCO,EQ,2765114,1051698,38.03
20,1376,HINDALUMI,EQ,21225,17165,80.87
20,1377,HINDCOMPOS,EQ,1452,1099,75.69
20,1378,HINDCON,EQ,18087,14353,79.36
20,1379,HINDCOPPER,EQ,13697101,5771742,42.14
20,1380,HINDOILEXP,EQ,2830998,757829,26.77
20,1381,HINDPETRO,EQ,1725511,797000,46.19
20,1382,HINDUNILVR,EQ,922778,482085,52.24
20,1383,HINDWAREAP,EQ,127373,78033,61.26
20,1384,HINDZINC,EQ,5675069,2506335,44.16
20,1385,HIRECT,EQ,54711,21659,39.59
20,1386,HISARMETAL,EQ,2885,1511,52.37
20,1387,HITECH,EQ,484384,188137,38.84
20,1388,HLEGLAS,EQ,70734,34960,49.42
20,1389,HLVLTD,EQ,266885,239605,89.78
20,1390,HMAAGRO,EQ,640790,413621,64.55
20,1391,HNDFDS,EQ,56027,25691,45.85
20,1392,HNGSNGBEES,EQ,103484,70574,68.20
20,1393,HOACFOODS,ST,5625,5625,100.00
20,1394,HOLMARC,SM,15000,14250,95.00
20,1395,HOMEFIRST,EQ,112117,57849,51.60
20,1396,HONASA,EQ,800865,347851,43.43
20,1397,HONAUT,EQ,3376,1587,47.01
20,1398,HONDAPOWER,EQ,3548,2112,59.53
20,1399,HORIZONIND,EQ,5863251,3179855,54.23
20,1400,HPAL,EQ,35587,19605,55.09
20,1401,HPIL,EQ,893,675,75.59
20,1402,HPL,EQ,84595,45772,54.11
20,1403,HPTL,SM,3000,3000,100.00
20,1404,HRHNEXT,SM,1500,1500,100.00
20,1405,HRYNSHP,EQ,1116,911,81.63
20,1406,HSBCGOLD,EQ,6326,2742,43.34
20,1407,HSCL,EQ,14160503,2147865,15.17
20,1408,HTMEDIA,EQ,157208,109385,69.58
20,1409,HUBTOWN,EQ,198378,118462,59.72
20,1410,HUDCO,EQ,1726314,782503,45.33
20,1411,HUHTAMAKI,EQ,116595,61225,52.51
20,1412,HYBRIDETF,EQ,23371,23369,99.99
20,1413,HYUNDAI,EQ,604868,246880,40.82
20,1414,IBULLSLTD,EQ,5991756,3623643,60.48
20,1415,ICDSLTD,EQ,31810,21126,66.41
20,1416,ICELCO,SM,165600,123600,74.64
20,1417,ICEMAKE,EQ,9026,4523,50.11
20,1418,ICICIAMC,EQ,835278,535103,64.06
20,1419,ICICIB22,EQ,534195,456367,85.43
20,1420,ICICIBANK,EQ,10627608,4530058,42.63
20,1421,ICICIGI,EQ,446492,262877,58.88
20,1422,ICICIPRULI,EQ,2199838,1316644,59.85
20,1423,ICIL,EQ,1222333,361024,29.54
20,1424,ICRA,EQ,31390,19073,60.76
20,1425,IDBI,EQ,11861429,3687126,31.09
20,1426,IDEA,EQ,316789599,95425274,30.12
20,1427,IDEAFORGE,EQ,305312,148073,48.50
20,1428,IDENTICAL,SM,14000,14000,100.00
20,1429,IDFCFIRSTB,EQ,11579195,6325295,54.63
20,1430,IDFNIFTYET,EQ,793,555,69.99
20,1431,IEML,ST,49000,33000,67.35
20,1432,IEX,EQ,2633916,1344204,51.03
20,1433,IFBAGRO,EQ,8956,6520,72.80
20,1434,IFBIND,EQ,59069,31182,52.79
20,1435,IFCI,EQ,22192116,7311544,32.95
20,1436,IFGLEXPOR,EQ,22386,14315,63.95
20,1437,IGARASHI,EQ,51592,20198,39.15
20,1438,IGCL,EQ,51999,22277,42.84
20,1439,IGIL,EQ,357722,190419,53.23
20,1440,IGL,EQ,803681,351113,43.69
20,1441,IGPL,EQ,124180,61644,49.64
20,1442,IIFL,EQ,1501350,706724,47.07
20,1443,IIFL060326,YA,25,25,100.00
20,1444,IIFL06326,YC,10,10,100.00
20,1445,IIFLCAPS,EQ,869199,625861,72.00
20,1446,IIFLZC26,NN,100,100,100.00
20,1447,IIFLZC28,NG,15,15,100.00
20,1448,IIFLZC28C,N6,50,50,100.00
20,1449,IITL,EQ,93467,10095,10.80
20,1450,IKIO,EQ,215560,89509,41.52
20,1451,IKS,EQ,142656,70740,49.59
20,1452,IMAGICAA,EQ,802066,366239,45.66
20,1453,IMC1,N1,10,10,100.00
20,1454,IMC1,N2,193,193,100.00
20,1455,IMC1,N3,10,10,100.00
20,1456,IMFA,EQ,110596,52634,47.59
20,1457,IMPAL,EQ,7544,5976,79.22
20,1458,INA,EQ,504829,288015,57.05
20,1459,INCREDIBLE,EQ,9648,7924,82.13
20,1460,INDBANK,EQ,22505,13421,59.64
20,1461,INDGN,EQ,949276,492798,51.91
20,1462,INDHOTEL,EQ,1129170,567111,50.22
20,1463,INDIACEM,EQ,184515,85993,46.60
20,1464,INDIAGLYCO,EQ,880527,587949,66.77
20,1465,INDIAMART,EQ,33507,20303,60.59
20,1466,INDIANB,EQ,1602957,891313,55.60
20,1467,INDIANCARD,EQ,2289,1800,78.64
20,1468,INDIANHUME,EQ,28221,18700,66.26
20,1469,INDIASHLTR,EQ,101042,61567,60.93
20,1470,INDIFRA,SM,2000,2000,100.00
20,1471,INDIGO,EQ,788457,424892,53.89
20,1472,INDIGOPNTS,EQ,104762,59122,56.43
20,1473,INDIGRID,IV,499653,431351,86.33
20,1474,INDIQUBE,EQ,215999,150210,69.54
20,1475,INDNIPPON,EQ,16317,7660,46.94
20,1476,INDOBORAX,EQ,621600,156252,25.14
20,1477,INDOCO,EQ,65892,31902,48.42
20,1478,INDOFARM,EQ,76570,30230,39.48
20,1479,INDOKEM,EQ,3222,2878,89.32
20,1480,INDOMIM,EQ,687363,273698,39.82
20,1481,INDORAMA,EQ,2138883,449406,21.01
20,1482,INDOSTAR,EQ,406509,233216,57.37
20,1483,INDOTECH,EQ,18934,11771,62.17
20,1484,INDOTHAI,EQ,741668,371921,50.15
20,1485,INDOUS,EQ,2288,1139,49.78
20,1486,INDOWIND,EQ,55476,49908,89.96
20,1487,INDPRUD,EQ,55,53,96.36
20,1488,INDRAMEDCO,EQ,283282,148146,52.30
20,1489,INDSWFTLAB,EQ,1383073,423549,30.62
20,1490,INDTERRAIN,EQ,15764,15118,95.90
20,1491,INDUSINDBK,EQ,1742567,617709,35.45
20,1492,INDUSINVIT,IV,312443,298373,95.50
20,1493,INDUSTOWER,EQ,5558555,1875101,33.73
20,1494,INFINIUM,SM,4500,4000,88.89
20,1495,INFLUX,SM,22800,16800,73.68
20,1496,INFOBEAN,EQ,378069,185964,49.19
20,1497,INFOLLION,SM,14800,13200,89.19
20,1498,INFOMEDIA,EQ,419,307,73.27
20,1499,INFRA,EQ,33103,32998,99.68
20,1500,INFRABEES,EQ,16687,5256,31.50
20,1501,INFRAIETF,EQ,834793,721173,86.39
20,1502,INFY,EQ,13516123,5909583,43.72
20,1503,INGERRAND,EQ,17247,8855,51.34
20,1504,INNOMET,ST,8400,8400,100.00
20,1505,INNOVACAP,EQ,73347,26069,35.54
20,1506,INNOVANA,EQ,1991,1451,72.88
20,1507,INNOVISION,EQ,15103,7509,49.72
20,1508,INOXGREEN,EQ,818326,384765,47.02
20,1509,INOXINDIA,EQ,387635,98189,25.33
20,1510,INOXWIND,EQ,8168944,3513072,43.01
20,1511,INSECTICID,EQ,14085,6615,46.96
20,1512,INSPIRE,SM,8000,4000,50.00
20,1513,INSPIRISYS,EQ,6091,5324,87.41
20,1514,INSUREIETF,EQ,586610,385107,65.65
20,1515,INTELLECT,EQ,945906,254858,26.94
20,1516,INTENTECH,EQ,11321,6664,58.86
20,1517,INTERARCH,EQ,44677,21940,49.11
20,1518,INTERNET,EQ,258856,188706,72.90
20,1519,INTLCONV,EQ,44732,31327,70.03
20,1520,INVENTURE,EQ,1199919,808224,67.36
20,1521,INVICTA,SM,36800,22400,60.87
20,1522,IOB,EQ,1775290,853076,48.05
20,1523,IOC,EQ,9536764,5366497,56.27
20,1524,IOLCP,EQ,3579084,1194125,33.36
20,1525,IONEXCHANG,EQ,222653,103981,46.70
20,1526,IPCALAB,EQ,216317,119599,55.29
20,1527,IPHL,SM,49200,36000,73.17
20,1528,IPL,EQ,52476,24898,47.45
20,1529,IPRINGLTD,EQ,115821,41908,36.18
20,1530,IPSL,SM,500,500,100.00
20,1531,IRB,EQ,28854306,12667678,43.90
20,1532,IRBINVIT,IV,913096,876885,96.03
20,1533,IRCON,EQ,1273640,428904,33.68
20,1534,IRCTC,EQ,398860,190690,47.81
20,1535,IREDA,EQ,3727060,1181626,31.70
20,1536,IRFC,EQ,7766605,3489794,44.93
20,1537,IRIS,EQ,28955,19134,66.08
20,1538,IRISDOREME,EQ,670259,218574,32.61
20,1539,IRMENERGY,EQ,72665,26468,36.42
20,1540,ISFT,EQ,124640,16995,13.64
20,1541,ISGEC,EQ,47878,26237,54.80
20,1542,ISHAN,SM,96000,96000,100.00
20,1543,ISHANCH,EQ,21204,14513,68.44
20,1544,ISTLTD,EQ,854,650,76.11
20,1545,IT,EQ,588067,281067,47.80
20,1546,ITADD,EQ,173677,85167,49.04
20,1547,ITALIANE,SM,4000,4000,100.00
20,1548,ITAXIS,EQ,4144,1829,44.14
20,1549,ITBEES,EQ,12800211,6432433,50.25
20,1550,ITBETA,EQ,813,642,78.97
20,1551,ITC,EQ,31258553,13523941,43.26
20,1552,ITCHOTELS,EQ,1333614,796324,59.71
20,1553,ITDC,EQ,231214,45207,19.55
20,1554,ITETF,EQ,457094,239266,52.35
20,1555,ITI,EQ,168047,54210,32.26
20,1556,ITIETF,EQ,745507,540684,72.53
20,1557,ITL,EQ,1366,1226,89.75
20,1558,IVALUE,EQ,193304,103277,53.43
20,1559,IVC,EQ,1370966,949087,69.23
20,1560,IVZBANKNF,EQ,706,619,87.68
20,1561,IVZINGOLD,EQ,15618,10091,64.61
20,1562,IVZINNIFTY,EQ,180,111,61.67
20,1563,IVZSENSEX,EQ,1301,998,76.71
20,1564,IWARE,ST,9000,9000,100.00
20,1565,IWP,EQ,1210,1054,87.11
20,1566,IXIGO,EQ,712970,327926,45.99
20,1567,IZMO,EQ,399394,122376,30.64
20,1568,J&KBANK,EQ,2581059,786119,30.46
20,1569,JAGRAN,EQ,163408,112865,69.07
20,1570,JAGSNPHARM,EQ,64710,29081,44.94
20,1571,JAIBALAJI,EQ,1174414,643496,54.79
20,1572,JAICORPLTD,EQ,254379,91052,35.79
20,1573,JAINAM,SM,1000,1000,100.00
20,1574,JAINIK,SM,20400,12000,58.82
20,1575,JAINREC,EQ,3005766,802028,26.68
20,1576,JAIPURKURT,EQ,1044,1033,98.95
20,1577,JALAN,ST,3000,3000,100.00
20,1578,JAMNAAUTO,EQ,1350968,588523,43.56
20,1579,JARO,EQ,99551,12665,12.72
20,1580,JASH,EQ,117263,62693,53.46
20,1581,JAYAGROGN,EQ,8469,5365,63.35
20,1582,JAYBARMARU,EQ,245029,168211,68.65
20,1583,JAYBEE,SM,11500,10500,91.30
20,1584,JAYESH,SM,119000,34000,28.57
20,1585,JAYKAY,EQ,1773771,172474,9.72
20,1586,JAYNECOIND,EQ,2823288,1120939,39.70
20,1587,JAYSREETEA,EQ,92379,55507,60.09
20,1588,JBMA,EQ,250021,77656,31.06
20,1589,JENBURPH,EQ,2402,2390,99.50
20,1590,JETFREIGHT,EQ,124481,45243,36.35
20,1591,JEYYAM,ST,40000,36000,90.00
20,1592,JFLLIFE,SM,6000,6000,100.00
20,1593,JGCHEM,EQ,329827,107069,32.46
20,1594,JHS,EQ,78830,62343,79.09
20,1595,JINDALPHOT,EQ,4098,2008,49.00
20,1596,JINDALPOLY,EQ,142561,102296,71.76
20,1597,JINDALSAW,EQ,4110071,1645391,40.03
20,1598,JINDALSTEL,EQ,517597,176149,34.03
20,1599,JINDRILL,EQ,151856,50427,33.21
20,1600,JINDWORLD,EQ,120393999,6601573,5.48
20,1601,JIOFIN,EQ,10397855,5327853,51.24
20,1602,JISLDVREQS,EQ,19539,12110,61.98
20,1603,JISLJALEQS,EQ,1469037,783242,53.32
20,1604,JITFINFRA,EQ,8069,4681,58.01
20,1605,JIWANRAM,SM,54000,42000,77.78
20,1606,JKCEMENT,EQ,58279,7979,13.69
20,1607,JKIL,EQ,53718,34193,63.65
20,1608,JKIPL,EQ,27392,21221,77.47
20,1609,JKLAKSHMI,EQ,141706,81112,57.24
20,1610,JKPAPER,EQ,388249,186410,48.01
20,1611,JKTYRE,EQ,275683,122648,44.49
20,1612,JLHL,EQ,129831,50915,39.22
20,1613,JMA,EQ,7897,5265,66.67
20,1614,JMFINANCIL,EQ,1946799,801764,41.18
20,1615,JNKINDIA,EQ,109104,57734,52.92
20,1616,JNPR,EQ,842779,253683,30.10
20,1617,JPOLYINVST,EQ,11259,4289,38.09
20,1618,JPPOWER,EQ,41409814,9922158,23.96
20,1619,JSFB,EQ,521780,302722,58.02
20,1620,JSL,EQ,1070564,452296,42.25
20,1621,JSLL,EQ,332462,172442,51.87
20,1622,JSWCEMENT,EQ,534258,246462,46.13
20,1623,JSWDULUX,EQ,20050,9833,49.04
20,1624,JSWENERGY,EQ,2290101,1086209,47.43
20,1625,JSWHL,EQ,2551,1182,46.33
20,1626,JSWINFRA,EQ,2534947,1286305,50.74
20,1627,JSWSTEEL,EQ,1134147,388464,34.25
20,1628,JTEKTINDIA,EQ,106982,57139,53.41
20,1629,JTLIND,EQ,4266731,1671719,39.18
20,1630,JUBLCPL,EQ,17415,8150,46.80
20,1631,JUBLFOOD,EQ,686008,363940,53.05
20,1632,JUBLINGREA,EQ,704096,534199,75.87
20,1633,JUBLPHARMA,EQ,313570,153784,49.04
20,1634,JUNIORBEES,EQ,381093,271994,71.37
20,1635,JUNIPER,EQ,280745,205484,73.19
20,1636,JUSTDIAL,EQ,460607,147000,31.91
20,1637,JWL,EQ,1162581,243541,20.95
20,1638,JYOTHYLAB,EQ,505833,246715,48.77
20,1639,JYOTICNC,EQ,662073,263943,39.87
20,1640,JYOTIRES,EQ,6970,3796,54.46
20,1641,JYOTISTRUC,EQ,4956011,2919103,58.90
20,1642,K2INFRA,ST,7200,6600,91.67
20,1643,KABRAEXTRU,EQ,192747,102769,53.32
20,1644,KAJARIACER,EQ,168804,80326,47.59
20,1645,KAKATCEM,EQ,1342,1060,78.99
20,1646,KALAMANDIR,EQ,184651,99304,53.78
20,1647,KALANA,SM,16000,12000,75.00
20,1648,KALPATARU,EQ,21127,10770,50.98
20,1649,KALYANIFRG,EQ,210769,40320,19.13
20,1650,KALYANKJIL,EQ,13219538,3198484,24.20
20,1651,KAMAHOLD,EQ,4907,3988,81.27
20,1652,KAMANWALA,EQ,5629,3952,70.21
20,1653,KAMATHOTEL,EQ,126273,56642,44.86
20,1654,KAMOPAINTS,EQ,132758,110116,82.94
20,1655,KANANIIND,EQ,325331,288320,88.62
20,1656,KANCHI,EQ,2602,2161,83.05
20,1657,KANCOTEA,EQ,467,462,98.93
20,1658,KANDARP,SM,9000,8000,88.89
20,1659,KANPRPLA,EQ,14481,9899,68.36
20,1660,KANSAINER,EQ,186115,77085,41.42
20,1661,KAPSTON,EQ,117957,57409,48.67
20,1662,KARMAENG,EQ,8244,6040,73.27
20,1663,KARNIKA,SM,58000,52000,89.66
20,1664,KARURVYSYA,EQ,1349065,490711,36.37
20,1665,KATARIA,SM,3600,3000,83.33
20,1666,KAVDEFENCE,EQ,115900,41316,35.65
20,1667,KAYNES,EQ,1133014,258856,22.85
20,1668,KAYTEX,SM,1600,1600,100.00
20,1669,KCEIL,SM,13000,10500,80.77
20,1670,KCK,ST,172500,170000,98.55
20,1671,KCP,EQ,152486,77874,51.07
20,1672,KDDL,EQ,20428,10355,50.69
20,1673,KDL,SM,18600,12900,69.35
20,1674,KEC,EQ,358407,147846,41.25
20,1675,KECL,EQ,110483,58760,53.18
20,1676,KEEPLEARN,EQ,23314,21280,91.28
20,1677,KEI,EQ,658512,230414,34.99
20,1678,KELLTONTEC,EQ,1848817,644124,34.84
20,1679,KENNAMET,EQ,51754,21142,40.85
20,1680,KERNEX,EQ,441886,242607,54.90
20,1681,KEYFINSERV,EQ,806,442,54.84
20,1682,KFINTECH,EQ,577543,221168,38.29
20,1683,KHAICHEM,EQ,105919,61478,58.04
20,1684,KHAITANLTD,EQ,4483,3500,78.07
20,1685,KHANDSE,EQ,673,671,99.70
20,1686,KHFM,SM,12400,9300,75.00
20,1687,KICL,EQ,498,288,57.83
20,1688,KIMS,EQ,679770,520541,76.58
20,1689,KINGFA,EQ,7223,3820,52.89
20,1690,KIOCL,EQ,179097,56606,31.61
20,1691,KIRANVYPAR,EQ,15507,15506,99.99
20,1692,KIRIINDUS,EQ,979987,375086,38.27
20,1693,KIRLFER,EQ,26921,16437,61.06
20,1694,KIRLOSBROS,EQ,27592,13031,47.23
20,1695,KIRLOSENG,EQ,385511,215832,55.99
20,1696,KIRLOSIND,EQ,7027,3689,52.50
20,1697,KIRLPNU,EQ,307429,127040,41.32
20,1698,KISSHT,EQ,1095751,550668,50.25
20,1699,KITEX,EQ,253067,145369,57.44
20,1700,KJMCFIN,EQ,638,439,68.81
20,1701,KKCL,EQ,37085,15653,42.21
20,1702,KKJEWELS,SM,5000,3000,60.00
20,1703,KLBRENG-B,EQ,101876,56607,55.56
20,1704,KLL,SM,8000,8000,100.00
20,1705,KMCSHIL,EQ,85988,39643,46.10
20,1706,KMEW,EQ,59031,21716,36.79
20,1707,KMSUGAR,EQ,182424,95719,52.47
20,1708,KNACK,EQ,700022,302971,43.28
20,1709,KNAGRI,EQ,4804,3542,73.73
20,1710,KNRCON,EQ,1890101,950231,50.27
20,1711,KODYTECH,ST,5700,5500,96.49
20,1712,KOHINOOR,EQ,105109,48331,45.98
20,1713,KOKUYOCMLN,EQ,92664,60020,64.77
20,1714,KOLTEPATIL,EQ,73167,34446,47.08
20,1715,KONSTELEC,ST,69000,62000,89.86
20,1716,KONTOR,SM,13800,9600,69.57
20,1717,KOPRAN,EQ,477030,204076,42.78
20,1718,KORE,SM,53750,44250,82.33
20,1719,KOTAKBANK,EQ,7669677,4613410,60.15
20,1720,KOTHARIPET,EQ,46584,21256,45.63
20,1721,KOTHARIPRO,EQ,8952,8050,89.92
20,1722,KOTIC,EQ,8975,7030,78.33
20,1723,KOVAI,EQ,1824,1120,61.40
20,1724,KPEL,EQ,208887,121159,58.00
20,1725,KPIGREEN,EQ,1230691,613457,49.85
20,1726,KPIL,EQ,290071,96045,33.11
20,1727,KPITTECH,EQ,1026752,283124,27.57
20,1728,KPL,EQ,34248,13751,40.15
20,1729,KPRMILL,EQ,255676,126703,49.56
20,1730,KRBL,EQ,550570,167850,30.49
20,1731,KREBSBIO,EQ,8958,8164,91.14
20,1732,KRISHANA,EQ,238927,98215,41.11
20,1733,KRISHCA,SM,27000,17500,64.81
20,1734,KRISHIVAL,EQ,8470,7124,84.11
20,1735,KRISHNADEF,EQ,60634,30020,49.51
20,1736,KRITI,EQ,7345,5163,70.29
20,1737,KRITIKA,EQ,109404,83014,75.88
20,1738,KRITINUT,EQ,9259,5270,56.92
20,1739,KRMAYURVED,SM,198000,126000,63.64
20,1740,KRN,EQ,262416,137225,52.29
20,1741,KROSS,EQ,152348,78243,51.36
20,1742,KRSNAA,EQ,31587,19718,62.42
20,1743,KRT,RR,17088005,14813767,86.69
20,1744,KRYSTAL,EQ,23924,12432,51.96
20,1745,KSB,EQ,444531,210981,47.46
20,1746,KSCL,EQ,56484,34848,61.70
20,1747,KSE,EQ,8819,6340,71.89
20,1748,KSHINTL,EQ,159834,87146,54.52
20,1749,KSHITIJPOL,EQ,934734,670731,71.76
20,1750,KSL,EQ,65015,30154,46.38
20,1751,KSOLVES,EQ,86101,39451,45.82
20,1752,KSR,EQ,10368,7127,68.74
20,1753,KTKBANK,EQ,1561768,876626,56.13
20,1754,KUANTUM,EQ,114225,65968,57.75
20,1755,KUSUMGAR,EQ,254968,116135,45.55
20,1756,KWIL,EQ,15778275,6075717,38.51
20,1757,LADDERUP,EQ,59,59,100.00
20,1758,LAGNAM,EQ,12565,7877,62.69
20,1759,LAHOTIOV,EQ,2572,2176,84.60
20,1760,LAKSHMIMIL,EQ,27,22,81.48
20,1761,LAKSHYA,SM,2400,2400,100.00
20,1762,LAL,EQ,27356,24169,88.35
20,1763,LALITHAA,EQ,32021090,9107992,28.44
20,1764,LALPATHLAB,EQ,468711,191529,40.86
20,1765,LAMBODHARA,EQ,15961,8703,54.53
20,1766,LAMOSAIC,ST,19200,17400,90.63
20,1767,LANCER,EQ,1206915,790126,65.47
20,1768,LANCORHOL,EQ,204188,116979,57.29
20,1769,LANDMARK,EQ,37484,14571,38.87
20,1770,LANDSMILL,EQ,1692243,1177350,69.57
20,1771,LAOPALA,EQ,58884,27870,47.33
20,1772,LARGEMID50,EQ,2132,2132,100.00
20,1773,LASA,EQ,27177,20963,77.14
20,1774,LASERPOWER,EQ,815644,360868,44.24
20,1775,LATENTVIEW,EQ,441369,163649,37.08
20,1776,LATTEYS,EQ,44748,28536,63.77
20,1777,LAURUSLABS,EQ,3530385,1851753,52.45
20,1778,LAXMICOT,EQ,3858,2137,55.39
20,1779,LAXMIDENTL,EQ,126962,67574,53.22
20,1780,LAXMIINDIA,EQ,83552,41894,50.14
20,1781,LCCINFOTEC,EQ,24341,21303,87.52
20,1782,LCL,EQ,320829,148148,46.18
20,1783,LEAPIND,EQ,10616983,4550061,42.86
20,1784,LEENEE,EQ,26200,17283,65.97
20,1785,LEMERITE,EQ,133020,28659,21.54
20,1786,LEMONTREE,EQ,1816566,1057134,58.19
20,1787,LENSKART,EQ,10496508,5400997,51.46
20,1788,LEXUS,EQ,23309,13779,59.11
20,1789,LFIC,EQ,2884,1383,47.95
20,1790,LGBBROSLTD,EQ,33636,20680,61.48
20,1791,LGEINDIA,EQ,316904,177985,56.16
20,1792,LGHL,EQ,6287,818,13.01
20,1793,LIBAS,EQ,9622,6984,72.58
20,1794,LIBERTSHOE,EQ,11222,6778,60.40
20,1795,LICHSGFIN,EQ,2000075,620695,31.03
20,1796,LICI,EQ,3609510,1795016,49.73
20,1797,LICMFGOLD,EQ,76250,29774,39.05
20,1798,LICNETFGSC,EQ,7655,5716,74.67
20,1799,LICNETFN50,EQ,2449,2438,99.55
20,1800,LICNETFSEN,EQ,9,9,100.00
20,1801,LICNFNHGP,EQ,142,83,58.45
20,1802,LICNMID100,EQ,6118,3472,56.75
20,1803,LIKHITHA,EQ,52878,31790,60.12
20,1804,LINC,EQ,23030,18295,79.44
20,1805,LINCOLN,EQ,24220,10803,44.60
20,1806,LINDEINDIA,EQ,24328,10642,43.74
20,1807,LIQGRWBEES,EQ,29200,15267,52.28
20,1808,LIQUID,EQ,154174,86695,56.23
20,1809,LIQUID1,EQ,1190271,780539,65.58
20,1810,LIQUIDADD,EQ,420275,276338,65.75
20,1811,LIQUIDBEES,EQ,2440409,1517952,62.20
20,1812,LIQUIDBETA,EQ,64,4,6.25
20,1813,LIQUIDBETF,EQ,452323,289762,64.06
20,1814,LIQUIDCASE,EQ,23662815,21955582,92.79
20,1815,LIQUIDETF,EQ,220732,154195,69.86
20,1816,LIQUIDIETF,EQ,410103,276328,67.38
20,1817,LIQUIDPLUS,EQ,476688,378212,79.34
20,1818,LIQUIDSBI,EQ,636,544,85.53
20,1819,LIQUIDSHRI,EQ,1143,971,84.95
20,1820,LKPSEC,EQ,3510,2788,79.43
20,1821,LLOYDS,SM,6000,6000,100.00
20,1822,LLOYDSENGG,EQ,4683049,2099527,44.83
20,1823,LLOYDSENT,EQ,1747021,830913,47.56
20,1824,LLOYDSME,EQ,291373,158518,54.40
20,1825,LMW,EQ,6303,2477,39.30
20,1826,LODHA,EQ,1844689,898855,48.73
20,1827,LOKESHMACH,EQ,94109,42032,44.66
20,1828,LORDSCHLO,EQ,5526,3864,69.92
20,1829,LOTUSCHO,EQ,1787,1162,65.03
20,1830,LOTUSEYE,EQ,13244,10633,80.29
20,1831,LOVABLE,EQ,28118,7057,25.10
20,1832,LOWVOL,EQ,423,200,47.28
20,1833,LOWVOL1,EQ,69794,67165,96.23
20,1834,LOWVOLIETF,EQ,1340431,1146536,85.53
20,1835,LOYALTEX,EQ,166,165,99.40
20,1836,LPDC,EQ,16502,10316,62.51
20,1837,LT,EQ,944703,518405,54.87
20,1838,LTF,EQ,9359609,4785438,51.13
20,1839,LTFOODS,EQ,372814,139096,37.31
20,1840,LTGILTBEES,EQ,597336,493072,82.55
20,1841,LTGILTCASE,EQ,110564,102669,92.86
20,1842,LTM,EQ,265080,73328,27.66
20,1843,LTTS,EQ,36036,14139,39.24
20,1844,LUMAXIND,EQ,64094,22722,35.45
20,1845,LUMAXTECH,EQ,386798,97835,25.29
20,1846,LUPIN,EQ,1298356,472048,36.36
20,1847,LUXIND,EQ,15463,7590,49.08
20,1848,LXCHEM,EQ,590358,284628,48.21
20,1849,M&M,EQ,1887247,804835,42.65
20,1850,M&MFIN,EQ,1423593,850256,59.73
20,1851,MAANALU,EQ,218536,96394,44.11
20,1852,MACOBSTECH,SM,9600,9600,100.00
20,1853,MACPOWER,EQ,50223,23640,47.07
20,1854,MADHAV,EQ,923,844,91.44
20,1855,MADHAVBAUG,ST,3200,3200,100.00
20,1856,MADHAVIPL,EQ,90690,76468,84.32
20,1857,MADHURKNIT,ST,751200,751200,100.00
20,1858,MADHUSUDAN,ST,12000,9000,75.00
20,1859,MADRASFERT,EQ,70192,37503,53.43
20,1860,MAFANG,EQ,649909,548939,84.46
20,1861,MAFATIND,EQ,36702,31995,87.18
20,1862,MAGADSUGAR,EQ,26333,12591,47.81
20,1863,MAGNUM,EQ,17423,14165,81.30
20,1864,MAHABANK,EQ,14196058,6421583,45.23
20,1865,MAHAPEXLTD,EQ,24815,17007,68.54
20,1866,MAHEPC,EQ,14085,8897,63.17
20,1867,MAHICKRA,SM,9750,6000,61.54
20,1868,MAHKTECH,EQ,606162,471227,77.74
20,1869,MAHLIFE,EQ,104343,66725,63.95
20,1870,MAHLOG,EQ,116860,56799,48.60
20,1871,MAHSCOOTER,EQ,1547,854,55.20
20,1872,MAHSEAMLES,EQ,227231,94081,41.40
20,1873,MAITHANALL,EQ,20951,13367,63.80
20,1874,MAITREYA,SM,5200,3200,61.54
20,1875,MAKEINDIA,EQ,22257,11873,53.35
20,1876,MAKERSL,EQ,3955,3163,79.97
20,1877,MAKS,SM,1500,1500,100.00
20,1878,MAL,SM,6400,6400,100.00
20,1879,MALLCOM,EQ,2306,2192,95.06
20,1880,MALUPAPER,EQ,11443,4150,36.27
20,1881,MAMATA,EQ,30837,18348,59.50
20,1882,MANAKALUCO,EQ,98394,34652,35.22
20,1883,MANAKCOAT,EQ,122266,74790,61.17
20,1884,MANAKSIA,EQ,35606,24342,68.36
20,1885,MANAKSTEEL,EQ,1384941,841927,60.79
20,1886,MANALIPETC,EQ,55587097,3552395,6.39
20,1887,MANAPPURAM,EQ,1860620,847866,45.57
20,1888,MANAV,SM,4000,4000,100.00
20,1889,MANBA,EQ,54288,9518,17.53
20,1890,MANBRO,EQ,110417,39764,36.01
20,1891,MANCREDIT,EQ,41225,21923,53.18
20,1892,MANDEEP,SM,18000,18000,100.00
20,1893,MANGALAM,EQ,51440,36335,70.64
20,1894,MANGLMCEM,EQ,255628,149726,58.57
20,1895,MANINDS,EQ,733833,286047,38.98
20,1896,MANINFRA,EQ,8700614,2576650,29.61
20,1897,MANIPALHOS,EQ,842785,372286,44.17
20,1898,MANKIND,EQ,282979,186828,66.02
20,1899,MANOMAY,EQ,122746,30462,24.82
20,1900,MANORAMA,EQ,222304,110290,49.61
20,1901,MANORG,EQ,10195,6953,68.20
20,1902,MANUFGBEES,EQ,6496,4602,70.84
20,1903,MANYAVAR,EQ,208222,71363,34.27
20,1904,MAPMYINDIA,EQ,132057,55917,42.34
20,1905,MARALOVER,EQ,8883,6578,74.05
20,1906,MARATHON,EQ,344099,144363,41.95
20,1907,MARC,SM,14400,13200,91.67
20,1908,MARCO,SM,18000,16500,91.67
20,1909,MARICO,EQ,3684805,1998581,54.24
20,1910,MARINE,EQ,3913786,1247515,31.87
20,1911,MARKOLINES,EQ,384632,58720,15.27
20,1912,MARKSANS,EQ,1408843,603412,42.83
20,1913,MARSONS,EQ,5620598,1690420,30.08
20,1914,MARUSHIKA,SM,1200,1200,100.00
20,1915,MARUTI,EQ,915975,487317,53.20
20,1916,MASFIN,EQ,189847,108019,56.90
20,1917,MASKINVEST,EQ,26,26,100.00
20,1918,MASON,SM,222000,216500,97.52
20,1919,MASPTOP50,EQ,200386,197781,98.70
20,1920,MASTEK,EQ,322978,80883,25.04
20,1921,MASTERTR,EQ,159248,31783,19.96
20,1922,MATRIMONY,EQ,24622,11842,48.10
20,1923,MAWANASUG,EQ,239287,109121,45.60
20,1924,MAXESTATES,EQ,188064,101655,54.05
20,1925,MAXHEALTH,EQ,2829311,1160597,41.02
20,1926,MAXIND,EQ,28568,18608,65.14
20,1927,MAXPOSURE,SM,8000,8000,100.00
20,1928,MAXVOLT,SM,39200,34400,87.76
20,1929,MAYURUNIQ,EQ,182241,115421,63.33
20,1930,MAZDOCK,EQ,472178,168236,35.63
20,1931,MBAPL,EQ,337876,175931,52.07
20,1932,MBEL,EQ,96515,42930,44.48
20,1933,MBLINFRA,EQ,16481,14418,87.48
20,1934,MCCHRLS-B,EQ,11,11,100.00
20,1935,MCL,EQ,35733,16224,45.40
20,1936,MCLEODRUSS,EQ,172303,135450,78.61
20,1937,MCLOUD,EQ,1799874,643551,35.76
20,1938,MCON,SM,15000,10000,66.67
20,1939,MCX,EQ,1505861,422211,28.04
20,1940,MEDANTA,EQ,256307,133818,52.21
20,1941,MEDIASSIST,EQ,160988,81258,50.47
20,1942,MEDICAMEQ,EQ,141373,65650,46.44
20,1943,MEDICAPQ,EQ,1869,1643,87.91
20,1944,MEDICO,EQ,1017335,498336,48.98
20,1945,MEDISTEP,SM,42000,9000,21.43
20,1946,MEDPLUS,EQ,74772,40273,53.86
20,1947,MEESHO,EQ,14086890,7151490,50.77
20,1948,MEGAFLEX,SM,2000,2000,100.00
20,1949,MEGASTAR,EQ,2054,1337,65.09
20,1950,MEGATHERM,SM,15200,11200,73.68
20,1951,MEIL,EQ,48695,24024,49.34
20,1952,MENNPIS,EQ,83317,49862,59.85
20,1953,MERCANTILE,EQ,105260,58775,55.84
20,1954,MERCURYEV,EQ,291206,238894,82.04
20,1955,METAL,EQ,1455364,758218,52.10
20,1956,METALIC,ST,137600,118400,86.05
20,1957,METALIETF,EQ,6560445,2979531,45.42
20,1958,METROBRAND,EQ,20767,11380,54.80
20,1959,METROGLOBL,EQ,1677,1360,81.10
20,1960,METROPOLIS,EQ,376476,121924,32.39
20,1961,MFML,EQ,341,331,97.07
20,1962,MFSL,EQ,302535,126511,41.82
20,1963,MGL,EQ,200377,68006,33.94
20,1964,MGSL,SM,30000,21600,72.00
20,1965,MHHL,SM,4500,4500,100.00
20,1966,MHRIL,EQ,124583,79806,64.06
20,1967,MID150,EQ,58274,35409,60.76
20,1968,MID150BEES,EQ,593460,358037,60.33
20,1969,MID150CASE,EQ,2716854,1552798,57.15
20,1970,MIDBANKADD,EQ,22439,22117,98.56
20,1971,MIDCAP,EQ,504064,306701,60.85
20,1972,MIDCAPADD,EQ,25460,20101,78.95
20,1973,MIDCAPBETA,EQ,759,744,98.02
20,1974,MIDCAPETF,EQ,2925543,2228308,76.17
20,1975,MIDCAPIETF,EQ,903571,601564,66.58
20,1976,MIDHANI,EQ,995867,424018,42.58
20,1977,MIDQ50ADD,EQ,68941,51156,74.20
20,1978,MIDSELIETF,EQ,381010,216913,56.93
20,1979,MIDSMALL,EQ,320580,187503,58.49
20,1980,MIDWESTLTD,EQ,56649,27530,48.60
20,1981,MIIL,EQ,70807,36195,51.12
20,1982,MILKYMIST,EQ,23925717,6449540,26.96
20,1983,MILTON,SM,627000,613800,97.89
20,1984,MINDACORP,EQ,204299,81830,40.05
20,1985,MINDSPACE,RR,407412,366706,90.01
20,1986,MINDTECK,EQ,23631,12046,50.98
20,1987,MIRZAINT,EQ,70850,33338,47.05
20,1988,MITTAL,EQ,741027,572523,77.26
20,1989,MKEXIM,EQ,25268,19839,78.51
20,1990,MKPL,EQ,150290,108634,72.28
20,1991,MLKFOOD,EQ,2773,2236,80.63
20,1992,MMEL,SM,2000,2000,100.00
20,1993,MMFL,EQ,137691,62908,45.69
20,1994,MMP,EQ,220762,118846,53.83
20,1995,MMTC,EQ,1373089,451152,32.86
20,1996,MMWL,EQ,15297,13688,89.48
20,1997,MNC,EQ,76794,64484,83.97
20,1998,MOALPHA50,EQ,7642,5504,72.02
20,1999,MOBANK10,EQ,5206,5113,98.21
20,2000,MOBIKWIK,EQ,443083,157335,35.51
20,2001,MOBILISE,SM,1600,1600,100.00
20,2002,MOCAPITAL,EQ,9303076,8615435,92.61
20,2003,MODEFENCE,EQ,1270375,761672,59.96
20,2004,MODINATUR,EQ,13949,5714,40.96
20,2005,MODIRUBBER,EQ,2198,1182,53.78
20,2006,MODIS,EQ,24401,16935,69.40
20,2007,MODISONLTD,EQ,766487,307161,40.07
20,2008,MODTHREAD,EQ,5750,4388,76.31
20,2009,MOENERGY,EQ,75038,60638,80.81
20,2010,MOGOLD,EQ,48636,17117,35.19
20,2011,MOGSEC,EQ,1552304,1549988,99.85
20,2012,MOHEALTH,EQ,48012,30446,63.41
20,2013,MOHITE,EQ,167572,121511,72.51
20,2014,MOHITIND,EQ,7595,5802,76.39
20,2015,MOIL,EQ,916549,314918,34.36
20,2016,MOINFRA,EQ,16072,15947,99.22
20,2017,MOIPO,EQ,5727,3926,68.55
20,2018,MOKSH,EQ,71850,47132,65.60
20,2019,MOL,EQ,3734572,1151067,30.82
20,2020,MOLBIO,EQ,476294,125610,26.37
20,2021,MOLDTKPAC,EQ,67408,43077,63.90
20,2022,MOLOWVOL,EQ,2680041,2671687,99.69
20,2023,MOM100,EQ,436136,281567,64.56
20,2024,MOM30IETF,EQ,619898,407977,65.81
20,2025,MOM50,EQ,249578,247888,99.32
20,2026,MOMENTUM,EQ,159386,127938,80.27
20,2027,MOMENTUM30,EQ,15529,8046,51.81
20,2028,MOMENTUM50,EQ,3180864,2437719,76.64
20,2029,MOMETAL,EQ,20813,10470,50.31
20,2030,MOMGF,EQ,1655,1655,100.00
20,2031,MOMIDMTM,EQ,99461,46240,46.49
20,2032,MOMMIDCAP,EQ,2222679,2181771,98.16
20,2033,MOMNC,EQ,2324,2225,95.74
20,2034,MOMOMENTUM,EQ,44937,26516,59.01
20,2035,MON100,EQ,112323,107772,95.95
20,2036,MON50EQUAL,EQ,4110,3428,83.41
20,2037,MONARCH,EQ,51188,24012,46.91
20,2038,MONEXT50,EQ,827665,821506,99.26
20,2039,MONEYBOXX,EQ,7061,5663,80.20
20,2040,MONIFTY100,EQ,4653,3540,76.08
20,2041,MONIFTY500,EQ,642691,396760,61.73
20,2042,MONOLITH,SM,55000,32750,59.55
20,2043,MONOPHARMA,SM,4000,4000,100.00
20,2044,MONQ50,EQ,23469,11735,50.00
20,2045,MONTECARLO,EQ,44299,28578,64.51
20,2046,MOOILGAS,EQ,37588,30260,80.50
20,2047,MOPSE,EQ,1483,1482,99.93
20,2048,MOQUALITY,EQ,476396,476310,99.98
20,2049,MOREALTY,EQ,434767,180474,41.51
20,2050,MOREPENLAB,EQ,24688972,6419227,26.00
20,2051,MOS,ST,268000,264000,98.51
20,2052,MOSCHIP,EQ,2493175,749499,30.06
20,2053,MOSERVICE,EQ,2735,2719,99.41
20,2054,MOSILVER,EQ,190724,127907,67.06
20,2055,MOSMALL250,EQ,6893900,6661830,96.63
20,2056,MOTHERSON,EQ,14103203,5795207,41.09
20,2057,MOTILALOFS,EQ,501197,214408,42.78
20,2058,MOTISONS,EQ,16463395,3564649,21.65
20,2059,MOTOUR,EQ,18755,15238,81.25
20,2060,MOVALUE,EQ,72313,57773,79.89
20,2061,MPHASIS,EQ,932222,404955,43.44
20,2062,MPSLTD,EQ,10567,4338,41.05
20,2063,MPTODAY,SM,2000,2000,100.00
20,2064,MRF,EQ,2838,1198,42.21
20,2065,MRPL,EQ,13051829,1913662,14.66
20,2066,MSCI360,EQ,14953,11464,76.67
20,2067,MSCIADD,EQ,2630,1476,56.12
20,2068,MSCIINDIA,EQ,18622,14781,79.37
20,2069,MSL,EQ,21,21,100.00
20,2070,MSPL,EQ,1030557,649376,63.01
20,2071,MSTCLTD,EQ,221074,116171,52.55
20,2072,MSUMI,EQ,9696378,5467336,56.39
20,2073,MTNL,EQ,513071,204748,39.91
20,2074,MUFIN,EQ,616089,184136,29.89
20,2075,MUFTI,EQ,96536,55664,57.66
20,2076,MUKANDLTD,EQ,59426,31268,52.62
20,2077,MUKESHB,EQ,432403,432401,100.00
20,2078,MUKKA,EQ,2783204,779583,28.01
20,2079,MULTICAP,EQ,112844,83265,73.79
20,2080,MUNISH,SM,15600,12000,76.92
20,2081,MUNJALAU,EQ,1201087,329674,27.45
20,2082,MUNJALSHOW,EQ,39537,23549,59.56
20,2083,MURUDCERA,EQ,8479,7610,89.75
20,2084,MUTHOOTCAP,EQ,15296,8642,56.50
20,2085,MUTHOOTFIN,EQ,750967,366323,48.78
20,2086,MUTHOOTMF,EQ,651725,366634,56.26
20,2087,MVELECTRO,EQ,3239338,437118,13.49
20,2088,MVGJL,EQ,648496,135505,20.90
20,2089,MVKAGRO,SM,1023000,950400,92.90
20,2090,MWL,EQ,569601,434022,76.20
20,2091,MYMUDRA,SM,8400,7200,85.71
20,2092,NACLIND,EQ,260511,128987,49.51
20,2093,NAGREEKCAP,EQ,4835,4178,86.41
20,2094,NAGREEKEXP,EQ,4532,1988,43.87
20,2095,NAHARCAP,EQ,2738,1979,72.28
20,2096,NAHARINDUS,EQ,31277,22737,72.70
20,2097,NAHARPOLY,EQ,15743,11036,70.10
20,2098,NAHARSPING,EQ,103382,62485,60.44
20,2099,NAM-INDIA,EQ,1257709,631596,50.22
20,2100,NAMAN,SM,3200,2400,75.00
20,2101,NAMOEWASTE,ST,27200,24000,88.24
20,2102,NARMADA,EQ,280342,163362,58.27
20,2103,NATCAPSUQ,EQ,37412,21811,58.30
20,2104,NATCOPHARM,EQ,241430,130089,53.88
20,2105,NATHBIOGEN,EQ,13155,9325,70.89
20,2106,NATIONALUM,EQ,6155527,3580192,58.16
20,2107,NATIONSTD,EQ,94404,51343,54.39
20,2108,NAUKRI,EQ,1564601,689559,44.07
20,2109,NAVA,EQ,165978,90015,54.23
20,2110,NAVINFLUOR,EQ,74062,45661,61.65
20,2111,NAVKARCORP,EQ,158170,80150,50.67
20,2112,NAVNETEDUL,EQ,77766,58028,74.62
20,2113,NAZARA,EQ,2574995,1280576,49.73
20,2114,NBCC,EQ,4390141,1755918,40.00
20,2115,NBIFIN,EQ,160,111,69.38
20,2116,NCC,EQ,2320069,642958,27.71
20,2117,NCLIND,EQ,38438,28186,73.33
20,2118,NDGL,EQ,157,124,78.98
20,2119,NDL,EQ,1287786,695974,54.04
20,2120,NDLVENTURE,EQ,6143,4429,72.10
20,2121,NDRAUTO,EQ,11983,6006,50.12
20,2122,NDTV,EQ,61492,41281,67.13
20,2123,NEAGI,EQ,50,50,100.00
20,2124,NECLIFE,EQ,284172,236822,83.34
20,2125,NEELAM,SM,6000,6000,100.00
20,2126,NELCAST,EQ,101052,62250,61.60
20,2127,NELCO,EQ,141086,60495,42.88
20,2128,NEOCHEM,SM,19200,16800,87.50
20,2129,NEOGEN,EQ,87588,40348,46.07
20,2130,NEPHROCARE,SM,35600,24800,69.66
20,2131,NEPHROPLUS,EQ,461009,146301,31.73
20,2132,NEPTUNE,SM,2500,2500,100.00
20,2133,NESCO,EQ,33325,16196,48.60
20,2134,NESTLEIND,EQ,2555542,1270529,49.72
20,2135,NETF,EQ,1028,756,73.54
20,2136,NETWEB,EQ,1421857,232173,16.33
20,2137,NETWORK18,EQ,7363959,2638289,35.83
20,2138,NEULANDLAB,EQ,30307,13827,45.62
20,2139,NEWGEN,EQ,1183206,354910,30.00
20,2140,NEWJAISA,ST,1500,1500,100.00
20,2141,NEXT30ADD,EQ,21948,21792,99.29
20,2142,NEXT50,EQ,27850,16778,60.24
20,2143,NEXT50ADD,EQ,2355,1365,57.96
20,2144,NEXT50BETA,EQ,86338,70813,82.02
20,2145,NEXT50ETF,EQ,8875,7473,84.20
20,2146,NEXT50IETF,EQ,562721,390137,69.33
20,2147,NEXTMEDIA,EQ,258331,178773,69.20
20,2148,NFL,EQ,450816,160754,35.66
20,2149,NFPSAMPOOR,SM,2000,2000,100.00
20,2150,NGIL,EQ,9175,7279,79.34
20,2151,NGLFINE,EQ,9055,4416,48.77
20,2152,NH,EQ,247059,150624,60.97
20,2153,NHPC,EQ,11983253,5517621,46.04
20,2154,NIACL,EQ,1574693,507336,32.22
20,2155,NIBE,EQ,21014,11258,53.57
20,2156,NIBL,EQ,5146,4051,78.72
20,2157,NICCOPAR,EQ,479,479,100.00
20,2158,NIDAN,SM,8000,5000,62.50
20,2159,NIF100BEES,EQ,15629,10038,64.23
20,2160,NIF100IETF,EQ,70667,41296,58.44
20,2161,NIF500BETA,EQ,30318,26910,88.76
20,2162,NIFTY1,EQ,37590,21419,56.98
20,2163,NIFTY100EW,EQ,346312,243060,70.19
20,2164,NIFTYADD,EQ,4398,2503,56.91
20,2165,NIFTYAXIS,EQ,6834,4756,69.59
20,2166,NIFTYBEES,EQ,5602290,3443067,61.46
20,2167,NIFTYBETA,EQ,19930,10652,53.45
20,2168,NIFTYBETF,EQ,1213,826,68.10
20,2169,NIFTYCASE,EQ,906948,772108,85.13
20,2170,NIFTYETF,EQ,193330,111377,57.61
20,2171,NIFTYIETF,EQ,544523,426360,78.30
20,2172,NIFTYJBLK,EQ,119459,87978,73.65
20,2173,NIFTYQLITY,EQ,168194,150706,89.60
20,2174,NIITLTD,EQ,371160,169263,45.60
20,2175,NIITMTS,EQ,174117,122307,70.24
20,2176,NILAINFRA,EQ,251391,204044,81.17
20,2177,NILASPACES,EQ,1652567,729529,44.15
20,2178,NILE,EQ,2150,1261,58.65
20,2179,NILKAMAL,EQ,27031,9505,35.16
20,2180,NIMBSPROJ,EQ,96513,13527,14.02
20,2181,NINSYS,EQ,2435,1173,48.17
20,2182,NIPPOBATRY,EQ,2111,1353,64.09
20,2183,NIRAJ,EQ,22788,20075,88.09
20,2184,NIRAJISPAT,EQ,586,586,100.00
20,2185,NIRLON,EQ,20163,14054,69.70
20,2186,NIRMAN,SM,25500,21600,84.71
20,2187,NITCO,EQ,464402,190160,40.95
20,2188,NITINSPIN,EQ,84964,38345,45.13
20,2189,NITIRAJ,EQ,4273,2833,66.30
20,2190,NITTAGELA,EQ,2055,1336,65.01
20,2191,NIVABUPA,EQ,1204236,524368,43.54
20,2192,NKIND,EQ,2792,2191,78.47
20,2193,NLCINDIA,EQ,2083618,856875,41.12
20,2194,NMDC,EQ,11311468,3750725,33.16
20,2195,NMSTEEL,SM,3200,3200,100.00
20,2196,NOCIL,EQ,716971,326154,45.49
20,2197,NOIDATOLL,EQ,38285,26151,68.31
20,2198,NORBTEAEXP,EQ,642,554,86.29
20,2199,NORTHARC,EQ,3752002,1848817,49.28
20,2200,NOVARTIND,EQ,21875,9464,43.26
20,2201,NPBET,EQ,145,142,97.93
20,2202,NPST,EQ,35959,18415,51.21
20,2203,NRAIL,EQ,5723,3313,57.89
20,2204,NRBBEARING,EQ,263724,141878,53.80
20,2205,NRVANDANA,SM,6000,3000,50.00
20,2206,NSIL,EQ,2061,1213,58.85
20,2207,NSLNISP,EQ,6442161,1817275,28.21
20,2208,NTCIND,EQ,9091,7593,83.52
20,2209,NTPC,EQ,7377499,4407260,59.74
20,2210,NTPCGREEN,EQ,1561195,778090,49.84
20,2211,NUCLEUS,EQ,37616,22122,58.81
20,2212,NUVAMA,EQ,430704,209155,48.56
20,2213,NUVOCO,EQ,654624,308678,47.15
20,2214,NV20,EQ,74088,59357,80.12
20,2215,NV20BEES,EQ,5684,3000,52.78
20,2216,NV20IETF,EQ,278349,173572,62.36
20,2217,NXST,RR,599013,502393,83.87
20,2218,NXT-INFRA,IV,100000,100000,100.00
20,2219,NYKAA,EQ,8377806,4095833,48.89
20,2220,OAL,EQ,66760,30019,44.97
20,2221,OBCL,EQ,8158,7155,87.71
20,2222,OBEROIRLTY,EQ,211011,97652,46.28
20,2223,OBSCP,SM,22000,14800,67.27
20,2224,ODIGMA,EQ,38258,29614,77.41
20,2225,ODYCORP,EQ,8625,8064,93.50
20,2226,OFSS,EQ,208347,84100,40.37
20,2227,OIL,EQ,1788773,775535,43.36
20,2228,OILIETF,EQ,736794,455753,61.86
20,2229,OLAELEC,EQ,87186035,17929221,20.56
20,2230,OLECTRA,EQ,368626,169425,45.96
20,2231,OLIL,SM,66000,62400,94.55
20,2232,OMAXAUTO,EQ,129636,60283,46.50
20,2233,OMAXE,EQ,42077140,1892947,4.50
20,2234,OMINFRAL,EQ,37136,20509,55.23
20,2235,OMNI,EQ,392314,97848,24.94
20,2236,OMPOWER,EQ,62923,30119,47.87
20,2237,ONDOOR,SM,5100,3900,76.47
20,2238,ONEGLOBAL,EQ,20299,13172,64.89
20,2239,ONEPOINT,EQ,331302,59626,18.00
20,2240,ONESOURCE,EQ,69898,34056,48.72
20,2241,ONGC,EQ,11985775,7451445,62.17
20,2242,ONIDA,EQ,197043,143380,72.77
20,2243,ONIXSOLAR,EQ,214098,148724,69.47
20,2244,ONWARDTEC,EQ,27299,18462,67.63
20,2245,OPTIEMUS,EQ,144221,72100,49.99
20,2246,OPTIFIN,EQ,10095,9482,93.93
20,2247,OPTIMYSTIX,SM,48800,37600,77.05
20,2248,OPTIVALUE,ST,44800,41600,92.86
20,2249,ORCHASP,EQ,222908,166868,74.86
20,2250,ORCHPHARMA,EQ,45671,23248,50.90
20,2251,ORIANA,SM,44775,24150,53.94
20,2252,ORICONENT,EQ,20075,11493,57.25
20,2253,ORIENTALTL,EQ,162923,125685,77.14
20,2254,ORIENTBELL,EQ,157410,79901,50.76
20,2255,ORIENTCEM,EQ,241951,78199,32.32
20,2256,ORIENTCER,EQ,203450,93342,45.88
20,2257,ORIENTELEC,EQ,106717,59492,55.75
20,2258,ORIENTHOT,EQ,495717,233101,47.02
20,2259,ORIENTPPR,EQ,242404,154758,63.84
20,2260,ORIENTTECH,EQ,83519,38983,46.68
20,2261,ORIRAIL,EQ,97252,35114,36.11
20,2262,ORISSAMINE,EQ,10145,4123,40.64
20,2263,ORKLAINDIA,EQ,248327,132686,53.43
20,2264,ORTINGLOBE,EQ,36130,30068,83.22
20,2265,OSELDEVICE,SM,28400,21600,76.06
20,2266,OSWALAGRO,EQ,61561,50011,81.24
20,2267,OSWALGREEN,EQ,98468,59444,60.37
20,2268,OSWALPUMPS,EQ,192081,103438,53.85
20,2269,OSWALSEEDS,EQ,87608,63582,72.58
20,2270,OWAIS,ST,33400,29400,88.02
20,2271,PACEDIGITK,EQ,748627,404482,54.03
20,2272,PACIFICI,EQ,381,373,97.90
20,2273,PAGEIND,EQ,15534,7579,48.79
20,2274,PAISALO,EQ,10047532,6479315,64.49
20,2275,PAKKA,EQ,56925,37125,65.22
20,2276,PALASHSECU,EQ,648,547,84.41
20,2277,PANACEABIO,EQ,114701,68618,59.82
20,2278,PANAMAPET,EQ,467593,131078,28.03
20,2279,PANCHMAHQ,EQ,250,135,54.00
20,2280,PANORAMA,EQ,194529,67625,34.76
20,2281,PANSARI,EQ,465,353,75.91
20,2282,PAR,EQ,619562,164178,26.50
20,2283,PARACABLES,EQ,3133802,1612164,51.44
20,2284,PARADEEP,EQ,3301930,1237288,37.47
20,2285,PARAGMILK,EQ,2360487,937896,39.73
20,2286,PARAGON,SM,7200,7200,100.00
20,2287,PARAMATRIX,SM,2400,2400,100.00
20,2288,PARAMOUNT,SM,8400,8400,100.00
20,2289,PARAS,EQ,1131108,373379,33.01
20,2290,PARASPETRO,EQ,292773,211647,72.29
20,2291,PARIN,SM,6500,4250,65.38
20,2292,PARKHOSPS,EQ,1350014,1016119,75.27
20,2293,PARKHOTELS,EQ,77042,40259,52.26
20,2294,PARNAXLAB,EQ,22887,15591,68.12
20,2295,PARTH,SM,24000,23200,96.67
20,2296,PARTYCRUS,SM,3000,3000,100.00
20,2297,PASHUPATI,EQ,8716,5605,64.31
20,2298,PATANJALI,EQ,2399142,652719,27.21
20,2299,PATELENG,EQ,1647620,910802,55.28
20,2300,PATELRMART,EQ,44437,19517,43.92
20,2301,PATILAUTOM,SM,348600,227400,65.23
20,2302,PAUSHAKLTD,EQ,134619,47668,35.41
20,2303,PAVNAIND,EQ,72205,58151,80.54
20,2304,PAYTM,EQ,2753126,1160218,42.14
20,2305,PBMPOLY,EQ,599,597,99.67
20,2306,PCBL,EQ,550836,193827,35.19
20,2307,PCCL,SM,30800,20400,66.23
20,2308,PCJEWELLER,EQ,445157676,79055778,17.76
20,2309,PDMJEPAPER,EQ,130691,64493,49.35
20,2310,PDSL,EQ,54608,34195,62.62
20,2311,PEARLPOLY,EQ,5000,2976,59.52
20,2312,PELATRO,SM,4500,4200,93.33
20,2313,PENIND,EQ,421968,223651,53.00
20,2314,PENTAGON,SM,2000,2000,100.00
20,2315,PERFECT,SZ,51000,51000,100.00
20,2316,PERMAGN,EQ,1525,1042,68.33
20,2317,PERSISTENT,EQ,592977,151696,25.58
20,2318,PETRONET,EQ,1081102,529206,48.95
20,2319,PFC,EQ,8352858,5027282,60.19
20,2320,PFIZER,EQ,11992,7569,63.12
20,2321,PFOCUS,EQ,803910,248217,30.88
20,2322,PFS,EQ,377079,243669,64.62
20,2323,PGEL,EQ,728869,205342,28.17
20,2324,PGHH,EQ,13275,6512,49.05
20,2325,PGHL,EQ,8755,5067,57.88
20,2326,PGIL,EQ,67346,32742,48.62
20,2327,PGINVIT,IV,882657,765816,86.76
20,2328,PHANTOMFX,SM,17100,14400,84.21
20,2329,PHARMABEES,EQ,4083030,2853098,69.88
20,2330,PHOENIXLTD,EQ,730640,119517,16.36
20,2331,PHOENXINTL,EQ,878,792,90.21
20,2332,PHOGLOBAL,SM,10000,8000,80.00
20,2333,PICCADIL,EQ,213536,93244,43.67
20,2334,PIDILITIND,EQ,990170,589335,59.52
20,2335,PIGL,EQ,40325,26127,64.79
20,2336,PIIND,EQ,139983,52893,37.79
20,2337,PILANIINVS,EQ,718,426,59.33
20,2338,PILITA,EQ,35041,23586,67.31
20,2339,PINELABS,EQ,6836836,3263354,47.73
20,2340,PIONEEREMB,EQ,5284,5124,96.97
20,2341,PIRAMALFIN,EQ,1213854,730394,60.17
20,2342,PITTIENG,EQ,166075,87348,52.60
20,2343,PIXTRANS,EQ,6994,4058,58.02
20,2344,PKTEA,EQ,65,59,90.77
20,2345,PLADAINFO,SM,3000,3000,100.00
20,2346,PLASTIBLEN,EQ,20740,13528,65.23
20,2347,PLATIND,EQ,40566,20852,51.40
20,2348,PLAZACABLE,EQ,302514,179011,59.17
20,2349,PML,EQ,236,213,90.25
20,2350,PNB,EQ,10969598,4791611,43.68
20,2351,PNBGILTS,EQ,168989,87450,51.75
20,2352,PNBHOUSING,EQ,2221980,556453,25.04
20,2353,PNC,EQ,8774,4003,45.62
20,2354,PNCINFRA,EQ,265278,118484,44.66
20,2355,PNGJL,EQ,551193,240314,43.60
20,2356,PNGSREVA,EQ,287474,136847,47.60
20,2357,POCL,EQ,445559,260247,58.41
20,2358,PODDARMENT,EQ,3211,2266,70.57
20,2359,POEL,EQ,21825,18356,84.11
20,2360,POKARNA,EQ,38548,22603,58.64
20,2361,POLICYBZR,EQ,1724303,382699,22.19
20,2362,POLYCAB,EQ,653035,357376,54.73
20,2363,POLYMED,EQ,180195,89656,49.75
20,2364,POLYPLEX,EQ,59402,27604,46.47
20,2365,POLYSIL,SM,44500,33500,75.28
20,2366,POLYSPIN,EQ,30,30,100.00
20,2367,PONNIERODE,EQ,37380,23956,64.09
20,2368,POONAWALLA,EQ,1157729,673751,58.20
20,2369,POSITRON,SM,4800,3600,75.00
20,2370,POWERGRID,EQ,8499123,4590980,54.02
20,2371,POWERICA,EQ,42474,24496,57.67
20,2372,POWERINDIA,EQ,100880,32802,32.52
20,2373,POWERMECH,EQ,48114,21330,44.33
20,2374,PPLPHARMA,EQ,3147005,1032001,32.79
20,2375,PPSL,SM,69000,45000,65.22
20,2376,PRABHA,EQ,121456,67717,55.75
20,2377,PRAENG,EQ,530839,387016,72.91
20,2378,PRAJIND,EQ,428898,166815,38.89
20,2379,PRAKASH,EQ,256292,119628,46.68
20,2380,PRAKASHSTL,EQ,54237,39319,72.49
20,2381,PRAMARA,SM,49000,46000,93.88
20,2382,PRAMODINI,ST,45600,44400,97.37
20,2383,PRANIK,SM,1600,1600,100.00
20,2384,PRATHAM,SM,1600,1200,75.00
20,2385,PRAVEG,EQ,33778,22328,66.10
20,2386,PRAXIS,EQ,135235,122336,90.46
20,2387,PRECAM,EQ,133543,75493,56.53
20,2388,PRECISION,ST,6000,6000,100.00
20,2389,PRECOT,EQ,2423,1553,64.09
20,2390,PRECWIRE,EQ,861436,278837,32.37
20,2391,PREMCO,EQ,116,74,63.79
20,2392,PREMEXPLN,EQ,85642,59654,69.66
20,2393,PREMIERENE,EQ,506640,194549,38.40
20,2394,PREMIERPOL,EQ,300461,119341,39.72
20,2395,PRESSTONIC,SM,38400,34400,89.58
20,2396,PRESTIGE,EQ,701659,215810,30.76
20,2397,PRICOLLTD,EQ,308540,163787,53.08
20,2398,PRIMECAB,ST,12800,12800,100.00
20,2399,PRIMESECU,EQ,37051,19721,53.23
20,2400,PRIMO,EQ,93270,48212,51.69
20,2401,PRINCEPIPE,EQ,155581,75575,48.58
20,2402,PRISMX,EQ,132128,85906,65.02
20,2403,PRIVISCL,EQ,125467,71576,57.05
20,2404,PRIZOR,ST,26000,23600,90.77
20,2405,PRLIND,SM,16000,14000,87.50
20,2406,PROFX,SM,12800,9600,75.00
20,2407,PROLIFE,SM,1500,1500,100.00
20,2408,PROPSHOP,SM,200000,142000,71.00
20,2409,PROSTARM,EQ,143547,74196,51.69
20,2410,PROTEAN,EQ,242188,119228,49.23
20,2411,PROV,SM,2560,2480,96.88
20,2412,PROZONER,EQ,299042,213695,71.46
20,2413,PRSMJOHNSN,EQ,322538,158260,49.07
20,2414,PRUDENT,EQ,95588,33258,34.79
20,2415,PSB,EQ,890182,584762,65.69
20,2416,PSFL,SM,8000,8000,100.00
20,2417,PSPPROJECT,EQ,40894,15260,37.32
20,2418,PSRAJ,ST,12500,12500,100.00
20,2419,PSUBANK,EQ,1060607,798171,75.26
20,2420,PSUBANKADD,EQ,21917,14303,65.26
20,2421,PSUBNKBEES,EQ,1117723,521653,46.67
20,2422,PSUBNKIETF,EQ,68390,33243,48.61
20,2423,PTC,EQ,3061118,870281,28.43
20,2424,PTCIL,EQ,56171,14951,26.62
20,2425,PTL,EQ,20969,15529,74.06
20,2426,PULZ,SM,6000,6000,100.00
20,2427,PUNJABCHEM,EQ,1918,1135,59.18
20,2428,PURPLEUTED,ST,29750,29750,100.00
20,2429,PURVA,EQ,69983,25729,36.76
20,2430,PURVFLEXI,SM,4000,2400,60.00
20,2431,PUSHPA,SM,8000,4000,50.00
20,2432,PVP,EQ,4370907,1699902,38.89
20,2433,PVRINOX,EQ,838525,303438,36.19
20,2434,PVSL,EQ,21737,12922,59.45
20,2435,PVTBANIETF,EQ,3850107,2977531,77.34
20,2436,PVTBANK,EQ,206212,201299,97.62
20,2437,PVTBANKADD,EQ,246374,195273,79.26
20,2438,PVTBKGROWW,EQ,17433,9023,51.76
20,2439,PWL,EQ,6598735,2100149,31.83
20,2440,PYRAMID,EQ,26551,16704,62.91
20,2441,QGOLDHALF,EQ,430633,197466,45.85
20,2442,QLINE,SM,182000,86800,47.69
20,2443,QNIFTY,EQ,1110,843,75.95
20,2444,QPOWER,EQ,305160,147914,48.47
20,2445,QUADFUTURE,EQ,441477,109531,24.81
20,2446,QUADPRO,SM,24000,24000,100.00
20,2447,QUAL30IETF,EQ,48546,27631,56.92
20,2448,QUALITY30,EQ,2040,1912,93.73
20,2449,QUESS,EQ,560755,208710,37.22
20,2450,QUESTLAB,SM,27600,24000,86.96
20,2451,QUICKTOUCH,SM,3000,3000,100.00
20,2452,QUINT,EQ,2670,2351,88.05
20,2453,QVCEL,SM,28800,24000,83.33
20,2454,RACE,EQ,25870,19642,75.93
20,2455,RACLGEAR,EQ,60673,21762,35.87
20,2456,RADAAN,EQ,158918,77385,48.69
20,2457,RADHIKAJWE,EQ,4272940,662100,15.50
20,2458,RADIANTCMS,EQ,365694,227883,62.32
20,2459,RADICO,EQ,473936,262867,55.46
20,2460,RADIOCITY,EQ,326948,254038,77.70
20,2461,RADIOWALLA,ST,11200,11200,100.00
20,2462,RAILTEL,EQ,829423,195400,23.56
20,2463,RAIN,EQ,7806876,2491313,31.91
20,2464,RAINBOW,EQ,184439,86333,46.81
20,2465,RAJINDLTD,SM,10500,10500,100.00
20,2466,RAJMET,EQ,286357,207043,72.30
20,2467,RAJPALAYAM,EQ,990,671,67.78
20,2468,RAJPUTANA,SM,31000,27000,87.10
20,2469,RAJRATAN,EQ,100568,48632,48.36
20,2470,RAJSREESUG,EQ,55285,29294,52.99
20,2471,RAJTV,EQ,38390,38390,100.00
20,2472,RALLIS,EQ,352377,159738,45.33
20,2473,RAMANEWS,EQ,19126,11622,60.77
20,2474,RAMAPHO,EQ,10353,7384,71.32
20,2475,RAMBHAJO,EQ,759953,221186,29.11
20,2476,RAMCOCEM,EQ,76541,35983,47.01
20,2477,RAMCOIND,EQ,171089,74823,43.73
20,2478,RAMCOSYS,EQ,131563,68488,52.06
20,2479,RAMKY,EQ,104716,52179,49.83
20,2480,RAMRAT,EQ,411062,173178,42.13
20,2481,RANASUG,EQ,370713,213540,57.60
20,2482,RANEHOLDIN,EQ,7811,5543,70.96
20,2483,RAPIDFLEET,SM,19800,10200,51.52
20,2484,RAPPID,SM,1800,1200,66.67
20,2485,RATEGAIN,EQ,395580,182111,46.04
20,2486,RATNAMANI,EQ,43960,16283,37.04
20,2487,RATNAVEER,EQ,6186602,1872107,30.26
20,2488,RAYMOND,EQ,300895,129970,43.19
20,2489,RAYMONDLSL,EQ,312798,186417,59.60
20,2490,RAYMONDREL,EQ,453833,259897,57.27
20,2491,RBA,EQ,4212089,1911416,45.38
20,2492,RBLBANK,EQ,2288711,1362720,59.54
20,2493,RBMINFRA,SM,13800,10200,73.91
20,2494,RBS,SM,11200,6400,57.14
20,2495,RBZJEWEL,EQ,5612930,506162,9.02
20,2496,RCDL,SM,51000,39000,76.47
20,2497,RCDL-RE,ST,393000,393000,100.00
20,2498,RCF,EQ,1301482,486215,37.36
20,2499,READYMIX,SM,53000,18000,33.96
20,2500,RECLTD,EQ,6496998,2872166,44.21
20,2501,REDINGTON,EQ,3398327,1548568,45.57
20,2502,REDTAPE,EQ,334316,100216,29.98
20,2503,REFEX,EQ,265132,142955,53.92
20,2504,REFRACTORY,SM,4000,2000,50.00
20,2505,REGAAL,EQ,236180,139953,59.26
20,2506,REGENCERAM,EQ,2600,2214,85.15
20,2507,RELAXO,EQ,140569,65260,46.43
20,2508,RELCHEMQ,EQ,3523,1851,52.54
20,2509,RELIABLE,EQ,66335,23572,35.53
20,2510,RELIANCE,EQ,12617528,7456999,59.10
20,2511,RELIGARE,EQ,2497774,1071399,42.89
20,2512,RELTD,EQ,271815,187418,68.95
20,2513,REMSONSIND,EQ,359616,157254,43.73
20,2514,REMUS,SM,3800,3400,89.47
20,2515,RENUKA,EQ,13258172,3149823,23.76
20,2516,REPCOHOME,EQ,71878,47331,65.85
20,2517,REPRO,EQ,69747,28355,40.65
20,2518,RESPONIND,EQ,83029,24667,29.71
20,2519,RETAIL,EQ,3138,2696,85.91
20,2520,REXPRO,SM,1000,1000,100.00
20,2521,RGL,EQ,1026778,260949,25.41
20,2522,RHETAN,EQ,10248180,1506529,14.70
20,2523,RHIM,EQ,274972,130086,47.31
20,2524,RHL,EQ,6977,6073,87.04
20,2525,RICHA,ST,1000,1000,100.00
20,2526,RICOAUTO,EQ,572270,205007,35.82
20,2527,RIIL,EQ,39245,8114,20.68
20,2528,RIIT,IV,399898,390476,97.64
20,2529,RILINFRA,SM,5000,4000,80.00
20,2530,RIR,EQ,78861,42818,54.30
20,2531,RISHABH,EQ,247671,113800,45.95
20,2532,RITCO,EQ,65006,36659,56.39
20,2533,RITES,EQ,350274,129788,37.05
20,2534,RITEZONE,SM,1600,1600,100.00
20,2535,RKDL,EQ,2053,1753,85.39
20,2536,RKEC,EQ,35351,26933,76.19
20,2537,RKFORGE,EQ,1216792,485282,39.88
20,2538,RKSWAMY,EQ,33508,21331,63.66
20,2539,RMC,EQ,58149,30213,51.96
20,2540,RML,EQ,11767,4715,40.07
20,2541,RNBDENIMS,EQ,176886,176885,100.00
20,2542,RNFI,SM,121800,75000,61.58
20,2543,RNPL,SM,6000,0,0.00
20,2544,ROCKINGDCE,SM,12750,7000,54.90
20,2545,ROCKPP,E1,5000,5000,100.00
20,2546,ROHLTD,EQ,10219,6661,65.18
20,2547,ROLEXRINGS,EQ,1101246,582086,52.86
20,2548,ROML,EQ,3185,2423,76.08
20,2549,ROSSARI,EQ,73740,41704,56.56
20,2550,ROSSELLIND,EQ,56872,28965,50.93
20,2551,ROSSTECH,EQ,229506,102343,44.59
20,2552,ROTO,EQ,986286,304251,30.85
20,2553,ROUTE,EQ,143191,53674,37.48
20,2554,ROXHITECH,SM,49600,38400,77.42
20,2555,ROYALARC,SM,2400,2400,100.00
20,2556,RPEL,EQ,83386,36766,44.09
20,2557,RPGLIFE,EQ,5524,2961,53.60
20,2558,RPOWER,EQ,14834527,3693442,24.90
20,2559,RPPINFRA,EQ,38477,23162,60.20
20,2560,RPSGVENT,EQ,23016,15009,65.21
20,2561,RPTECH,EQ,257239,107133,41.65
20,2562,RRECL,EQ,564,387,68.62
20,2563,RRIL,EQ,3127,2570,82.19
20,2564,RRKABEL,EQ,520093,243223,46.77
20,2565,RSL,EQ,348027,134467,38.64
20,2566,RSSOFTWARE,EQ,70785,39014,55.12
20,2567,RSYSTEMS,EQ,464401,233124,50.20
20,2568,RTNINDIA,EQ,839175,443112,52.80
20,2569,RTNPOWER,EQ,26977471,10749819,39.85
20,2570,RTSPOWR,EQ,4669,3894,83.40
20,2571,RUBFILA,EQ,13078,10657,81.49
20,2572,RUBICON,EQ,249807,123795,49.56
20,2573,RUCHINFRA,EQ,71559,41316,57.74
20,2574,RUCHIRA,EQ,13020,7455,57.26
20,2575,RUDRA,EQ,519907,296574,57.04
20,2576,RULKA,SM,9900,4200,42.42
20,2577,RUPA,EQ,80956,44814,55.36
20,2578,RUSHIL,EQ,148799,102556,68.92
20,2579,RUSTOMJEE,EQ,23452,14010,59.74
20,2580,RVHL,EQ,4181,3430,82.04
20,2581,RVNL,EQ,3502970,1175750,33.56
20,2582,RVTH,EQ,773,535,69.21
20,2583,S&SPOWER,EQ,1019,683,67.03
20,2584,SAAKSHI,ST,33000,30600,92.73
20,2585,SAATVIKGL,EQ,47469,18727,39.45
20,2586,SAB,EQ,102,102,100.00
20,2587,SABAR,ST,45000,45000,100.00
20,2588,SACHEEROME,SM,66300,49800,75.11
20,2589,SADBHAV,EQ,716931,414946,57.88
20,2590,SADHAV,SM,53400,30600,57.30
20,2591,SAFARI,EQ,52039,31755,61.02
20,2592,SAFEENTP,SM,26500,21000,79.25
20,2593,SAGARDEEP,EQ,4552,2585,56.79
20,2594,SAGCEM,EQ,43386,30352,69.96
20,2595,SAGILITY,EQ,13901435,5975209,42.98
20,2596,SAHAJSOLAR,SM,14400,13600,94.44
20,2597,SAHANA,SM,16350,11850,72.48
20,2598,SAHASRA,ST,16400,16000,97.56
20,2599,SAHLIBHFI,EQ,602619,572778,95.05
20,2600,SAHYADRI,EQ,9142,6887,75.33
20,2601,SAICAPI,EQ,49,42,85.71
20,2602,SAIFL,SM,316000,224000,70.89
20,2603,SAIL,EQ,29120262,11746493,40.34
20,2604,SAILIFE,EQ,2643744,800695,30.29
20,2605,SAIPARENT,EQ,57040,29564,51.83
20,2606,SAJHOTELS,ST,4000,4000,100.00
20,2607,SAKAR,EQ,1182114,274044,23.18
20,2608,SAKHTISUG,EQ,175353,109473,62.43
20,2609,SAKSOFT,EQ,217740,89537,41.12
20,2610,SAKUMA,EQ,800644,523264,65.36
20,2611,SALASAR,EQ,1433981,1009132,70.37
20,2612,SALONA,EQ,718,671,93.45
20,2613,SALSTEEL,EQ,761423,407696,53.54
20,2614,SALZERELEC,EQ,55668,22775,40.91
20,2615,SAMAY,ST,4000,4000,100.00
20,2616,SAMBANDAM,EQ,752,715,95.08
20,2617,SAMBHAAV,EQ,24917,5646,22.66
20,2618,SAMBHV,EQ,1005542,357055,35.51
20,2619,SAMHI,EQ,844223,608374,72.06
20,2620,SAMMAANCAP,EQ,5856185,2302560,39.32
20,2621,SAMPANN,EQ,39567,33229,83.98
20,2622,SANATHAN,EQ,53599,36919,68.88
20,2623,SANDESH,EQ,1378,715,51.89
20,2624,SANDHAR,EQ,250171,101687,40.65
20,2625,SANDUMA,EQ,340989,142878,41.90
20,2626,SANGAMIND,EQ,10189,7101,69.69
20,2627,SANGHVIMOV,EQ,233054,122213,52.44
20,2628,SANOFI,EQ,16301,8184,50.21
20,2629,SANOFICONR,EQ,1965,1120,57.00
20,2630,SANSERA,EQ,224580,73200,32.59
20,2631,SANSTAR,EQ,87259,49750,57.01
20,2632,SAPPHIRE,EQ,420140,155554,37.02
20,2633,SAPPL,EQ,1166,1032,88.51
20,2634,SARDAEN,EQ,331824,162531,48.98
20,2635,SAREGAMA,EQ,443939,167156,37.65
20,2636,SARLAPOLY,EQ,221455,139707,63.09
20,2637,SARTELE,SM,124500,100500,80.72
20,2638,SARVESHWAR,EQ,890835,636233,71.42
20,2639,SASKEN,EQ,15208,9465,62.24
20,2640,SATECH,SM,5000,5000,100.00
20,2641,SATIA,EQ,36781,16317,44.36
20,2642,SATIN,EQ,322019,176259,54.74
20,2643,SATIPOLY,ST,500,500,100.00
20,2644,SATKARTAR,SM,60800,40000,65.79
20,2645,SATTVAENGG,SM,44800,44800,100.00
20,2646,SAURASHCEM,EQ,58225,30047,51.60
20,2647,SAVY,SM,145200,126000,86.78
20,2648,SAWALIYA,SM,256200,184800,72.13
20,2649,SAYAJIHOTL,EQ,57,54,94.74
20,2650,SAYAJIIND,EQ,830,830,100.00
20,2651,SBC,EQ,5213096,2194376,42.09
20,2652,SBCL,EQ,308201,155954,50.60
20,2653,SBFC,EQ,12820956,10878117,84.85
20,2654,SBGLP,EQ,35260,28423,80.61
20,2655,SBIBPB,EQ,61306,36687,59.84
20,2656,SBICARD,EQ,3438291,1622983,47.20
20,2657,SBIETFCON,EQ,2274,1851,81.40
20,2658,SBIETFIT,EQ,13596,11125,81.83
20,2659,SBIETFPB,EQ,2461,2118,86.06
20,2660,SBIETFQLTY,EQ,2598,2336,89.92
20,2661,SBIFUNDS,EQ,1866287,1040516,55.75
20,2662,SBILIFE,EQ,624181,360443,57.75
20,2663,SBILIQETF,EQ,347127,340769,98.17
20,2664,SBIMIDMOM,EQ,17843,14277,80.01
20,2665,SBIN,EQ,7605132,3384666,44.51
20,2666,SBINEQWETF,EQ,38566,35141,91.12
20,2667,SBINMID150,EQ,70884,66319,93.56
20,2668,SBISILVER,EQ,1328270,440356,33.15
20,2669,SBISMLETF,EQ,74407,50982,68.52
20,2670,SBIVALETF,EQ,276895,271313,97.98
20,2671,SCHAEFFLER,EQ,42478,28412,66.89
20,2672,SCHAND,EQ,36217,25754,71.11
20,2673,SCHNEIDER,EQ,379659,203160,53.51
20,2674,SCI,EQ,2956735,1190870,40.28
20,2675,SCILAL,EQ,124337,80741,64.94
20,2676,SCL01825,N6,25,25,100.00
20,2677,SCL310524A,ZK,1,1,100.00
20,2678,SCLZC26C,NB,60,60,100.00
20,2679,SCODATUBES,EQ,117865,76398,64.82
20,2680,SDBL,EQ,382672,174650,45.64
20,2681,SEAMECLTD,EQ,60153,28208,46.89
20,2682,SECMARK,EQ,11345,5736,50.56
20,2683,SECURKLOUD,EQ,22502,19939,88.61
20,2684,SEDEMAC,EQ,137622,63595,46.21
20,2685,SEIL,EQ,311964,265067,84.97
20,2686,SEITINVIT,IV,50000,50000,100.00
20,2687,SEJALLTD,EQ,9707,5430,55.94
20,2688,SEKURITIND,EQ,27223,17676,64.93
20,2689,SEL,SM,1600,1600,100.00
20,2690,SELECTIPO,EQ,115293,93800,81.36
20,2691,SELMC,EQ,6524,5342,81.88
20,2692,SEMAC,EQ,103,98,95.15
20,2693,SENCO,EQ,926985,308751,33.31
20,2694,SENORES,EQ,492855,326863,66.32
20,2695,SENSEXADD,EQ,153,93,60.78
20,2696,SENSEXAXIS,EQ,8046,2351,29.22
20,2697,SENSEXBETA,EQ,2327,2146,92.22
20,2698,SENSEXETF,EQ,25541,12108,47.41
20,2699,SENSEXIETF,EQ,4948,2153,43.51
20,2700,SEPC,EQ,9634411,5212829,54.11
20,2701,SERVICE,SM,32000,12000,37.50
20,2702,SERVOTECH,EQ,307505,169528,55.13
20,2703,SESHAPAPER,EQ,38263,22755,59.47
20,2704,SETF10GILT,EQ,1150,696,60.52
20,2705,SETFGOLD,EQ,6370763,3907952,61.34
20,2706,SETFNIF50,EQ,1016454,780859,76.82
20,2707,SETFNIFBK,EQ,14744,8195,55.58
20,2708,SETFNN50,EQ,24915,19546,78.45
20,2709,SETL,EQ,1359460,894385,65.79
20,2710,SFL,EQ,111433,60398,54.20
20,2711,SGBAPR28I,GB,246,128,52.03
20,2712,SGBAUG27,GB,175,144,82.29
20,2713,SGBAUG28V,GB,800,484,60.50
20,2714,SGBAUG29V,GB,67,60,89.55
20,2715,SGBAUG30,GB,160,127,79.38
20,2716,SGBD29VIII,GB,189,150,79.37
20,2717,SGBDC27VII,GB,48,22,45.83
20,2718,SGBDE30III,GB,100,73,73.00
20,2719,SGBDE31III,GB,3108,1941,62.45
20,2720,SGBFEB27,GB,29,14,48.28
20,2721,SGBFEB28IX,GB,7,7,100.00
20,2722,SGBFEB29XI,GB,20,15,75.00
20,2723,SGBFEB32IV,GB,1566,1302,83.14
20,2724,SGBJ28VIII,GB,12,12,100.00
20,2725,SGBJAN27,GB,7,3,42.86
20,2726,SGBJAN29IX,GB,456,392,85.96
20,2727,SGBJAN29X,GB,104,67,64.42
20,2728,SGBJAN30IX,GB,82,67,81.71
20,2729,SGBJU29III,GB,75,59,78.67
20,2730,SGBJUL27,GB,10,6,60.00
20,2731,SGBJUL28IV,GB,326,238,73.01
20,2732,SGBJUL29IV,GB,220,171,77.73
20,2733,SGBJUN27,GB,101,83,82.18
20,2734,SGBJUN28,GB,110,91,82.73
20,2735,SGBJUN29II,GB,175,147,84.00
20,2736,SGBJUN30,GB,169,103,60.95
20,2737,SGBJUN31I,GB,714,506,70.87
20,2738,SGBMAR28X,GB,44,39,88.64
20,2739,SGBMAR30X,GB,211,205,97.16
20,2740,SGBMAR31IV,GB,128,103,80.47
20,2741,SGBMAY28,GB,145,80,55.17
20,2742,SGBMAY29I,GB,716,530,74.02
20,2743,SGBMR29XII,GB,350,284,81.14
20,2744,SGBN28VIII,GB,103,67,65.05
20,2745,SGBNOV26,GB,33,25,75.76
20,2746,SGBNV29VII,GB,350,221,63.14
20,2747,SGBOC28VII,GB,49,26,53.06
20,2748,SGBOCT27VI,GB,1,1,100.00
20,2749,SGBSEP27,GB,5,5,100.00
20,2750,SGBSEP28VI,GB,101,95,94.06
20,2751,SGBSEP29VI,GB,172,116,67.44
20,2752,SGBSEP31II,GB,977,553,56.60
20,2753,SGFIN,EQ,173924,92206,53.02
20,2754,SGIL,EQ,8195,5348,65.26
20,2755,SGL,EQ,4228,2730,64.57
20,2756,SGLRES,EQ,57635,26693,46.31
20,2757,SGMART,EQ,519733,213772,41.13
20,2758,SGRL,EQ,131593,70227,53.37
20,2759,SHADOWFAX,EQ,2501002,1504933,60.17
20,2760,SHAH,EQ,4819906,2459375,51.03
20,2761,SHAHALLOYS,EQ,451947,209401,46.33
20,2762,SHAILY,EQ,180382,83344,46.20
20,2763,SHAKTIPUMP,EQ,282810,145521,51.46
20,2764,SHALBY,EQ,47389,25127,53.02
20,2765,SHANKARA,EQ,58499,49280,84.24
20,2766,SHANKESH,EQ,5213503,1256630,24.10
20,2767,SHANTHALA,SM,1200,1200,100.00
20,2768,SHANTI,EQ,15107,12143,80.38
20,2769,SHANTIGEAR,EQ,63901,29591,46.31
20,2770,SHANTIGOLD,EQ,1503906,739790,49.19
20,2771,SHARDACROP,EQ,179555,94322,52.53
20,2772,SHARDAMOTR,EQ,33399,14027,42.00
20,2773,SHAREINDIA,EQ,251210,138056,54.96
20,2774,SHARIABEES,EQ,5632,3061,54.35
20,2775,SHBAJRG,EQ,6084,5041,82.86
20,2776,SHEETAL,SM,2000,500,25.00
20,2777,SHERA,SM,29000,24000,82.76
20,2778,SHERVANI,EQ,2,2,100.00
20,2779,SHETHJI,SM,13000,10000,76.92
20,2780,SHIGAN,SM,6000,6000,100.00
20,2781,SHILCTECH,EQ,12306,6157,50.03
20,2782,SHILGRAVQ,EQ,6903,4932,71.45
20,2783,SHILPAMED,EQ,2236296,847267,37.89
20,2784,SHINDL,EQ,466149,319071,68.45
20,2785,SHIPROCKET,EQ,11319607,1771644,15.65
20,2786,SHIVAAGRO,EQ,4275,3636,85.05
20,2787,SHIVACEM,EQ,42593,35888,84.26
20,2788,SHIVAMAUTO,EQ,59740,43413,72.67
20,2789,SHIVAMILLS,EQ,3004,2052,68.31
20,2790,SHIVASHRIT,SM,41000,32000,78.05
20,2791,SHIVATEX,EQ,21172,13880,65.56
20,2792,SHIVAUM,EQ,622,622,100.00
20,2793,SHK,EQ,344898,182019,52.77
20,2794,SHKSIL,SM,48000,36000,75.00
20,2795,SHOPERSTOP,EQ,13437,7850,58.42
20,2796,SHRADDHA,EQ,9552,6737,70.53
20,2797,SHRADHA,EQ,5047,4846,96.02
20,2798,SHREDIGCEM,EQ,128057,75156,58.69
20,2799,SHREECEM,EQ,15342,6305,41.10
20,2800,SHREEDHAR,ST,36000,34000,94.44
20,2801,SHREEJISPG,EQ,536864,120316,22.41
20,2802,SHREEKARNI,SM,1200,1050,87.50
20,2803,SHREEOSFM,SM,2000,2000,100.00
20,2804,SHREEPUSHK,EQ,55798,26744,47.93
20,2805,SHREERAMA,EQ,123441,103688,84.00
20,2806,SHREMINVIT,IV,200000,200000,100.00
20,2807,SHREYANIND,EQ,1123,863,76.85
20,2808,SHRIAHIMSA,ST,13800,13800,100.00
20,2809,SHRIKANHA,SM,4800,4800,100.00
20,2810,SHRIKRISH,EQ,719,657,91.38
20,2811,SHRINGARMS,EQ,773070,165907,21.46
20,2812,SHRIPISTON,EQ,106873,61020,57.10
20,2813,SHRIRAMFIN,EQ,5673585,3174005,55.94
20,2814,SHRIRAMPPS,EQ,295236,167914,56.87
20,2815,SHRJAGP,EQ,1161,988,85.10
20,2816,SHUBHSHREE,SM,8100,7800,96.30
20,2817,SHUKRAPHAR,EQ,1832377,1283898,70.07
20,2818,SHYAMDHANI,ST,116000,106000,91.38
20,2819,SHYAMMETL,EQ,344507,190366,55.26
20,2820,SHYAMTEL,EQ,152990,92972,60.77
20,2821,SICAGEN,EQ,16416,10187,62.06
20,2822,SIDDHIKA,SM,2000,2000,100.00
20,2823,SIEL,EQ,652,540,82.82
20,2824,SIEMENS,EQ,317161,153434,48.38
20,2825,SIGACHI,EQ,1662430,823958,49.56
20,2826,SIGMA,EQ,122465,55596,45.40
20,2827,SIGNATURE,EQ,173679,7318,4.21
20,2828,SIGNORIA,ST,22000,22000,100.00
20,2829,SIGNPOST,EQ,21561,14666,68.02
20,2830,SIKA,EQ,20593,12049,58.51
20,2831,SIL,EQ,78483,49933,63.62
20,2832,SILGO,EQ,99737,8835,8.86
20,2833,SILINV,EQ,1581,1213,76.72
20,2834,SILKFLEX,SM,22000,20000,90.91
20,2835,SILKY,SM,10400,8800,84.62
20,2836,SILLYMONKS,EQ,11020,10987,99.70
20,2837,SILVER,EQ,1026631,349967,34.09
20,2838,SILVER001,EQ,38711,35525,91.77
20,2839,SILVER1,EQ,7155295,2671568,37.34
20,2840,SILVER360,EQ,16764,6877,41.02
20,2841,SILVERADD,EQ,4251284,1256441,29.55
20,2842,SILVERAG,EQ,296936,125908,42.40
20,2843,SILVERAXIS,EQ,365753,164476,44.97
20,2844,SILVERBEES,EQ,32758030,14468773,44.17
20,2845,SILVERBETA,EQ,881941,415639,47.13
20,2846,SILVERBND,EQ,60699,58598,96.54
20,2847,SILVERCASE,EQ,11255328,4063292,36.10
20,2848,SILVERIETF,EQ,3784482,1648081,43.55
20,2849,SILVERTUC,EQ,565150,222221,39.32
20,2850,SIMCA,ST,8400,8400,100.00
20,2851,SIMPLEXINF,EQ,117152,78326,66.86
20,2852,SINCLAIR,EQ,33445,23543,70.39
20,2853,SINDHUTRAD,EQ,4808744,3575385,74.35
20,2854,SINGERIND,EQ,106503,51733,48.57
20,2855,SINTERCOM,EQ,50684,47651,94.02
20,2856,SIRCA,EQ,222287,61291,27.57
20,2857,SIS,EQ,226378,92801,40.99
20,2858,SIYSIL,EQ,40245,15709,39.03
20,2859,SJLOGISTIC,SM,15000,12250,81.67
20,2860,SJS,EQ,110027,55135,50.11
20,2861,SJVN,EQ,1601993,683881,42.69
20,2862,SKFINDIA,EQ,28038,16825,60.01
20,2863,SKFINDUS,EQ,180275,139614,77.45
20,2864,SKIPPER,EQ,357291,144541,40.45
20,2865,SKMEGGPROD,EQ,221897,118742,53.51
20,2866,SKP,SM,40500,3500,8.64
20,2867,SKYGOLD,EQ,1380447,697939,50.56
20,2868,SKYTECH,ST,4800,4800,100.00
20,2869,SKYWAYS,EQ,56082352,12993503,23.17
20,2870,SLONE,ST,4800,4400,91.67
20,2871,SMALL250,EQ,252304,138709,54.98
20,2872,SMALLADD,EQ,39649,24916,62.84
20,2873,SMALLCAP,EQ,869020,425159,48.92
20,2874,SMALLGROWW,EQ,3685,3021,81.98
20,2875,SMALLIETF,EQ,20220,13015,64.37
20,2876,SMARTEN,ST,15600,14400,92.31
20,2877,SMARTWORKS,EQ,109815,80521,73.32
20,2878,SMCGLOBAL,EQ,366463,308281,84.12
20,2879,SML100CASE,EQ,1921793,1242330,64.64
20,2880,SMLMAH,EQ,247241,60563,24.50
20,2881,SMLT,EQ,7345,3662,49.86
20,2882,SMSPHARMA,EQ,82776,43531,52.59
20,2883,SNEHAA,SM,4000,4000,100.00
20,2884,SNOWMAN,EQ,129824,73928,56.94
20,2885,SNXT30BEES,EQ,10927,7193,65.83
20,2886,SNXT50BETA,EQ,986,644,65.31
20,2887,SOBHA,EQ,76576,39914,52.12
20,2888,SOCL,SM,11200,9600,85.71
20,2889,SOFTTECH,EQ,3775,3119,82.62
20,2890,SOLARA,EQ,1068143,383575,35.91
20,2891,SOLARINDS,EQ,94048,44693,47.52
20,2892,SOLARWORLD,EQ,76265,46923,61.53
20,2893,SOLEX,EQ,16312,8343,51.15
20,2894,SOMANYCERA,EQ,182674,103726,56.78
20,2895,SOMATEX,EQ,12616,11170,88.54
20,2896,SOMICONVEY,EQ,10379,6503,62.66
20,2897,SONACOMS,EQ,1041758,482814,46.35
20,2898,SONAL,EQ,460,460,100.00
20,2899,SONAMAC,SM,3000,3000,100.00
20,2900,SONAMLTD,EQ,753898,386431,51.26
20,2901,SONATSOFTW,EQ,892873,268910,30.12
20,2902,SONUINFRA,ST,88500,88500,100.00
20,2903,SOTL,EQ,11719498,676798,5.77
20,2904,SOUTHBANK,EQ,12765987,2503888,19.61
20,2905,SOUTHWEST,EQ,125976,64536,51.23
20,2906,SPAL,EQ,82949,34201,41.23
20,2907,SPANDANA,EQ,100443,58362,58.10
20,2908,SPARC,EQ,824539,325458,39.47
20,2909,SPCENET,EQ,1488536,1236879,83.09
20,2910,SPCL,SM,7800,6000,76.92
20,2911,SPCON,SM,1200,1200,100.00
20,2912,SPEB,SM,10000,10000,100.00
20,2913,SPECTSTM,SM,5600,5600,100.00
20,2914,SPELS,EQ,57795,26670,46.15
20,2915,SPENCERS,EQ,61481,52527,85.44
20,2916,SPIC,EQ,377996,183414,48.52
20,2917,SPLIL,EQ,9169,7173,78.23
20,2918,SPLPETRO,EQ,151638,78298,51.63
20,2919,SPMLINFRA,EQ,163285,90600,55.49
20,2920,SPORTKING,EQ,907686,304215,33.52
20,2921,SPPPOLY,SM,4000,2000,50.00
20,2922,SRD,EQ,30239,25458,84.19
20,2923,SREEL,EQ,5954,4251,71.40
20,2924,SRF,EQ,105018,50240,47.84
20,2925,SRGHFL,EQ,275,264,96.00
20,2926,SRHHYPOLTD,EQ,11022,6482,58.81
20,2927,SRIKPRIND,EQ,66491,49707,74.76
20,2928,SRIVASAVI,ST,33000,32000,96.97
20,2929,SRM,EQ,70598,47805,67.71
20,2930,SRTL,EQ,45688,35298,77.26
20,2931,SSDL,EQ,26635,13157,49.40
20,2932,SSEGL,SM,47400,33000,69.62
20,2933,SSFL,ST,5000,5000,100.00
20,2934,SSWL,EQ,28271167,3312213,11.72
20,2935,STANLEY,EQ,81488,52942,64.97
20,2936,STAR,EQ,200361,98221,49.02
20,2937,STARCEMENT,EQ,161551,67432,41.74
20,2938,STARHEALTH,EQ,548526,183314,33.42
20,2939,STARPAPER,EQ,9553,8498,88.96
20,2940,STARTECK,EQ,308,113,36.69
20,2941,STCINDIA,EQ,14799,6306,42.61
20,2942,STEELCAS,EQ,47152,22426,47.56
20,2943,STEELCITY,EQ,7424,5451,73.42
20,2944,STEELXIND,EQ,1460680,665134,45.54
20,2945,STEL,EQ,8483,4175,49.22
20,2946,STLNETWORK,EQ,1308773,745103,56.93
20,2947,STLSTRINF,EQ,1665,1161,69.73
20,2948,STOVEKRAFT,EQ,211970,88502,41.75
20,2949,STRIDERS,SM,83200,81600,98.08
20,2950,STUDDS,EQ,69776,52508,75.25
20,2951,STUDIOLSD,SM,22000,20000,90.91
20,2952,STYL,EQ,59704,31592,52.91
20,2953,STYLAMIND,EQ,65471,32372,49.44
20,2954,STYLEBAAZA,EQ,501769,336651,67.09
20,2955,STYRENIX,EQ,24032,11283,46.95
20,2956,SUBAHOTELS,SM,46800,36000,76.92
20,2957,SUBEXLTD,EQ,4959378,2516296,50.74
20,2958,SUBROS,EQ,24774,11396,46.00
20,2959,SUDARCOLOR,EQ,5261,3748,71.24
20,2960,SUDARSCHEM,EQ,1648951,430974,26.14
20,2961,SUDEEPPHRM,EQ,331374,138816,41.89
20,2962,SUKHJITS,EQ,16073,14482,90.10
20,2963,SULA,EQ,164097,70124,42.73
20,2964,SUMEDHA,EQ,133,112,84.21
20,2965,SUMEETINDS,EQ,2426227,2029751,83.66
20,2966,SUMICHEM,EQ,104437,50231,48.10
20,2967,SUMIT,EQ,10972,4807,43.81
20,2968,SUMMITSEC,EQ,3052,1369,44.86
20,2969,SUNCLAY,EQ,4258,2868,67.36
20,2970,SUNDARAM,EQ,174887,134496,76.90
20,2971,SUNDARMFIN,EQ,19219,10503,54.65
20,2972,SUNDRMFAST,EQ,94310,51316,54.41
20,2973,SUNDROP,EQ,8354,4208,50.37
20,2974,SUNFLAG,EQ,106805,52227,48.90
20,2975,SUNLITE,SM,29400,21300,72.45
20,2976,SUNLOC,EQ,1398,1106,79.11
20,2977,SUNPHARMA,EQ,3595272,1854146,51.57
20,2978,SUNRAKSHAK,EQ,5911,4237,71.68
20,2979,SUNREST,SM,9600,8000,83.33
20,2980,SUNSHIEL,EQ,2042,1665,81.54
20,2981,SUNSHINE,EQ,3504036,670089,19.12
20,2982,SUNTECH,SM,20800,9600,46.15
20,2983,SUNTECK,EQ,160918,88759,55.16
20,2984,SUNTV,EQ,229557,118667,51.69
20,2985,SUPERHOUSE,EQ,5670,3487,61.50
20,2986,SUPRAJIT,EQ,69927,44271,63.31
20,2987,SUPREME,EQ,10225,5513,53.92
20,2988,SUPREMEIND,EQ,169663,61532,36.27
20,2989,SUPREMEINF,EQ,30992,9337,30.13
20,2990,SUPREMEPWR,SM,47000,28000,59.57
20,2991,SUPRIYA,EQ,105067,55062,52.41
20,2992,SURAJEST,EQ,91223,69112,75.76
20,2993,SURAJLTD,EQ,1066,955,89.59
20,2994,SURAKSHA,EQ,143730,84311,58.66
20,2995,SURANASOL,EQ,34710,26728,77.00
20,2996,SURANAT&P,EQ,42972,38144,88.76
20,2997,SURANI,SM,7800,7000,89.74
20,2998,SURYALA,EQ,723,711,98.34
20,2999,SURYALAXMI,EQ,50585,31934,63.13
20,3000,SURYAROSNI,EQ,212161,97604,46.00
20,3001,SURYODAY,EQ,358779,171205,47.72
20,3002,SUVEN,EQ,899924,346760,38.53
20,3003,SUVIDHAA,EQ,47789,36697,76.79
20,3004,SUYOG,EQ,19283,11602,60.17
20,3005,SUZLON,EQ,39976953,19045383,47.64
20,3006,SVGLOBAL,EQ,72,67,93.06
20,3007,SVPGLOB,EQ,31186,25304,81.14
20,3008,SWANCORP,EQ,1201439,710792,59.16
20,3009,SWARAJENG,EQ,12007,9453,78.73
20,3010,SWARNSAR,EQ,3475,3429,98.68
20,3011,SWASTIK,ST,3600,3600,100.00
20,3012,SWELECTES,EQ,19854,10992,55.36
20,3013,SWIGGY,EQ,5372141,2423423,45.11
20,3014,SWISSMLTRY,EQ,106844,69528,65.07
20,3015,SWSOLAR,EQ,614403,248474,40.44
20,3016,SYLVANPLY,SM,4000,2000,50.00
20,3017,SYMBIOTEC,EQ,30102923,9455035,31.41
20,3018,SYMPHONY,EQ,65387,36172,55.32
20,3019,SYNCOMF,EQ,15856320,5002829,31.55
20,3020,SYNGENE,EQ,632620,402266,63.59
20,3021,SYNOPTICS,ST,1800,1200,66.67
20,3022,SYRMA,EQ,608516,238764,39.24
20,3023,SYSTANGO,SM,15600,11200,71.79
20,3024,TAALTECH,EQ,6274,4636,73.89
20,3025,TAC,ST,35200,31000,88.07
20,3026,TAINWALCHM,EQ,2735,2056,75.17
20,3027,TAJGVK,EQ,70985,37571,52.93
20,3028,TAKE,EQ,48445,48386,99.88
20,3029,TALBROAUTO,EQ,82813,38990,47.08
20,3030,TANAA,EQ,6628,4213,63.56
20,3031,TANKUP,ST,13750,13250,96.36
20,3032,TANLA,EQ,438736,172294,39.27
20,3033,TARACHAND,EQ,44443,17355,39.05
20,3034,TARAPUR,EQ,54711,40367,73.78
20,3035,TARC,EQ,498599,207863,41.69
20,3036,TARIL,EQ,1323545,468530,35.40
20,3037,TARMAT,EQ,36225,17559,48.47
20,3038,TARSONS,EQ,246355,99110,40.23
20,3039,TASTYBITE,EQ,2621,1565,59.71
20,3040,TATACAP,EQ,1012096,537422,53.10
20,3041,TATACHEM,EQ,363153,150547,41.46
20,3042,TATACOMM,EQ,196386,119754,60.98
20,3043,TATACONSUM,EQ,1005860,616307,61.27
20,3044,TATAELXSI,EQ,169501,47815,28.21
20,3045,TATAGOLD,EQ,57784083,20556541,35.57
20,3046,TATAINVEST,EQ,126447,61629,48.74
20,3047,TATAPOWER,EQ,3607879,1678447,46.52
20,3048,TATASTEEL,EQ,46663321,19117299,40.97
20,3049,TATATECH,EQ,1801217,517564,28.73
20,3050,TATSILV,EQ,73340718,38860041,52.99
20,3051,TATVA,EQ,36770,22427,60.99
20,3052,TAURIAN,ST,44000,44000,100.00
20,3053,TBI,SM,27000,23400,86.67
20,3054,TBOTEK,EQ,226002,94513,41.82
20,3055,TBZ,EQ,14134183,3512756,24.85
20,3056,TCC,EQ,90814,37626,41.43
20,3057,TCI,EQ,16245,9211,56.70
20,3058,TCIEXP,EQ,30805,20430,66.32
20,3059,TCL,SM,27200,16800,61.76
20,3060,TCPLPACK,EQ,2435,1555,63.86
20,3061,TCS,EQ,2678034,1231803,46.00
20,3062,TDPOWERSYS,EQ,1152758,424888,36.86
20,3063,TEAMGTY,EQ,172,116,67.44
20,3064,TEAMLEASE,EQ,9242,4656,50.38
20,3065,TEAMTECH,ST,4000,4000,100.00
20,3066,TECH,EQ,56903,36603,64.33
20,3067,TECHD,SM,10800,9000,83.33
20,3068,TECHERA,SM,24800,16000,64.52
20,3069,TECHLABS,SM,6750,5625,83.33
20,3070,TECHM,EQ,2412137,1578775,65.45
20,3071,TECHNOCRAF,EQ,670595,222738,33.21
20,3072,TECHNOE,EQ,158264,82649,52.22
20,3073,TECHNVISN,EQ,141,87,61.70
20,3074,TECILCHEM,EQ,11394,8215,72.10
20,3075,TEGA,EQ,184907,108617,58.74
20,3076,TEJA,SM,327600,148800,45.42
20,3077,TEJASCARGO,SM,400,400,100.00
20,3078,TEJASNET,EQ,3552393,825684,23.24
20,3079,TEMBO,EQ,1217711,476325,39.12
20,3080,TEMPSENS,EQ,8343086,1483749,17.78
20,3081,TENNIND,EQ,851042,470789,55.32
20,3082,TERAI,EQ,1366,753,55.12
20,3083,TERASOFT,EQ,15255,10408,68.23
20,3084,TEXINFRA,EQ,159255,113686,71.39
20,3085,TEXMOPIPES,EQ,18026,13833,76.74
20,3086,TEXRAIL,EQ,9088639,2929351,32.23
20,3087,TFCILTD,EQ,8715631,2475397,28.40
20,3088,TFL,EQ,4642,4019,86.58
20,3089,TGBHOTELS,EQ,26795,19523,72.86
20,3090,TGL,ST,106800,104000,97.38
20,3091,TGVSL,EQ,77093,41393,53.69
20,3092,THAKDEV,EQ,5,5,100.00
20,3093,THANGAMAYL,EQ,72055,34633,48.06
20,3094,THEINVEST,EQ,2064,1817,88.03
20,3095,THEJO,EQ,3226,2139,66.31
20,3096,THELEELA,EQ,358404,189666,52.92
20,3097,THEMISMED,EQ,159524,72465,45.43
20,3098,THERMAX,EQ,78425,40832,52.07
20,3099,THOMASCOOK,EQ,622494,233367,37.49
20,3100,THOMASCOTT,EQ,40670,23755,58.41
20,3101,THYROCARE,EQ,260662,142206,54.56
20,3102,TI,EQ,439735,208961,47.52
20,3103,TIGERLOGS,EQ,52124,33286,63.86
20,3104,TIIL,EQ,30999,17724,57.18
20,3105,TIINDIA,EQ,96404,41890,43.45
20,3106,TIJARIA,EQ,171227,148366,86.65
20,3107,TIMETECHNO,EQ,5733697,1127182,19.66
20,3108,TIMEX,EQ,373200,167276,44.82
20,3109,TIMKEN,EQ,36145,20968,58.01
20,3110,TINNARUBR,EQ,59566,26368,44.27
20,3111,TIPSFILMS,EQ,1088,915,84.10
20,3112,TIPSMUSIC,EQ,177139,93533,52.80
20,3113,TIRUMALCHM,EQ,381219,181498,47.61
20,3114,TIRUPATI,SM,250,250,100.00
20,3115,TITAGARH,EQ,585587,195529,33.39
20,3116,TITAN,EQ,466855,174343,37.34
20,3117,TMB,EQ,135518,57520,42.44
20,3118,TMCV,EQ,8807895,3995044,45.36
20,3119,TMPV,EQ,8951324,3056294,34.14
20,3120,TNIDETF,EQ,166410,119102,71.57
20,3121,TNPETRO,EQ,14332261,2719701,18.98
20,3122,TNPL,EQ,696642,294173,42.23
20,3123,TNTELE,EQ,19099,14295,74.85
20,3124,TOKYOPLAST,EQ,601,391,65.06
20,3125,TOLINS,EQ,36149,22198,61.41
20,3126,TOP100CASE,EQ,1084957,1004210,92.56
20,3127,TOP10ADD,EQ,132712,90744,68.38
20,3128,TOP15IETF,EQ,63958,35255,55.12
20,3129,TOP20,EQ,14475,9657,66.72
20,3130,TORNTPHARM,EQ,204694,108788,53.15
20,3131,TORNTPOWER,EQ,223287,120741,54.07
20,3132,TOTAL,EQ,4361,2335,53.54
20,3133,TOUCHWOOD,EQ,558,404,72.40
20,3134,TOYAMSL,EQ,238440,196558,82.43
20,3135,TPLPLASTEH,EQ,132487,43169,32.58
20,3136,TRACXN,EQ,81017,67412,83.21
20,3137,TRANSCOR,EQ,2957,2642,89.35
20,3138,TRANSRAILL,EQ,443956,212824,47.94
20,3139,TRANSTEEL,SM,945000,607000,64.23
20,3140,TRAVELFOOD,EQ,36333,21850,60.14
20,3141,TREEHOUSE,EQ,13337,11837,88.75
20,3142,TREJHARA,EQ,15504,9656,62.28
20,3143,TREL,EQ,120235,70953,59.01
20,3144,TRENT,EQ,652244,325635,49.93
20,3145,TRF,EQ,10501,7719,73.51
20,3146,TRIDENT,EQ,2210879,1033190,46.73
20,3147,TRIDHYA,ST,9000,9000,100.00
20,3148,TRIGYN,EQ,42098,22732,54.00
20,3149,TRITONV,EQ,1127,738,65.48
20,3150,TRITURBINE,EQ,259156,121155,46.75
20,3151,TRIVENI,EQ,713346,334729,46.92
20,3152,TROM,SM,5400,5400,100.00
20,3153,TRU,EQ,223030,174548,78.26
20,3154,TRUALT,EQ,80033,45275,56.57
20,3155,TRUST,SM,90000,84600,94.00
20,3156,TSC,ST,30000,30000,100.00
20,3157,TSFINV,EQ,38217,18422,48.20
20,3158,TTKHLTCARE,EQ,44525,20629,46.33
20,3159,TTKPRESTIG,EQ,27738,14555,52.47
20,3160,TTL,EQ,207325,132327,63.83
20,3161,TTML,EQ,2317300,784602,33.86
20,3162,TUNWAL,SM,30000,24000,80.00
20,3163,TURTLEMINT,EQ,1557779,532242,34.17
20,3164,TUTIALKA,EQ,16522,12531,75.84
20,3165,TVSELECT,EQ,23430,11281,48.15
20,3166,TVSHLTD,EQ,4052,2511,61.97
20,3167,TVSMOTOR,EQ,1908970,764193,40.03
20,3168,TVSSCS,EQ,722014,314536,43.56
20,3169,TVSSRICHAK,EQ,56740,11904,20.98
20,3170,TVTODAY,EQ,26044,16681,64.05
20,3171,TWCGOLDETF,EQ,42681,42592,99.79
20,3172,UBL,EQ,64290,27957,43.49
20,3173,UCOBANK,EQ,3061545,1546401,50.51
20,3174,UDAYJEW,EQ,1859,1635,87.95
20,3175,UDS,EQ,701552,270572,38.57
20,3176,UEL,EQ,4228,4218,99.76
20,3177,UFLEX,EQ,191079,85668,44.83
20,3178,UFO,EQ,18235,14129,77.48
20,3179,UGARSUGAR,EQ,282554,110628,39.15
20,3180,UGROCAP,EQ,237009,131934,55.67
20,3181,UHTL,ST,22000,22000,100.00
20,3182,UJJIVANSFB,EQ,18034062,9864703,54.70
20,3183,ULTRACEMCO,EQ,168152,94343,56.11
20,3184,ULTRAMAR,EQ,76866,36841,47.93
20,3185,UMA,SM,8000,4000,50.00
20,3186,UMESLTD,EQ,206608,153997,74.54
20,3187,UMIYA-MRO,EQ,56621,48582,85.80
20,3188,UNICHEMLAB,EQ,192598,51876,26.93
20,3189,UNIECOM,EQ,273681,165700,60.54
20,3190,UNIENTER,EQ,3832,2580,67.33
20,3191,UNIHEALTH,SM,7000,5500,78.57
20,3192,UNIINFO,EQ,133,133,100.00
20,3193,UNIMECH,EQ,97827,40702,41.61
20,3194,UNIONBANK,EQ,7002385,2931304,41.86
20,3195,UNIONGOLD,EQ,52992,52139,98.39
20,3196,UNIPARTS,EQ,309191,132034,42.70
20,3197,UNITDSPR,EQ,392270,215494,54.94
20,3198,UNITECH,EQ,3375328,1940701,57.50
20,3199,UNITEDPOLY,EQ,24788,16509,66.60
20,3200,UNITEDTEA,EQ,1810,1555,85.91
20,3201,UNIVCABLES,EQ,123506,52650,42.63
20,3202,UNOMINDA,EQ,1489864,714363,47.95
20,3203,UPL,EQ,4060300,458627,11.30
20,3204,URBAN,SM,27200,20800,76.47
20,3205,URBANCO,EQ,9793184,3373443,34.45
20,3206,URJA,EQ,674664,469648,69.61
20,3207,USASEEDS,SM,856,428,50.00
20,3208,USHAFIN,SM,17600,17600,100.00
20,3209,USHAMART,EQ,4066851,2574307,63.30
20,3210,USK,EQ,13755,11098,80.68
20,3211,UTIAMC,EQ,111748,62725,56.13
20,3212,UTKAL,SM,10000,8000,80.00
20,3213,UTKARSHBNK,EQ,11395283,4683930,41.10
20,3214,UTLSOLAR,EQ,391161,190556,48.72
20,3215,UTSSAV,ST,8400,7800,92.86
20,3216,UTTAMSUGAR,EQ,227336,80450,35.39
20,3217,UWCSL,SM,1000,1000,100.00
20,3218,V2RETAIL,EQ,811500,413347,50.94
20,3219,VADILALIND,EQ,12966,4836,37.30
20,3220,VADILENT,EQ,118,96,81.36
20,3221,VAIBHAVGBL,EQ,281014,127372,45.33
20,3222,VAISHALI,EQ,188407,167586,88.95
20,3223,VAKRANGEE,EQ,902060,490925,54.42
20,3224,VAL30IETF,EQ,382469,204903,53.57
20,3225,VALUE,EQ,44698,44198,98.88
20,3226,VALUE360,SM,3600,3600,100.00
20,3227,VALUEAXIS,EQ,37622,23773,63.19
20,3228,VAML,EQ,4259790,2573453,60.41
20,3229,VARDMNPOLY,EQ,187316,163872,87.48
20,3230,VARROC,EQ,905636,383429,42.34
20,3231,VASA,SM,8000,8000,100.00
20,3232,VASCONEQ,EQ,320857,129917,40.49
20,3233,VASWANI,EQ,21922,18550,84.62
20,3234,VBL,EQ,4752656,2375334,49.98
20,3235,VEDAVAAG,EQ,8632,7963,92.25
20,3236,VEDL,EQ,6769011,2813442,41.56
20,3237,VEDPOWER,EQ,8570993,4634163,54.07
20,3238,VEEDOL,EQ,14786,7494,50.68
20,3239,VEEKAYEM,SM,7000,3500,50.00
20,3240,VENKEYS,EQ,92772,32920,35.48
20,3241,VENTIVE,EQ,8585,5650,65.81
20,3242,VENUSPIPES,EQ,97764,62423,63.85
20,3243,VERANDA,EQ,301874,191813,63.54
20,3244,VERTIS,IV,25000,25000,100.00
20,3245,VERTOZ,EQ,108384,83549,77.09
20,3246,VESUVIUS,EQ,57399,34548,60.19
20,3247,VGCL,EQ,993,694,69.89
20,3248,VGINFOTECH,SM,12000,10000,83.33
20,3249,VGL,EQ,10442,8616,82.51
20,3250,VGUARD,EQ,1150095,653709,56.84
20,3251,VHL,EQ,1028,581,56.52
20,3252,VIAZ,SM,6000,6000,100.00
20,3253,VICTORYEV,SM,24000,21000,87.50
20,3254,VIDHIING,EQ,24851,13131,52.84
20,3255,VIDYAWIRES,EQ,1204812,486968,40.42
20,3256,VIESL,SM,91200,68800,75.44
20,3257,VIGOR,ST,8000,4800,60.00
20,3258,VIJAYA,EQ,108054,52930,48.98
20,3259,VIJAYPD,SM,18000,18000,100.00
20,3260,VIJSOLX,EQ,879,854,97.16
20,3261,VIKASECO,EQ,1566868,826564,52.75
20,3262,VIKASLIFE,EQ,2948799,1546061,52.43
20,3263,VIKRAMSOLR,EQ,1232401,415412,33.71
20,3264,VIKRAN,EQ,987122,434768,44.04
20,3265,VILAS,SM,16000,12250,76.56
20,3266,VILINBIO,SM,56000,48000,85.71
20,3267,VIMTALABS,EQ,476672,141093,29.60
20,3268,VINATIORGA,EQ,26764,15148,56.60
20,3269,VINCOFE,EQ,5357803,1844454,34.43
20,3270,VINDHYATEL,EQ,166929,50836,30.45
20,3271,VINEETLAB,EQ,319286,261481,81.90
20,3272,VINNY,EQ,282917,278197,98.33
20,3273,VINSYS,ST,1250,1250,100.00
20,3274,VINYAS,SM,6200,4900,79.03
20,3275,VINYLINDIA,EQ,4470,3208,71.77
20,3276,VIPCLOTHNG,EQ,38056,36817,96.74
20,3277,VIPIND,EQ,324758,179754,55.35
20,3278,VIRAT,EQ,3974,2007,50.50
20,3279,VIRINCHI,EQ,69549,53028,76.25
20,3280,VIRTUALG,EQ,662628,576823,87.05
20,3281,VISACHROME,EQ,61321,47446,77.37
20,3282,VISAKAIND,EQ,350175,173625,49.58
20,3283,VISAMAN,SM,1000,1000,100.00
20,3284,VISDEM,SM,4800,4800,100.00
20,3285,VISHAL,EQ,26319,24602,93.48
20,3286,VISHNU,EQ,321563,155499,48.36
20,3287,VISHNUINFR,SM,5000,3500,70.00
20,3288,VISHWARAJ,EQ,342404,231386,67.58
20,3289,VISL,EQ,17252606,10075593,58.40
20,3290,VITAL,EQ,16548,15764,95.26
20,3291,VIVIDEL,SM,18480,12720,68.83
20,3292,VIVIDHA,EQ,207037,116783,56.41
20,3293,VIVO,ST,1600,1600,100.00
20,3294,VIVOBIOT,EQ,20797,15385,73.98
20,3295,VIYASH,EQ,6105032,3354422,54.95
20,3296,VLSFINANCE,EQ,5750,4168,72.49
20,3297,VMARCIND,SM,586500,253500,43.22
20,3298,VMART,EQ,70031,34265,48.93
20,3299,VMM,EQ,13963729,6011440,43.05
20,3300,VMOBILE,SM,6400,5600,87.50
20,3301,VMSTMT,EQ,88191,17719,20.09
20,3302,VOEPL,EQ,70808,31370,44.30
20,3303,VOGL,EQ,26408861,11144197,42.20
20,3304,VOITHPAPR,EQ,444,413,93.02
20,3305,VOLERCAR,SM,19200,14400,75.00
20,3306,VOLTAMP,EQ,34032,15915,46.76
20,3307,VOLTAS,EQ,288979,140498,48.62
20,3308,VPRPL,EQ,332465,160881,48.39
20,3309,VR,SM,400,400,100.00
20,3310,VRAJ,EQ,15905,9970,62.68
20,3311,VRLLOG,EQ,182492,108827,59.63
20,3312,VSSL,EQ,73449,44260,60.26
20,3313,VSTIND,EQ,102571,64021,62.42
20,3314,VSTL,EQ,13675,10395,76.01
20,3315,VSTTILLERS,EQ,17118,7542,44.06
20,3316,VTL,EQ,26383732,1552050,5.88
20,3317,VTMLTD,EQ,100555,86726,86.25
20,3318,WAAREEENER,EQ,305178,130644,42.81
20,3319,WAAREEINDO,EQ,78190,40019,51.18
20,3320,WAAREERTL,EQ,65192,33361,51.17
20,3321,WABAG,EQ,417528,169449,40.58
20,3322,WAKEFIT,EQ,1515330,553506,36.53
20,3323,WALCHANNAG,EQ,456644,209842,45.95
20,3324,WALPAR,SM,30000,28000,93.33
20,3325,WANBURY,EQ,102090,48545,47.55
20,3326,WARDINMOBI,EQ,310743,244300,78.62
20,3327,WATERBASE,EQ,9658,6508,67.38
20,3328,WCIL,EQ,55877,36852,65.95
20,3329,WEALTH,EQ,1027,880,85.69
20,3330,WEBELSOLAR,EQ,1910222,1088071,56.96
20,3331,WEIZMANIND,EQ,90,89,98.89
20,3332,WEL,EQ,8230670,3723495,45.24
20,3333,WELCORP,EQ,3607692,1076268,29.83
20,3334,WELENT,EQ,611674,286642,46.86
20,3335,WELSPLSOL,EQ,685725,300522,43.83
20,3336,WELSPUNLIV,EQ,5094353,1703806,33.44
20,3337,WENDT,EQ,4525,2804,61.97
20,3338,WESTLIFE,EQ,71248,26358,36.99
20,3339,WEWIN,EQ,1754,1746,99.54
20,3340,WEWORK,EQ,314155,181218,57.68
20,3341,WHBRADY,EQ,15,15,100.00
20,3342,WHEELS,EQ,101005,56187,55.63
20,3343,WHIRLPOOL,EQ,349162,172086,49.29
20,3344,WHITEFORCE,SM,4800,4800,100.00
20,3345,WILLAMAGOR,EQ,1456,1263,86.74
20,3346,WINDLAS,EQ,45866,24412,53.22
20,3347,WINDMACHIN,EQ,46819,24885,53.15
20,3348,WINSOL,SM,4000,3200,80.00
20,3349,WIPL,EQ,363,206,56.75
20,3350,WIPRO,EQ,6813425,2875650,42.21
20,3351,WOCKPHARMA,EQ,507087,257493,50.78
20,3352,WOL3D,SM,15000,14000,93.33
20,3353,WOMANCART,ST,30800,26400,85.71
20,3354,WONDERLA,EQ,47864,27955,58.41
20,3355,WORTHPERI,EQ,4654,2183,46.91
20,3356,WPIL,EQ,16178,9475,58.57
20,3357,WSI,EQ,11186,7127,63.71
20,3358,WSTCSTPAPR,EQ,531616,255918,48.14
20,3359,WTICAB,SM,19000,13500,71.05
20,3360,XCHANGING,EQ,34232,24548,71.71
20,3361,XELPMOC,EQ,5140,3592,69.88
20,3362,XPROINDIA,EQ,32069,17136,53.43
20,3363,XTGLOBAL,EQ,63291,16016,25.31
20,3364,XTRANET,EQ,924415,270666,29.28
20,3365,YAAP,SM,18000,11000,61.11
20,3366,YASHO,EQ,17171,7197,41.91
20,3367,YASHOPTICS,SM,14400,13600,94.44
20,3368,YATHARTH,EQ,373081,167951,45.02
20,3369,YATRA,EQ,6077899,1954979,32.17
20,3370,YESBANK,EQ,63872649,31191445,48.83
20,3371,YOGI,EQ,819,814,99.39
20,3372,YUDIZ,SM,4000,4000,100.00
20,3373,YUKEN,EQ,9346,5706,61.05
20,3374,ZAGGLE,EQ,793985,286494,36.08
20,3375,ZEAL,SM,600,600,100.00
20,3376,ZEEL,EQ,34196527,6543802,19.14
20,3377,ZEEMEDIA,EQ,2356630,1305029,55.38
20,3378,ZENITHDRUG,SM,11200,10400,92.86
20,3379,ZENITHEXPO,EQ,6,3,50.00
20,3380,ZENITHSTL,EQ,95165,70666,74.26
20,3381,ZENSARTECH,EQ,1122083,383892,34.21
20,3382,ZENTEC,EQ,334400,143230,42.83
20,3383,ZFCVINDIA,EQ,74180,32795,44.21
20,3384,ZFSTEERING,EQ,1771,1270,71.71
20,3385,ZIMLAB,EQ,48245,29357,60.85
20,3386,ZODIAC,EQ,8651,5582,64.52
20,3387,ZODIACLOTH,EQ,2074,1688,81.39
20,3388,ZOTA,EQ,54097,35276,65.21
20,3389,ZSARACOM,EQ,14,11,78.57
20,3390,ZTECH,SM,44700,36000,80.54
20,3391,ZUARI,EQ,100203,43180,43.09
20,3392,ZUARIIND,EQ,109252,61391,56.19
20,3393,ZYDUSLIFE,EQ,1070386,505124,47.19
20,3394,ZYDUSWELL,EQ,128038,63940,49.94
