Security Wise Delivery Position - Compulsory Rolling Settlement
10,MTO,03092026,1819883055,0003354
Trade Date <03-SEP-2026>,Settlement Type <N>
Record Type,Sr No,Name of Security,Quantity Traded,Deliverable Quantity(gross across client level),% of Deliverable Quantity to Traded Quantity
20,1,1003IIFL29,NC,40,10,25.00
20,2,1003ISFL28,N4,10,10,100.00
20,3,1015ECL29,NR,682,682,100.00
20,4,1015UCL27,NF,200,200,100.00
20,5,1018GS2026,GS,1187,1187,100.00
20,6,1025SCL34A,ZT,4,4,100.00
20,7,1050ISFL28,N5,5,5,100.00
20,8,1050UCL28,NH,1353,1353,100.00
20,9,1065NFL27,NC,250,250,100.00
20,10,1075WCA28,N0,10,10,100.00
20,11,10IIFL28,N4,272,272,100.00
20,12,10IIFL28A,NE,462,462,100.00
20,13,10IIFL29,N6,21,21,100.00
20,14,10ISFL26,N3,180,180,100.00
20,15,1119NFL27,ND,9,9,100.00
20,16,1150AFIL29,N0,1,1,100.00
20,17,115VCCL28,N0,6,6,100.00
20,18,1225DCCL27,N0,3,3,100.00
20,19,1225IFL27,N0,6,6,100.00
20,20,125VCCL31,N0,10,10,100.00
20,21,12AFIL27A,N0,2,2,100.00
20,22,12VCCL29B,N0,1,1,100.00
20,23,182D100926,TB,400,400,100.00
20,24,20MICRONS,EQ,179448,66414,37.01
20,25,21STCENMGM,EQ,6902,5557,80.51
20,26,360ONE,EQ,483291,194872,40.32
20,27,364D190327,TB,200,100,50.00
20,28,3BBLACKBIO,EQ,20142,11928,59.22
20,29,3MINDIA,EQ,1978,938,47.42
20,30,3PLAND,EQ,2151,1699,78.99
20,31,574GS2026,GS,100,100,100.00
20,32,5PAISA,EQ,18209,10738,58.97
20,33,601GS2030,GS,219,219,100.00
20,34,610GS2031,GS,500,500,100.00
20,35,620GS2029,GS,600,600,100.00
20,36,633GS2035,GS,196,195,99.49
20,37,636GS2031,GS,2001,2001,100.00
20,38,63MOONS,EQ,628941,220243,35.02
20,39,648GS2035,GS,100,100,100.00
20,40,654GS2032,GS,12599,12599,100.00
20,41,663ML31,SG,300,300,100.00
20,42,664GS2035,GS,200,100,50.00
20,43,667GS2035,GS,801,801,100.00
20,44,667GS2050,GS,100,100,100.00
20,45,668GS2033,GS,300,300,100.00
20,46,668GS2040,GS,31088,30888,99.36
20,47,676GS2061,GS,36758,36757,100.00
20,48,678MN31,SG,100,100,100.00
20,49,679GS2034A,GS,98,98,100.00
20,50,690GS2065,GS,48476,37788,77.95
20,51,694GS2036,GS,2299,1739,75.64
20,52,695GS2061,GS,57,57,100.00
20,53,699GS2051,GS,30,30,100.00
20,54,702GS2031,GS,1290,1290,100.00
20,55,706GS2028,GS,10051,10051,100.00
20,56,706GS2041,GS,500,500,100.00
20,57,709GS2054,GS,50533,50524,99.98
20,58,709GS2074,GS,4137,4137,100.00
20,59,710GS2029,GS,108689,108689,100.00
20,60,717GS2028,GS,2376,2376,100.00
20,61,717GS2030,GS,210,210,100.00
20,62,718GS2033,GS,100001,100001,100.00
20,63,718GS2037,GS,219000,217100,99.13
20,64,724GS2055,GS,22046,22021,99.89
20,65,725GS2063,GS,137294,135194,98.47
20,66,726GS2032,GS,17175,17175,100.00
20,67,728IRFC30,NG,2998,2998,100.00
20,68,733GS2026,GS,600,600,100.00
20,69,734GS2064,GS,111203,111203,100.00
20,70,735NHAI31,N9,3899,3888,99.72
20,71,735PY27,SG,100,100,100.00
20,72,736GS2052,GS,80,80,100.00
20,73,738GJ35A,SG,100,100,100.00
20,74,738GS2027,GS,8901,8901,100.00
20,75,738REC27TF,N2,35,35,100.00
20,76,73GS2053,GS,51700,51700,100.00
20,77,741GS2036,GS,10203,9299,91.14
20,78,743GS2076,GS,11231,11230,99.99
20,79,746GS2073,GS,4,2,50.00
20,80,74GS2062,GS,102,102,100.00
20,81,751HUDCO28,N5,20,20,100.00
20,82,753IRFC30,NJ,1,1,100.00
20,83,754GS2036,GS,265796,264035,99.34
20,84,755MH34,SG,200,200,100.00
20,85,757UP36,SG,100,100,100.00
20,86,75GS2034,GS,1,1,100.00
20,87,760PFCL35,N3,253,253,100.00
20,88,762NTPC35F,ND,355,312,87.89
20,89,762WB41,SG,900,900,100.00
20,90,764HUDCO31,N8,500,500,100.00
20,91,764IRFC31,NO,1010,1010,100.00
20,92,764NABAR31,N2,1443,1429,99.03
20,93,768KA37,SG,100,100,100.00
20,94,769HUDCO31,N9,905,905,100.00
20,95,769NHAI31,NE,1348,1348,100.00
20,96,76NHAI31,NA,948,939,99.05
20,97,771GS2066,GS,36718,36615,99.72
20,98,772GS2055,GS,9,9,100.00
20,99,774IREDA31,N7,558,558,100.00
20,100,777HP49,SG,1600,1500,93.75
20,101,77MH33A,SG,500,500,100.00
20,102,791MH39,SG,100,100,100.00
20,103,795GS2032,GS,2000,2000,100.00
20,104,79NHIT35,N1,55,54,98.18
20,105,79NHIT40,N2,110,110,100.00
20,106,7PFCL31,N3,10,10,100.00
20,107,807AP51,SG,100,100,100.00
20,108,810IRFC27,N2,113,113,100.00
20,109,812REC27,NI,200,200,100.00
20,110,81ABCL33,N4,6,6,100.00
20,111,820IIFL27,N9,1400,1400,100.00
20,112,82HUDCO27,N2,66,66,100.00
20,113,82IGT31,NJ,561,561,100.00
20,114,830NHAI27,N2,290,277,95.52
20,115,832GS2032,GS,3,1,33.33
20,116,835SCL23B,YM,30,15,50.00
20,117,83GS2042,GS,217,217,100.00
20,118,843IHFL29,NC,1,1,100.00
20,119,852IIFL29,Y5,400,400,100.00
20,120,860AEL28,NH,156,156,100.00
20,121,862AEL31,NM,20,20,100.00
20,122,863IRFC29,NC,4,4,100.00
20,123,865IIFL28,NS,351,351,100.00
20,124,865IIFL31,Y6,931,881,94.63
20,125,865IRFC29,NA,477,477,100.00
20,126,865SCL26,N8,123,123,100.00
20,127,865SCL27,N4,13,13,100.00
20,128,865TCAPS27,N8,85,85,100.00
20,129,870IIFL28,Y7,10,10,100.00
20,130,871REC28,N9,206,206,100.00
20,131,875AEL29,NK,87,87,100.00
20,132,875NHAI29,N6,2169,1824,84.09
20,133,876HUDCO28,ND,1767,1000,56.59
20,134,87HMDA34,N0,15,15,100.00
20,135,880IREDA29,N5,17,17,100.00
20,136,883GS2041,GS,151,151,100.00
20,137,885SCL26,N9,10,10,100.00
20,138,885TCAPS29,NC,5,5,100.00
20,139,886REC34,NG,981,980,99.90
20,140,888ECL28,N1,5,5,100.00
20,141,888IRFC29,NE,430,430,100.00
20,142,888REC29,NF,1250,1000,80.00
20,143,888SCL25E,N4,34,21,61.76
20,144,890AEL31,NN,1543,1366,88.53
20,145,891NTPC33,N6,622,622,100.00
20,146,897GS2030,GS,1507,1507,100.00
20,147,8ABCL26,N2,50,50,100.00
20,148,901HUDCO34,NE,22,22,100.00
20,149,901NHB34,N6,151,137,90.73
20,150,902SCL28,N1,75,75,100.00
20,151,903SFL28,YI,9,9,100.00
20,152,915AEL28,NC,19,19,100.00
20,153,915APSBC30,N0,10,10,100.00
20,154,915SCL26,NE,590,590,100.00
20,155,91D011026,TB,300,300,100.00
20,156,91MOFSL27,N2,300,300,100.00
20,157,925ECL28,N2,242,242,100.00
20,158,925ISF28,N0,5,5,100.00
20,159,925ISF29,N0,20,20,100.00
20,160,92GS2030,GS,16495,16495,100.00
20,161,930AEL30,NF,985,868,88.12
20,162,930APMD29,N0,1,1,100.00
20,163,930APMD30,N0,23,23,100.00
20,164,930APMD32,N0,6,6,100.00
20,165,930SFL28,YP,10,10,100.00
20,166,935PFL33,N3,9,9,100.00
20,167,935TSIIC28,N0,1,1,100.00
20,168,93MOFSL34,N6,26,26,100.00
20,169,943ECL28,NJ,390,390,100.00
20,170,945SCL32,NL,32,32,100.00
20,171,948SCL27A,ZJ,41,41,100.00
20,172,948SCL27D,N1,1,1,100.00
20,173,948SCL28,N1,2500,2500,100.00
20,174,94SFL28,YL,200,200,100.00
20,175,950ISF27C,N0,19,19,100.00
20,176,957IIFLS27,NA,10,10,100.00
20,177,965AEL27,N4,666,666,100.00
20,178,965ISF28,N0,1,1,100.00
20,179,96IIFL28,N5,104,102,98.08
20,180,96IIFL28A,NF,110,110,100.00
20,181,970CAGL28,ND,53,53,100.00
20,182,971SCL30,N1,16,16,100.00
20,183,975BNAL28,N0,3,3,100.00
20,184,97MOFSL34,N7,81,81,100.00
20,185,985ECL28,NK,510,377,73.92
20,186,985SFIL28,NO,36,36,100.00
20,187,990SCL26B,Y7,50,50,100.00
20,188,99AEL29,N7,55,55,100.00
20,189,9AEL30,NE,300,300,100.00
20,190,9PCPL28A,N0,12,11,91.67
20,191,9PFL31A,NA,100,100,100.00
20,192,9SCL26BA,NA,5,5,100.00
20,193,A2ZINFRA,EQ,336137,213672,63.57
20,194,AAATECH,EQ,2783,2204,79.20
20,195,AADHARHFC,EQ,273006,187917,68.83
20,196,AAKAAR,SM,1600,1600,100.00
20,197,AAKASH,EQ,90898,70973,78.08
20,198,AARADHYA,SM,16800,14400,85.71
20,199,AAREYDRUGS,EQ,146325,100885,68.95
20,200,AARON,EQ,13550,10415,76.86
20,201,AARTIDRUGS,EQ,379789,175349,46.17
20,202,AARTIIND,EQ,529276,229132,43.29
20,203,AARTIPHARM,EQ,378950,138831,36.64
20,204,AARVI,EQ,8501,6458,75.97
20,205,AASTHA,EQ,540815,360857,66.72
20,206,AAVAS,EQ,230500,143483,62.25
20,207,ABANSENT,EQ,5425,5375,99.08
20,208,ABB,EQ,153649,97678,63.57
20,209,ABBOTINDIA,EQ,3151,1794,56.93
20,210,ABCAPITAL,EQ,1903527,939943,49.38
20,211,ABCL26,N3,85,85,100.00
20,212,ABCOTS,EQ,1315,634,48.21
20,213,ABDL,EQ,127184,49799,39.16
20,214,ABFRL,EQ,3271761,1812474,55.40
20,215,ABGSEC,EQ,58,57,98.28
20,216,ABH,ST,8400,8400,100.00
20,217,ABHAPOWER,SM,8000,8000,100.00
20,218,ABLBL,EQ,615778,344527,55.95
20,219,ABMKNO,EQ,295,228,77.29
20,220,ABREL,EQ,242377,95347,39.34
20,221,ABSL10BANK,EQ,573,525,91.62
20,222,ABSLAMC,EQ,201804,127135,63.00
20,223,ABSLBANETF,EQ,55244,46823,84.76
20,224,ABSLLIQUID,EQ,6503,2746,42.23
20,225,ABSLMSCIN,EQ,297,246,82.83
20,226,ABSLNN50ET,EQ,6251,3231,51.69
20,227,ABSLPSE,EQ,75639,39678,52.46
20,228,ABSMARINE,SM,130500,99000,75.86
20,229,ACC,EQ,93466,51473,55.07
20,230,ACCELYA,EQ,4291,2936,68.42
20,231,ACCENTMIC,SM,23000,18500,80.43
20,232,ACCPL,ST,7200,7200,100.00
20,233,ACE,EQ,330531,139807,42.30
20,234,ACEINTEG,EQ,1304,936,71.78
20,235,ACGL,EQ,309,207,66.99
20,236,ACI,EQ,666712,373979,56.09
20,237,ACL,EQ,11113,7902,71.11
20,238,ACMESOLAR,EQ,854705,396127,46.35
20,239,ACUTAAS,EQ,211905,134035,63.25
20,240,ADANIENSOL,EQ,1939729,892178,45.99
20,241,ADANIENT,EQ,816124,338146,41.43
20,242,ADANIGREEN,EQ,1133280,401139,35.40
20,243,ADANIPORTS,EQ,3370497,1688038,50.08
20,244,ADANIPOWER,EQ,17538881,5574310,31.78
20,245,ADDICTIVE,SM,34000,33000,97.06
20,246,ADDIND,EQ,2206,2116,95.92
20,247,ADFFOODS,EQ,59722,33159,55.52
20,248,ADISOFT,SM,44800,29600,66.07
20,249,ADL,EQ,776,753,97.04
20,250,ADOR,EQ,22575,12827,56.82
20,251,ADROITINFO,EQ,10043,6268,62.41
20,252,ADSL,EQ,77592,38281,49.34
20,253,ADVAIT,EQ,56826,29883,52.59
20,254,ADVANCE,EQ,99888,55779,55.84
20,255,ADVANIHOTR,EQ,22473,15749,70.08
20,256,ADVENTHTL,EQ,86090,48133,55.91
20,257,ADVENZYMES,EQ,118836,64303,54.11
20,258,ADVIKCA,EQ,325275,257348,79.12
20,259,AEGISLOG,EQ,754823,361357,47.87
20,260,AEGISVOPAK,EQ,1926863,636392,33.03
20,261,AEL120126,NL,114,114,100.00
20,262,AEL120924A,N5,210,210,100.00
20,263,AEL170725,ND,1,1,100.00
20,264,AEPL,EQ,268429,144504,53.83
20,265,AEQUS,EQ,5020432,2028217,40.40
20,266,AEROENTER,EQ,671011,319060,47.55
20,267,AEROFLEX,EQ,731290,288886,39.50
20,268,AERON,SM,60000,59000,98.33
20,269,AERONEU,EQ,38951,17973,46.14
20,270,AEROPLANE,EQ,633269,412277,65.10
20,271,AESTHETIK,SM,4000,2000,50.00
20,272,AETHER,EQ,137904,58309,42.28
20,273,AFCONS,EQ,973217,471737,48.47
20,274,AFFLE,EQ,1325612,942566,71.10
20,275,AFFORDABLE,EQ,12094,9648,79.78
20,276,AFIL,EQ,313894,233431,74.37
20,277,AFSL,EQ,3310,1968,59.46
20,278,AGARIND,EQ,41157,21394,51.98
20,279,AGARWALEYE,EQ,755505,354430,46.91
20,280,AGARWALFT,SM,25500,22500,88.24
20,281,AGARWALTUF,SM,16800,13200,78.57
20,282,AGI,EQ,149192,75281,50.46
20,283,AGIIL,EQ,901682,335700,37.23
20,284,AGL,EQ,1278727,784355,61.34
20,285,AGNI,SM,2500,2500,100.00
20,286,AGRITECH,EQ,2440,1269,52.01
20,287,AGROPHOS,EQ,33501,22873,68.28
20,288,AHCL,EQ,5112726,2004681,39.21
20,289,AHIMSA,ST,27000,27000,100.00
20,290,AHLADA,EQ,2175,1693,77.84
20,291,AHLEAST,EQ,7776,4266,54.86
20,292,AHLUCONT,EQ,58695,29915,50.97
20,293,AIAENG,EQ,121873,64365,52.81
20,294,AIIL,EQ,263000,122096,46.42
20,295,AILIMITED,SM,15000,15000,100.00
20,296,AIMTRON,SM,13400,8400,62.69
20,297,AIRAN,EQ,37237,26964,72.41
20,298,AIROLAM,EQ,495,327,66.06
20,299,AISL,SM,3000,2400,80.00
20,300,AJANTPHARM,EQ,42779,16921,39.55
20,301,AJAXENGG,EQ,50089,27893,55.69
20,302,AJMERA,EQ,355294,166467,46.85
20,303,AJOONI,EQ,109004,86704,79.54
20,304,AKANKSHA,SM,19000,16000,84.21
20,305,AKASH,EQ,2153,1588,73.76
20,306,AKCAPIT,EQ,182,126,69.23
20,307,AKG,EQ,23251,12473,53.65
20,308,AKI,EQ,1291990,1055657,81.71
20,309,AKIKO,SM,12000,11200,93.33
20,310,AKSHAR,EQ,550317,248633,45.18
20,311,AKUMS,EQ,335921,181987,54.18
20,312,ALANKIT,EQ,74600,62061,83.19
20,313,ALBERTDAVD,EQ,1783,1114,62.48
20,314,ALCODIS,SM,625,625,100.00
20,315,ALEMBICLTD,EQ,35036495,3411730,9.74
20,316,ALFREDHE,EQ,89,82,92.13
20,317,ALGOQUANT,EQ,984808,161578,16.41
20,318,ALICON,EQ,18575,13422,72.26
20,319,ALIVUS,EQ,79310,41343,52.13
20,320,ALKEM,EQ,95991,63501,66.15
20,321,ALKYLAMINE,EQ,51387,20247,39.40
20,322,ALLCARGO,EQ,16724646,5088772,30.43
20,323,ALLDIGI,EQ,4579,3152,68.84
20,324,ALLETEC,SM,39200,32000,81.63
20,325,ALLTIME,EQ,114574,61063,53.30
20,326,ALMONDZ,EQ,284483,216357,76.05
20,327,ALOKINDS,EQ,61782463,22189707,35.92
20,328,ALPA,EQ,5832,3104,53.22
20,329,ALPEXSOLAR,SM,37700,24700,65.52
20,330,ALPHA,EQ,690509,439095,63.59
20,331,ALPHAETF,EQ,234356,128749,54.94
20,332,ALPINETEX,EQ,1147753,328786,28.65
20,333,ALPL30IETF,EQ,310325,243061,78.32
20,334,ALUFLUOR,EQ,10453,9569,91.54
20,335,ALUWIND,SM,7500,7500,100.00
20,336,AMAGI,EQ,87295,28566,32.72
20,337,AMAL,EQ,2809,2000,71.20
20,338,AMARJOTHI,EQ,360,280,77.78
20,339,AMBAAUTO,SM,4000,4000,100.00
20,340,AMBER,EQ,95945,39978,41.67
20,341,AMBICAAGAR,EQ,75462,73496,97.39
20,342,AMBIKCO,EQ,5755,3861,67.09
20,343,AMBUJACEM,EQ,918055,584487,63.67
20,344,AMCL,SM,7200,6800,94.44
20,345,AMDIND,EQ,160048,76821,48.00
20,346,AMEYA,SM,6000,6000,100.00
20,347,AMIABLE,SM,4800,0,0.00
20,348,AMJLAND,EQ,9245,5396,58.37
20,349,AMNPLST,EQ,4307,3320,77.08
20,350,AMRUTANJAN,EQ,67870,51038,75.20
20,351,ANANDRATHI,EQ,130218,72746,55.86
20,352,ANANTAM,IV,16222,16222,100.00
20,353,ANANTRAJ,EQ,22186819,3334322,15.03
20,354,ANAWIL,SM,136000,92000,67.65
20,355,ANDHRAPAP,EQ,750331,442524,58.98
20,356,ANDHRSUGAR,EQ,1156631,367430,31.77
20,357,ANDREWYU,EQ,80346,55070,68.54
20,358,ANGELONE,EQ,4732927,2113158,44.65
20,359,ANIKINDS,EQ,9572,5499,57.45
20,360,ANLON,SM,4800,4800,100.00
20,361,ANMOL,EQ,23283,20204,86.78
20,362,ANNAPURNA,EQ,21152,14418,68.16
20,363,ANONDITA,SM,51200,44400,86.72
20,364,ANSALBU,EQ,925,676,73.08
20,365,ANTELOPUS,EQ,19196421,1246974,6.50
20,366,ANTGRAPHIC,EQ,91374,84337,92.30
20,367,ANTHEM,EQ,701484,374624,53.40
20,368,ANUHPHR,EQ,93225,55852,59.91
20,369,ANUP,EQ,16507,8473,51.33
20,370,ANURAS,EQ,82580,59064,71.52
20,371,ANYA,SM,20000,10000,50.00
20,372,ANZEN,IV,25000,25000,100.00
20,373,AONEGOLD,EQ,427830,216101,50.51
20,374,AONELIQUID,EQ,14549,7451,51.21
20,375,AONENIFTY,EQ,118021,94032,79.67
20,376,AONESILVER,EQ,268580,167960,62.54
20,377,AONETMMQ50,EQ,71292,56160,78.77
20,378,AONETOTAL,EQ,155842,69440,44.56
20,379,APARINDS,EQ,208669,83408,39.97
20,380,APCL,EQ,3882,3413,87.92
20,381,APCOTEXIND,EQ,349149,178153,51.02
20,382,APEX,EQ,224093,67489,30.12
20,383,APEXECO,ST,4800,4800,100.00
20,384,APLAPOLLO,EQ,1385174,782558,56.50
20,385,APLLTD,EQ,163761,86530,52.84
20,386,APOLLO,EQ,3215994,808054,25.13
20,387,APOLLOHOSP,EQ,241427,147488,61.09
20,388,APOLLOPIPE,EQ,162498,52712,32.44
20,389,APOLLOTYRE,EQ,197622,109184,55.25
20,390,APOLSINHOT,EQ,697,525,75.32
20,391,APRAMEYA,SM,8000,5500,68.75
20,392,APS,SM,13250,8250,62.26
20,393,APSISAERO,ST,2400,2400,100.00
20,394,APTUS,EQ,1420310,981791,69.13
20,395,AQYLON,EQ,1582720,712874,45.04
20,396,ARCHIDPLY,EQ,19078,16978,88.99
20,397,ARCHIES,EQ,9243,7055,76.33
20,398,ARCIIL,SM,7000,6000,85.71
20,399,ARCL,EQ,58,55,94.83
20,400,ARDEE,EQ,4822946,2344159,48.60
20,401,ARE&M,EQ,352946,178163,50.48
20,402,ARENTERP,EQ,635,580,91.34
20,403,ARFIN,EQ,1004336,173859,17.31
20,404,ARHAM,SM,99000,70000,70.71
20,405,ARIES,EQ,60328,28168,46.69
20,406,ARIHANT,EQ,2144,1148,53.54
20,407,ARIHANTACA,SM,3600,3200,88.89
20,408,ARIHANTCAP,EQ,163522,87197,53.32
20,409,ARIHANTSUP,EQ,30352,26311,86.69
20,410,ARIS,EQ,1628246,687653,42.23
20,411,ARKADE,EQ,374251,147729,39.47
20,412,ARMANFIN,EQ,21713,12754,58.74
20,413,ARMOUR,ST,6000,6000,100.00
20,414,AROGRANITE,EQ,2282,2217,97.15
20,415,ARSSBL,EQ,106069,61120,57.62
20,416,ARTEMISMED,EQ,95982,50751,52.88
20,417,ARTNIRMAN,EQ,396,253,63.89
20,418,ARUNAYA,SM,24000,12000,50.00
20,419,ARVEE,EQ,1083,598,55.22
20,420,ARVIND,EQ,455606,212172,46.57
20,421,ARVINDFASN,EQ,132745,55574,41.87
20,422,ARVINDPORT,SM,16500,15000,90.91
20,423,ARVSMART,EQ,23247,13462,57.91
20,424,ARYAMAN,EQ,532,526,98.87
20,425,ASAHIINDIA,EQ,118263,55077,46.57
20,426,ASAL,EQ,13566,6990,51.53
20,427,ASALCBR,EQ,22698,12278,54.09
20,428,ASHALOG,SM,36000,36000,100.00
20,429,ASHAPURMIN,EQ,284037,136370,48.01
20,430,ASHIANA,EQ,14643,8886,60.68
20,431,ASHIMASYN,EQ,34870,22997,65.95
20,432,ASHOKA,EQ,964821,295260,30.60
20,433,ASHOKAMET,EQ,13117,5501,41.94
20,434,ASHOKLEY,EQ,9119654,4453371,48.83
20,435,ASHWINI,SM,3000,3000,100.00
20,436,ASIANENE,EQ,855583,334825,39.13
20,437,ASIANHOTNR,EQ,23687,10316,43.55
20,438,ASIANPAINT,EQ,589499,341851,57.99
20,439,ASIANTILES,EQ,5861094,2778240,47.40
20,440,ASIANTNE,EQ,3167,2158,68.14
20,441,ASKAUTOLTD,EQ,205122,73164,35.67
20,442,ASPINWALL,EQ,4005,3308,82.60
20,443,ASPIRE,SM,68000,38000,55.88
20,444,ASSAMENT,EQ,1,1,100.00
20,445,ASTAR,EQ,23,14,60.87
20,446,ASTEC,EQ,10624,6357,59.84
20,447,ASTERDM,EQ,3077930,1940040,63.03
20,448,ASTRAL,EQ,640757,381907,59.60
20,449,ASTRAMICRO,EQ,162924,69682,42.77
20,450,ASTRAZEN,EQ,4139,2158,52.14
20,451,ATALREAL,EQ,9781101,3796730,38.82
20,452,ATAM,EQ,5818,3462,59.50
20,453,ATCENERGY,ST,1200,1200,100.00
20,454,ATGL,EQ,486903,199830,41.04
20,455,ATHERENERG,EQ,4163125,994515,23.89
20,456,ATL,EQ,163316,85975,52.64
20,457,ATLANTAA,EQ,27112,15514,57.22
20,458,ATLANTAELE,EQ,253182,105427,41.64
20,459,ATLASCYCLE,EQ,2994,1812,60.52
20,460,ATLPP,E1,2102,2102,100.00
20,461,ATMASTCO,SM,17200,11200,65.12
20,462,ATUL,EQ,54621,27096,49.61
20,463,ATULAUTO,EQ,161354,88279,54.71
20,464,AUBANK,EQ,506657,254519,50.23
20,465,AUGMONT,EQ,3652464,811140,22.21
20,466,AURIONPRO,EQ,170083,97682,57.43
20,467,AUROIMPEX,SM,14400,14400,100.00
20,468,AUROPHARMA,EQ,920206,465348,50.57
20,469,AURUM,EQ,45123,22431,49.71
20,470,AURUS,EQ,8380,6340,75.66
20,471,AUSL,SM,22000,22000,100.00
20,472,AUSOMENT,EQ,15371,11212,72.94
20,473,AUSTENG,EQ,263,233,88.59
20,474,AUTOAXLES,EQ,4117,1762,42.80
20,475,AUTOBEES,EQ,147286,83505,56.70
20,476,AUTOIETF,EQ,698330,425932,60.99
20,477,AUTOIND,EQ,1837130,398929,21.71
20,478,AVADHSUGAR,EQ,152917,53531,35.01
20,479,AVALON,EQ,462178,154980,33.53
20,480,AVANA,ST,14000,12000,85.71
20,481,AVANCE,EQ,4293598,2880030,67.08
20,482,AVANTEL,EQ,469993,226393,48.17
20,483,AVANTIFEED,EQ,274215,104116,37.97
20,484,AVIANSH,SM,2000,2000,100.00
20,485,AVIENCE,SM,16800,11400,67.86
20,486,AVL,EQ,183361,84592,46.13
20,487,AVONMORE,EQ,262918,193754,73.69
20,488,AVPINFRA,SM,14400,10400,72.22
20,489,AVROIND,EQ,1477571,767890,51.97
20,490,AVTNPL,EQ,1865936,577863,30.97
20,491,AWFIS,EQ,157192,86938,55.31
20,492,AWHCL,EQ,39713,21802,54.90
20,493,AWL,EQ,1055619,457885,43.38
20,494,AXISBANK,EQ,3309215,1540922,46.56
20,495,AXISCADES,EQ,204487,118398,57.90
20,496,AXITA,EQ,1959553,524477,26.77
20,497,AXTEL,EQ,2503,1981,79.15
20,498,AYE,EQ,1898393,712913,37.55
20,499,AYMSYNTEX,EQ,177069,75694,42.75
20,500,AZAD,EQ,265346,105188,39.64
20,501,AZADIND,EQ,20933,3902,18.64
20,502,BABAFP,SM,20800,20800,100.00
20,503,BAGFILMS,EQ,82008,52137,63.58
20,504,BAGMANE,RR,565623,429250,75.89
20,505,BAHETI,SM,13125,6000,45.71
20,506,BAIDFIN,EQ,63798,48632,76.23
20,507,BAJAJ-AUTO,EQ,304296,158023,51.93
20,508,BAJAJCON,EQ,1590658,576216,36.23
20,509,BAJAJELEC,EQ,146224,72944,49.89
20,510,BAJAJFINSV,EQ,440070,233860,53.14
20,511,BAJAJHCARE,EQ,159404,77458,48.59
20,512,BAJAJHFL,EQ,2477489,1351205,54.54
20,513,BAJAJHIND,EQ,37086853,5385641,14.52
20,514,BAJAJHLDNG,EQ,114534,77601,67.75
20,515,BAJAJINDEF,EQ,10047,7258,72.24
20,516,BAJAJST,EQ,22260,17224,77.38
20,517,BAJEL,EQ,149050,62143,41.69
20,518,BAJFINANCE,EQ,6626755,4491697,67.78
20,519,BALAJEE,EQ,28150,23182,82.35
20,520,BALAJIPHOS,SM,31000,22000,70.97
20,521,BALAJITELE,EQ,48642,29461,60.57
20,522,BALAMINES,EQ,113802,31675,27.83
20,523,BALAXI,EQ,222864,159241,71.45
20,524,BALKRISHNA,EQ,24679,21466,86.98
20,525,BALKRISIND,EQ,435290,209850,48.21
20,526,BALMLAWRIE,EQ,78208,44794,57.28
20,527,BALPHARMA,EQ,55530,30184,54.36
20,528,BALRAMCHIN,EQ,8596034,964463,11.22
20,529,BALUFORGE,EQ,3284539,917875,27.95
20,530,BANARBEADS,EQ,1785,1320,73.95
20,531,BANARISUG,EQ,1510,496,32.85
20,532,BANCOINDIA,EQ,66260,28754,43.40
20,533,BANDHANBNK,EQ,6048725,1289539,21.32
20,534,BANG,EQ,52743,23968,45.44
20,535,BANK10ADD,EQ,12847,9123,71.01
20,536,BANK10BETF,EQ,222,222,100.00
20,537,BANKA,EQ,3118,2566,82.30
20,538,BANKADD,EQ,53619,11766,21.94
20,539,BANKBARODA,EQ,4789865,2469691,51.56
20,540,BANKBEES,EQ,612190,297381,48.58
20,541,BANKBETA,EQ,111827,80765,72.22
20,542,BANKBETF,EQ,7667,6151,80.23
20,543,BANKETF,EQ,16567,8521,51.43
20,544,BANKIETF,EQ,1641019,1452287,88.50
20,545,BANKINDIA,EQ,8139407,3447766,42.36
20,546,BANKNIFTY1,EQ,117333,82073,69.95
20,547,BANKPSU,EQ,17899,13173,73.60
20,548,BANSALWIRE,EQ,61033,39941,65.44
20,549,BANSWRAS,EQ,31789,22152,69.68
20,550,BARFLEX,SM,4000,4000,100.00
20,551,BASF,EQ,12087,6552,54.21
20,552,BASILIC,SM,10500,5400,51.43
20,553,BATAINDIA,EQ,88601,29120,32.87
20,554,BATLIBOI,EQ,65800,38311,58.22
20,555,BAWEJA,ST,6400,6400,100.00
20,556,BAYERCROP,EQ,19211,10741,55.91
20,557,BBETF0432,EQ,14956,14863,99.38
20,558,BBL,EQ,22074,15750,71.35
20,559,BBNPNBETF,EQ,2204,1538,69.78
20,560,BBNPPGOLD,EQ,126705,126131,99.55
20,561,BBOX,EQ,236720,98974,41.81
20,562,BBTC,EQ,54804,19535,35.65
20,563,BBTCL,EQ,6752,5093,75.43
20,564,BCG,EQ,2582976,1447006,56.02
20,565,BCLIND,EQ,304892,164179,53.85
20,566,BCONCEPTS,EQ,13611,10166,74.69
20,567,BCPL,EQ,5527,4011,72.57
20,568,BDL,EQ,600045,167719,27.95
20,569,BEACON,SM,15000,10000,66.67
20,570,BEARDSELL,EQ,11874,11064,93.18
20,571,BECTORFOOD,EQ,1222039,413735,33.86
20,572,BEDMUTHA,EQ,11259,9085,80.69
20,573,BEEKAY,EQ,2983,2651,88.87
20,574,BEL,EQ,7803527,3815156,48.89
20,575,BELLACASA,EQ,31365,25926,82.66
20,576,BELRISE,EQ,3416101,1575901,46.13
20,577,BEML,EQ,801498,280462,34.99
20,578,BENARAS,EQ,96,94,97.92
20,579,BENGALASM,EQ,2123,1618,76.21
20,580,BEPL,EQ,2284069,934148,40.90
20,581,BERGEPAINT,EQ,188441,84813,45.01
20,582,BESTAGRO,EQ,4461640,2024795,45.38
20,583,BETA,EQ,27003,14359,53.18
20,584,BEWLTD,SM,8500,6500,76.47
20,585,BFINVEST,EQ,195623,48989,25.04
20,586,BFSI,EQ,178176,141821,79.60
20,587,BFUTILITIE,EQ,4460017,296312,6.64
20,588,BHADORA,ST,18000,15600,86.67
20,589,BHAGCHEM,EQ,38601,22089,57.22
20,590,BHAGYANGR,EQ,83095,50049,60.23
20,591,BHANDARI,EQ,171835,150726,87.72
20,592,BHARATCOAL,EQ,3742097,1495256,39.96
20,593,BHARATFORG,EQ,1921003,1018020,52.99
20,594,BHARATRAS,EQ,33577,20516,61.10
20,595,BHARATSE,EQ,91773,39752,43.32
20,596,BHARATWIRE,EQ,114006,46247,40.57
20,597,BHARTIARTL,EQ,3700992,2578588,69.67
20,598,BHARTIHEXA,EQ,54312,24870,45.79
20,599,BHEL,EQ,5980404,2352268,39.33
20,600,BIGBLOC,EQ,29104,19547,67.16
20,601,BIKAJI,EQ,218603,129114,59.06
20,602,BIKEWO,ST,108000,92000,85.19
20,603,BIL,EQ,21553,14935,69.29
20,604,BIMETAL,EQ,392,359,91.58
20,605,BIOCON,EQ,1279896,760360,59.41
20,606,BIOFILCHEM,EQ,23209,20029,86.30
20,607,BIOPOL,SM,250800,175200,69.86
20,608,BIRET,RR,432726,386480,89.31
20,609,BIRLACORPN,EQ,28649,14836,51.79
20,610,BIRLAMONEY,EQ,14480,10235,70.68
20,611,BIRLANU,EQ,7403,4012,54.19
20,612,BIRLAPREC,EQ,984427,539613,54.81
20,613,BLACKBUCK,EQ,185027,85661,46.30
20,614,BLAL,EQ,32932,27677,84.04
20,615,BLBLIMITED,EQ,444496,321094,72.24
20,616,BLEL,EQ,1940745,289348,14.91
20,617,BLIL,EQ,91512,64279,70.24
20,618,BLKASHYAP,EQ,526293,312148,59.31
20,619,BLS,EQ,1230544,555701,45.16
20,620,BLSE,EQ,148227,95895,64.69
20,621,BLUECLOUDS,EQ,1111985,539129,48.48
20,622,BLUEDART,EQ,4042,1972,48.79
20,623,BLUEJET,EQ,186895,95298,50.99
20,624,BLUEPEBBLE,SM,6800,6400,94.12
20,625,BLUESTARCO,EQ,480553,210981,43.90
20,626,BLUESTONE,EQ,349670,88311,25.26
20,627,BLUEWATER,ST,10000,9000,90.00
20,628,BLUSPRING,EQ,673766,300156,44.55
20,629,BMETRICS,SM,5600,4000,71.43
20,630,BMLL,SM,73000,16000,21.92
20,631,BMWVENTLTD,EQ,26435,16389,62.00
20,632,BNAGROCHEM,EQ,15402,14143,91.83
20,633,BNKETFAXIS,EQ,6331,6300,99.51
20,634,BODALCHEM,EQ,10696354,2858973,26.73
20,635,BOHRAIND,EQ,2562,2259,88.17
20,636,BOMDYEING,EQ,512234,224272,43.78
20,637,BONLON,EQ,2507,1657,66.09
20,638,BORANA,EQ,24813,14053,56.64
20,639,BOROLTD,EQ,156355,62208,39.79
20,640,BORORENEW,EQ,348456,134210,38.52
20,641,BOROSCI,EQ,103124,52389,50.80
20,642,BOSCH-HCIL,EQ,87526,48222,55.09
20,643,BOSCHLTD,EQ,23197,9508,40.99
20,644,BOSS,SM,14000,14000,100.00
20,645,BPCL,EQ,4704414,2678808,56.94
20,646,BPL,EQ,56854,40945,72.02
20,647,BPLPHARMA,EQ,897,873,97.32
20,648,BRAHMINFRA,EQ,11052,7661,69.32
20,649,BRANDMAN,SM,32000,27200,85.00
20,650,BRIGADE,EQ,5390980,1357681,25.18
20,651,BRIGHOTEL,EQ,55314,32664,59.05
20,652,BRIGHTBR,EQ,2736,2490,91.01
20,653,BRITANNIA,EQ,225559,112996,50.10
20,654,BRNL,EQ,12834,8264,64.39
20,655,BSE,EQ,6036100,2920903,48.39
20,656,BSE500IETF,EQ,112026,69807,62.31
20,657,BSHSL,EQ,10598,8460,79.83
20,658,BSL,EQ,53035,10164,19.16
20,659,BSLGOLDETF,EQ,336861,169858,50.42
20,660,BSLNIFTY,EQ,1249902,800598,64.05
20,661,BSLSENETFG,EQ,5332,3420,64.14
20,662,BSOFT,EQ,633327,287052,45.32
20,663,BTML,EQ,406000,241452,59.47
20,664,BUILDPRO,EQ,22417,13627,60.79
20,665,BULKCORP,ST,109200,108000,98.90
20,666,BURNPUR,EQ,68591,49491,72.15
20,667,BUTTERFLY,EQ,12917,9434,73.04
20,668,BVCL,EQ,4724,3692,78.15
20,669,C2C,SM,77400,57600,74.42
20,670,CAGL27A,N6,5,5,100.00
20,671,CAMLINFINE,EQ,1859508,785913,42.26
20,672,CAMPUS,EQ,453448,249922,55.12
20,673,CAMS,EQ,1321035,759914,57.52
20,674,CANARYS,SM,80000,44000,55.00
20,675,CANBK,EQ,13360020,6015206,45.02
20,676,CANFINHOME,EQ,245608,152081,61.92
20,677,CANHLIFE,EQ,190371,107309,56.37
20,678,CANTABIL,EQ,54289,29643,54.60
20,679,CAPACITE,EQ,183326,120135,65.53
20,680,CAPILLARY,EQ,69647,42801,61.45
20,681,CAPINVIT,IV,237318,215613,90.85
20,682,CAPITALSFB,EQ,38166,32058,84.00
20,683,CAPLIPOINT,EQ,840705,245768,29.23
20,684,CARBORUNIV,EQ,73895,30196,40.86
20,685,CARERATING,EQ,25449,15505,60.93
20,686,CARRARO,EQ,42953,25030,58.27
20,687,CARTRADE,EQ,333812,114101,34.18
20,688,CARYSIL,EQ,58665,33784,57.59
20,689,CASHIETF,EQ,1134897,1034339,91.14
20,690,CASTROLIND,EQ,875113,567755,64.88
20,691,CBAZAAR,ST,8000,8000,100.00
20,692,CCAVENUE,EQ,13443200,8163705,60.73
20,693,CCCL,EQ,112121,80008,71.36
20,694,CCHHL,EQ,5408,4635,85.71
20,695,CCL,EQ,164624,80766,49.06
20,696,CDSL,EQ,921968,335127,36.35
20,697,CEATLTD,EQ,87197,44156,50.64
20,698,CEDAAR,ST,5000,4000,80.00
20,699,CEIGALL,EQ,2426828,603278,24.86
20,700,CEINSYS,EQ,82259,47886,58.21
20,701,CELEBRITY,EQ,13050,12807,98.14
20,702,CELLECOR,SM,30000,24000,80.00
20,703,CELLO,EQ,235746,130023,55.15
20,704,CELLPOINT,SM,3600,3600,100.00
20,705,CEMNTGROWW,EQ,89812,70147,78.10
20,706,CEMPRO,EQ,340226,174324,51.24
20,707,CENTENKA,EQ,1862847,185279,9.95
20,708,CENTEXT,EQ,446705,318080,71.21
20,709,CENTRALBK,EQ,8184463,4248620,51.91
20,710,CENTRUM,EQ,261942,172583,65.89
20,711,CENTUM,EQ,146069,54351,37.21
20,712,CENTURYPLY,EQ,21062,12457,59.14
20,713,CERA,EQ,2058,955,46.40
20,714,CESC,EQ,1323923,674758,50.97
20,715,CEWATER,EQ,76096,25984,34.15
20,716,CFEL,EQ,14389,13118,91.17
20,717,CGCL,EQ,13362145,3004974,22.49
20,718,CGPOWER,EQ,2285287,981836,42.96
20,719,CGRAPHICS,SM,14400,8800,61.11
20,720,CGVAK,EQ,1518,949,62.52
20,721,CHALET,EQ,44753,23457,52.41
20,722,CHAMBLFERT,EQ,933299,430200,46.09
20,723,CHAMUNDA,SM,3000,3000,100.00
20,724,CHANDAN,SM,22400,14400,64.29
20,725,CHAVDA,SM,7000,7000,100.00
20,726,CHEMBOND,EQ,26644,22943,86.11
20,727,CHEMCRUX,EQ,2775,2515,90.63
20,728,CHEMFAB,EQ,877,747,85.18
20,729,CHEMICAL,EQ,160050,101658,63.52
20,730,CHEMPLASTS,EQ,180682,88185,48.81
20,731,CHENNPETRO,EQ,1827672,442629,24.22
20,732,CHETANA,SM,9600,6400,66.67
20,733,CHEVIOT,EQ,550,472,85.82
20,734,CHOICEGOLD,EQ,4955,4119,83.13
20,735,CHOICEIN,EQ,231618,62796,27.11
20,736,CHOLAFIN,EQ,805773,472390,58.63
20,737,CHOLAHLDNG,EQ,91933,43171,46.96
20,738,CIEINDIA,EQ,322875,166065,51.43
20,739,CIFL,EQ,84302,74012,87.79
20,740,CINELINE,EQ,35398,29249,82.63
20,741,CINEVISTA,EQ,1135,1082,95.33
20,742,CIPLA,EQ,549749,291548,53.03
20,743,CITIUSINVT,IV,281625,273278,97.04
20,744,CKKRETAIL,SM,800,800,100.00
20,745,CLASSICEIL,SM,281600,246400,87.50
20,746,CLAYCRAFT,SM,18000,13200,73.33
20,747,CLEAN,EQ,582257,242088,41.58
20,748,CLEANMAX,EQ,703259,136612,19.43
20,749,CLSEL,EQ,93210,41343,44.35
20,750,CLSL,ST,38000,36000,94.74
20,751,CMLL,EQ,656637,380004,57.87
20,752,CMNL,SM,4500,3750,83.33
20,753,CMPDI,EQ,6449983,2102286,32.59
20,754,CMRGREEN,EQ,491856,222421,45.22
20,755,CMRSL,SM,9600,9600,100.00
20,756,CMSINFO,EQ,318805,189956,59.58
20,757,CNL,EQ,14325,8870,61.92
20,758,COALINDIA,EQ,15286175,5992352,39.20
20,759,COASTCORP,EQ,124412,89598,72.02
20,760,COCHINSHIP,EQ,465350,124924,26.85
20,761,COCKERILL,EQ,3086,1673,54.21
20,762,COFORGE,EQ,1898378,1074516,56.60
20,763,COHANCE,EQ,540229,306515,56.74
20,764,COLPAL,EQ,338701,201764,59.57
20,765,COMFINTE,EQ,153288,106984,69.79
20,766,COMMITTED,SM,10400,8000,76.92
20,767,COMMOIETF,EQ,38979,20736,53.20
20,768,COMPEAU,EQ,12987,9338,71.90
20,769,COMPUSOFT,EQ,46892,42626,90.90
20,770,COMSYN,EQ,64663,43865,67.84
20,771,CONCOR,EQ,495860,220491,44.47
20,772,CONCORDBIO,EQ,69958,33535,47.94
20,773,CONFIPET,EQ,7328054,3292761,44.93
20,774,CONNPLEX,SM,123200,91200,74.03
20,775,CONS,EQ,7022,6909,98.39
20,776,CONSUMAXIS,EQ,4376,4350,99.41
20,777,CONSUMBEES,EQ,78215,43526,55.65
20,778,CONSUMER,EQ,147858,115730,78.27
20,779,CONSUMIETF,EQ,2648,1765,66.65
20,780,CONTROLPR,EQ,20772,13403,64.52
20,781,COOLCAPS,ST,171250,165000,96.35
20,782,CORALFINAC,EQ,11902,6845,57.51
20,783,CORDELIA,EQ,635189,363349,57.20
20,784,CORDSCABLE,EQ,259816,124003,47.73
20,785,COROMANDEL,EQ,106307,63545,59.77
20,786,CORONA,EQ,23122,12348,53.40
20,787,COSMOFIRST,EQ,79402,41111,51.78
20,788,CPCAP,EQ,17059,12580,73.74
20,789,CPEDU,EQ,3530,3294,93.31
20,790,CPL,EQ,118923,8141,6.85
20,791,CPPLUS,EQ,167204,91835,54.92
20,792,CPS,SM,750,750,100.00
20,793,CPSEETF,EQ,853002,619378,72.61
20,794,CRAFTSMAN,EQ,35157,18040,51.31
20,795,CRAMC,EQ,292937,211833,72.31
20,796,CRAVATEX,EQ,37,25,67.57
20,797,CREATIVEYE,EQ,1136,771,67.87
20,798,CREDENT,SM,121200,82800,68.32
20,799,CREDITACC,EQ,236730,112791,47.65
20,800,CREST,EQ,5698,3924,68.87
20,801,CRISIL,EQ,37114,22099,59.54
20,802,CRIZAC,EQ,220265,117838,53.50
20,803,CROMPTON,EQ,1839272,857634,46.63
20,804,CROWN,EQ,18026,13069,72.50
20,805,CSBBANK,EQ,573086,379027,66.14
20,806,CSLFINANCE,EQ,28628,19625,68.55
20,807,CSM,EQ,52817,29083,55.06
20,808,CSSL,SM,30000,24000,80.00
20,809,CUB,EQ,2859810,1086100,37.98
20,810,CUBEINVIT,IV,520295,483423,92.91
20,811,CUBEXTUB,EQ,22051,9036,40.98
20,812,CUDML,SM,5000,5000,100.00
20,813,CUMMINSIND,EQ,180394,91512,50.73
20,814,CUPID,EQ,7090318,2768598,39.05
20,815,CURAA,EQ,295,135,45.76
20,816,CURIS,SM,39000,28000,71.79
20,817,CYBERMEDIA,EQ,323193,240816,74.51
20,818,CYIENT,EQ,370710,115505,31.16
20,819,CYIENTDLM,EQ,360250,149759,41.57
20,820,DABUR,EQ,2062074,1245080,60.38
20,821,DAICHI,EQ,27561,22161,80.41
20,822,DALBHARAT,EQ,53528,25395,47.44
20,823,DALMIASUG,EQ,240047,65058,27.10
20,824,DAMCAPITAL,EQ,182008,74475,40.92
20,825,DANGEE,EQ,142664,85596,60.00
20,826,DANISH,SM,39000,24750,63.46
20,827,DATAMATICS,EQ,140943,39965,28.36
20,828,DATAPATTNS,EQ,451510,96280,21.32
20,829,DAVANGERE,EQ,7138915,6273921,87.88
20,830,DBCORP,EQ,91897,56230,61.19
20,831,DBL,EQ,50108,25719,51.33
20,832,DBOL,EQ,416415,165416,39.72
20,833,DBREALTY,EQ,759130,462876,60.97
20,834,DCAL,EQ,137643,59045,42.90
20,835,DCBBANK,EQ,2828120,1371745,48.50
20,836,DCG,SM,69600,54000,77.59
20,837,DCI,EQ,45235,16635,36.77
20,838,DCMFINSERV,EQ,21873,19031,87.01
20,839,DCMNVL,EQ,12770,10435,81.71
20,840,DCMSHRIRAM,EQ,102771,55513,54.02
20,841,DCMSIL,EQ,74767,50238,67.19
20,842,DCMSRIND,EQ,239232,119138,49.80
20,843,DCW,EQ,2373414,789900,33.28
20,844,DCXINDIA,EQ,449946,213230,47.39
20,845,DDEVPLSTIK,EQ,54757,37001,67.57
20,846,DECCANCE,EQ,8957,6674,74.51
20,847,DECCANTRAN,SM,122400,118800,97.06
20,848,DECNGOLD,EQ,1232250,670595,54.42
20,849,DEEDEV,EQ,181285,96238,53.09
20,850,DEEM,ST,4000,3000,75.00
20,851,DEEP,EQ,2319,1623,69.99
20,852,DEEPAKFERT,EQ,816334,307287,37.64
20,853,DEEPAKNTR,EQ,225803,124022,54.92
20,854,DEEPINDS,EQ,1577916,676832,42.89
20,855,DEFENCE,EQ,219461,159656,72.75
20,856,DELAPLEX,SM,6600,6000,90.91
20,857,DELHIVERY,EQ,2530860,1483735,58.63
20,858,DELTACORP,EQ,680701,386176,56.73
20,859,DELTAMAGNT,EQ,2575,2132,82.80
20,860,DELTIC,SM,9000,9000,100.00
20,861,DEN,EQ,162537,109075,67.11
20,862,DENEERS,SM,9600,6600,68.75
20,863,DENORA,EQ,2029,1719,84.72
20,864,DENTA,EQ,65093,34238,52.60
20,865,DENTALKART,SM,750,750,100.00
20,866,DEVIT,EQ,16846,14302,84.90
20,867,DEVX,EQ,311584,246658,79.16
20,868,DEVYANI,EQ,1003158,406509,40.52
20,869,DGCONTENT,EQ,29382,17817,60.64
20,870,DHAMPURSUG,EQ,996614,312452,31.35
20,871,DHANBANK,EQ,524601,243580,46.43
20,872,DHANSA,SM,2000,2000,100.00
20,873,DHANUKA,EQ,24589,13603,55.32
20,874,DHARARAIL,ST,7000,7000,100.00
20,875,DHARIWAL,SM,54000,54000,100.00
20,876,DHARMAJ,EQ,24316,15668,64.43
20,877,DHATRE,EQ,30291,20177,66.61
20,878,DHOOTTRANS,EQ,3630631,763624,21.03
20,879,DHRUV,EQ,3929,3334,84.86
20,880,DHUNINV,EQ,733,515,70.26
20,881,DIAMINESQ,EQ,1720,1232,71.63
20,882,DIAMONDYD,EQ,22884,18537,81.00
20,883,DICIND,EQ,1685,1134,67.30
20,884,DIFFNKG,EQ,163564,70951,43.38
20,885,DIGIDRIVE,EQ,5889,4905,83.29
20,886,DIGIKORE,SM,32400,22800,70.37
20,887,DIGISPICE,EQ,42290,33869,80.09
20,888,DIGITIDE,EQ,126363,64111,50.74
20,889,DIGJAMLMTD,EQ,3972,3678,92.60
20,890,DISAQ,EQ,95,57,60.00
20,891,DISHTV,EQ,1071320,933763,87.16
20,892,DIVGIITTS,EQ,180476,85075,47.14
20,893,DIVIDEND,EQ,1577,1576,99.94
20,894,DIVINEHIRA,ST,12000,8400,70.00
20,895,DIVISLAB,EQ,497269,331449,66.65
20,896,DIVOPPBEES,EQ,49896,20424,40.93
20,897,DIVYADHAN,ST,4000,4000,100.00
20,898,DIXON,EQ,259362,106865,41.20
20,899,DJML,EQ,180069,40588,22.54
20,900,DLF,EQ,3400599,1691747,49.75
20,901,DLINKINDIA,EQ,100221,57288,57.16
20,902,DMART,EQ,186192,100808,54.14
20,903,DMCC,EQ,60702,31866,52.50
20,904,DNAMEDIA,EQ,36858,26919,73.03
20,905,DODLA,EQ,17534,9834,56.09
20,906,DOLATALGO,EQ,160330,112518,70.18
20,907,DOLLAR,EQ,58091,34932,60.13
20,908,DOLLEX,SM,20000,20000,100.00
20,909,DOLPHIN,EQ,49332,24639,49.95
20,910,DOMS,EQ,25864,12550,48.52
20,911,DONEAR,EQ,59608,34658,58.14
20,912,DPABHUSHAN,EQ,23548,13121,55.72
20,913,DPEL,SM,15000,10000,66.67
20,914,DRAGARWQ,EQ,1168,627,53.68
20,915,DRCSYSTEMS,EQ,56410,33326,59.08
20,916,DREAMFOLKS,EQ,33909,19766,58.29
20,917,DREDGECORP,EQ,65497,28888,44.11
20,918,DRONE,SM,30500,24500,80.33
20,919,DRREDDY,EQ,338274,184803,54.63
20,920,DSSL,EQ,40668,31500,77.46
20,921,DUCOL,SM,43200,43200,100.00
20,922,DUCON,EQ,1623096,1198715,73.85
20,923,DUGLOBAL,SM,15000,15000,100.00
20,924,DURLAX,SM,92000,68000,73.91
20,925,DVL,EQ,15949,10779,67.58
20,926,DWARKESH,EQ,3696590,660661,17.87
20,927,DYCL,EQ,711940,221982,31.18
20,928,DYNAMATECH,EQ,10815,3782,34.97
20,929,DYNAMIC,ST,20500,20000,97.56
20,930,DYNPRO,EQ,56324,49370,87.65
20,931,E2ERAIL,SM,273600,80000,29.24
20,932,EASEMYTRIP,EQ,8428899,4506527,53.47
20,933,EASTWEST,EQ,67138,51679,76.97
20,934,EBANK10,EQ,316,316,100.00
20,935,EBANKNIFTY,EQ,5790,4358,75.27
20,936,EBBETF0430,EQ,3888,3360,86.42
20,937,EBBETF0431,EQ,2487,1738,69.88
20,938,EBBETF0433,EQ,3294,2487,75.50
20,939,EBGNG,EQ,1022172,430068,42.07
20,940,ECAPINSURE,EQ,61190,23941,39.13
20,941,ECLERX,EQ,265250,94167,35.50
20,942,ECOLINE,ST,21000,20000,95.24
20,943,ECORECO,EQ,5421,3424,63.16
20,944,ECOSMOBLTY,EQ,111472,78322,70.26
20,945,EDELWEISS,EQ,14107589,5296836,37.55
20,946,EEPL,ST,8000,7000,87.50
20,947,EFACTOR,SM,1200,1200,100.00
20,948,EFCIL,EQ,266046,149844,56.32
20,949,EFFWA,ST,25600,25600,100.00
20,950,EFORCE,SM,43200,34800,80.56
20,951,EGOLD,EQ,111548,97634,87.53
20,952,EICHERMOT,EQ,437245,243999,55.80
20,953,EIDPARRY,EQ,856235,383791,44.82
20,954,EIEL,EQ,360610,147061,40.78
20,955,EIHAHOTELS,EQ,6048,3956,65.41
20,956,EIHOTEL,EQ,350687,266312,75.94
20,957,EIMCOELECO,EQ,88925,43893,49.36
20,958,EKC,EQ,91370,41434,45.35
20,959,EKI,EQ,12977,9385,72.32
20,960,ELANTAS,EQ,2816,1382,49.08
20,961,ELCIDIN,EQ,4,4,100.00
20,962,ELDEHSG,EQ,681,591,86.78
20,963,ELECON,EQ,7394075,680034,9.20
20,964,ELECTCAST,EQ,3252794,1477085,45.41
20,965,ELECTHERM,EQ,9319,7686,82.48
20,966,ELGIEQUIP,EQ,564479,247236,43.80
20,967,ELGIRUBCO,EQ,31696,20392,64.34
20,968,ELGNZ,SM,87000,57000,65.52
20,969,ELIN,EQ,57109,35312,61.83
20,970,ELIQUID,EQ,78143,62121,79.50
20,971,ELITECON,EQ,616110,616110,100.00
20,972,ELLEN,EQ,468330,246629,52.66
20,973,ELM250,EQ,633105,622905,98.39
20,974,ELMDIV,EQ,1092,1086,99.45
20,975,ELPROINTL,EQ,57329,53148,92.71
20,976,EMAMILTD,EQ,996480,569954,57.20
20,977,EMAMIREAL,EQ,17524,15895,90.70
20,978,EMAPARTNER,SM,1000,1000,100.00
20,979,EMBASSY,RR,967048,757132,78.29
20,980,EMBDL,EQ,1578978,831273,52.65
20,981,EMCURE,EQ,91447,61462,67.21
20,982,EMETAL,EQ,19954,12060,60.44
20,983,EMIL,EQ,1306494,621533,47.57
20,984,EMKAY,EQ,14690,9623,65.51
20,985,EMKAYTOOLS,SM,1350,1050,77.78
20,986,EMMIL,SM,4000,4000,100.00
20,987,EMMVEE,EQ,594482,277174,46.62
20,988,EMPIND,EQ,4838,3606,74.53
20,989,EMPOWER,EQ,4402278,4402278,100.00
20,990,EMSLIMITED,EQ,356431,99867,28.02
20,991,EMUDHRA,EQ,72575,28203,38.86
20,992,EMULTIMQ,EQ,22144,20534,92.73
20,993,ENCOMPAS,SM,3600,2400,66.67
20,994,ENDURANCE,EQ,98905,67193,67.94
20,995,ENERGY,EQ,690388,243051,35.20
20,996,ENERGYAXIS,EQ,26272,14628,55.68
20,997,ENERGYDEV,EQ,22297,17726,79.50
20,998,ENEXT50,EQ,404,404,100.00
20,999,ENFUSE,SM,3600,1800,50.00
20,1000,ENGINERSIN,EQ,7395677,2228601,30.13
20,1001,ENIFTY,EQ,2291,1812,79.09
20,1002,ENIL,EQ,113077,68961,60.99
20,1003,ENKEIWHEL,EQ,3915,3562,90.98
20,1004,ENRIN,EQ,548283,252769,46.10
20,1005,ENSER,SM,55000,45000,81.82
20,1006,ENTERO,EQ,197997,90392,45.65
20,1007,ENVIRO,SM,7000,7000,100.00
20,1008,EPACK,EQ,465503,181057,38.89
20,1009,EPACKPEB,EQ,320754,117094,36.51
20,1010,EPIGRAL,EQ,39179,19417,49.56
20,1011,EPL,EQ,10298029,4830916,46.91
20,1012,EQUAL200,EQ,6066,4566,75.27
20,1013,EQUAL50,EQ,3224,2792,86.60
20,1014,EQUAL50ADD,EQ,19755,14733,74.58
20,1015,EQUITASBNK,EQ,1375803,795482,57.82
20,1016,ERIS,EQ,74397,17119,23.01
20,1017,ESABINDIA,EQ,3007,1554,51.68
20,1018,ESCONET,SM,114800,74400,64.81
20,1019,ESCORTS,EQ,56081,28675,51.13
20,1020,ESENSEX,EQ,1528,1295,84.75
20,1021,ESFL,SM,8280,5040,60.87
20,1022,ESG,EQ,2443,2417,98.94
20,1023,ESILVER,EQ,198942,150708,75.75
20,1024,ESPRIT,SM,16000,12800,80.00
20,1025,ESSARSHPNG,EQ,114629,84057,73.33
20,1026,ESSENTIA,EQ,3372468,1300453,38.56
20,1027,ESTER,EQ,48134,23707,49.25
20,1028,ETERNAL,EQ,15603719,8327065,53.37
20,1029,ETHOSLTD,EQ,15925,7741,48.61
20,1030,ETL,SM,300,150,50.00
20,1031,ETML,SM,10800,9600,88.89
20,1032,EUREKAFORB,EQ,106127,55130,51.95
20,1033,EUROBOND,EQ,8000,4789,59.86
20,1034,EUROPRATIK,EQ,188394,43814,23.26
20,1035,EVEREADY,EQ,44636,25906,58.04
20,1036,EVIETF,EQ,330379,218483,66.13
20,1037,EVINDIA,EQ,164631,100951,61.32
20,1038,EXCELINDUS,EQ,4086,2900,70.97
20,1039,EXCELLENT,ST,4800,4800,100.00
20,1040,EXCELSOFT,EQ,253179,144203,56.96
20,1041,EXICOM,EQ,940775,362898,38.57
20,1042,EXIDEIND,EQ,1330665,631773,47.48
20,1043,EXIMROUTES,SM,1600,1600,100.00
20,1044,EXPLEOSOL,EQ,54511,21095,38.70
20,1045,EXXARO,EQ,2472093,2430513,98.32
20,1046,FABTECH,EQ,93301,40651,43.57
20,1047,FACT,EQ,155180,46897,30.22
20,1048,FALCONTECH,SM,6000,4800,80.00
20,1049,FASCINATE,ST,7200,7200,100.00
20,1050,FAZE3Q,EQ,23417,15184,64.84
20,1051,FCL,EQ,7728913,3828179,49.53
20,1052,FCSSOFT,EQ,1337312,938174,70.15
20,1053,FDC,EQ,92294,56404,61.11
20,1054,FEDDERSHOL,EQ,729500,129295,17.72
20,1055,FEDERALBNK,EQ,6683672,2985149,44.66
20,1056,FEDFINA,EQ,643811,352013,54.68
20,1057,FELIX,SM,119000,86000,72.27
20,1058,FERMENTA,EQ,102491,47772,46.61
20,1059,FIBERWEB,EQ,14661,9138,62.33
20,1060,FIDEL,SM,5000,4000,80.00
20,1061,FIEMIND,EQ,52260,26504,50.72
20,1062,FILATEX,EQ,1567243,699863,44.66
20,1063,FILATFASH,EQ,15913721,7678300,48.25
20,1064,FINBUD,SM,13000,11000,84.62
20,1065,FINCABLES,EQ,1809176,411022,22.72
20,1066,FINEORG,EQ,15981,6665,41.71
20,1067,FINIETF,EQ,180178,99927,55.46
20,1068,FINKURVE,EQ,65810,32923,50.03
20,1069,FINOPB,EQ,134565,67753,50.35
20,1070,FINPIPE,EQ,338397,171842,50.78
20,1071,FIRSTCRY,EQ,14287238,1972017,13.80
20,1072,FISCHER,EQ,447981,229203,51.16
20,1073,FIVESTAR,EQ,461736,241095,52.21
20,1074,FLAIR,EQ,38078,17634,46.31
20,1075,FLEXIADD,EQ,60203,52085,86.52
20,1076,FLUOROCHEM,EQ,101082,46423,45.93
20,1077,FLYSBS,SM,63200,36200,57.28
20,1078,FMCGADD,EQ,32744,15235,46.53
20,1079,FMCGIETF,EQ,1316157,899762,68.36
20,1080,FMGOETZE,EQ,1679963,1030264,61.33
20,1081,FMNL,EQ,36240,20148,55.60
20,1082,FONEBOX,SM,1000,1000,100.00
20,1083,FOODSIN,EQ,241790,212734,87.98
20,1084,FORCAS,ST,11200,8000,71.43
20,1085,FORCEMOT,EQ,67963,27681,40.73
20,1086,FORGEAUTO,SM,4800,3600,75.00
20,1087,FORTIS,EQ,751728,455112,60.54
20,1088,FOSECOIND,EQ,13802,3966,28.73
20,1089,FRACTAL,EQ,171106,86321,50.45
20,1090,FREDUN,EQ,9559,5196,54.36
20,1091,FRESHARA,ST,56400,54000,95.74
20,1092,FROG,ST,37200,33200,89.25
20,1093,FRONTSP,EQ,15627,10452,66.88
20,1094,FSL,EQ,758826,269184,35.47
20,1095,FUSION,EQ,551845,374865,67.93
20,1096,FWSTC,SM,600,600,100.00
20,1097,GABRIEL,EQ,302147,149512,49.48
20,1098,GAEL,EQ,830501,385905,46.47
20,1099,GAIL,EQ,6327095,4540125,71.76
20,1100,GAJA,EQ,1287005,401701,31.21
20,1101,GAJANAND,SM,3000,3000,100.00
20,1102,GALAPREC,EQ,28284,13120,46.39
20,1103,GALAXYSURF,EQ,32204,15094,46.87
20,1104,GALLANTT,EQ,58030,27001,46.53
20,1105,GANDHAR,EQ,788620,347358,44.05
20,1106,GANDHITUBE,EQ,5689,4855,85.34
20,1107,GANECOS,EQ,51654,18419,35.66
20,1108,GANESHCP,EQ,151836,53800,35.43
20,1109,GANESHHOU,EQ,11309,6771,59.87
20,1110,GANESHIN,ST,58400,57600,98.63
20,1111,GANGABATH,SM,33000,15000,45.45
20,1112,GANGAFORGE,EQ,7489255,3943078,52.65
20,1113,GANGESSECU,EQ,2101,2001,95.24
20,1114,GARFIBRES,EQ,23548,11856,50.35
20,1115,GARUDA,EQ,1039892,629148,60.50
20,1116,GATEWAY,EQ,1077297,638308,59.25
20,1117,GAYAHWS,EQ,213064,189288,88.84
20,1118,GAYAPROJ,EQ,374215,274338,73.31
20,1119,GCHOTELS,ST,18000,13800,76.67
20,1120,GCSL,EQ,914248,343698,37.59
20,1121,GEEKAYWIRE,EQ,263603,183654,69.67
20,1122,GEMAROMA,EQ,82359,43978,53.40
20,1123,GENCON,EQ,268546,24578,9.15
20,1124,GENESYS,EQ,397999,155524,39.08
20,1125,GENUSPAPER,EQ,144783,89426,61.77
20,1126,GENUSPOWER,EQ,2425640,1004804,41.42
20,1127,GENXAI,SM,7200,4800,66.67
20,1128,GEOJITFSL,EQ,1016535,403171,39.66
20,1129,GESHIP,EQ,1290655,684623,53.04
20,1130,GFLLIMITED,EQ,74467,47873,64.29
20,1131,GGBL,SM,13200,10200,77.27
20,1132,GHCL,EQ,78070,45312,58.04
20,1133,GHCLTEXTIL,EQ,567501,307868,54.25
20,1134,GICHSGFIN,EQ,112085,68277,60.92
20,1135,GICL,EQ,130911,87509,66.85
20,1136,GICRE,EQ,2236265,1272977,56.92
20,1137,GILLANDERS,EQ,1466,899,61.32
20,1138,GILLETTE,EQ,6217,3459,55.64
20,1139,GILT10BETA,EQ,127,122,96.06
20,1140,GILT5BETA,EQ,10011,10011,100.00
20,1141,GILT5YBEES,EQ,161269,98402,61.02
20,1142,GIPCL,EQ,1048615,492749,46.99
20,1143,GIRIRAJ,SM,3500,3000,85.71
20,1144,GJL,ST,8800,8000,90.91
20,1145,GKENERGY,EQ,309085,170561,55.18
20,1146,GKSL,EQ,904734,290001,32.05
20,1147,GKWLIMITED,EQ,597,528,88.44
20,1148,GLAND,EQ,189288,114961,60.73
20,1149,GLAXO,EQ,56012,32434,57.91
20,1150,GLENMARK,EQ,481343,276270,57.40
20,1151,GLFL,EQ,3188,1820,57.09
20,1152,GLOBAL,EQ,229487,122712,53.47
20,1153,GLOBALE,EQ,1230,1222,99.35
20,1154,GLOBALPET,ST,15750,15750,100.00
20,1155,GLOBALVECT,EQ,6870,4410,64.19
20,1156,GLOBE,EQ,258785,165546,63.97
20,1157,GLOBECIVIL,EQ,128668,75173,58.42
20,1158,GLOBUSSPR,EQ,61603,32969,53.52
20,1159,GLOSTERLTD,EQ,619,369,59.61
20,1160,GLOTTIS,EQ,26699,20542,76.94
20,1161,GMBREW,EQ,59999,26503,44.17
20,1162,GMDCLTD,EQ,594866,210940,35.46
20,1163,GMMPFAUDLR,EQ,116085,63029,54.30
20,1164,GMRAIRPORT,EQ,11291487,6256924,55.41
20,1165,GMRP&UI,EQ,1158458,656963,56.71
20,1166,GNA,EQ,162647,73558,45.23
20,1167,GNFC,EQ,1022854,507137,49.58
20,1168,GNRL,EQ,148024,93517,63.18
20,1169,GOACARBON,EQ,14664,8312,56.68
20,1170,GOCLCORP,EQ,6030677,448582,7.44
20,1171,GOCOLORS,EQ,47155,20236,42.91
20,1172,GODAVARIB,EQ,182077,83669,45.95
20,1173,GODFRYPHLP,EQ,123686,38593,31.20
20,1174,GODIGIT,EQ,78847,32738,41.52
20,1175,GODREJAGRO,EQ,340057,132537,38.97
20,1176,GODREJCP,EQ,7283971,3581419,49.17
20,1177,GODREJIND,EQ,50655,19042,37.59
20,1178,GODREJPROP,EQ,1323927,629539,47.55
20,1179,GOKEX,EQ,98249,44724,45.52
20,1180,GOKUL,EQ,223577,86220,38.56
20,1181,GOKULAGRO,EQ,137434,64673,47.06
20,1182,GOLD1,EQ,2195932,1046106,47.64
20,1183,GOLD360,EQ,16424,10884,66.27
20,1184,GOLDADD,EQ,9154560,7958129,86.93
20,1185,GOLDAXIS,EQ,5116035,4450894,87.00
20,1186,GOLDBEES,EQ,29706695,13342636,44.91
20,1187,GOLDBETA,EQ,986899,575012,58.26
20,1188,GOLDBND,EQ,108180,105697,97.70
20,1189,GOLDCASE,EQ,8825091,3652551,41.39
20,1190,GOLDETF,EQ,4711818,2554928,54.22
20,1191,GOLDIAM,EQ,351901,168993,48.02
20,1192,GOLDIETF,EQ,7801338,4391830,56.30
20,1193,GOLDSTAR,SM,67500,56250,83.33
20,1194,GOODLUCK,EQ,276349,118244,42.79
20,1195,GOODYEAR,EQ,2872,1972,68.66
20,1196,GOPAL,EQ,58481,31222,53.39
20,1197,GOYALALUM,EQ,34142,29272,85.74
20,1198,GOYALSALT,SM,4800,4800,100.00
20,1199,GPECO,ST,34600,33800,97.69
20,1200,GPIL,EQ,966236,494215,51.15
20,1201,GPPL,EQ,2505934,1282217,51.17
20,1202,GPTHEALTH,EQ,59077,36421,61.65
20,1203,GPTINFRA,EQ,380682,78750,20.69
20,1204,GRADIENTE,EQ,412547,257816,62.49
20,1205,GRANDOAK,EQ,4379,2076,47.41
20,1206,GRANULES,EQ,2829036,1252531,44.27
20,1207,GRAPHISAD,SM,14400,14400,100.00
20,1208,GRAPHITE,EQ,889286,287568,32.34
20,1209,GRASIM,EQ,2310916,1420767,61.48
20,1210,GRAUWEIL,EQ,153472,73898,48.15
20,1211,GRAVISSHO,EQ,3944,2163,54.84
20,1212,GRAVITA,EQ,233119,119603,51.31
20,1213,GRCL,SM,250,250,100.00
20,1214,GREAVESCOT,EQ,543561,235281,43.29
20,1215,GREENCHEF,SM,28800,24000,83.33
20,1216,GREENLAM,EQ,33496,17623,52.61
20,1217,GREENLEAF,ST,14000,14000,100.00
20,1218,GREENPANEL,EQ,176802,99318,56.17
20,1219,GREENPLY,EQ,270900,90665,33.47
20,1220,GREENPOWER,EQ,1056207,494522,46.82
20,1221,GRETEX,SM,750,750,100.00
20,1222,GRINDWELL,EQ,13013,6996,53.76
20,1223,GRINFRA,EQ,18846,6010,31.89
20,1224,GRMOVER,EQ,822411,77968,9.48
20,1225,GROBTEA,EQ,130,73,56.15
20,1226,GROWW,EQ,18098427,9056618,50.04
20,1227,GROWWCAPM,EQ,234054,130009,55.55
20,1228,GROWWCHEM,EQ,4385145,4306402,98.20
20,1229,GROWWDEFNC,EQ,202390,128837,63.66
20,1230,GROWWEV,EQ,353245,161183,45.63
20,1231,GROWWGOLD,EQ,1946252,760087,39.05
20,1232,GROWWHOSPI,EQ,160096,113869,71.13
20,1233,GROWWLIQID,EQ,155595,128979,82.89
20,1234,GROWWLOVOL,EQ,3567,2760,77.38
20,1235,GROWWMC150,EQ,955,878,91.94
20,1236,GROWWMETAL,EQ,421367,265190,62.94
20,1237,GROWWMOM50,EQ,261550,204455,78.17
20,1238,GROWWN200,EQ,27490,19372,70.47
20,1239,GROWWNET,EQ,1203003,1056522,87.82
20,1240,GROWWNIFTY,EQ,518106,366763,70.79
20,1241,GROWWNXT50,EQ,14628,7600,51.96
20,1242,GROWWPOWER,EQ,1801267,1182277,65.64
20,1243,GROWWPSE,EQ,5696,4064,71.35
20,1244,GROWWPSUBK,EQ,3723,2347,63.04
20,1245,GROWWRAIL,EQ,290207,174064,59.98
20,1246,GROWWRLTY,EQ,470254,218843,46.54
20,1247,GROWWSC250,EQ,43722,29503,67.48
20,1248,GROWWSLVR,EQ,3530966,958773,27.15
20,1249,GRPLTD,EQ,1360,620,45.59
20,1250,GRSE,EQ,270890,73711,27.21
20,1251,GRWRHITECH,EQ,36775,18759,51.01
20,1252,GSEC10IETF,EQ,2404,2399,99.79
20,1253,GSEC10YEAR,EQ,171,171,100.00
20,1254,GSEC5IETF,EQ,807,779,96.53
20,1255,GSFC,EQ,1747248,1007960,57.69
20,1256,GSLSU,EQ,195129,183365,93.97
20,1257,GSMFOILS,SM,18500,18500,100.00
20,1258,GSPCROP,EQ,152659,49056,32.13
20,1259,GSS,EQ,192431,110355,57.35
20,1260,GSTL,SM,8000,7000,87.50
20,1261,GTL,EQ,108118,81237,75.14
20,1262,GTLINFRA,EQ,25562440,11381158,44.52
20,1263,GTPL,EQ,85660,55670,64.99
20,1264,GUFICBIO,EQ,106657,46682,43.77
20,1265,GUJALKALI,EQ,484763,125144,25.82
20,1266,GUJAPOLLO,EQ,12024,9542,79.36
20,1267,GUJENERGY,EQ,1183237,619329,52.34
20,1268,GUJRAFFIA,EQ,1211,606,50.04
20,1269,GUJTHEM,EQ,1355455,898717,66.30
20,1270,GULFOILLUB,EQ,113660,85544,75.26
20,1271,GULPOLY,EQ,136406,74547,54.65
20,1272,GURUNANAK,SM,6400,6400,100.00
20,1273,GVPIL,EQ,148155,92015,62.11
20,1274,GVT&D,EQ,598422,284820,47.60
20,1275,GYFTR,EQ,54722,18711,34.19
20,1276,HAL,EQ,401080,161936,40.37
20,1277,HALDER,EQ,23097,7767,33.63
20,1278,HALEOSLABS,EQ,193,155,80.31
20,1279,HAMPTON,EQ,8932,7283,81.54
20,1280,HAPPSTMNDS,EQ,2072501,651728,31.45
20,1281,HAPPY,SM,68000,38000,55.88
20,1282,HAPPYFORGE,EQ,71280,36844,51.69
20,1283,HARDWYN,EQ,384105,177522,46.22
20,1284,HARIOMPIPE,EQ,82527,42696,51.74
20,1285,HARRMALAYA,EQ,5889,3292,55.90
20,1286,HARSHA,EQ,91361,46867,51.30
20,1287,HATHWAY,EQ,1152121,565201,49.06
20,1288,HATSUN,EQ,53500,25720,48.07
20,1289,HAVELLS,EQ,424610,230552,54.30
20,1290,HAVISHA,EQ,63829,53255,83.43
20,1291,HAWKINCOOK,EQ,920,409,44.46
20,1292,HAZOOR,EQ,1662009,1573336,94.66
20,1293,HBESD,EQ,837,837,100.00
20,1294,HBLENGINE,EQ,559405,235294,42.06
20,1295,HBPOR,EQ,1673,1673,100.00
20,1296,HBSL,EQ,3738,3498,93.58
20,1297,HCC,EQ,22777015,7498962,32.92
20,1298,HCG,EQ,258920,222906,86.09
20,1299,HCL-INSYS,EQ,355821,250502,70.40
20,1300,HCLTECH,EQ,1515496,838245,55.31
20,1301,HDBFS,EQ,728505,384517,52.78
20,1302,HDFCAMC,EQ,746134,404636,54.23
20,1303,HDFCBANK,EQ,27770641,16590339,59.74
20,1304,HDFCBSE500,EQ,2346292,2180871,92.95
20,1305,HDFCGOLD,EQ,4948852,2765799,55.89
20,1306,HDFCGROWTH,EQ,47334,18019,38.07
20,1307,HDFCLIFE,EQ,1356212,659262,48.61
20,1308,HDFCLIQUID,EQ,7886,6941,88.02
20,1309,HDFCLOWVOL,EQ,5165,3933,76.15
20,1310,HDFCMID150,EQ,385053,199436,51.79
20,1311,HDFCMOMENT,EQ,50653,28728,56.72
20,1312,HDFCNEXT50,EQ,137273,65476,47.70
20,1313,HDFCNIF100,EQ,35883,27022,75.31
20,1314,HDFCNIFBAN,EQ,75739,48206,63.65
20,1315,HDFCNIFIT,EQ,140143,68089,48.59
20,1316,HDFCNIFTY,EQ,126774,71329,56.26
20,1317,HDFCNIMEG,EQ,3029,2215,73.13
20,1318,HDFCPSUBK,EQ,52840,30987,58.64
20,1319,HDFCPVTBAN,EQ,161852,88198,54.49
20,1320,HDFCQUAL,EQ,7207,3572,49.56
20,1321,HDFCSENSEX,EQ,22075,10743,48.67
20,1322,HDFCSILVER,EQ,2513811,704458,28.02
20,1323,HDFCSML250,EQ,1329516,953197,71.70
20,1324,HDFCVALUE,EQ,9332,4214,45.16
20,1325,HEADSUP,EQ,1737,1367,78.70
20,1326,HEALTHADD,EQ,3536,2995,84.70
20,1327,HEALTHAXIS,EQ,5333,3767,70.64
20,1328,HEALTHCARE,EQ,24239,20287,83.70
20,1329,HEALTHIETF,EQ,137280,43668,31.81
20,1330,HEALTHX,EQ,2711,1806,66.62
20,1331,HEALTHY,EQ,120488,80487,66.80
20,1332,HECPROJECT,EQ,7140,6169,86.40
20,1333,HEG,EQ,1656554,839371,50.67
20,1334,HEIDELBERG,EQ,225564,150597,66.76
20,1335,HEMIPROP,EQ,240725,122970,51.08
20,1336,HERANBA,EQ,34394,16605,48.28
20,1337,HERITGFOOD,EQ,835388,315711,37.79
20,1338,HEROMOTOCO,EQ,524520,312584,59.59
20,1339,HESTERBIO,EQ,1969,862,43.78
20,1340,HEXATRADEX,EQ,713,505,70.83
20,1341,HEXT,EQ,2916864,1852152,63.50
20,1342,HGINFRA,EQ,29404,13851,47.11
20,1343,HGM,EQ,34950,26623,76.17
20,1344,HGS,EQ,63039,9953,15.79
20,1345,HIGREEN,SM,12000,10400,86.67
20,1346,HIKAL,EQ,20195810,2049376,10.15
20,1347,HILINFRA,EQ,49597,32322,65.17
20,1348,HILTON,EQ,108785,76707,70.51
20,1349,HIMATSEIDE,EQ,255420,131950,51.66
20,1350,HINDADH,EQ,2354,1880,79.86
20,1351,HINDALCO,EQ,1459349,674291,46.20
20,1352,HINDALUMI,EQ,953,625,65.58
20,1353,HINDCOMPOS,EQ,4938,3516,71.20
20,1354,HINDCON,EQ,65009,49039,75.43
20,1355,HINDCOPPER,EQ,5410660,1919671,35.48
20,1356,HINDOILEXP,EQ,35250701,2290215,6.50
20,1357,HINDPETRO,EQ,2429261,1305038,53.72
20,1358,HINDUNILVR,EQ,1638341,1084950,66.22
20,1359,HINDWAREAP,EQ,62127,33066,53.22
20,1360,HINDZINC,EQ,3896295,1933029,49.61
20,1361,HIRECT,EQ,31919,11323,35.47
20,1362,HISARMETAL,EQ,4035,2686,66.57
20,1363,HITECH,EQ,3272267,2029169,62.01
20,1364,HLEGLAS,EQ,184860,84524,45.72
20,1365,HLVLTD,EQ,210227,150026,71.36
20,1366,HMAAGRO,EQ,934486,467290,50.01
20,1367,HNDFDS,EQ,46887,23110,49.29
20,1368,HNGSNGBEES,EQ,69325,48090,69.37
20,1369,HOACFOODS,ST,5250,5250,100.00
20,1370,HOLMARC,SM,6000,5250,87.50
20,1371,HOMEFIRST,EQ,114599,57338,50.03
20,1372,HONASA,EQ,649479,275316,42.39
20,1373,HONAUT,EQ,3070,1955,63.68
20,1374,HONDAPOWER,EQ,2223,1059,47.64
20,1375,HORIZONIND,EQ,6343272,3650281,57.55
20,1376,HPAL,EQ,55030,35070,63.73
20,1377,HPIL,EQ,260,172,66.15
20,1378,HPL,EQ,73447,33095,45.06
20,1379,HPTL,SM,79200,76800,96.97
20,1380,HRHNEXT,SM,22500,19500,86.67
20,1381,HRYNSHP,EQ,788,686,87.06
20,1382,HSBCGOLD,EQ,16687,13819,82.81
20,1383,HSCL,EQ,2750945,939670,34.16
20,1384,HTMEDIA,EQ,137891,109734,79.58
20,1385,HUBTOWN,EQ,1634944,704420,43.09
20,1386,HUDCO,EQ,5301907,790223,14.90
20,1387,HUHTAMAKI,EQ,114978,63015,54.81
20,1388,HVAX,SM,1050,1050,100.00
20,1389,HYBRIDETF,EQ,5867,5867,100.00
20,1390,HYUNDAI,EQ,784430,427089,54.45
20,1391,IBLFL,SM,32000,32000,100.00
20,1392,IBULLSLTD,EQ,4200832,2261679,53.84
20,1393,ICDSLTD,EQ,109707,45386,41.37
20,1394,ICELCO,SM,94800,73200,77.22
20,1395,ICEMAKE,EQ,18455,10392,56.31
20,1396,ICICIAMC,EQ,507302,306634,60.44
20,1397,ICICIB22,EQ,96486,49569,51.37
20,1398,ICICIBANK,EQ,10503351,5967194,56.81
20,1399,ICICIGI,EQ,541112,332223,61.40
20,1400,ICICIPRULI,EQ,501149,217131,43.33
20,1401,ICIL,EQ,313057,114813,36.67
20,1402,ICRA,EQ,23447,14745,62.89
20,1403,IDBI,EQ,5622919,2016229,35.86
20,1404,IDEA,EQ,261299227,60981425,23.34
20,1405,IDEAFORGE,EQ,164699,85434,51.87
20,1406,IDENTICAL,SM,22000,16000,72.73
20,1407,IDFCFIRSTB,EQ,48178595,27796589,57.69
20,1408,IDFNIFTYET,EQ,632,525,83.07
20,1409,IEML,ST,46500,38500,82.80
20,1410,IEX,EQ,1683930,737768,43.81
20,1411,IFBAGRO,EQ,3609,2930,81.19
20,1412,IFBIND,EQ,32742,16207,49.50
20,1413,IFCI,EQ,166355112,26383336,15.86
20,1414,IFGLEXPOR,EQ,23913,12478,52.18
20,1415,IGARASHI,EQ,33667,17244,51.22
20,1416,IGCL,EQ,91466,24053,26.30
20,1417,IGIL,EQ,497239,261813,52.65
20,1418,IGL,EQ,680077,324804,47.76
20,1419,IGPL,EQ,66953,33279,49.71
20,1420,IIFL,EQ,5167110,2710896,52.46
20,1421,IIFLCAPS,EQ,111508,73829,66.21
20,1422,IIFLZC28,NG,16,16,100.00
20,1423,IIFLZC28C,N6,15,15,100.00
20,1424,IITL,EQ,88604,8137,9.18
20,1425,IKIO,EQ,140015,55868,39.90
20,1426,IKS,EQ,61480,27388,44.55
20,1427,IMAGICAA,EQ,646922,309009,47.77
20,1428,IMC1,N2,1,1,100.00
20,1429,IMC1,N3,2,1,50.00
20,1430,IMFA,EQ,98826,54854,55.51
20,1431,IMPAL,EQ,813,633,77.86
20,1432,INA,EQ,396368,205290,51.79
20,1433,INCREDIBLE,EQ,5335,3810,71.42
20,1434,INDBANK,EQ,719248,422495,58.74
20,1435,INDGN,EQ,376522,225145,59.80
20,1436,INDHOTEL,EQ,2138130,1186181,55.48
20,1437,INDIACEM,EQ,57565,19023,33.05
20,1438,INDIAMART,EQ,39380,25576,64.95
20,1439,INDIANB,EQ,1755640,616787,35.13
20,1440,INDIANCARD,EQ,1016,682,67.13
20,1441,INDIANHUME,EQ,97316,42956,44.14
20,1442,INDIASHLTR,EQ,85059,41844,49.19
20,1443,INDIGO,EQ,801486,435901,54.39
20,1444,INDIGOPNTS,EQ,58264,32956,56.56
20,1445,INDIGRID,IV,382915,324363,84.71
20,1446,INDIQUBE,EQ,48384,29463,60.89
20,1447,INDNIPPON,EQ,31339,17214,54.93
20,1448,INDOBORAX,EQ,218538,68608,31.39
20,1449,INDOCO,EQ,1489787,258020,17.32
20,1450,INDOFARM,EQ,76779,41057,53.47
20,1451,INDOKEM,EQ,13764,10444,75.88
20,1452,INDOMIM,EQ,2885760,1143296,39.62
20,1453,INDORAMA,EQ,873235,243855,27.93
20,1454,INDOSTAR,EQ,36649,25439,69.41
20,1455,INDOTECH,EQ,9485,5084,53.60
20,1456,INDOTHAI,EQ,306871,306871,100.00
20,1457,INDOUS,EQ,3576,3141,87.84
20,1458,INDOWIND,EQ,51978,39522,76.04
20,1459,INDPRUD,EQ,71,68,95.77
20,1460,INDRAMEDCO,EQ,148838,82307,55.30
20,1461,INDSWFTLAB,EQ,536113,200034,37.31
20,1462,INDTERRAIN,EQ,9794,6929,70.75
20,1463,INDUSINDBK,EQ,1959777,1061051,54.14
20,1464,INDUSINVIT,IV,76902,67075,87.22
20,1465,INDUSTOWER,EQ,4386555,2635013,60.07
20,1466,INFINIUM,SM,6000,5500,91.67
20,1467,INFLUX,SM,16200,10800,66.67
20,1468,INFOBEAN,EQ,131868,73245,55.54
20,1469,INFOLLION,SM,6800,5200,76.47
20,1470,INFOMEDIA,EQ,2481,2377,95.81
20,1471,INFRA,EQ,9374,8181,87.27
20,1472,INFRABEES,EQ,3722,2082,55.94
20,1473,INFRAIETF,EQ,68245,43989,64.46
20,1474,INFY,EQ,5786250,3086150,53.34
20,1475,INGERRAND,EQ,30432,17134,56.30
20,1476,INM,SM,3000,1800,60.00
20,1477,INNOMET,ST,195600,192000,98.16
20,1478,INNOVACAP,EQ,168214,51527,30.63
20,1479,INNOVANA,EQ,2656,2321,87.39
20,1480,INNOVISION,EQ,10702,5737,53.61
20,1481,INOXGREEN,EQ,1645262,664615,40.40
20,1482,INOXINDIA,EQ,224172,78745,35.13
20,1483,INOXWIND,EQ,39746918,12008443,30.21
20,1484,INSECTICID,EQ,69910,24610,35.20
20,1485,INSPIRE,SM,4000,4000,100.00
20,1486,INSPIRISYS,EQ,5997,5089,84.86
20,1487,INSUREIETF,EQ,402930,388975,96.54
20,1488,INTEGRITY,ST,1200,1200,100.00
20,1489,INTELLECT,EQ,187026,101592,54.32
20,1490,INTENTECH,EQ,9488,8011,84.43
20,1491,INTERARCH,EQ,30376,17819,58.66
20,1492,INTERNET,EQ,99929,76242,76.30
20,1493,INTLCONV,EQ,42465,20958,49.35
20,1494,INVENTURE,EQ,455822,275802,60.51
20,1495,INVICTA,SM,6400,4800,75.00
20,1496,IOB,EQ,4746900,1955938,41.20
20,1497,IOC,EQ,4941277,2761823,55.89
20,1498,IOLCP,EQ,8448743,2173003,25.72
20,1499,IONEXCHANG,EQ,434947,189479,43.56
20,1500,IPCALAB,EQ,301813,161047,53.36
20,1501,IPHL,SM,25200,22800,90.48
20,1502,IPL,EQ,83682,63021,75.31
20,1503,IPRINGLTD,EQ,2066,1459,70.62
20,1504,IRB,EQ,40287061,18911872,46.94
20,1505,IRBINVIT,IV,397154,329060,82.85
20,1506,IRCON,EQ,1024866,349464,34.10
20,1507,IRCTC,EQ,401286,225248,56.13
20,1508,IREDA,EQ,3368996,1176846,34.93
20,1509,IRFC,EQ,5718670,2103540,36.78
20,1510,IRIS,EQ,49032,27547,56.18
20,1511,IRISDOREME,EQ,1387961,383791,27.65
20,1512,IRMENERGY,EQ,44116,21268,48.21
20,1513,ISFT,EQ,117655,9338,7.94
20,1514,ISGEC,EQ,26623,14257,53.55
20,1515,ISHANCH,EQ,281237,139843,49.72
20,1516,ISTLTD,EQ,713,574,80.50
20,1517,IT,EQ,140683,73563,52.29
20,1518,ITADD,EQ,10812,6785,62.75
20,1519,ITAXIS,EQ,1260,801,63.57
20,1520,ITBEES,EQ,3867525,1852967,47.91
20,1521,ITBETA,EQ,70,66,94.29
20,1522,ITC,EQ,17813663,12294251,69.02
20,1523,ITCHOTELS,EQ,796973,431068,54.09
20,1524,ITDC,EQ,44458,14477,32.56
20,1525,ITETF,EQ,332470,63024,18.96
20,1526,ITI,EQ,109100,38276,35.08
20,1527,ITIETF,EQ,319486,213009,66.67
20,1528,ITL,EQ,460,416,90.43
20,1529,IVALUE,EQ,135726,74115,54.61
20,1530,IVC,EQ,2107399,1433251,68.01
20,1531,IVZBANKNF,EQ,388,388,100.00
20,1532,IVZINGOLD,EQ,36383,24231,66.60
20,1533,IVZINNIFTY,EQ,1514,1069,70.61
20,1534,IVZSENSEX,EQ,243,243,100.00
20,1535,IWARE,ST,11400,11400,100.00
20,1536,IWP,EQ,20184,18475,91.53
20,1537,IXIGO,EQ,2022149,554564,27.42
20,1538,IZMO,EQ,145199,53982,37.18
20,1539,J&KBANK,EQ,3645652,1519670,41.68
20,1540,JAGRAN,EQ,131117,94621,72.17
20,1541,JAGSNPHARM,EQ,300344,133546,44.46
20,1542,JAIBALAJI,EQ,282615,192473,68.10
20,1543,JAICORPLTD,EQ,296560,111973,37.76
20,1544,JAINAM,SM,5500,5500,100.00
20,1545,JAINIK,SM,2400,2400,100.00
20,1546,JAINREC,EQ,927545,254767,27.47
20,1547,JAIPURKURT,EQ,20260,13287,65.58
20,1548,JALAN,ST,3000,3000,100.00
20,1549,JAMNAAUTO,EQ,999415,496990,49.73
20,1550,JARO,EQ,89014,16679,18.74
20,1551,JASH,EQ,69457,39124,56.33
20,1552,JAYAGROGN,EQ,24956,13712,54.94
20,1553,JAYBARMARU,EQ,111594,71032,63.65
20,1554,JAYBEE,SM,23000,19500,84.78
20,1555,JAYKAY,EQ,204585,93748,45.82
20,1556,JAYNECOIND,EQ,4240845,1602551,37.79
20,1557,JAYSREETEA,EQ,76843,41762,54.35
20,1558,JBMA,EQ,622084,116250,18.69
20,1559,JENBURPH,EQ,2668,2615,98.01
20,1560,JETFREIGHT,EQ,174209,73639,42.27
20,1561,JEYYAM,ST,146000,144000,98.63
20,1562,JFLLIFE,SM,66000,60000,90.91
20,1563,JGCHEM,EQ,261636,92279,35.27
20,1564,JHS,EQ,37425,31147,83.23
20,1565,JINDALPHOT,EQ,1150,725,63.04
20,1566,JINDALPOLY,EQ,14854,5260,35.41
20,1567,JINDALSAW,EQ,1986928,845845,42.57
20,1568,JINDALSTEL,EQ,950251,452003,47.57
20,1569,JINDRILL,EQ,765112,230131,30.08
20,1570,JINDWORLD,EQ,110819795,14468401,13.06
20,1571,JIOFIN,EQ,9293803,4532741,48.77
20,1572,JISLDVREQS,EQ,211500,56671,26.79
20,1573,JISLJALEQS,EQ,1113582,482051,43.29
20,1574,JITFINFRA,EQ,10978,3983,36.28
20,1575,JKCEMENT,EQ,53939,36105,66.94
20,1576,JKIL,EQ,25718,16469,64.04
20,1577,JKIPL,EQ,7273,4803,66.04
20,1578,JKLAKSHMI,EQ,116502,58814,50.48
20,1579,JKPAPER,EQ,1519421,777973,51.20
20,1580,JKTYRE,EQ,265679,109464,41.20
20,1581,JLHL,EQ,38871,18393,47.32
20,1582,JMA,EQ,8126,4848,59.66
20,1583,JMFINANCIL,EQ,5030649,2289425,45.51
20,1584,JNKINDIA,EQ,64722,35238,54.45
20,1585,JNPR,EQ,1056229,567616,53.74
20,1586,JPOLYINVST,EQ,6033,3038,50.36
20,1587,JPPOWER,EQ,28174660,12219130,43.37
20,1588,JSFB,EQ,679587,324737,47.78
20,1589,JSL,EQ,1145373,682518,59.59
20,1590,JSLL,EQ,606645,321059,52.92
20,1591,JSWCEMENT,EQ,1584887,976916,61.64
20,1592,JSWDULUX,EQ,17816,11319,63.53
20,1593,JSWENERGY,EQ,1829239,730486,39.93
20,1594,JSWHL,EQ,34428,623,1.81
20,1595,JSWINFRA,EQ,2588755,1544945,59.68
20,1596,JSWSTEEL,EQ,1291167,623031,48.25
20,1597,JTEKTINDIA,EQ,87989,47852,54.38
20,1598,JTLIND,EQ,3040625,1410600,46.39
20,1599,JUBLCPL,EQ,10182,6203,60.92
20,1600,JUBLFOOD,EQ,391251,126323,32.29
20,1601,JUBLINGREA,EQ,156564,80897,51.67
20,1602,JUBLPHARMA,EQ,125766,65304,51.93
20,1603,JUNIORBEES,EQ,438702,273690,62.39
20,1604,JUNIPER,EQ,205874,101858,49.48
20,1605,JUSTDIAL,EQ,181134,61063,33.71
20,1606,JWL,EQ,388324,148860,38.33
20,1607,JYOTHYLAB,EQ,3571515,2464448,69.00
20,1608,JYOTICNC,EQ,3413377,860547,25.21
20,1609,JYOTIGLOBL,SM,4000,4000,100.00
20,1610,JYOTIRES,EQ,4557,2501,54.88
20,1611,JYOTISTRUC,EQ,4704461,2754997,58.56
20,1612,K2INFRA,ST,8400,6000,71.43
20,1613,KABRAEXTRU,EQ,185596,80798,43.53
20,1614,KAJARIACER,EQ,153508,69003,44.95
20,1615,KAKATCEM,EQ,678,515,75.96
20,1616,KALAMANDIR,EQ,239873,143109,59.66
20,1617,KALANA,SM,26000,18000,69.23
20,1618,KALPATARU,EQ,27610,11019,39.91
20,1619,KALYANKJIL,EQ,7595621,1762151,23.20
20,1620,KAMAHOLD,EQ,10909,7093,65.02
20,1621,KAMANWALA,EQ,11984,10720,89.45
20,1622,KAMATHOTEL,EQ,186186,96837,52.01
20,1623,KAMOPAINTS,EQ,222619,153415,68.91
20,1624,KANANIIND,EQ,134063,96227,71.78
20,1625,KANCHI,EQ,5328,3207,60.19
20,1626,KANCOTEA,EQ,444,441,99.32
20,1627,KANDARP,SM,2000,2000,100.00
20,1628,KANPRPLA,EQ,17504,7788,44.49
20,1629,KANSAINER,EQ,72153,41462,57.46
20,1630,KAPSTON,EQ,66846,37225,55.69
20,1631,KARMAENG,EQ,722,720,99.72
20,1632,KARNIKA,SM,39000,34000,87.18
20,1633,KARURVYSYA,EQ,2690048,1256490,46.71
20,1634,KATARIA,SM,33000,23400,70.91
20,1635,KAVDEFENCE,EQ,94750,38548,40.68
20,1636,KAYNES,EQ,1053968,311263,29.53
20,1637,KAYTEX,SM,800,800,100.00
20,1638,KCEIL,SM,21000,18000,85.71
20,1639,KCK,ST,82500,80000,96.97
20,1640,KCP,EQ,121670,66329,54.52
20,1641,KDDL,EQ,17047,8501,49.87
20,1642,KDGREEN,EQ,16001,6986,43.66
20,1643,KDL,SM,19650,14550,74.05
20,1644,KEC,EQ,1132222,550457,48.62
20,1645,KECL,EQ,72900,47437,65.07
20,1646,KEEPLEARN,EQ,40145,36546,91.03
20,1647,KEI,EQ,536022,250198,46.68
20,1648,KELLTONTEC,EQ,1017982,519003,50.98
20,1649,KEN,SM,19200,13200,68.75
20,1650,KENNAMET,EQ,26620,9157,34.40
20,1651,KERNEX,EQ,188059,91753,48.79
20,1652,KEYFINSERV,EQ,1864,1542,82.73
20,1653,KFINTECH,EQ,475352,178324,37.51
20,1654,KHAICHEM,EQ,167687,62846,37.48
20,1655,KHAITANLTD,EQ,34654,19315,55.74
20,1656,KHANDSE,EQ,6396,6396,100.00
20,1657,KHFM,SM,6200,4650,75.00
20,1658,KICL,EQ,2056,1261,61.33
20,1659,KIMS,EQ,377258,238446,63.21
20,1660,KINGFA,EQ,5834,3575,61.28
20,1661,KIOCL,EQ,59141,22765,38.49
20,1662,KIRANVYPAR,EQ,18827,18020,95.71
20,1663,KIRIINDUS,EQ,7182969,1036783,14.43
20,1664,KIRLFER,EQ,117686,75672,64.30
20,1665,KIRLOSBROS,EQ,19234,9543,49.62
20,1666,KIRLOSENG,EQ,1330225,720872,54.19
20,1667,KIRLOSIND,EQ,3239,1569,48.44
20,1668,KIRLPNU,EQ,129681,62406,48.12
20,1669,KISSHT,EQ,1786210,683874,38.29
20,1670,KITEX,EQ,427520,211924,49.57
20,1671,KJMCFIN,EQ,562,559,99.47
20,1672,KKCL,EQ,24896,10423,41.87
20,1673,KKJEWELS,SM,2000,2000,100.00
20,1674,KLBRENG-B,EQ,386969,222705,57.55
20,1675,KLL,SM,21600,18400,85.19
20,1676,KMCSHIL,EQ,75512,40804,54.04
20,1677,KMEW,EQ,131807,48397,36.72
20,1678,KMSUGAR,EQ,202541,71930,35.51
20,1679,KNACK,EQ,667569,323062,48.39
20,1680,KNAGRI,EQ,12560,8910,70.94
20,1681,KNRCON,EQ,939009,412682,43.95
20,1682,KODYTECH,ST,9000,8600,95.56
20,1683,KOHINOOR,EQ,84055,20019,23.82
20,1684,KOKUYOCMLN,EQ,14637,7345,50.18
20,1685,KOLTEPATIL,EQ,86270,40081,46.46
20,1686,KONSTELEC,ST,65000,55000,84.62
20,1687,KONTOR,SM,12000,9000,75.00
20,1688,KOPRAN,EQ,1456374,531507,36.50
20,1689,KORE,SM,109250,71250,65.22
20,1690,KOTAKBANK,EQ,5991118,3709150,61.91
20,1691,KOTHARIPET,EQ,52559,30909,58.81
20,1692,KOTHARIPRO,EQ,2021,1520,75.21
20,1693,KOTIC,EQ,25043,16215,64.75
20,1694,KOVAI,EQ,2136,1347,63.06
20,1695,KPEL,EQ,263957,136046,51.54
20,1696,KPIGREEN,EQ,1051546,699543,66.53
20,1697,KPIL,EQ,230059,109194,47.46
20,1698,KPITTECH,EQ,975708,371204,38.04
20,1699,KPL,EQ,21875,9504,43.45
20,1700,KPRMILL,EQ,302751,135107,44.63
20,1701,KRBL,EQ,256226,122668,47.87
20,1702,KREBSBIO,EQ,7124,6289,88.28
20,1703,KRISHANA,EQ,378050,211116,55.84
20,1704,KRISHCA,SM,12000,10000,83.33
20,1705,KRISHIVAL,EQ,13359,9470,70.89
20,1706,KRISHNADEF,EQ,59717,26790,44.86
20,1707,KRITI,EQ,2728,1991,72.98
20,1708,KRITIKA,EQ,73068,50030,68.47
20,1709,KRITINUT,EQ,8912,7575,85.00
20,1710,KRMAYURVED,SM,142000,98000,69.01
20,1711,KRN,EQ,200958,88581,44.08
20,1712,KROSS,EQ,208019,95627,45.97
20,1713,KRSNAA,EQ,23065,12205,52.92
20,1714,KRT,RR,63078724,58487098,92.72
20,1715,KRYSTAL,EQ,8765,5382,61.40
20,1716,KSB,EQ,115080,51772,44.99
20,1717,KSCL,EQ,45816,20230,44.15
20,1718,KSE,EQ,6586,5347,81.19
20,1719,KSHINTL,EQ,536933,284818,53.05
20,1720,KSHITIJPOL,EQ,2105614,1541477,73.21
20,1721,KSL,EQ,226200,113664,50.25
20,1722,KSOLVES,EQ,17121,10739,62.72
20,1723,KSR,EQ,403387,383062,94.96
20,1724,KTKBANK,EQ,3036829,1687560,55.57
20,1725,KUANTUM,EQ,222562,117042,52.59
20,1726,KUSUMGAR,EQ,231009,108118,46.80
20,1727,KWIL,EQ,12570077,5034959,40.06
20,1728,LADDERUP,EQ,232,225,96.98
20,1729,LAGNAM,EQ,2879,2285,79.37
20,1730,LAHOTIOV,EQ,128066,63105,49.28
20,1731,LAKSHMIMIL,EQ,42,42,100.00
20,1732,LAKSHYA,SM,3200,3200,100.00
20,1733,LAL,EQ,31906,19101,59.87
20,1734,LALITHAA,EQ,14643073,4247309,29.01
20,1735,LALPATHLAB,EQ,168643,109096,64.69
20,1736,LAMBODHARA,EQ,9197,3143,34.17
20,1737,LAMOSAIC,ST,195000,192000,98.46
20,1738,LANCER,EQ,704727,447532,63.50
20,1739,LANCORHOL,EQ,625911,432086,69.03
20,1740,LANDMARK,EQ,50914,22370,43.94
20,1741,LANDSMILL,EQ,1513906,930712,61.48
20,1742,LAOPALA,EQ,72820,38643,53.07
20,1743,LARGEMID50,EQ,2661,2627,98.72
20,1744,LASA,EQ,25647,19923,77.68
20,1745,LASERPOWER,EQ,532586,216678,40.68
20,1746,LATENTVIEW,EQ,449716,241621,53.73
20,1747,LATTEYS,EQ,38038,31000,81.50
20,1748,LAURUSLABS,EQ,1506361,828025,54.97
20,1749,LAXMICOT,EQ,16923,14867,87.85
20,1750,LAXMIDENTL,EQ,72745,36915,50.75
20,1751,LAXMIINDIA,EQ,842455,250880,29.78
20,1752,LCCINFOTEC,EQ,408915,293118,71.68
20,1753,LCL,EQ,932165,548340,58.82
20,1754,LEAPIND,EQ,4076195,2002989,49.14
20,1755,LEMERITE,EQ,159140,44352,27.87
20,1756,LEMONTREE,EQ,2699116,1613549,59.78
20,1757,LENSKART,EQ,5393527,2895915,53.69
20,1758,LEXUS,EQ,24077,15264,63.40
20,1759,LFIC,EQ,233,123,52.79
20,1760,LGBBROSLTD,EQ,28032,15660,55.86
20,1761,LGEINDIA,EQ,230470,110284,47.85
20,1762,LGHL,EQ,9600,3649,38.01
20,1763,LIBAS,EQ,8408,7152,85.06
20,1764,LIBERTSHOE,EQ,30014,24939,83.09
20,1765,LICHSGFIN,EQ,5798155,3747793,64.64
20,1766,LICI,EQ,5101486,3124302,61.24
20,1767,LICMFGOLD,EQ,49111,31364,63.86
20,1768,LICNETFGSC,EQ,20923,12120,57.93
20,1769,LICNETFN50,EQ,64,56,87.50
20,1770,LICNETFSEN,EQ,13,13,100.00
20,1771,LICNFNHGP,EQ,292,247,84.59
20,1772,LICNMID100,EQ,11453,8548,74.64
20,1773,LIKHITHA,EQ,39449,24408,61.87
20,1774,LINC,EQ,11563,8652,74.82
20,1775,LINCOLN,EQ,22964,12351,53.78
20,1776,LINDEINDIA,EQ,16313,7713,47.28
20,1777,LIQGRWBEES,EQ,248754,217600,87.48
20,1778,LIQUID,EQ,413120,295829,71.61
20,1779,LIQUID1,EQ,1508631,1392191,92.28
20,1780,LIQUIDADD,EQ,799931,669556,83.70
20,1781,LIQUIDBEES,EQ,2625971,2146129,81.73
20,1782,LIQUIDBETA,EQ,60,60,100.00
20,1783,LIQUIDBETF,EQ,167806,117851,70.23
20,1784,LIQUIDCASE,EQ,17734685,15141273,85.38
20,1785,LIQUIDETF,EQ,76426,53210,69.62
20,1786,LIQUIDIETF,EQ,335869,269782,80.32
20,1787,LIQUIDPLUS,EQ,388017,238918,61.57
20,1788,LIQUIDSBI,EQ,31769,31584,99.42
20,1789,LIQUIDSHRI,EQ,31694,31261,98.63
20,1790,LKPSEC,EQ,8972,6044,67.37
20,1791,LLOYDS,SM,3000,3000,100.00
20,1792,LLOYDSENGG,EQ,3707337,1587196,42.81
20,1793,LLOYDSENT,EQ,1988111,925637,46.56
20,1794,LLOYDSME,EQ,320770,147859,46.10
20,1795,LMW,EQ,5846,2114,36.16
20,1796,LODHA,EQ,1694352,723429,42.70
20,1797,LOKESHMACH,EQ,212043,79836,37.65
20,1798,LORDSCHLO,EQ,33665,25386,75.41
20,1799,LOTUSCHO,EQ,11659,7112,61.00
20,1800,LOTUSEYE,EQ,2415,1730,71.64
20,1801,LOVABLE,EQ,7609,5783,76.00
20,1802,LOWVOL,EQ,330,170,51.52
20,1803,LOWVOL1,EQ,133286,109486,82.14
20,1804,LOWVOLIETF,EQ,4331145,4047899,93.46
20,1805,LOYALTEX,EQ,47,28,59.57
20,1806,LPDC,EQ,65721,43603,66.35
20,1807,LRRPL,SM,16500,16500,100.00
20,1808,LT,EQ,940768,486578,51.72
20,1809,LTF,EQ,3194737,1457378,45.62
20,1810,LTFOODS,EQ,442684,166637,37.64
20,1811,LTGILTBEES,EQ,638244,482235,75.56
20,1812,LTGILTCASE,EQ,97881,95188,97.25
20,1813,LTM,EQ,206556,92880,44.97
20,1814,LTTS,EQ,44558,17941,40.26
20,1815,LUMAXIND,EQ,11901,4101,34.46
20,1816,LUMAXTECH,EQ,116862,47785,40.89
20,1817,LUMINO,EQ,178315729,49872661,27.97
20,1818,LUPIN,EQ,474600,303445,63.94
20,1819,LUXIND,EQ,13633,5576,40.90
20,1820,LXCHEM,EQ,1600299,577498,36.09
20,1821,M&M,EQ,1826312,1083245,59.31
20,1822,M&MFIN,EQ,1943334,1079583,55.55
20,1823,MAANALU,EQ,47758,35490,74.31
20,1824,MACPOWER,EQ,23269,12321,52.95
20,1825,MADHAV,EQ,1391,1147,82.46
20,1826,MADHAVBAUG,ST,1600,1600,100.00
20,1827,MADHAVIPL,EQ,87850,68616,78.11
20,1828,MADHURKNIT,ST,2400,2400,100.00
20,1829,MADHUSUDAN,ST,22000,20000,90.91
20,1830,MADRASFERT,EQ,34508,16995,49.25
20,1831,MAFANG,EQ,91287,91287,100.00
20,1832,MAFATIND,EQ,30086,21173,70.37
20,1833,MAGADSUGAR,EQ,28860,13432,46.54
20,1834,MAGNUM,EQ,12157,12154,99.98
20,1835,MAGSON,SM,27000,21000,77.78
20,1836,MAHABANK,EQ,48646685,17408098,35.78
20,1837,MAHAPEXLTD,EQ,5308,4436,83.57
20,1838,MAHEPC,EQ,14309,10080,70.45
20,1839,MAHICKRA,SM,8250,6000,72.73
20,1840,MAHKTECH,EQ,246332,246253,99.97
20,1841,MAHLIFE,EQ,69350,35513,51.21
20,1842,MAHLOG,EQ,105313,60686,57.62
20,1843,MAHSCOOTER,EQ,991,393,39.66
20,1844,MAHSEAMLES,EQ,497338,222987,44.84
20,1845,MAITHANALL,EQ,95607,44830,46.89
20,1846,MAKEINDIA,EQ,22062,12246,55.51
20,1847,MAKERSL,EQ,9968,6367,63.87
20,1848,MAKS,SM,3000,3000,100.00
20,1849,MAL,SM,104000,97600,93.85
20,1850,MALLCOM,EQ,4823,4448,92.22
20,1851,MALUPAPER,EQ,73407,37735,51.41
20,1852,MAMATA,EQ,28652,15793,55.12
20,1853,MANAKALUCO,EQ,54631,35349,64.71
20,1854,MANAKCOAT,EQ,72641,39588,54.50
20,1855,MANAKSIA,EQ,44734,37065,82.86
20,1856,MANAKSTEEL,EQ,656021,342925,52.27
20,1857,MANALIPETC,EQ,39146179,2527693,6.46
20,1858,MANAPPURAM,EQ,3304569,1991421,60.26
20,1859,MANAV,SM,8000,8000,100.00
20,1860,MANBA,EQ,32969,15589,47.28
20,1861,MANCREDIT,EQ,39072,13238,33.88
20,1862,MANDEEP,SM,2000,2000,100.00
20,1863,MANGALAM,EQ,25497,16843,66.06
20,1864,MANGLMCEM,EQ,214044,126204,58.96
20,1865,MANINDS,EQ,1373550,509767,37.11
20,1866,MANINFRA,EQ,2550009,1155518,45.31
20,1867,MANIPALHOS,EQ,4121899,2800473,67.94
20,1868,MANKIND,EQ,98805,50168,50.77
20,1869,MANOMAY,EQ,348547,41574,11.93
20,1870,MANORAMA,EQ,880433,308114,35.00
20,1871,MANORG,EQ,30981,22112,71.37
20,1872,MANUFGBEES,EQ,2207,1277,57.86
20,1873,MANYAVAR,EQ,1082083,289055,26.71
20,1874,MAPMYINDIA,EQ,137707,57331,41.63
20,1875,MARALOVER,EQ,7212,6940,96.23
20,1876,MARATHON,EQ,534426,87796,16.43
20,1877,MARCO,SM,18000,12000,66.67
20,1878,MARICO,EQ,1702965,1143761,67.16
20,1879,MARINE,EQ,956446,321919,33.66
20,1880,MARKOLINES,EQ,261653,80600,30.80
20,1881,MARKSANS,EQ,2726464,989386,36.29
20,1882,MARSONS,EQ,3153131,532233,16.88
20,1883,MARUSHIKA,SM,1200,1200,100.00
20,1884,MARUTI,EQ,362982,169374,46.66
20,1885,MASFIN,EQ,511563,446186,87.22
20,1886,MASKINVEST,EQ,31,31,100.00
20,1887,MASON,SM,15500,11000,70.97
20,1888,MASPTOP50,EQ,88420,88420,100.00
20,1889,MASTEK,EQ,111140,46658,41.98
20,1890,MASTER,SM,3000,2000,66.67
20,1891,MASTERTR,EQ,196242,47273,24.09
20,1892,MATRIMONY,EQ,10374,6274,60.48
20,1893,MAWANASUG,EQ,552646,168114,30.42
20,1894,MAXESTATES,EQ,150726,92909,61.64
20,1895,MAXHEALTH,EQ,674912,319916,47.40
20,1896,MAXIND,EQ,65958,30550,46.32
20,1897,MAXVOLT,SM,14800,11200,75.68
20,1898,MAYURUNIQ,EQ,33473,19024,56.83
20,1899,MAZDOCK,EQ,324406,105371,32.48
20,1900,MBAPL,EQ,1525913,814024,53.35
20,1901,MBEL,EQ,215533,51752,24.01
20,1902,MBLINFRA,EQ,66505,51891,78.03
20,1903,MCCHRLS-B,EQ,185,168,90.81
20,1904,MCL,EQ,51926,33082,63.71
20,1905,MCLEODRUSS,EQ,144985,94641,65.28
20,1906,MCLOUD,EQ,1640775,824987,50.28
20,1907,MCX,EQ,2412959,765922,31.74
20,1908,MDL,ST,12000,12000,100.00
20,1909,MEDANTA,EQ,314253,180781,57.53
20,1910,MEDIASSIST,EQ,263298,184187,69.95
20,1911,MEDICAMEQ,EQ,33679,18952,56.27
20,1912,MEDICAPQ,EQ,2755,2709,98.33
20,1913,MEDICO,EQ,60839,33956,55.81
20,1914,MEDISTEP,SM,15000,15000,100.00
20,1915,MEDPLUS,EQ,189923,123788,65.18
20,1916,MEESHO,EQ,17240943,5543934,32.16
20,1917,MEGASTAR,EQ,1074,743,69.18
20,1918,MEGATHERM,SM,19200,14400,75.00
20,1919,MEIL,EQ,27751,14642,52.76
20,1920,MENNPIS,EQ,59859,35869,59.92
20,1921,MERCANTILE,EQ,538929,158246,29.36
20,1922,MERCURYEV,EQ,66676,30114,45.16
20,1923,METAL,EQ,1416357,697648,49.26
20,1924,METALIC,ST,104000,80000,76.92
20,1925,METALIETF,EQ,18275824,15495374,84.79
20,1926,METROBRAND,EQ,11005,6004,54.56
20,1927,METROGLOBL,EQ,789,766,97.08
20,1928,METROPOLIS,EQ,123255,57711,46.82
20,1929,MFML,EQ,1991,1963,98.59
20,1930,MFSL,EQ,266041,148668,55.88
20,1931,MGL,EQ,84444,48508,57.44
20,1932,MGSL,SM,30000,20400,68.00
20,1933,MHRIL,EQ,78196,56238,71.92
20,1934,MICROPRO,SM,1600,1600,100.00
20,1935,MID150,EQ,191398,111669,58.34
20,1936,MID150BEES,EQ,325057,225858,69.48
20,1937,MID150CASE,EQ,770174,521523,67.71
20,1938,MIDBANKADD,EQ,1239,1169,94.35
20,1939,MIDCAP,EQ,374095,256613,68.60
20,1940,MIDCAPADD,EQ,10659,8407,78.87
20,1941,MIDCAPBETA,EQ,908,658,72.47
20,1942,MIDCAPETF,EQ,2213465,1048409,47.37
20,1943,MIDCAPIETF,EQ,2381083,1983017,83.28
20,1944,MIDHANI,EQ,349584,118746,33.97
20,1945,MIDQ50ADD,EQ,23429,19563,83.50
20,1946,MIDSELIETF,EQ,215124,123018,57.18
20,1947,MIDSMALL,EQ,253256,196066,77.42
20,1948,MIDWESTLTD,EQ,33073,11474,34.69
20,1949,MIEL,SM,4000,4000,100.00
20,1950,MIIL,EQ,75209,22029,29.29
20,1951,MILKYMIST,EQ,44203953,4920246,11.13
20,1952,MINDACORP,EQ,168823,74693,44.24
20,1953,MINDSPACE,RR,221116,180043,81.42
20,1954,MINDTECK,EQ,29644,14844,50.07
20,1955,MIRZAINT,EQ,57756,28907,50.05
20,1956,MITTAL,EQ,697470,528697,75.80
20,1957,MKEXIM,EQ,10578,8037,75.98
20,1958,MKPL,EQ,41793,34928,83.57
20,1959,MLKFOOD,EQ,2031,1114,54.85
20,1960,MMEL,SM,4000,4000,100.00
20,1961,MMFL,EQ,90623,39763,43.88
20,1962,MMP,EQ,39929,23693,59.34
20,1963,MMTC,EQ,1036048,369360,35.65
20,1964,MMWL,EQ,37516,33375,88.96
20,1965,MNC,EQ,209803,141630,67.51
20,1966,MOALPHA50,EQ,5892,3598,61.07
20,1967,MOBANK10,EQ,2455,1326,54.01
20,1968,MOBIKWIK,EQ,809692,278602,34.41
20,1969,MOBILISE,SM,1600,1600,100.00
20,1970,MOCAPITAL,EQ,515456,247361,47.99
20,1971,MODEFENCE,EQ,649836,330072,50.79
20,1972,MODINATUR,EQ,6487,5848,90.15
20,1973,MODIRUBBER,EQ,8142,4592,56.40
20,1974,MODIS,EQ,122198,47447,38.83
20,1975,MODISONLTD,EQ,583790,289020,49.51
20,1976,MODTHREAD,EQ,12521,4242,33.88
20,1977,MOENERGY,EQ,372208,300448,80.72
20,1978,MOGOLD,EQ,53546,23474,43.84
20,1979,MOGSEC,EQ,72565,72106,99.37
20,1980,MOHEALTH,EQ,84837,77340,91.16
20,1981,MOHITE,EQ,97222,86160,88.62
20,1982,MOHITIND,EQ,18575,12607,67.87
20,1983,MOIL,EQ,528154,208409,39.46
20,1984,MOINFRA,EQ,8477,6011,70.91
20,1985,MOIPO,EQ,15416,14262,92.51
20,1986,MOKSH,EQ,255005,220415,86.44
20,1987,MOL,EQ,3523765,1362702,38.67
20,1988,MOLBIO,EQ,465643,95678,20.55
20,1989,MOLDTKPAC,EQ,24366,12211,50.11
20,1990,MOLOWVOL,EQ,18033,14620,81.07
20,1991,MOM100,EQ,200487,109305,54.52
20,1992,MOM30IETF,EQ,456481,304931,66.80
20,1993,MOM50,EQ,5668,3790,66.87
20,1994,MOMENTUM,EQ,107694,61783,57.37
20,1995,MOMENTUM30,EQ,2605,1703,65.37
20,1996,MOMENTUM50,EQ,736535,543645,73.81
20,1997,MOMETAL,EQ,13095,9167,70.00
20,1998,MOMGF,EQ,501,501,100.00
20,1999,MOMIDMTM,EQ,606954,590145,97.23
20,2000,MOMMIDCAP,EQ,2515473,2432501,96.70
20,2001,MOMNC,EQ,5917,5805,98.11
20,2002,MOMOMENTUM,EQ,31547,22647,71.79
20,2003,MON100,EQ,418043,411041,98.33
20,2004,MON50EQUAL,EQ,2795,2520,90.16
20,2005,MONARCH,EQ,272328,100781,37.01
20,2006,MONEXT50,EQ,20622,19307,93.62
20,2007,MONEYBOXX,EQ,29252,20970,71.69
20,2008,MONIFTY100,EQ,8457,5753,68.03
20,2009,MONIFTY500,EQ,443431,318436,71.81
20,2010,MONOLITH,SM,33000,20500,62.12
20,2011,MONQ50,EQ,11318,11318,100.00
20,2012,MONTECARLO,EQ,152765,75393,49.35
20,2013,MOOILGAS,EQ,2492,2425,97.31
20,2014,MOPSE,EQ,637,457,71.74
20,2015,MOQUALITY,EQ,119,94,78.99
20,2016,MOREALTY,EQ,2487562,1787428,71.85
20,2017,MOREPENLAB,EQ,33823982,8494904,25.12
20,2018,MOS,ST,248000,248000,100.00
20,2019,MOSCHIP,EQ,1081135,500259,46.27
20,2020,MOSERVICE,EQ,2603,2406,92.43
20,2021,MOSILVER,EQ,91619,31987,34.91
20,2022,MOSMALL250,EQ,1932277,1113026,57.60
20,2023,MOTHERSON,EQ,8794139,4451142,50.61
20,2024,MOTILALOFS,EQ,456816,159315,34.88
20,2025,MOTISONS,EQ,22301002,4579410,20.53
20,2026,MOTOUR,EQ,35014,34388,98.21
20,2027,MOVALUE,EQ,76298,56771,74.41
20,2028,MOXSH,SM,3200,3200,100.00
20,2029,MPEL,ST,6400,6400,100.00
20,2030,MPHASIS,EQ,408569,254231,62.22
20,2031,MPSLTD,EQ,13725,7827,57.03
20,2032,MRF,EQ,6240,2984,47.82
20,2033,MRPL,EQ,9658885,2495302,25.83
20,2034,MSCI360,EQ,2986,2983,99.90
20,2035,MSCIADD,EQ,2460,2147,87.28
20,2036,MSCIINDIA,EQ,3431,2780,81.03
20,2037,MSL,EQ,10,10,100.00
20,2038,MSPL,EQ,1094788,519308,47.43
20,2039,MSTCLTD,EQ,332350,137200,41.28
20,2040,MSUMI,EQ,6249596,3493350,55.90
20,2041,MTNL,EQ,324235,167140,51.55
20,2042,MUFIN,EQ,553156,185768,33.58
20,2043,MUFTI,EQ,56681,31397,55.39
20,2044,MUKANDLTD,EQ,48639,31034,63.80
20,2045,MUKESHB,EQ,2606,2606,100.00
20,2046,MUKKA,EQ,3369622,1594010,47.31
20,2047,MULTICAP,EQ,116889,63169,54.04
20,2048,MUNISH,SM,69600,66000,94.83
20,2049,MUNJALAU,EQ,334364,112780,33.73
20,2050,MUNJALSHOW,EQ,28163,16070,57.06
20,2051,MURUDCERA,EQ,6050,5597,92.51
20,2052,MUTHOOTCAP,EQ,14423,7216,50.03
20,2053,MUTHOOTFIN,EQ,566996,199386,35.17
20,2054,MUTHOOTMF,EQ,242554,103328,42.60
20,2055,MVELECTRO,EQ,8739539,761327,8.71
20,2056,MVGJL,EQ,753678,239538,31.78
20,2057,MVKAGRO,SM,3900,3900,100.00
20,2058,MWL,EQ,531033,399616,75.25
20,2059,MYMUDRA,SM,3600,2400,66.67
20,2060,NACLIND,EQ,341726,160212,46.88
20,2061,NAGREEKCAP,EQ,4720,3578,75.81
20,2062,NAGREEKEXP,EQ,16505,10014,60.67
20,2063,NAHARCAP,EQ,1304,886,67.94
20,2064,NAHARINDUS,EQ,41039,28922,70.47
20,2065,NAHARPOLY,EQ,10170,6332,62.26
20,2066,NAHARSPING,EQ,19923,14969,75.13
20,2067,NAM-INDIA,EQ,1722843,1024481,59.46
20,2068,NAMOEWASTE,ST,12800,9600,75.00
20,2069,NARMADA,EQ,420123,262523,62.49
20,2070,NATCOPHARM,EQ,217962,114569,52.56
20,2071,NATHBIOGEN,EQ,6355,4805,75.61
20,2072,NATIONALUM,EQ,3760490,1809230,48.11
20,2073,NATIONSTD,EQ,39226,24432,62.29
20,2074,NAUKRI,EQ,450580,224699,49.87
20,2075,NAVA,EQ,224924,116718,51.89
20,2076,NAVINFLUOR,EQ,142402,77002,54.07
20,2077,NAVKARCORP,EQ,217243,118885,54.72
20,2078,NAVNETEDUL,EQ,58172,40007,68.77
20,2079,NAZARA,EQ,661018,308410,46.66
20,2080,NBCC,EQ,3561028,1313697,36.89
20,2081,NBIFIN,EQ,341,265,77.71
20,2082,NCC,EQ,1686749,725439,43.01
20,2083,NCLIND,EQ,29657,15209,51.28
20,2084,NDGL,EQ,56,46,82.14
20,2085,NDL,EQ,786673,584713,74.33
20,2086,NDLVENTURE,EQ,13539,11034,81.50
20,2087,NDRAUTO,EQ,8085,5242,64.84
20,2088,NDRINVIT,IV,25000,25000,100.00
20,2089,NDTV,EQ,46817,30043,64.17
20,2090,NEAGI,EQ,1,1,100.00
20,2091,NECLIFE,EQ,274924,208994,76.02
20,2092,NELCAST,EQ,337600,234541,69.47
20,2093,NELCO,EQ,218453,59766,27.36
20,2094,NEOCHEM,SM,13200,8400,63.64
20,2095,NEOGEN,EQ,69594,30943,44.46
20,2096,NEPHROCARE,SM,3200,2800,87.50
20,2097,NEPHROPLUS,EQ,198406,136851,68.98
20,2098,NEPTUNE,SM,5000,5000,100.00
20,2099,NESCO,EQ,47302,25972,54.91
20,2100,NESTLEIND,EQ,660284,373152,56.51
20,2101,NETF,EQ,1922,1767,91.94
20,2102,NETWEB,EQ,2365927,474112,20.04
20,2103,NETWORK18,EQ,3195984,1829041,57.23
20,2104,NEULANDLAB,EQ,32650,18070,55.34
20,2105,NEWGEN,EQ,624729,224105,35.87
20,2106,NEWJAISA,ST,1500,1500,100.00
20,2107,NEXT30ADD,EQ,2929,1282,43.77
20,2108,NEXT50,EQ,19426,8283,42.64
20,2109,NEXT50ADD,EQ,3326,1123,33.76
20,2110,NEXT50BETA,EQ,95865,54406,56.75
20,2111,NEXT50ETF,EQ,10559,10201,96.61
20,2112,NEXT50IETF,EQ,314238,216161,68.79
20,2113,NEXTMEDIA,EQ,55549,43274,77.90
20,2114,NFL,EQ,404241,138370,34.23
20,2115,NFPSAMPOOR,SM,6000,6000,100.00
20,2116,NGIL,EQ,13022,10306,79.14
20,2117,NGLFINE,EQ,69056,11941,17.29
20,2118,NH,EQ,120292,63404,52.71
20,2119,NHIT,IV,25000,25000,100.00
20,2120,NHPC,EQ,14041987,7686798,54.74
20,2121,NIACL,EQ,6906382,1274224,18.45
20,2122,NIBE,EQ,61410,28015,45.62
20,2123,NIBL,EQ,1464,1176,80.33
20,2124,NICCOPAR,EQ,452,452,100.00
20,2125,NIDAN,SM,81000,52000,64.20
20,2126,NIF100BEES,EQ,59036,50967,86.33
20,2127,NIF100IETF,EQ,75038,40774,54.34
20,2128,NIF500BETA,EQ,1986,1983,99.85
20,2129,NIFTY1,EQ,45063,23549,52.26
20,2130,NIFTY100EW,EQ,82606,75938,91.93
20,2131,NIFTYADD,EQ,6783,4401,64.88
20,2132,NIFTYAXIS,EQ,3036,1619,53.33
20,2133,NIFTYBEES,EQ,4418043,2447957,55.41
20,2134,NIFTYBETA,EQ,76337,67785,88.80
20,2135,NIFTYBETF,EQ,964866,800937,83.01
20,2136,NIFTYCASE,EQ,400926,308129,76.85
20,2137,NIFTYETF,EQ,68810,32318,46.97
20,2138,NIFTYIETF,EQ,680558,421435,61.92
20,2139,NIFTYJBLK,EQ,335371,268645,80.10
20,2140,NIFTYQLITY,EQ,60746,57391,94.48
20,2141,NIITLTD,EQ,169439,80355,47.42
20,2142,NIITMTS,EQ,88845,56117,63.16
20,2143,NIKITA,SM,8400,8400,100.00
20,2144,NILAINFRA,EQ,140905,106034,75.25
20,2145,NILASPACES,EQ,1904437,829842,43.57
20,2146,NILE,EQ,1689,1235,73.12
20,2147,NILKAMAL,EQ,52362,20552,39.25
20,2148,NIMBSPROJ,EQ,2823,1997,70.74
20,2149,NINSYS,EQ,5444,3833,70.41
20,2150,NIPPOBATRY,EQ,705,489,69.36
20,2151,NIRAJ,EQ,40900,33271,81.35
20,2152,NIRLON,EQ,14704,7460,50.73
20,2153,NIRMAN,SM,7800,6600,84.62
20,2154,NITCO,EQ,375686,188683,50.22
20,2155,NITINSPIN,EQ,160161,78005,48.70
20,2156,NITIRAJ,EQ,1391,782,56.22
20,2157,NITTAGELA,EQ,1826,1389,76.07
20,2158,NIVABUPA,EQ,531089,353210,66.51
20,2159,NKIND,EQ,419,250,59.67
20,2160,NLCINDIA,EQ,1025588,496512,48.41
20,2161,NMDC,EQ,13174732,5939731,45.08
20,2162,NMSTEEL,SM,4800,4800,100.00
20,2163,NOCIL,EQ,590378,217575,36.85
20,2164,NOIDATOLL,EQ,97360,63210,64.92
20,2165,NORBTEAEXP,EQ,862,856,99.30
20,2166,NORTHARC,EQ,1694057,861196,50.84
20,2167,NOVARTIND,EQ,16580,12203,73.60
20,2168,NPBET,EQ,41555,40107,96.52
20,2169,NPST,EQ,80429,36690,45.62
20,2170,NRAIL,EQ,6835,5431,79.46
20,2171,NRBBEARING,EQ,187065,108634,58.07
20,2172,NRVANDANA,SM,27000,21000,77.78
20,2173,NSIL,EQ,995,652,65.53
20,2174,NSLNISP,EQ,4161680,1640012,39.41
20,2175,NTCIND,EQ,907,798,87.98
20,2176,NTPC,EQ,8100926,5017573,61.94
20,2177,NTPCGREEN,EQ,3480259,1927212,55.38
20,2178,NUCLEUS,EQ,8528,5332,62.52
20,2179,NUVAMA,EQ,299410,107095,35.77
20,2180,NUVOCO,EQ,705546,240526,34.09
20,2181,NV20,EQ,79070,66231,83.76
20,2182,NV20BEES,EQ,12226,9632,78.78
20,2183,NV20IETF,EQ,227799,136620,59.97
20,2184,NXST,RR,171991,130365,75.80
20,2185,NXT-INFRA,IV,450000,450000,100.00
20,2186,NYKAA,EQ,2909741,1600069,54.99
20,2187,OAL,EQ,162215,86063,53.05
20,2188,OBCL,EQ,5857,4825,82.38
20,2189,OBEROIRLTY,EQ,1127326,612735,54.35
20,2190,OBSCP,SM,15200,9200,60.53
20,2191,ODIGMA,EQ,21840,19231,88.05
20,2192,ODYCORP,EQ,186245,141030,75.72
20,2193,OFSS,EQ,217661,112236,51.56
20,2194,OIL,EQ,1471365,570626,38.78
20,2195,OILIETF,EQ,1893627,1605730,84.80
20,2196,OLAELEC,EQ,66732839,22035123,33.02
20,2197,OLECTRA,EQ,710407,193144,27.19
20,2198,OLIL,SM,23200,16400,70.69
20,2199,OMAXAUTO,EQ,41424,24318,58.71
20,2200,OMAXE,EQ,5734642,1154118,20.13
20,2201,OMFURN,SM,1200,1200,100.00
20,2202,OMINFRAL,EQ,21253,12730,59.90
20,2203,OMNI,EQ,648674,282362,43.53
20,2204,OMPOWER,EQ,32744,18313,55.93
20,2205,ONDOOR,SM,7500,6000,80.00
20,2206,ONEGLOBAL,EQ,132633,128662,97.01
20,2207,ONEPOINT,EQ,604182,192139,31.80
20,2208,ONESOURCE,EQ,118656,57222,48.23
20,2209,ONGC,EQ,5175513,2695572,52.08
20,2210,ONIDA,EQ,406531,291714,71.76
20,2211,ONIXSOLAR,EQ,404235,262613,64.97
20,2212,ONWARDTEC,EQ,24237,15548,64.15
20,2213,ONYX,ST,50000,46000,92.00
20,2214,OPTIEMUS,EQ,174663,84754,48.52
20,2215,OPTIFIN,EQ,353825,283956,80.25
20,2216,OPTIMYSTIX,SM,144800,108000,74.59
20,2217,OPTIVALUE,ST,22400,19200,85.71
20,2218,ORCHASP,EQ,195516,150589,77.02
20,2219,ORCHPHARMA,EQ,33332,18822,56.47
20,2220,ORIANA,SM,31125,25425,81.69
20,2221,ORICONENT,EQ,39578,26958,68.11
20,2222,ORIENTALTL,EQ,64115,46887,73.13
20,2223,ORIENTBELL,EQ,68349,38298,56.03
20,2224,ORIENTCEM,EQ,74110,45299,61.12
20,2225,ORIENTCER,EQ,100667,67374,66.93
20,2226,ORIENTELEC,EQ,63982,39259,61.36
20,2227,ORIENTHOT,EQ,597733,269681,45.12
20,2228,ORIENTPPR,EQ,343727,143808,41.84
20,2229,ORIENTTECH,EQ,76716,30520,39.78
20,2230,ORIRAIL,EQ,66688,32423,48.62
20,2231,ORISSAMINE,EQ,3888,1460,37.55
20,2232,ORKLAINDIA,EQ,55776,31533,56.54
20,2233,ORTINGLOBE,EQ,2598,2458,94.61
20,2234,OSELDEVICE,SM,28800,18000,62.50
20,2235,OSWALAGRO,EQ,19364,18079,93.36
20,2236,OSWALGREEN,EQ,165052,105849,64.13
20,2237,OSWALPUMPS,EQ,587134,293432,49.98
20,2238,OSWALSEEDS,EQ,56914,38686,67.97
20,2239,OWAIS,ST,15200,14300,94.08
20,2240,PACEDIGITK,EQ,423368,206657,48.81
20,2241,PACIFICI,EQ,503,491,97.61
20,2242,PAGEIND,EQ,37917,24508,64.64
20,2243,PAISALO,EQ,26082945,13665975,52.39
20,2244,PAKKA,EQ,246145,146937,59.70
20,2245,PALASHSECU,EQ,285,148,51.93
20,2246,PANACEABIO,EQ,97503,50141,51.43
20,2247,PANAMAPET,EQ,185627,71529,38.53
20,2248,PANORAMA,EQ,1367199,230212,16.84
20,2249,PANSARI,EQ,69,68,98.55
20,2250,PAR,EQ,726345,181234,24.95
20,2251,PARACABLES,EQ,961457,499076,51.91
20,2252,PARADEEP,EQ,3920239,1669379,42.58
20,2253,PARAGMILK,EQ,663361,269109,40.57
20,2254,PARAMOUNT,SM,8400,6000,71.43
20,2255,PARAS,EQ,770921,173309,22.48
20,2256,PARASPETRO,EQ,87917,56736,64.53
20,2257,PARIN,SM,38750,21250,54.84
20,2258,PARKHOSPS,EQ,1466598,618121,42.15
20,2259,PARKHOTELS,EQ,142078,118893,83.68
20,2260,PARNAXLAB,EQ,7999,7511,93.90
20,2261,PARTH,SM,15200,12000,78.95
20,2262,PARTYCRUS,SM,5000,3000,60.00
20,2263,PASHUPATI,EQ,9919,5002,50.43
20,2264,PATANJALI,EQ,2236883,1109302,49.59
20,2265,PATELENG,EQ,2145797,1065456,49.65
20,2266,PATELRMART,EQ,49408,31744,64.25
20,2267,PATILAUTOM,SM,49800,40800,81.93
20,2268,PAUSHAKLTD,EQ,64991,33674,51.81
20,2269,PAVNAIND,EQ,32064,21629,67.46
20,2270,PAYTM,EQ,1767936,765423,43.29
20,2271,PBMPOLY,EQ,366,262,71.58
20,2272,PCBL,EQ,585739,272854,46.58
20,2273,PCCL,SM,69600,30400,43.68
20,2274,PCJEWELLER,EQ,440757053,51309501,11.64
20,2275,PDMJEPAPER,EQ,371788,81764,21.99
20,2276,PDSL,EQ,364473,284410,78.03
20,2277,PEARLPOLY,EQ,2625,2252,85.79
20,2278,PELATRO,SM,7500,5400,72.00
20,2279,PENIND,EQ,242938,126190,51.94
20,2280,PENTAGON,SM,32000,24000,75.00
20,2281,PERMAGN,EQ,3619,2683,74.14
20,2282,PERSISTENT,EQ,501616,153108,30.52
20,2283,PETRONET,EQ,1768347,959776,54.28
20,2284,PFC,EQ,8643025,5213816,60.32
20,2285,PFIZER,EQ,10609,6627,62.47
20,2286,PFOCUS,EQ,735719,234000,31.81
20,2287,PFS,EQ,223924,167571,74.83
20,2288,PGEL,EQ,1028501,422598,41.09
20,2289,PGHH,EQ,11212,6058,54.03
20,2290,PGHL,EQ,7533,4350,57.75
20,2291,PGIL,EQ,61694,26264,42.57
20,2292,PGINVIT,IV,779136,663322,85.14
20,2293,PHANTOMFX,SM,39000,36300,93.08
20,2294,PHARMABEES,EQ,4645980,2968893,63.90
20,2295,PHOENIXLTD,EQ,540712,293694,54.32
20,2296,PHOENXINTL,EQ,3977,3483,87.58
20,2297,PHOGLOBAL,SM,10000,8000,80.00
20,2298,PICCADIL,EQ,209272,98014,46.84
20,2299,PIDILITIND,EQ,578059,364003,62.97
20,2300,PIGL,EQ,31832,16637,52.27
20,2301,PIIND,EQ,143355,57416,40.05
20,2302,PILANIINVS,EQ,743,503,67.70
20,2303,PILITA,EQ,224313,223136,99.48
20,2304,PINELABS,EQ,17143077,7771526,45.33
20,2305,PIONEEREMB,EQ,18142,15857,87.40
20,2306,PIRAMALFIN,EQ,342240,197023,57.57
20,2307,PITTIENG,EQ,71944,36085,50.16
20,2308,PIXTRANS,EQ,12213,7229,59.19
20,2309,PKTEA,EQ,477,432,90.57
20,2310,PLASTIBLEN,EQ,53281,27887,52.34
20,2311,PLATIND,EQ,80134,52265,65.22
20,2312,PLAZACABLE,EQ,281811,152343,54.06
20,2313,PML,EQ,180,147,81.67
20,2314,PNB,EQ,11831844,5547540,46.89
20,2315,PNBGILTS,EQ,236635,109537,46.29
20,2316,PNBHOUSING,EQ,405993,260985,64.28
20,2317,PNC,EQ,9145,6497,71.04
20,2318,PNCINFRA,EQ,579884,309968,53.45
20,2319,PNGJL,EQ,384815,201996,52.49
20,2320,PNGSREVA,EQ,54540,30308,55.57
20,2321,POCL,EQ,372437,213762,57.40
20,2322,PODDARMENT,EQ,2257,1784,79.04
20,2323,POEL,EQ,43386,36119,83.25
20,2324,POKARNA,EQ,31919,15858,49.68
20,2325,POLICYBZR,EQ,826275,509476,61.66
20,2326,POLYCAB,EQ,202650,97817,48.27
20,2327,POLYMED,EQ,142292,62375,43.84
20,2328,POLYPLEX,EQ,44615,30843,69.13
20,2329,POLYSIL,SM,81000,79500,98.15
20,2330,POLYSPIN,EQ,1502,1002,66.71
20,2331,PONNIERODE,EQ,24795,9915,39.99
20,2332,POONAWALLA,EQ,474848,262314,55.24
20,2333,POSITRON,SM,11700,9900,84.62
20,2334,POWERGRID,EQ,9826724,5371497,54.66
20,2335,POWERICA,EQ,130051,74076,56.96
20,2336,POWERINDIA,EQ,63981,25057,39.16
20,2337,POWERMECH,EQ,51674,26781,51.83
20,2338,PPLPHARMA,EQ,2539339,936522,36.88
20,2339,PPSL,SM,186000,111000,59.68
20,2340,PRABHA,EQ,664638,191635,28.83
20,2341,PRAENG,EQ,460839,351195,76.21
20,2342,PRAJIND,EQ,444586,177864,40.01
20,2343,PRAKASH,EQ,394140,197161,50.02
20,2344,PRAKASHSTL,EQ,351711,259854,73.88
20,2345,PRAMARA,SM,42500,22500,52.94
20,2346,PRAMODINI,SM,45600,37200,81.58
20,2347,PRATHAM,SM,3200,3200,100.00
20,2348,PRAVEG,EQ,24422,15698,64.28
20,2349,PRAXIS,EQ,34644,29037,83.82
20,2350,PRECAM,EQ,166301,76154,45.79
20,2351,PRECISION,ST,8000,8000,100.00
20,2352,PRECOT,EQ,4113,3183,77.39
20,2353,PRECWIRE,EQ,632850,183627,29.02
20,2354,PREMCO,EQ,528,512,96.97
20,2355,PREMEXPLN,EQ,124897,88167,70.59
20,2356,PREMIERENE,EQ,543617,235659,43.35
20,2357,PREMIERPOL,EQ,242095,103033,42.56
20,2358,PREMIUM,SM,9000,9000,100.00
20,2359,PRESSTONIC,SM,10400,10400,100.00
20,2360,PRESTIGE,EQ,918809,471776,51.35
20,2361,PRICOLLTD,EQ,188075,87037,46.28
20,2362,PRIMECAB,ST,33600,32000,95.24
20,2363,PRIMESECU,EQ,94334,51504,54.60
20,2364,PRIMO,EQ,118899,73510,61.83
20,2365,PRINCEPIPE,EQ,108741,59373,54.60
20,2366,PRISMX,EQ,233973,90550,38.70
20,2367,PRIVISCL,EQ,49616,32745,66.00
20,2368,PRIZOR,ST,7600,6800,89.47
20,2369,PRLIND,SM,145000,100000,68.97
20,2370,PROFX,SM,3200,3200,100.00
20,2371,PROLIFE,SM,1500,1500,100.00
20,2372,PROPEQUITY,SM,1200,1200,100.00
20,2373,PROPSHOP,SM,40000,38000,95.00
20,2374,PROSTARM,EQ,113834,66896,58.77
20,2375,PROTEAN,EQ,291982,171882,58.87
20,2376,PROZONER,EQ,351890,295535,83.99
20,2377,PRSMJOHNSN,EQ,332067,163948,49.37
20,2378,PRUDENT,EQ,18196,7452,40.95
20,2379,PSB,EQ,3074473,1029510,33.49
20,2380,PSFL,SM,8000,8000,100.00
20,2381,PSPPROJECT,EQ,27031,15785,58.40
20,2382,PSRAJ,ST,57500,55000,95.65
20,2383,PSUBANK,EQ,116246,34587,29.75
20,2384,PSUBANKADD,EQ,25500,10983,43.07
20,2385,PSUBNKBEES,EQ,2544032,1374995,54.05
20,2386,PSUBNKIETF,EQ,195452,78285,40.05
20,2387,PTC,EQ,794952,482787,60.73
20,2388,PTCIL,EQ,80704,23729,29.40
20,2389,PTL,EQ,35615,22953,64.45
20,2390,PUNJABCHEM,EQ,4770,2116,44.36
20,2391,PURPLEUTED,ST,14500,14500,100.00
20,2392,PURVA,EQ,101627,34581,34.03
20,2393,PURVFLEXI,SM,26400,24800,93.94
20,2394,PUSHPA,SM,31000,19000,61.29
20,2395,PVP,EQ,3406240,1524807,44.77
20,2396,PVRINOX,EQ,552239,336705,60.97
20,2397,PVSL,EQ,36902,21866,59.25
20,2398,PVTBANIETF,EQ,3533824,2708892,76.66
20,2399,PVTBANK,EQ,31153,25709,82.52
20,2400,PVTBANKADD,EQ,601342,551946,91.79
20,2401,PVTBKGROWW,EQ,21298,11996,56.32
20,2402,PWL,EQ,13968782,7725299,55.30
20,2403,PYRAMID,EQ,205856,141641,68.81
20,2404,QFIL,SM,2000,2000,100.00
20,2405,QGOLDHALF,EQ,94245,30148,31.99
20,2406,QLINE,SM,330000,202400,61.33
20,2407,QNIFTY,EQ,1075,719,66.88
20,2408,QPOWER,EQ,345370,170242,49.29
20,2409,QUADFUTURE,EQ,715490,139556,19.50
20,2410,QUAL30IETF,EQ,67696,36946,54.58
20,2411,QUALITY30,EQ,13336,6017,45.12
20,2412,QUESS,EQ,435377,154554,35.50
20,2413,QUESTLAB,SM,3600,2400,66.67
20,2414,QUICKTOUCH,SM,1500,1500,100.00
20,2415,QUINT,EQ,1242,963,77.54
20,2416,QVCEL,SM,3200,3200,100.00
20,2417,RACE,EQ,53881,52818,98.03
20,2418,RACLGEAR,EQ,29137,14350,49.25
20,2419,RADAAN,EQ,14626,12617,86.26
20,2420,RADHIKAJWE,EQ,1363874,427169,31.32
20,2421,RADIANTCMS,EQ,472240,283623,60.06
20,2422,RADICO,EQ,225508,120592,53.48
20,2423,RADIOCITY,EQ,42043,36539,86.91
20,2424,RADIOWALLA,ST,6400,4800,75.00
20,2425,RAILTEL,EQ,342611,125990,36.77
20,2426,RAIN,EQ,5023422,2148496,42.77
20,2427,RAINBOW,EQ,105674,68910,65.21
20,2428,RAJINDLTD,SM,7500,6000,80.00
20,2429,RAJMET,EQ,209644,182073,86.85
20,2430,RAJPALAYAM,EQ,2451,1749,71.36
20,2431,RAJPUTANA,SM,47500,33000,69.47
20,2432,RAJRATAN,EQ,100819,47480,47.09
20,2433,RAJSREESUG,EQ,32654,20270,62.08
20,2434,RAJTV,EQ,96443,82315,85.35
20,2435,RALLIS,EQ,501264,222239,44.34
20,2436,RAMANEWS,EQ,39050,24726,63.32
20,2437,RAMAPHO,EQ,22471,12553,55.86
20,2438,RAMBHAJO,EQ,1947346,809987,41.59
20,2439,RAMCOCEM,EQ,74858,35521,47.45
20,2440,RAMCOIND,EQ,111578,69561,62.34
20,2441,RAMCOSYS,EQ,65997,32476,49.21
20,2442,RAMKY,EQ,70323,33125,47.10
20,2443,RAMRAT,EQ,554324,190965,34.45
20,2444,RANASUG,EQ,467741,231003,49.39
20,2445,RANEHOLDIN,EQ,13595,7375,54.25
20,2446,RAPIDFLEET,SM,12600,1200,9.52
20,2447,RAPPID,SM,1200,1200,100.00
20,2448,RATEGAIN,EQ,544026,275236,50.59
20,2449,RATNAMANI,EQ,51290,19203,37.44
20,2450,RATNAVEER,EQ,3090058,886115,28.68
20,2451,RAYMOND,EQ,16593917,1546754,9.32
20,2452,RAYMONDLSL,EQ,342390,189847,55.45
20,2453,RAYMONDREL,EQ,844427,415292,49.18
20,2454,RBA,EQ,1587659,631745,39.79
20,2455,RBLBANK,EQ,19862463,5959814,30.01
20,2456,RBMINFRA,SM,12000,9400,78.33
20,2457,RBS,SM,1600,1600,100.00
20,2458,RBZJEWEL,EQ,11694931,886825,7.58
20,2459,RCDL,SM,87000,60000,68.97
20,2460,RCDL-RE,ST,402000,399000,99.25
20,2461,RCF,EQ,1100137,439743,39.97
20,2462,READYMIX,SM,23000,8000,34.78
20,2463,RECLTD,EQ,4295735,2328748,54.21
20,2464,REDINGTON,EQ,9042679,4002392,44.26
20,2465,REDTAPE,EQ,403601,219601,54.41
20,2466,REFEX,EQ,138840,69094,49.77
20,2467,REFRACTORY,SM,1000,1000,100.00
20,2468,REGAAL,EQ,111350,65892,59.18
20,2469,REGENCERAM,EQ,6503,5805,89.27
20,2470,RELAXO,EQ,85583,35055,40.96
20,2471,RELCHEMQ,EQ,2007,1651,82.26
20,2472,RELIABLE,EQ,29075,7138,24.55
20,2473,RELIANCE,EQ,9721454,5306274,54.58
20,2474,RELIGARE,EQ,849016,470769,55.45
20,2475,RELTD,EQ,253721,141454,55.75
20,2476,REMSONSIND,EQ,114091,44303,38.83
20,2477,REMUS,SM,8600,5800,67.44
20,2478,RENUKA,EQ,17941170,3594615,20.04
20,2479,REPCOHOME,EQ,119019,74645,62.72
20,2480,REPRO,EQ,8276,3927,47.45
20,2481,RESPONIND,EQ,66556,21661,32.55
20,2482,RETAIL,EQ,1383,1247,90.17
20,2483,REXPRO,SM,1000,1000,100.00
20,2484,RFBL,ST,6000,6000,100.00
20,2485,RGL,EQ,293143,118546,40.44
20,2486,RHETAN,EQ,10526861,6591029,62.61
20,2487,RHIM,EQ,141692,73732,52.04
20,2488,RHL,EQ,2006,1543,76.92
20,2489,RICHA,ST,2000,2000,100.00
20,2490,RICOAUTO,EQ,588850,216591,36.78
20,2491,RIIL,EQ,43791,12812,29.26
20,2492,RIIT,IV,780815,774766,99.23
20,2493,RILINFRA,SM,7200,6400,88.89
20,2494,RIR,EQ,505055,456980,90.48
20,2495,RISHABH,EQ,157075,77478,49.33
20,2496,RITCO,EQ,33916,24218,71.41
20,2497,RITES,EQ,278105,142689,51.31
20,2498,RITEZONE,SM,1600,1600,100.00
20,2499,RKDL,EQ,5837,4764,81.62
20,2500,RKEC,EQ,23320,18036,77.34
20,2501,RKFORGE,EQ,443737,177794,40.07
20,2502,RKSWAMY,EQ,9985,5349,53.57
20,2503,RMC,EQ,85081,26822,31.53
20,2504,RML,EQ,11830,5746,48.57
20,2505,RNBDENIMS,EQ,3089346,1696469,54.91
20,2506,RNFI,SM,48000,38400,80.00
20,2507,RNPL,SM,8400,0,0.00
20,2508,ROCKINGDCE,SM,2250,1500,66.67
20,2509,ROCKPP,E1,3000,3000,100.00
20,2510,ROHLTD,EQ,6138,4364,71.10
20,2511,ROLEXRINGS,EQ,1379507,621939,45.08
20,2512,ROML,EQ,2992,2486,83.09
20,2513,ROSSARI,EQ,342764,159383,46.50
20,2514,ROSSELLIND,EQ,30862,22937,74.32
20,2515,ROSSTECH,EQ,121642,67584,55.56
20,2516,ROTO,EQ,208053,98587,47.39
20,2517,ROUTE,EQ,115028,53274,46.31
20,2518,ROXHITECH,SM,35200,30400,86.36
20,2519,RPEL,EQ,181647,80377,44.25
20,2520,RPGLIFE,EQ,25736,9267,36.01
20,2521,RPOWER,EQ,10995033,3412493,31.04
20,2522,RPPINFRA,EQ,52388,35619,67.99
20,2523,RPSGVENT,EQ,48590,37471,77.12
20,2524,RPTECH,EQ,130126,61145,46.99
20,2525,RRECL,EQ,3378,3189,94.40
20,2526,RRIL,EQ,13765,12429,90.29
20,2527,RRKABEL,EQ,686037,304492,44.38
20,2528,RSL,EQ,366889,133403,36.36
20,2529,RSSOFTWARE,EQ,39888,25602,64.18
20,2530,RSYSTEMS,EQ,126707,63620,50.21
20,2531,RTNINDIA,EQ,7638164,2911511,38.12
20,2532,RTNPOWER,EQ,29370107,15901702,54.14
20,2533,RTSPOWR,EQ,934,778,83.30
20,2534,RUBFILA,EQ,25569,20805,81.37
20,2535,RUBICON,EQ,233210,127200,54.54
20,2536,RUCHINFRA,EQ,680209,335572,49.33
20,2537,RUCHIRA,EQ,89470,43081,48.15
20,2538,RUDRA,EQ,62063,46554,75.01
20,2539,RULKA,SM,1200,900,75.00
20,2540,RUPA,EQ,83254,34954,41.98
20,2541,RUSHIL,EQ,234777,158034,67.31
20,2542,RUSTOMJEE,EQ,50262,17502,34.82
20,2543,RVHL,EQ,9326,8260,88.57
20,2544,RVNL,EQ,4061743,929345,22.88
20,2545,RVTH,EQ,207,182,87.92
20,2546,S&SPOWER,EQ,3765,2446,64.97
20,2547,SAAKSHI,ST,13200,10200,77.27
20,2548,SAATVIKGL,EQ,143686,33228,23.13
20,2549,SABAR,ST,65000,65000,100.00
20,2550,SACHEEROME,SM,28800,18300,63.54
20,2551,SADBHAV,EQ,130563,103182,79.03
20,2552,SADHAV,SM,9000,5400,60.00
20,2553,SAFARI,EQ,22390,13169,58.82
20,2554,SAFEENTP,SM,110500,79000,71.49
20,2555,SAGARDEEP,EQ,7514,6343,84.42
20,2556,SAGCEM,EQ,74452,48350,64.94
20,2557,SAGILITY,EQ,12927418,5683805,43.97
20,2558,SAHAJSOLAR,SM,9200,8000,86.96
20,2559,SAHANA,SM,14550,8700,59.79
20,2560,SAHASRA,ST,22400,20800,92.86
20,2561,SAHLIBHFI,EQ,170131,86820,51.03
20,2562,SAHYADRI,EQ,6781,4674,68.93
20,2563,SAICAPI,EQ,2613,2233,85.46
20,2564,SAIFL,SM,300000,228000,76.00
20,2565,SAIL,EQ,17723024,6421035,36.23
20,2566,SAILIFE,EQ,1633705,742260,45.43
20,2567,SAIPARENT,EQ,35674,21087,59.11
20,2568,SAKAR,EQ,168154,77489,46.08
20,2569,SAKHTISUG,EQ,242541,105391,43.45
20,2570,SAKSOFT,EQ,259461,76139,29.35
20,2571,SAKUMA,EQ,1056846,709884,67.17
20,2572,SALASAR,EQ,40156990,24726563,61.57
20,2573,SALONA,EQ,63,50,79.37
20,2574,SALSTEEL,EQ,677428,176085,25.99
20,2575,SALZERELEC,EQ,29792,15658,52.56
20,2576,SAMBANDAM,EQ,427,427,100.00
20,2577,SAMBHAAV,EQ,4877,4253,87.21
20,2578,SAMBHV,EQ,824230,356654,43.27
20,2579,SAMHI,EQ,800313,444915,55.59
20,2580,SAMMAANCAP,EQ,6224479,2969269,47.70
20,2581,SAMPANN,EQ,14901,8448,56.69
20,2582,SANATHAN,EQ,38259,27105,70.85
20,2583,SANDESH,EQ,224,137,61.16
20,2584,SANDHAR,EQ,85928,42545,49.51
20,2585,SANDUMA,EQ,407132,164042,40.29
20,2586,SANGAMIND,EQ,23015,11939,51.87
20,2587,SANGANI,SM,15000,15000,100.00
20,2588,SANGHVIMOV,EQ,115506,60014,51.96
20,2589,SANOFI,EQ,14906,8725,58.53
20,2590,SANOFICONR,EQ,7444,3737,50.20
20,2591,SANSERA,EQ,88647,43014,48.52
20,2592,SANSTAR,EQ,174823,74942,42.87
20,2593,SAPPHIRE,EQ,367836,128340,34.89
20,2594,SAPPL,EQ,596,244,40.94
20,2595,SARDAEN,EQ,382427,171110,44.74
20,2596,SAREGAMA,EQ,405441,218685,53.94
20,2597,SARLAPOLY,EQ,33737,19038,56.43
20,2598,SARTELE,SM,81500,64500,79.14
20,2599,SARVESHWAR,EQ,742565,488218,65.75
20,2600,SASKEN,EQ,12388,6914,55.81
20,2601,SATECH,SM,15000,8000,53.33
20,2602,SATIA,EQ,657812,491570,74.73
20,2603,SATIN,EQ,388149,191193,49.26
20,2604,SATKARTAR,SM,38400,32000,83.33
20,2605,SATTVAENGG,SM,4800,4800,100.00
20,2606,SAURASHCEM,EQ,84733,58127,68.60
20,2607,SAVY,SM,12000,7200,60.00
20,2608,SAWALIYA,SM,21600,21000,97.22
20,2609,SAYAJIHOTL,EQ,32,29,90.63
20,2610,SAYAJIIND,EQ,111,111,100.00
20,2611,SBC,EQ,8714926,4550304,52.21
20,2612,SBCL,EQ,675189,332950,49.31
20,2613,SBFC,EQ,3008192,1294856,43.04
20,2614,SBGLP,EQ,36830,23753,64.49
20,2615,SBIBPB,EQ,92284,65978,71.49
20,2616,SBICARD,EQ,3785886,1261238,33.31
20,2617,SBIETFCON,EQ,2746,1796,65.40
20,2618,SBIETFIT,EQ,2610,2055,78.74
20,2619,SBIETFPB,EQ,20614,18783,91.12
20,2620,SBIETFQLTY,EQ,2010,1958,97.41
20,2621,SBIFUNDS,EQ,984775,498856,50.66
20,2622,SBILIFE,EQ,648581,396887,61.19
20,2623,SBILIQETF,EQ,13808,7138,51.69
20,2624,SBIMIDMOM,EQ,91467,87630,95.81
20,2625,SBIN,EQ,7371804,3554490,48.22
20,2626,SBINEQWETF,EQ,45746,13707,29.96
20,2627,SBINMID150,EQ,42448,41489,97.74
20,2628,SBISILVER,EQ,1120159,279767,24.98
20,2629,SBISMLETF,EQ,62218,41329,66.43
20,2630,SBIVALETF,EQ,232054,230038,99.13
20,2631,SCHAEFFLER,EQ,50015,41858,83.69
20,2632,SCHAND,EQ,15989,10754,67.26
20,2633,SCHNEIDER,EQ,351366,166968,47.52
20,2634,SCI,EQ,2179977,799067,36.65
20,2635,SCILAL,EQ,224963,165464,73.55
20,2636,SCL01825,N6,1,1,100.00
20,2637,SCML,SM,46000,5000,10.87
20,2638,SCODATUBES,EQ,395401,187782,47.49
20,2639,SDBL,EQ,820282,154987,18.89
20,2640,SDREAMS,SM,8000,6000,75.00
20,2641,SEAMECLTD,EQ,189284,95452,50.43
20,2642,SECMARK,EQ,1968,1293,65.70
20,2643,SECURKLOUD,EQ,17190,15802,91.93
20,2644,SEDEMAC,EQ,78970,29057,36.79
20,2645,SEIL,EQ,161132,104432,64.81
20,2646,SEITINVIT,IV,50000,50000,100.00
20,2647,SEJALLTD,EQ,5132,4045,78.82
20,2648,SEKURITIND,EQ,50859,29606,58.21
20,2649,SEL,SM,1200,800,66.67
20,2650,SELECTIPO,EQ,90986,82715,90.91
20,2651,SELMC,EQ,2630,2291,87.11
20,2652,SEMAC,EQ,1,1,100.00
20,2653,SENCO,EQ,580287,251161,43.28
20,2654,SENORES,EQ,111671,49750,44.55
20,2655,SENSEXADD,EQ,412,230,55.83
20,2656,SENSEXAXIS,EQ,1119,562,50.22
20,2657,SENSEXBETA,EQ,1209,693,57.32
20,2658,SENSEXETF,EQ,30438,12456,40.92
20,2659,SENSEXIETF,EQ,3088,1749,56.64
20,2660,SEPC,EQ,7960833,3759123,47.22
20,2661,SERVICE,SM,34000,14000,41.18
20,2662,SERVOTECH,EQ,295395,141858,48.02
20,2663,SESHAPAPER,EQ,67311,39034,57.99
20,2664,SETF10GILT,EQ,13931,13409,96.25
20,2665,SETFGOLD,EQ,6068954,3900014,64.26
20,2666,SETFNIF50,EQ,1944285,1592305,81.90
20,2667,SETFNIFBK,EQ,39093,33297,85.17
20,2668,SETFNN50,EQ,12368,8843,71.50
20,2669,SETL,EQ,1063766,547160,51.44
20,2670,SFL,EQ,60462,29613,48.98
20,2671,SFML,SM,3200,3200,100.00
20,2672,SGBAPR28I,GB,145,105,72.41
20,2673,SGBAUG27,GB,34,29,85.29
20,2674,SGBAUG28V,GB,1907,1317,69.06
20,2675,SGBAUG29V,GB,83,47,56.63
20,2676,SGBAUG30,GB,80,63,78.75
20,2677,SGBD29VIII,GB,152,79,51.97
20,2678,SGBDC27VII,GB,12,11,91.67
20,2679,SGBDE30III,GB,88,63,71.59
20,2680,SGBDE31III,GB,427,293,68.62
20,2681,SGBDEC26,GB,1,1,100.00
20,2682,SGBFEB29XI,GB,68,43,63.24
20,2683,SGBFEB32IV,GB,1201,705,58.70
20,2684,SGBJ28VIII,GB,52,30,57.69
20,2685,SGBJAN29IX,GB,434,250,57.60
20,2686,SGBJAN29X,GB,89,71,79.78
20,2687,SGBJAN30IX,GB,104,77,74.04
20,2688,SGBJU29III,GB,68,52,76.47
20,2689,SGBJUL27,GB,6,6,100.00
20,2690,SGBJUL28IV,GB,343,146,42.57
20,2691,SGBJUL29IV,GB,291,151,51.89
20,2692,SGBJUN28,GB,98,81,82.65
20,2693,SGBJUN29II,GB,55,50,90.91
20,2694,SGBJUN30,GB,144,118,81.94
20,2695,SGBJUN31I,GB,453,348,76.82
20,2696,SGBMAR28X,GB,3,3,100.00
20,2697,SGBMAR30X,GB,154,113,73.38
20,2698,SGBMAR31IV,GB,63,50,79.37
20,2699,SGBMAY28,GB,52,51,98.08
20,2700,SGBMAY29I,GB,559,352,62.97
20,2701,SGBMR29XII,GB,302,201,66.56
20,2702,SGBN28VIII,GB,46,35,76.09
20,2703,SGBNOV26,GB,11,9,81.82
20,2704,SGBNV29VII,GB,191,151,79.06
20,2705,SGBOC28VII,GB,52,42,80.77
20,2706,SGBOCT27VI,GB,10,10,100.00
20,2707,SGBSEP27,GB,96,96,100.00
20,2708,SGBSEP28VI,GB,158,105,66.46
20,2709,SGBSEP29VI,GB,117,56,47.86
20,2710,SGBSEP31II,GB,420,262,62.38
20,2711,SGFIN,EQ,82919,35405,42.70
20,2712,SGIL,EQ,15558,11601,74.57
20,2713,SGL,EQ,4756,3191,67.09
20,2714,SGLRES,EQ,55677,31237,56.10
20,2715,SGMART,EQ,102121,46121,45.16
20,2716,SGRL,EQ,21215,17157,80.87
20,2717,SHADOWFAX,EQ,2043099,1129820,55.30
20,2718,SHAH,EQ,1834414,1349907,73.59
20,2719,SHAILY,EQ,114452,51426,44.93
20,2720,SHAKTIPUMP,EQ,291210,131578,45.18
20,2721,SHALBY,EQ,41367,25089,60.65
20,2722,SHANKARA,EQ,135168,127098,94.03
20,2723,SHANKESH,EQ,4660673,1386690,29.75
20,2724,SHANTI,EQ,5523,3357,60.78
20,2725,SHANTIGEAR,EQ,617083,167980,27.22
20,2726,SHANTIGOLD,EQ,1137453,462087,40.62
20,2727,SHARDACROP,EQ,62688,35090,55.98
20,2728,SHARDAMOTR,EQ,24681,14873,60.26
20,2729,SHAREINDIA,EQ,60403,29198,48.34
20,2730,SHARIABEES,EQ,13628,6443,47.28
20,2731,SHBAJRG,EQ,1515,1269,83.76
20,2732,SHEEL,ST,12000,10000,83.33
20,2733,SHEETAL,SM,7000,5000,71.43
20,2734,SHERA,SM,129000,92000,71.32
20,2735,SHERVANI,EQ,282,187,66.31
20,2736,SHETHJI,SM,98000,83000,84.69
20,2737,SHIGAN,SM,55500,55500,100.00
20,2738,SHILCTECH,EQ,13639,8720,63.93
20,2739,SHILGRAVQ,EQ,7871,6272,79.68
20,2740,SHILPAMED,EQ,1865429,780512,41.84
20,2741,SHINDL,EQ,314669,184280,58.56
20,2742,SHIPROCKET,EQ,11756152,1914539,16.29
20,2743,SHIVAAGRO,EQ,559,555,99.28
20,2744,SHIVACEM,EQ,55110,42135,76.46
20,2745,SHIVAMAUTO,EQ,42692,22347,52.34
20,2746,SHIVAMILLS,EQ,483,468,96.89
20,2747,SHIVATEX,EQ,18630,14525,77.97
20,2748,SHIVAUM,EQ,21740,20850,95.91
20,2749,SHK,EQ,363657,202734,55.75
20,2750,SHKSIL,SM,28000,26000,92.86
20,2751,SHOPERSTOP,EQ,24851,12704,51.12
20,2752,SHRADDHA,EQ,8688,6141,70.68
20,2753,SHRADHA,EQ,36952,18979,51.36
20,2754,SHREDIGCEM,EQ,276831,122088,44.10
20,2755,SHREECEM,EQ,20001,9979,49.89
20,2756,SHREEDHAR,ST,56000,44000,78.57
20,2757,SHREEJISPG,EQ,2427502,936904,38.60
20,2758,SHREEKARNI,SM,4200,2850,67.86
20,2759,SHREEOSFM,SM,14000,8000,57.14
20,2760,SHREEPUSHK,EQ,121293,63109,52.03
20,2761,SHREERAMA,EQ,371628,175549,47.24
20,2762,SHREMINVIT,IV,825000,825000,100.00
20,2763,SHREYANIND,EQ,6985,5072,72.61
20,2764,SHRIAHIMSA,ST,6600,6600,100.00
20,2765,SHRIKANHA,SM,8000,6400,80.00
20,2766,SHRIKRISH,EQ,830,552,66.51
20,2767,SHRINGARMS,EQ,290555,38937,13.40
20,2768,SHRIPISTON,EQ,34532,18252,52.86
20,2769,SHRIRAMFIN,EQ,6236042,4164096,66.77
20,2770,SHRIRAMPPS,EQ,1351752,1165668,86.23
20,2771,SHRJAGP,EQ,241,211,87.55
20,2772,SHUBHSHREE,SM,600,600,100.00
20,2773,SHUKRAPHAR,EQ,8949935,3197485,35.73
20,2774,SHYAMDHANI,ST,8000,8000,100.00
20,2775,SHYAMMETL,EQ,661154,460482,69.65
20,2776,SHYAMTEL,EQ,6276,5853,93.26
20,2777,SICAGEN,EQ,32048,20363,63.54
20,2778,SIDDHICOTS,SM,13200,9600,72.73
20,2779,SIDDHIKA,SM,1500,1000,66.67
20,2780,SIEL,EQ,3436,2278,66.30
20,2781,SIEMENS,EQ,388897,137661,35.40
20,2782,SIGACHI,EQ,2066857,806900,39.04
20,2783,SIGMA,EQ,69898,47235,67.58
20,2784,SIGNATURE,EQ,320785,44167,13.77
20,2785,SIGNORIA,ST,2000,2000,100.00
20,2786,SIGNPOST,EQ,54175,36624,67.60
20,2787,SIKA,EQ,27776,14341,51.63
20,2788,SIL,EQ,31449,23223,73.84
20,2789,SILGO,EQ,108662,9893,9.10
20,2790,SILINV,EQ,1040,670,64.42
20,2791,SILKFLEX,SM,80000,67000,83.75
20,2792,SILKY,SM,3200,2400,75.00
20,2793,SILLYMONKS,EQ,11213,7683,68.52
20,2794,SILVER,EQ,968800,278395,28.74
20,2795,SILVER001,EQ,32911,20171,61.29
20,2796,SILVER1,EQ,78929377,60669267,76.87
20,2797,SILVER360,EQ,7893,5169,65.49
20,2798,SILVERADD,EQ,5767771,1894877,32.85
20,2799,SILVERAG,EQ,923743,437117,47.32
20,2800,SILVERAXIS,EQ,496540,245524,49.45
20,2801,SILVERBEES,EQ,16902866,5591604,33.08
20,2802,SILVERBETA,EQ,824143,240169,29.14
20,2803,SILVERBND,EQ,20205,17617,87.19
20,2804,SILVERCASE,EQ,11485530,4466404,38.89
20,2805,SILVERIETF,EQ,3361232,1681962,50.04
20,2806,SILVERTUC,EQ,654744,215597,32.93
20,2807,SIMCA,ST,4200,4200,100.00
20,2808,SIMPLEXINF,EQ,61855,47024,76.02
20,2809,SIMPLXREA,EQ,1,1,100.00
20,2810,SINCLAIR,EQ,88131,67848,76.99
20,2811,SINDHUTRAD,EQ,3060248,704648,23.03
20,2812,SINGERIND,EQ,127313,78886,61.96
20,2813,SINTERCOM,EQ,8096,5316,65.66
20,2814,SIRCA,EQ,366522,79300,21.64
20,2815,SIS,EQ,773082,443890,57.42
20,2816,SIYSIL,EQ,24396,11431,46.86
20,2817,SJLOGISTIC,SM,14750,12750,86.44
20,2818,SJS,EQ,91032,66371,72.91
20,2819,SJVN,EQ,2436292,790676,32.45
20,2820,SKFINDIA,EQ,18372,9633,52.43
20,2821,SKFINDUS,EQ,63290,36137,57.10
20,2822,SKIPPER,EQ,413217,161090,38.98
20,2823,SKMEGGPROD,EQ,213171,92186,43.25
20,2824,SKP,SM,69500,30000,43.17
20,2825,SKYGOLD,EQ,970851,568376,58.54
20,2826,SKYTECH,ST,3200,3200,100.00
20,2827,SKYWAYS,EQ,10064287,2493209,24.77
20,2828,SLONE,ST,8800,8000,90.91
20,2829,SMALL250,EQ,171197,100229,58.55
20,2830,SMALLADD,EQ,43890,34809,79.31
20,2831,SMALLCAP,EQ,970576,725053,74.70
20,2832,SMALLGROWW,EQ,14417,13145,91.18
20,2833,SMALLIETF,EQ,19171,10455,54.54
20,2834,SMARTEN,ST,4800,4800,100.00
20,2835,SMARTWORKS,EQ,23582,16316,69.19
20,2836,SMCGLOBAL,EQ,416635,393369,94.42
20,2837,SML100CASE,EQ,1138307,536003,47.09
20,2838,SMLMAH,EQ,246795,68159,27.62
20,2839,SMLT,EQ,15205,11814,77.70
20,2840,SMSPHARMA,EQ,57594,31049,53.91
20,2841,SNEHAA,SM,5000,3000,60.00
20,2842,SNOWMAN,EQ,74329,38602,51.93
20,2843,SNXT30BEES,EQ,4937,1299,26.31
20,2844,SNXT50BETA,EQ,1593,825,51.79
20,2845,SOBHA,EQ,153978,68284,44.35
20,2846,SOCL,SM,1600,1600,100.00
20,2847,SOFTTECH,EQ,1906,1702,89.30
20,2848,SOLARA,EQ,226118,111418,49.27
20,2849,SOLARINDS,EQ,481869,182722,37.92
20,2850,SOLARWORLD,EQ,736863,533897,72.46
20,2851,SOLEX,EQ,57607,13926,24.17
20,2852,SOMANYCERA,EQ,63243,30948,48.94
20,2853,SOMATEX,EQ,35251,23659,67.12
20,2854,SOMICONVEY,EQ,11640,5011,43.05
20,2855,SONACOMS,EQ,1508741,815619,54.06
20,2856,SONAMAC,SM,12000,10000,83.33
20,2857,SONATSOFTW,EQ,812250,363910,44.80
20,2858,SONUINFRA,ST,31500,30000,95.24
20,2859,SOTL,EQ,514868,116015,22.53
20,2860,SOUTHBANK,EQ,29134346,13827808,47.46
20,2861,SOUTHWEST,EQ,287767,135119,46.95
20,2862,SPAL,EQ,47095,18876,40.08
20,2863,SPANDANA,EQ,89455,51762,57.86
20,2864,SPARC,EQ,1047061,339633,32.44
20,2865,SPCENET,EQ,989233,800063,80.88
20,2866,SPCL,SM,6600,4200,63.64
20,2867,SPEB,SM,4000,4000,100.00
20,2868,SPECTSTM,SM,4800,4800,100.00
20,2869,SPELS,EQ,30031,16987,56.56
20,2870,SPENCERS,EQ,60781,44838,73.77
20,2871,SPIC,EQ,1238148,477146,38.54
20,2872,SPLIL,EQ,18016,14402,79.94
20,2873,SPLPETRO,EQ,33727,20433,60.58
20,2874,SPMLINFRA,EQ,214542,119989,55.93
20,2875,SPORTKING,EQ,377373,180855,47.92
20,2876,SPUNWEB,SM,1200,1200,100.00
20,2877,SRD,EQ,10803,8648,80.05
20,2878,SREEL,EQ,14362,11255,78.37
20,2879,SRF,EQ,228501,102322,44.78
20,2880,SRGHFL,EQ,2157,1618,75.01
20,2881,SRHHYPOLTD,EQ,22896,15498,67.69
20,2882,SRIKPRIND,EQ,29069,26409,90.85
20,2883,SRIVASAVI,ST,5000,5000,100.00
20,2884,SRM,EQ,120862,62363,51.60
20,2885,SRTL,EQ,109628,77327,70.54
20,2886,SSDL,EQ,6565,4511,68.71
20,2887,SSEGL,SM,23800,15400,64.71
20,2888,SSFL,ST,10000,9500,95.00
20,2889,SSWL,EQ,2110565,669717,31.73
20,2890,STANLEY,EQ,48137,22797,47.36
20,2891,STAR,EQ,189318,95089,50.23
20,2892,STARCEMENT,EQ,115959,65250,56.27
20,2893,STARHEALTH,EQ,169205,86606,51.18
20,2894,STARPAPER,EQ,21188,18132,85.58
20,2895,STARTECK,EQ,1646,433,26.31
20,2896,STCINDIA,EQ,16144,9485,58.75
20,2897,STEELCAS,EQ,234990,136572,58.12
20,2898,STEELCITY,EQ,23264,17277,74.26
20,2899,STEELXIND,EQ,9236654,3267057,35.37
20,2900,STEL,EQ,1610,857,53.23
20,2901,STLNETWORK,EQ,980994,622600,63.47
20,2902,STLSTRINF,EQ,2313,1480,63.99
20,2903,STOVEKRAFT,EQ,405321,165708,40.88
20,2904,STRIDERS,SM,9600,9600,100.00
20,2905,STUDDS,EQ,18826,12611,66.99
20,2906,STUDIOLSD,SM,56000,50000,89.29
20,2907,STYL,EQ,37954,24344,64.14
20,2908,STYLAMIND,EQ,22174,10071,45.42
20,2909,STYLEBAAZA,EQ,920494,650087,70.62
20,2910,STYRENIX,EQ,42598,26198,61.50
20,2911,SUBAHOTELS,SM,27600,19200,69.57
20,2912,SUBEXLTD,EQ,2201144,1145077,52.02
20,2913,SUBROS,EQ,26791,13195,49.25
20,2914,SUDARCOLOR,EQ,8348,5323,63.76
20,2915,SUDARSCHEM,EQ,165084,65671,39.78
20,2916,SUDEEPPHRM,EQ,369818,204183,55.21
20,2917,SUKHJITS,EQ,5084,4252,83.63
20,2918,SULA,EQ,134101,78896,58.83
20,2919,SUMAX,ST,655200,622800,95.05
20,2920,SUMEDHA,EQ,1789,1789,100.00
20,2921,SUMEETINDS,EQ,2381584,1358659,57.05
20,2922,SUMICHEM,EQ,255711,142898,55.88
20,2923,SUMIT,EQ,16207,7064,43.59
20,2924,SUMMITSEC,EQ,6550,5437,83.01
20,2925,SUNCLAY,EQ,3817,2576,67.49
20,2926,SUNDARAM,EQ,277541,209579,75.51
20,2927,SUNDARMFIN,EQ,35937,21840,60.77
20,2928,SUNDRMFAST,EQ,80543,43752,54.32
20,2929,SUNDROP,EQ,6830,4377,64.08
20,2930,SUNFLAG,EQ,154701,67384,43.56
20,2931,SUNLITE,SM,9000,7200,80.00
20,2932,SUNLOC,EQ,544,544,100.00
20,2933,SUNPHARMA,EQ,1205188,778347,64.58
20,2934,SUNRAKSHAK,EQ,7380,5510,74.66
20,2935,SUNREST,SM,9600,6400,66.67
20,2936,SUNSHIEL,EQ,2400,2270,94.58
20,2937,SUNSHINE,EQ,1680558,439357,26.14
20,2938,SUNTECH,SM,25600,24000,93.75
20,2939,SUNTECK,EQ,94850,50331,53.06
20,2940,SUNTV,EQ,179475,106527,59.35
20,2941,SUPERHOUSE,EQ,4295,2909,67.73
20,2942,SUPRAJIT,EQ,72817,43398,59.60
20,2943,SUPREME,EQ,14721,10689,72.61
20,2944,SUPREMEIND,EQ,243267,138886,57.09
20,2945,SUPREMEINF,EQ,28151,11001,39.08
20,2946,SUPREMEPWR,SM,51000,34500,67.65
20,2947,SUPRIYA,EQ,195699,89187,45.57
20,2948,SURAJEST,EQ,336506,185213,55.04
20,2949,SURAJLTD,EQ,4063,3515,86.51
20,2950,SURAKSHA,EQ,67378,38089,56.53
20,2951,SURANASOL,EQ,20061,15102,75.28
20,2952,SURANAT&P,EQ,24782,20007,80.73
20,2953,SURANI,SM,14000,13800,98.57
20,2954,SURYALA,EQ,1898,1735,91.41
20,2955,SURYALAXMI,EQ,2478,2224,89.75
20,2956,SURYAROSNI,EQ,267243,156289,58.48
20,2957,SURYODAY,EQ,201297,101595,50.47
20,2958,SUVEN,EQ,1692997,499298,29.49
20,2959,SUVIDHAA,EQ,104777,90721,86.58
20,2960,SUYOG,EQ,19414,12852,66.20
20,2961,SUZLON,EQ,32563002,13181049,40.48
20,2962,SVGLOBAL,EQ,16618,6362,38.28
20,2963,SVPGLOB,EQ,90056,75292,83.61
20,2964,SWANCORP,EQ,839586,236281,28.14
20,2965,SWARAJENG,EQ,2871,1786,62.21
20,2966,SWARNSAR,EQ,2449,2439,99.59
20,2967,SWASTIK,ST,7200,7200,100.00
20,2968,SWELECTES,EQ,34091,26666,78.22
20,2969,SWIGGY,EQ,56303392,35092330,62.33
20,2970,SWSOLAR,EQ,616398,270555,43.89
20,2971,SYMBIOTEC,EQ,1921139,683192,35.56
20,2972,SYMPHONY,EQ,28239,14646,51.86
20,2973,SYNCOMF,EQ,24871510,9565493,38.46
20,2974,SYNGENE,EQ,375233,177951,47.42
20,2975,SYNOPTICS,ST,6600,4800,72.73
20,2976,SYRMA,EQ,566330,197454,34.87
20,2977,SYSTANGO,SM,24800,14400,58.06
20,2978,TAALTECH,EQ,6900,4080,59.13
20,2979,TAC,ST,41200,34600,83.98
20,2980,TAINWALCHM,EQ,653,569,87.14
20,2981,TAJGVK,EQ,58168,37138,63.85
20,2982,TAKE,EQ,183088,182588,99.73
20,2983,TALBROAUTO,EQ,75093,36373,48.44
20,2984,TANAA,EQ,16663,11259,67.57
20,2985,TANKUP,ST,2250,2250,100.00
20,2986,TANLA,EQ,920859,388473,42.19
20,2987,TARACHAND,EQ,70834,27986,39.51
20,2988,TARAPUR,EQ,14785,10599,71.69
20,2989,TARC,EQ,1519411,851400,56.03
20,2990,TARIL,EQ,757858,308595,40.72
20,2991,TARMAT,EQ,453190,236145,52.11
20,2992,TARSONS,EQ,197734,75580,38.22
20,2993,TASTYBITE,EQ,4833,2767,57.25
20,2994,TATACAP,EQ,768452,454768,59.18
20,2995,TATACHEM,EQ,356223,152884,42.92
20,2996,TATACOMM,EQ,228034,145668,63.88
20,2997,TATACONSUM,EQ,935640,535073,57.19
20,2998,TATAELXSI,EQ,83588,26036,31.15
20,2999,TATAGOLD,EQ,45769466,14965400,32.70
20,3000,TATAINVEST,EQ,165245,75293,45.56
20,3001,TATAPOWER,EQ,5763428,2297102,39.86
20,3002,TATASTEEL,EQ,21964971,8085955,36.81
20,3003,TATATECH,EQ,794230,292796,36.87
20,3004,TATSILV,EQ,33644060,9138661,27.16
20,3005,TATVA,EQ,21700,10840,49.95
20,3006,TAURIAN,ST,12000,9600,80.00
20,3007,TBI,SM,70800,55200,77.97
20,3008,TBOTEK,EQ,112394,51201,45.55
20,3009,TBZ,EQ,6949776,1388296,19.98
20,3010,TCC,EQ,156017,89932,57.64
20,3011,TCI,EQ,15809,8577,54.25
20,3012,TCIEXP,EQ,48096,37790,78.57
20,3013,TCL,SM,8000,5600,70.00
20,3014,TCPLPACK,EQ,3872,1829,47.24
20,3015,TCS,EQ,1892786,887515,46.89
20,3016,TDPOWERSYS,EQ,1644894,736428,44.77
20,3017,TEAMGTY,EQ,87,54,62.07
20,3018,TEAMLEASE,EQ,46412,28487,61.38
20,3019,TEAMTECH,ST,18000,18000,100.00
20,3020,TECH,EQ,33913,21398,63.10
20,3021,TECHD,SM,27300,20700,75.82
20,3022,TECHERA,SM,86400,69600,80.56
20,3023,TECHLABS,SM,5000,4250,85.00
20,3024,TECHM,EQ,1647483,977957,59.36
20,3025,TECHNOCRAF,EQ,1013523,255137,25.17
20,3026,TECHNOE,EQ,121380,72018,59.33
20,3027,TECHNVISN,EQ,93,52,55.91
20,3028,TECILCHEM,EQ,26942,22313,82.82
20,3029,TEGA,EQ,41708,22584,54.15
20,3030,TEJA,SM,69000,61800,89.57
20,3031,TEJASNET,EQ,6100353,1408792,23.09
20,3032,TEMBO,EQ,902512,525444,58.22
20,3033,TEMPSENS,EQ,5154377,701467,13.61
20,3034,TENNIND,EQ,642129,355358,55.34
20,3035,TERAI,EQ,155,131,84.52
20,3036,TERASOFT,EQ,11763,7344,62.43
20,3037,TEXINFRA,EQ,629538,374389,59.47
20,3038,TEXMOPIPES,EQ,14788,12581,85.08
20,3039,TEXRAIL,EQ,1428530,635349,44.48
20,3040,TFCILTD,EQ,12510406,4618637,36.92
20,3041,TFL,EQ,5851,4823,82.43
20,3042,TGBHOTELS,EQ,2536,2059,81.19
20,3043,TGL,ST,14600,13200,90.41
20,3044,TGVSL,EQ,458900,256126,55.81
20,3045,THAKDEV,EQ,102,102,100.00
20,3046,THANGAMAYL,EQ,61058,34888,57.14
20,3047,THEINVEST,EQ,9308,6611,71.02
20,3048,THEJO,EQ,1522,939,61.70
20,3049,THELEELA,EQ,520191,345244,66.37
20,3050,THEMISMED,EQ,81469,30956,38.00
20,3051,THERMAX,EQ,130678,68140,52.14
20,3052,THESL,ST,3000,3000,100.00
20,3053,THOMASCOOK,EQ,674590,264172,39.16
20,3054,THOMASCOTT,EQ,32954,16327,49.54
20,3055,THYROCARE,EQ,189696,114918,60.58
20,3056,TI,EQ,287376,162743,56.63
20,3057,TIGERLOGS,EQ,113888,70868,62.23
20,3058,TIIL,EQ,34940,15858,45.39
20,3059,TIINDIA,EQ,210450,101504,48.23
20,3060,TIJARIA,EQ,671916,388492,57.82
20,3061,TIMETECHNO,EQ,1971691,613792,31.13
20,3062,TIMEX,EQ,120673,49606,41.11
20,3063,TIMKEN,EQ,14717,10186,69.21
20,3064,TINNARUBR,EQ,54325,22070,40.63
20,3065,TIPSFILMS,EQ,1781,1156,64.91
20,3066,TIPSMUSIC,EQ,304455,141370,46.43
20,3067,TIRUMALCHM,EQ,360451,149510,41.48
20,3068,TIRUPATI,SM,625,625,100.00
20,3069,TITAGARH,EQ,365854,169515,46.33
20,3070,TITAN,EQ,571600,232103,40.61
20,3071,TMB,EQ,296216,106513,35.96
20,3072,TMCV,EQ,7518097,4347172,57.82
20,3073,TMPV,EQ,5195643,2518290,48.47
20,3074,TNIDETF,EQ,907895,884558,97.43
20,3075,TNPETRO,EQ,3080772,917751,29.79
20,3076,TNPL,EQ,1697890,376335,22.16
20,3077,TNTELE,EQ,22844,15918,69.68
20,3078,TOKYOPLAST,EQ,387,280,72.35
20,3079,TOLINS,EQ,35175,24646,70.07
20,3080,TOP100CASE,EQ,507193,401181,79.10
20,3081,TOP10ADD,EQ,55616,38558,69.33
20,3082,TOP15IETF,EQ,122479,78493,64.09
20,3083,TOP20,EQ,23295,16063,68.95
20,3084,TORNTPHARM,EQ,328567,177612,54.06
20,3085,TORNTPOWER,EQ,2762103,603434,21.85
20,3086,TOTAL,EQ,2917,2153,73.81
20,3087,TOUCHWOOD,EQ,704,667,94.74
20,3088,TOYAMSL,EQ,278952,236815,84.89
20,3089,TPLPLASTEH,EQ,118232,34033,28.78
20,3090,TRACXN,EQ,157689,138402,87.77
20,3091,TRANSCOR,EQ,2972,2966,99.80
20,3092,TRANSRAILL,EQ,279513,148718,53.21
20,3093,TRANSTEEL,SM,113000,55000,48.67
20,3094,TRAVELFOOD,EQ,30371,13260,43.66
20,3095,TREEHOUSE,EQ,30378,19076,62.80
20,3096,TREJHARA,EQ,34833,17154,49.25
20,3097,TREL,EQ,96090,68977,71.78
20,3098,TRENT,EQ,520969,239003,45.88
20,3099,TRF,EQ,11947,9502,79.53
20,3100,TRIDENT,EQ,1720094,1026024,59.65
20,3101,TRIDHYA,ST,9000,9000,100.00
20,3102,TRIGYN,EQ,79037,47866,60.56
20,3103,TRITONV,EQ,2475,1701,68.73
20,3104,TRITURBINE,EQ,281796,155875,55.31
20,3105,TRIVENI,EQ,655024,253972,38.77
20,3106,TROM,SM,6600,6600,100.00
20,3107,TRU,EQ,64659,46934,72.59
20,3108,TRUALT,EQ,165202,100802,61.02
20,3109,TRUST,SM,17400,13800,79.31
20,3110,TSC,ST,8000,8000,100.00
20,3111,TSFINV,EQ,21820,13456,61.67
20,3112,TTKHLTCARE,EQ,26667,15565,58.37
20,3113,TTKPRESTIG,EQ,39625,18756,47.33
20,3114,TTL,EQ,250415,184522,73.69
20,3115,TTML,EQ,978489,413210,42.23
20,3116,TUNWAL,SM,118000,60000,50.85
20,3117,TURTLEMINT,EQ,596945,180918,30.31
20,3118,TUTIALKA,EQ,2495,1733,69.46
20,3119,TVSELECT,EQ,34274,14209,41.46
20,3120,TVSHLTD,EQ,2091,1143,54.66
20,3121,TVSMOTOR,EQ,727008,447095,61.50
20,3122,TVSSCS,EQ,1073908,395755,36.85
20,3123,TVSSRICHAK,EQ,16332,8324,50.97
20,3124,TVTODAY,EQ,17942,12844,71.59
20,3125,TWCGOLDETF,EQ,2660,2538,95.41
20,3126,UBL,EQ,161022,73667,45.75
20,3127,UCL,ST,88000,88000,100.00
20,3128,UCOBANK,EQ,6948260,2624178,37.77
20,3129,UDAYJEW,EQ,1667,1378,82.66
20,3130,UDS,EQ,1784517,1133838,63.54
20,3131,UEL,EQ,13528,9864,72.92
20,3132,UFLEX,EQ,534244,166691,31.20
20,3133,UFO,EQ,9838,7752,78.80
20,3134,UGARSUGAR,EQ,1345825,599047,44.51
20,3135,UGROCAP,EQ,113260,65094,57.47
20,3136,UHTL,ST,38000,38000,100.00
20,3137,UJJIVANSFB,EQ,21859923,13105146,59.95
20,3138,ULTRACEMCO,EQ,247711,128776,51.99
20,3139,ULTRAMAR,EQ,92645,51702,55.81
20,3140,UMESLTD,EQ,10967,10832,98.77
20,3141,UMIYA-MRO,EQ,26345,15920,60.43
20,3142,UNICHEMLAB,EQ,73499,32041,43.59
20,3143,UNIECOM,EQ,118111,75899,64.26
20,3144,UNIENTER,EQ,1277,1106,86.61
20,3145,UNIHEALTH,SM,3500,2000,57.14
20,3146,UNIINFO,EQ,1968,1822,92.58
20,3147,UNILEX,SM,4800,4800,100.00
20,3148,UNIMECH,EQ,136446,61873,45.35
20,3149,UNIONBANK,EQ,13672026,7005937,51.24
20,3150,UNIONGOLD,EQ,969,893,92.16
20,3151,UNIPARTS,EQ,128342,50380,39.25
20,3152,UNITDSPR,EQ,695331,430357,61.89
20,3153,UNITECH,EQ,4719384,3230158,68.44
20,3154,UNITEDPOLY,EQ,288213,251802,87.37
20,3155,UNITEDTEA,EQ,535,420,78.50
20,3156,UNIVCABLES,EQ,74008,26499,35.81
20,3157,UNOMINDA,EQ,638835,337992,52.91
20,3158,UPHOT,EQ,393,389,98.98
20,3159,UPL,EQ,1643846,980661,59.66
20,3160,URBAN,SM,25600,18400,71.88
20,3161,URBANCO,EQ,17445212,5560159,31.87
20,3162,URJA,EQ,536229,307660,57.37
20,3163,USASEEDS,SM,2568,2568,100.00
20,3164,USHAFIN,SM,62400,62400,100.00
20,3165,USHAMART,EQ,910413,433014,47.56
20,3166,USK,EQ,18299,12931,70.67
20,3167,UTIAMC,EQ,54346,39152,72.04
20,3168,UTKAL,SM,20000,18000,90.00
20,3169,UTKARSHBNK,EQ,5780675,3477306,60.15
20,3170,UTLSOLAR,EQ,132816,70862,53.35
20,3171,UTSSAV,ST,8400,7800,92.86
20,3172,UTTAMSUGAR,EQ,298171,62852,21.08
20,3173,UWCSL,SM,1000,1000,100.00
20,3174,V2RETAIL,EQ,382107,203952,53.38
20,3175,VADILALIND,EQ,10157,4256,41.90
20,3176,VADILENT,EQ,139,137,98.56
20,3177,VAIBHAVGBL,EQ,145408,69100,47.52
20,3178,VAISHALI,EQ,92138,77685,84.31
20,3179,VAKRANGEE,EQ,606061,381421,62.93
20,3180,VAL30IETF,EQ,160271,76319,47.62
20,3181,VALUE,EQ,8793,2142,24.36
20,3182,VALUEAXIS,EQ,52202,28461,54.52
20,3183,VAML,EQ,4267390,2350790,55.09
20,3184,VARDMNPOLY,EQ,70755,59496,84.09
20,3185,VARROC,EQ,265169,92394,34.84
20,3186,VASCONEQ,EQ,307521,192195,62.50
20,3187,VASUPRADA,EQ,105,105,100.00
20,3188,VASWANI,EQ,55071,25126,45.62
20,3189,VBL,EQ,4325249,2789454,64.49
20,3190,VEDAVAAG,EQ,10855,10403,95.84
20,3191,VEDL,EQ,5945928,2941163,49.47
20,3192,VEDPOWER,EQ,11033569,5975519,54.16
20,3193,VEEDOL,EQ,8548,4818,56.36
20,3194,VEEKAYEM,SM,3500,2500,71.43
20,3195,VENKEYS,EQ,86485,33830,39.12
20,3196,VENTIVE,EQ,81194,77670,95.66
20,3197,VENUSPIPES,EQ,75350,38286,50.81
20,3198,VERANDA,EQ,132412,74597,56.34
20,3199,VERTEXPLUS,SM,600,600,100.00
20,3200,VERTIS,IV,275000,225000,81.82
20,3201,VERTOZ,EQ,44809,34100,76.10
20,3202,VESUVIUS,EQ,39305,24145,61.43
20,3203,VGCL,EQ,904,770,85.18
20,3204,VGINFOTECH,SM,16000,14000,87.50
20,3205,VGL,EQ,15988,12491,78.13
20,3206,VGUARD,EQ,586732,345107,58.82
20,3207,VHL,EQ,480,382,79.58
20,3208,VIAZ,SM,4000,2000,50.00
20,3209,VICTORYEV,SM,3000,3000,100.00
20,3210,VIDHIING,EQ,8722,5059,58.00
20,3211,VIDYAWIRES,EQ,540972,264436,48.88
20,3212,VIESL,SM,187200,120000,64.10
20,3213,VIGOR,ST,22400,20800,92.86
20,3214,VIJAYA,EQ,90795,27006,29.74
20,3215,VIJAYPD,SM,2000,2000,100.00
20,3216,VIJSOLX,EQ,523,453,86.62
20,3217,VIKASECO,EQ,1211470,798528,65.91
20,3218,VIKASLIFE,EQ,1612232,1039865,64.50
20,3219,VIKRAMSOLR,EQ,3622539,1682618,46.45
20,3220,VIKRAN,EQ,818426,366251,44.75
20,3221,VILAS,SM,46750,27500,58.82
20,3222,VILINBIO,SM,100000,84000,84.00
20,3223,VIMTALABS,EQ,306724,112123,36.56
20,3224,VINATIORGA,EQ,25579,12898,50.42
20,3225,VINCOFE,EQ,2671700,860260,32.20
20,3226,VINDHYATEL,EQ,130435,41584,31.88
20,3227,VINEETLAB,EQ,49880,29196,58.53
20,3228,VINNY,EQ,127643,120455,94.37
20,3229,VINSYS,ST,3000,3000,100.00
20,3230,VINYAS,SM,4600,3200,69.57
20,3231,VINYLINDIA,EQ,5387,2839,52.70
20,3232,VIPCLOTHNG,EQ,83694,78117,93.34
20,3233,VIPIND,EQ,236628,146566,61.94
20,3234,VIRAT,EQ,1819,1655,90.98
20,3235,VIRINCHI,EQ,50726,40417,79.68
20,3236,VISACHROME,EQ,19076,16628,87.17
20,3237,VISAKAIND,EQ,192317,115033,59.81
20,3238,VISAMAN,SM,1000,1000,100.00
20,3239,VISDEM,SM,1200,1200,100.00
20,3240,VISHAL,EQ,3006888,2586280,86.01
20,3241,VISHNU,EQ,294149,157415,53.52
20,3242,VISHNUINFR,SM,4000,4000,100.00
20,3243,VISHWARAJ,EQ,495020,240721,48.63
20,3244,VISHWAS,ST,3200,3200,100.00
20,3245,VISL,EQ,15406099,9250342,60.04
20,3246,VITAL,EQ,49646,47329,95.33
20,3247,VIVIDEL,SM,66000,54480,82.55
20,3248,VIVIDHA,EQ,376620,272816,72.44
20,3249,VIVO,ST,3200,3200,100.00
20,3250,VIVOBIOT,EQ,11543,10770,93.30
20,3251,VIYASH,EQ,2922487,1511514,51.72
20,3252,VLINFRA,SM,1500,1500,100.00
20,3253,VLSFINANCE,EQ,13191,9709,73.60
20,3254,VMARCIND,SM,520500,262500,50.43
20,3255,VMART,EQ,60549,31754,52.44
20,3256,VMM,EQ,5360663,2377918,44.36
20,3257,VMOBILE,SM,3200,3200,100.00
20,3258,VMSTMT,EQ,21069,13107,62.21
20,3259,VOEPL,EQ,64859,35065,54.06
20,3260,VOGL,EQ,25866572,13272774,51.31
20,3261,VOITHPAPR,EQ,356,289,81.18
20,3262,VOLERCAR,SM,800,800,100.00
20,3263,VOLTAMP,EQ,36916,14707,39.84
20,3264,VOLTAS,EQ,832678,299376,35.95
20,3265,VPRPL,EQ,1232938,473232,38.38
20,3266,VR,SM,1600,1600,100.00
20,3267,VRAJ,EQ,6175,5099,82.57
20,3268,VRLLOG,EQ,123681,77000,62.26
20,3269,VSCL,SM,3000,3000,100.00
20,3270,VSSL,EQ,176445,77738,44.06
20,3271,VSTIND,EQ,94155,62554,66.44
20,3272,VSTL,EQ,26197,20404,77.89
20,3273,VSTTILLERS,EQ,7339,3708,50.52
20,3274,VTL,EQ,334048,116299,34.82
20,3275,VTMLTD,EQ,15018,10826,72.09
20,3276,WAAREEENER,EQ,439202,204624,46.59
20,3277,WAAREEINDO,EQ,177423,71343,40.21
20,3278,WAAREERTL,EQ,124210,69716,56.13
20,3279,WABAG,EQ,641600,298345,46.50
20,3280,WAKEFIT,EQ,4484239,983477,21.93
20,3281,WALCHANNAG,EQ,412945,190954,46.24
20,3282,WALPAR,SM,4000,2000,50.00
20,3283,WANBURY,EQ,91204,42593,46.70
20,3284,WARDINMOBI,EQ,268947,168848,62.78
20,3285,WATERBASE,EQ,14599,6532,44.74
20,3286,WCIL,EQ,56194,36688,65.29
20,3287,WEALTH,EQ,712,571,80.20
20,3288,WEBELSOLAR,EQ,4052225,2016865,49.77
20,3289,WEIZMANIND,EQ,507,279,55.03
20,3290,WEL,EQ,3336040,1710070,51.26
20,3291,WELCORP,EQ,4190711,1136617,27.12
20,3292,WELENT,EQ,779650,312379,40.07
20,3293,WELSPLSOL,EQ,2473746,963425,38.95
20,3294,WELSPUNLIV,EQ,2611307,924613,35.41
20,3295,WENDT,EQ,11767,5095,43.30
20,3296,WESTLIFE,EQ,35051,12601,35.95
20,3297,WEWIN,EQ,1596,1516,94.99
20,3298,WEWORK,EQ,618239,371143,60.03
20,3299,WHBRADY,EQ,31,31,100.00
20,3300,WHEELS,EQ,331834,146930,44.28
20,3301,WHIRLPOOL,EQ,118187,50585,42.80
20,3302,WHITEFORCE,SM,3200,3200,100.00
20,3303,WILLAMAGOR,EQ,6044,5184,85.77
20,3304,WINDLAS,EQ,418192,153589,36.73
20,3305,WINDMACHIN,EQ,96840,51641,53.33
20,3306,WINNY,SM,1000,500,50.00
20,3307,WINSOL,SM,8800,7200,81.82
20,3308,WIPL,EQ,833,509,61.10
20,3309,WIPRO,EQ,6496396,3006513,46.28
20,3310,WOCKPHARMA,EQ,1056401,517726,49.01
20,3311,WOL3D,SM,1000,1000,100.00
20,3312,WOMANCART,ST,16400,10400,63.41
20,3313,WONDERLA,EQ,36306,21463,59.12
20,3314,WORTHPERI,EQ,5840,4494,76.95
20,3315,WPIL,EQ,15497,7760,50.07
20,3316,WSI,EQ,40208,31722,78.89
20,3317,WSTCSTPAPR,EQ,458615,244338,53.28
20,3318,WTICAB,SM,11000,9000,81.82
20,3319,XCHANGING,EQ,43159,21884,50.71
20,3320,XELPMOC,EQ,15209,10283,67.61
20,3321,XPROINDIA,EQ,221656,71308,32.17
20,3322,XTGLOBAL,EQ,309851,102843,33.19
20,3323,XTRANET,EQ,560265,186574,33.30
20,3324,YAAP,SM,42000,30000,71.43
20,3325,YASHO,EQ,37189,19846,53.37
20,3326,YASHOPTICS,SM,12800,12800,100.00
20,3327,YATHARTH,EQ,139358,61741,44.30
20,3328,YATRA,EQ,977948,499853,51.11
20,3329,YCCL,SM,9000,9000,100.00
20,3330,YESBANK,EQ,57376675,28998272,50.54
20,3331,YOGI,EQ,112,112,100.00
20,3332,YUDIZ,SM,12000,12000,100.00
20,3333,YUKEN,EQ,30893,21249,68.78
20,3334,ZAGGLE,EQ,627168,251353,40.08
20,3335,ZEAL,SM,13800,13200,95.65
20,3336,ZEEL,EQ,13920936,4095882,29.42
20,3337,ZEEMEDIA,EQ,1145013,610038,53.28
20,3338,ZENITHDRUG,SM,20800,18400,88.46
20,3339,ZENITHEXPO,EQ,144,85,59.03
20,3340,ZENITHSTL,EQ,30356,26180,86.24
20,3341,ZENSARTECH,EQ,934781,283755,30.36
20,3342,ZENTEC,EQ,226133,78340,34.64
20,3343,ZFCVINDIA,EQ,32790,21919,66.85
20,3344,ZFSTEERING,EQ,2392,1502,62.79
20,3345,ZIMLAB,EQ,139007,68635,49.38
20,3346,ZODIAC,EQ,11639,6333,54.41
20,3347,ZODIACLOTH,EQ,1762,1126,63.90
20,3348,ZOTA,EQ,40807,25045,61.37
20,3349,ZSARACOM,EQ,323,209,64.71
20,3350,ZTECH,SM,3600,2100,58.33
20,3351,ZUARI,EQ,86401,42533,49.23
20,3352,ZUARIIND,EQ,28748,13051,45.40
20,3353,ZYDUSLIFE,EQ,962099,545132,56.66
20,3354,ZYDUSWELL,EQ,135712,71453,52.65
