Security Wise Delivery Position - Compulsory Rolling Settlement
10,MTO,02092026,1745527705,0003369
Trade Date <02-SEP-2026>,Settlement Type <N>
Record Type,Sr No,Name of Security,Quantity Traded,Deliverable Quantity(gross across client level),% of Deliverable Quantity to Traded Quantity
20,1,0SCL27,YW,100,100,100.00
20,2,1003SFIL28,NX,48,2,4.17
20,3,1015ECL29,NR,370,368,99.46
20,4,1018GS2026,GS,16,16,100.00
20,5,1025SCL34A,ZT,1,1,100.00
20,6,1025VCCL28,N0,3,3,100.00
20,7,1040UCL27B,N1,12,12,100.00
20,8,1050UCL28,NH,270,270,100.00
20,9,1060ECL29,NS,82,81,98.78
20,10,1065NFL27,NC,300,300,100.00
20,11,1075SCL33A,N2,50,50,100.00
20,12,1075WCA28,N0,40,40,100.00
20,13,10CAGL27,N5,116,116,100.00
20,14,10IIFL28,N4,619,542,87.56
20,15,10IIFL28A,NE,460,460,100.00
20,16,10ISFL26,N3,295,295,100.00
20,17,10MWL29,N0,1,1,100.00
20,18,1119NFL27,ND,90,60,66.67
20,19,113ESFB31,N0,1,1,100.00
20,20,1150AFIL29,N0,5,5,100.00
20,21,125VCCL31,N0,6,6,100.00
20,22,12AFIL27,N0,3,3,100.00
20,23,12AFIL28,N0,3,3,100.00
20,24,20MICRONS,EQ,90223,39404,43.67
20,25,21STCENMGM,EQ,5812,5284,90.92
20,26,360ONE,EQ,666823,356593,53.48
20,27,364D031226,TB,15100,15100,100.00
20,28,364D060527,TB,67000,67000,100.00
20,29,364D170926,TB,7000,7000,100.00
20,30,3BBLACKBIO,EQ,50928,28458,55.88
20,31,3MINDIA,EQ,1858,1164,62.65
20,32,3PLAND,EQ,911,876,96.16
20,33,574GS2026,GS,1,1,100.00
20,34,591GS2028,GS,3760,3760,100.00
20,35,5PAISA,EQ,26993,15611,57.83
20,36,601GS2030,GS,100,100,100.00
20,37,603GS2029,GS,5000,5000,100.00
20,38,610GS2031,GS,3003,1502,50.02
20,39,620GS2029,GS,1056,1055,99.91
20,40,628GS2032,GS,9349,9349,100.00
20,41,636GS2031,GS,1,1,100.00
20,42,63MOONS,EQ,444235,194725,43.83
20,43,645GS2029,GS,1,1,100.00
20,44,667GS2050,GS,5339,5339,100.00
20,45,668GS2040,GS,442,442,100.00
20,46,676GS2061,GS,125937,122033,96.90
20,47,690GS2065,GS,101928,101024,99.11
20,48,692GS2039,GS,110,110,100.00
20,49,694GS2036,GS,1300,1300,100.00
20,50,695GS2061,GS,6901,6901,100.00
20,51,698GR2054,GS,100,100,100.00
20,52,702GS2027,GS,2010,2010,100.00
20,53,706GS2028,GS,4560,4560,100.00
20,54,706GS2041,GS,6775,6775,100.00
20,55,709GS2054,GS,11163,11162,99.99
20,56,709GS2074,GS,9285,8775,94.51
20,57,710GS2029,GS,25148,25148,100.00
20,58,716GS2050,GS,450,450,100.00
20,59,718GS2037,GS,76402,75700,99.08
20,60,720PFCL36,N6,73,73,100.00
20,61,723GJ27,SG,2700,2700,100.00
20,62,724GS2055,GS,144021,144021,100.00
20,63,724UP36,SG,1000,1000,100.00
20,64,725GS2063,GS,486161,478274,98.38
20,65,726GS2032,GS,4400,4400,100.00
20,66,726GS2033,GS,22850,8850,38.73
20,67,732GS2030,GS,650,650,100.00
20,68,733GS2026,GS,2200,1500,68.18
20,69,734GS2064,GS,166235,166235,100.00
20,70,734IRFC28,N4,139,139,100.00
20,71,735NABAR31,N1,1036,1000,96.53
20,72,736RJ37,SG,100,100,100.00
20,73,737GS2028,GS,12814,12814,100.00
20,74,738GS2027,GS,168119,168022,99.94
20,75,739NHAI31A,ND,21,21,100.00
20,76,73GS2053,GS,20989,16727,79.69
20,77,741GS2036,GS,37549,37310,99.36
20,78,743GS2076,GS,16473,16473,100.00
20,79,743REC35,NH,1000,1000,100.00
20,80,746GS2073,GS,8082,8082,100.00
20,81,747GJ28,SG,100,100,100.00
20,82,74GS2062,GS,208,208,100.00
20,83,753IRFC30,NJ,575,475,82.61
20,84,754GS2036,GS,323043,304238,94.18
20,85,757GS2033,GS,7765,7765,100.00
20,86,760PFCL35,N3,1249,1099,87.99
20,87,762NTPC35F,ND,1066,1002,94.00
20,88,764HUDCO31,N8,35,35,100.00
20,89,764IRFC31,NO,50,50,100.00
20,90,764NABAR31,N2,1584,1580,99.75
20,91,769NHAI31,NE,1014,1000,98.62
20,92,769TN33,SG,100,100,100.00
20,93,76KA38,SG,200,200,100.00
20,94,76NHAI31,NA,1230,1230,100.00
20,95,771GS2066,GS,14517,13890,95.68
20,96,774IREDA31,N7,260,260,100.00
20,97,777HP49,SG,100,100,100.00
20,98,778HP44,SG,100,100,100.00
20,99,77RJ32,SG,100,100,100.00
20,100,783AP43,SG,2000,2000,100.00
20,101,788UP46,SG,1000,1000,100.00
20,102,797IGT31,NL,10,10,100.00
20,103,79IGT28,NF,75,75,100.00
20,104,79NHIT35,N1,5527,5523,99.93
20,105,79NHIT40,N2,7301,7197,98.58
20,106,79NHIT47,N3,1400,1400,100.00
20,107,807AP51,SG,100,100,100.00
20,108,810IRFC27,N2,350,350,100.00
20,109,812REC27,NI,17,15,88.24
20,110,81ABCL33,N4,10,10,100.00
20,111,82HUDCO27,N2,1359,1356,99.78
20,112,82IGT31,NJ,1750,1295,74.00
20,113,830NHAI27,N2,696,693,99.57
20,114,842IIFL26,NL,56,56,100.00
20,115,848AEL29,NJ,10,10,100.00
20,116,852IIFL29,Y5,1,1,100.00
20,117,85PFL26A,N7,19,19,100.00
20,118,862AEL31,NM,5,5,100.00
20,119,863IRFC29,NC,305,305,100.00
20,120,865IIFL28,NS,1830,1830,100.00
20,121,865IIFL31,Y6,20,20,100.00
20,122,865IRFC29,NA,1996,1996,100.00
20,123,865SCL26,N8,11,11,100.00
20,124,865TCAPS27,N8,122,121,99.18
20,125,871REC28,N9,1100,1100,100.00
20,126,875NHAI29,N6,290,260,89.66
20,127,876HUDCO28,ND,1343,1140,84.88
20,128,880IREDA29,N5,15,15,100.00
20,129,880IREDA34,N6,1000,1000,100.00
20,130,885AEL28,NB,113,103,91.15
20,131,885TCAPS29,NC,10,5,50.00
20,132,888ECL28,N1,282,282,100.00
20,133,888IRFC29,NE,230,230,100.00
20,134,888REC29,NF,50,50,100.00
20,135,888SCL25E,N4,11,11,100.00
20,136,890AEL31,NN,2761,2086,75.55
20,137,891IIFCL34,N4,300,300,100.00
20,138,892NHPC33,N6,90,90,100.00
20,139,892PFCL33,N8,377,377,100.00
20,140,893NHB29,N6,1,1,100.00
20,141,895AEL27,N9,50,50,100.00
20,142,897GS2030,GS,2450,2450,100.00
20,143,901HUDCO34,NE,300,300,100.00
20,144,901NHB34,N6,1240,1160,93.55
20,145,902SCL28,N1,500,500,100.00
20,146,903SFL28,YI,160,160,100.00
20,147,905SC24B,Z9,1,1,100.00
20,148,905SCL36,N0,150,150,100.00
20,149,910TCAP28,NA,511,511,100.00
20,150,915AEL28,NC,10,10,100.00
20,151,915APSBC28,N0,2,2,100.00
20,152,915APSBC31,N0,10,10,100.00
20,153,915SCL26,NE,75,75,100.00
20,154,91D011026,TB,200,200,100.00
20,155,91D081026,TB,100,100,100.00
20,156,91D191126,TB,900,900,100.00
20,157,925ECL28,N2,110,110,100.00
20,158,925ISF28,N0,5,5,100.00
20,159,925SCL27B,N1,10,10,100.00
20,160,92GS2030,GS,152,150,98.68
20,161,930AEL30,NF,110,90,81.82
20,162,930APMD27,N0,2,2,100.00
20,163,930APMD29,N0,1,1,100.00
20,164,930SFL28,YP,155,98,63.23
20,165,935LTF29,N5,90,90,100.00
20,166,935TSIIC28,N0,1,1,100.00
20,167,93SCL24A,ZN,40,40,100.00
20,168,948SCL27A,ZJ,47,47,100.00
20,169,948SCL27D,N1,5,5,100.00
20,170,950ISF27C,N0,21,21,100.00
20,171,956AEL29,N6,117,117,100.00
20,172,957ICCL25,YW,237,137,57.81
20,173,965AEL27,N4,672,672,100.00
20,174,96IIFL28,N5,2203,1603,72.76
20,175,96IIFL28A,NF,1085,967,89.12
20,176,970CAGL28,ND,71,61,85.92
20,177,971SCL29T,N1,30,30,100.00
20,178,971SCL30,N1,26,26,100.00
20,179,97SFL29,YZ,95,95,100.00
20,180,980SCL33D,YG,1,1,100.00
20,181,985ECL28,NK,188,38,20.21
20,182,985SFIL28,NO,75,75,100.00
20,183,990SCL27,YT,3,3,100.00
20,184,990SCL28,N1,10,10,100.00
20,185,99AEL29,N7,32,16,50.00
20,186,9AEL30,NE,102,102,100.00
20,187,9IIFL28A,NT,625,625,100.00
20,188,9IIFL31,Y9,138,113,81.88
20,189,9PCPL28A,N0,3,3,100.00
20,190,9SCL26BA,NA,10,10,100.00
20,191,A2ZINFRA,EQ,167484,111978,66.86
20,192,AAATECH,EQ,9744,8377,85.97
20,193,AADHARHFC,EQ,240290,142844,59.45
20,194,AAKAAR,SM,11200,8000,71.43
20,195,AAKASH,EQ,72356,47527,65.68
20,196,AARADHYA,SM,38400,27600,71.88
20,197,AAREYDRUGS,EQ,146358,77292,52.81
20,198,AARON,EQ,8560,5360,62.62
20,199,AARTIDRUGS,EQ,170806,94022,55.05
20,200,AARTIIND,EQ,917705,473138,51.56
20,201,AARTIPHARM,EQ,343720,119273,34.70
20,202,AARVI,EQ,29676,16193,54.57
20,203,AASTHA,EQ,304911,153434,50.32
20,204,AAVAS,EQ,229811,98749,42.97
20,205,ABANSENT,EQ,14689,13831,94.16
20,206,ABB,EQ,163580,81884,50.06
20,207,ABBOTINDIA,EQ,7827,4046,51.69
20,208,ABCAPITAL,EQ,4883439,2810866,57.56
20,209,ABCOTS,EQ,2466,1276,51.74
20,210,ABDL,EQ,125467,61226,48.80
20,211,ABFRL,EQ,4428051,2092206,47.25
20,212,ABGSEC,EQ,44,42,95.45
20,213,ABH,ST,1200,1200,100.00
20,214,ABHAPOWER,SM,1600,1600,100.00
20,215,ABLBL,EQ,860340,537695,62.50
20,216,ABMKNO,EQ,1070,1010,94.39
20,217,ABREL,EQ,84555,45090,53.33
20,218,ABSL10BANK,EQ,34,34,100.00
20,219,ABSLAMC,EQ,398572,320241,80.35
20,220,ABSLBANETF,EQ,916157,910461,99.38
20,221,ABSLLIQUID,EQ,1033,726,70.28
20,222,ABSLMSCIN,EQ,553,433,78.30
20,223,ABSLNN50ET,EQ,19744,17406,88.16
20,224,ABSLPSE,EQ,186780,91738,49.12
20,225,ABSMARINE,SM,54500,41000,75.23
20,226,ACC,EQ,146429,83638,57.12
20,227,ACCELYA,EQ,4566,3068,67.19
20,228,ACCENTMIC,SM,27000,18500,68.52
20,229,ACCPL,ST,2400,2400,100.00
20,230,ACE,EQ,159180,66878,42.01
20,231,ACEINTEG,EQ,5445,4042,74.23
20,232,ACETEC,SM,2400,2400,100.00
20,233,ACGL,EQ,629,509,80.92
20,234,ACI,EQ,635843,438899,69.03
20,235,ACL,EQ,8724,4460,51.12
20,236,ACMESOLAR,EQ,2449655,1028586,41.99
20,237,ACTIVEINFR,SM,600,600,100.00
20,238,ACUTAAS,EQ,190272,117483,61.74
20,239,ADANIENSOL,EQ,4214587,2048674,48.61
20,240,ADANIENT,EQ,1642492,646254,39.35
20,241,ADANIGREEN,EQ,2634560,777377,29.51
20,242,ADANIPORTS,EQ,2338937,1059507,45.30
20,243,ADANIPOWER,EQ,18174608,5571900,30.66
20,244,ADDICTIVE,SM,12000,11000,91.67
20,245,ADDIND,EQ,595,592,99.50
20,246,ADFFOODS,EQ,107626,40662,37.78
20,247,ADISOFT,SM,68000,40800,60.00
20,248,ADL,EQ,1341,1077,80.31
20,249,ADOR,EQ,71667,30929,43.16
20,250,ADROITINFO,EQ,7962,5341,67.08
20,251,ADSL,EQ,60736,28058,46.20
20,252,ADVAIT,EQ,49312,23948,48.56
20,253,ADVANCE,EQ,331320,149189,45.03
20,254,ADVANIHOTR,EQ,27794,24407,87.81
20,255,ADVENTHTL,EQ,48518,22557,46.49
20,256,ADVENZYMES,EQ,188103,123072,65.43
20,257,ADVIKCA,EQ,899571,496530,55.20
20,258,AEGISLOG,EQ,722924,282474,39.07
20,259,AEGISVOPAK,EQ,3128778,963610,30.80
20,260,AEL120924A,N5,200,200,100.00
20,261,AEPL,EQ,478365,466050,97.43
20,262,AEQUS,EQ,1668299,859466,51.52
20,263,AEROENTER,EQ,413196,195730,47.37
20,264,AEROFLEX,EQ,1124008,358181,31.87
20,265,AERON,SM,20000,17000,85.00
20,266,AERONEU,EQ,72398,19412,26.81
20,267,AEROPLANE,EQ,711360,566738,79.67
20,268,AESTHETIK,SM,18000,12000,66.67
20,269,AETHER,EQ,232941,126618,54.36
20,270,AFCONS,EQ,402500,249497,61.99
20,271,AFFLE,EQ,443298,277454,62.59
20,272,AFFORDABLE,EQ,7436,4665,62.74
20,273,AFIL,EQ,196038,116761,59.56
20,274,AFSL,EQ,6924,3676,53.09
20,275,AGARIND,EQ,49700,30376,61.12
20,276,AGARWALEYE,EQ,640862,368160,57.45
20,277,AGARWALFT,SM,16500,15000,90.91
20,278,AGARWALTUF,SM,20400,18000,88.24
20,279,AGI,EQ,199603,105614,52.91
20,280,AGIIL,EQ,231029,97668,42.28
20,281,AGL,EQ,1532028,787486,51.40
20,282,AGRITECH,EQ,3722,2674,71.84
20,283,AGROPHOS,EQ,33087,16405,49.58
20,284,AHCL,EQ,1668193,978598,58.66
20,285,AHLADA,EQ,2566,2196,85.58
20,286,AHLEAST,EQ,1209,1116,92.31
20,287,AHLUCONT,EQ,107402,55087,51.29
20,288,AIAENG,EQ,51399,33470,65.12
20,289,AIIL,EQ,1027128,553301,53.87
20,290,AILIMITED,SM,6000,6000,100.00
20,291,AIMTRON,SM,26600,17600,66.17
20,292,AIRAN,EQ,68092,49295,72.39
20,293,AIROLAM,EQ,3469,3109,89.62
20,294,AISL,SM,1200,1200,100.00
20,295,AJANTPHARM,EQ,99445,58647,58.97
20,296,AJAXENGG,EQ,62498,34290,54.87
20,297,AJMERA,EQ,326215,161733,49.58
20,298,AJOONI,EQ,151345,115101,76.05
20,299,AKANKSHA,SM,17000,16000,94.12
20,300,AKASH,EQ,5134,4336,84.46
20,301,AKCAPIT,EQ,1057,850,80.42
20,302,AKG,EQ,14000,10134,72.39
20,303,AKI,EQ,3044554,1272403,41.79
20,304,AKIKO,SM,9600,8800,91.67
20,305,AKSHAR,EQ,1428759,934728,65.42
20,306,AKUMS,EQ,750068,469258,62.56
20,307,ALANKIT,EQ,82889,68397,82.52
20,308,ALBERTDAVD,EQ,3973,2717,68.39
20,309,ALEMBICLTD,EQ,645226,281314,43.60
20,310,ALFREDHE,EQ,310,113,36.45
20,311,ALGOQUANT,EQ,1328784,367450,27.65
20,312,ALICON,EQ,22999,9259,40.26
20,313,ALIVUS,EQ,561531,313572,55.84
20,314,ALKEM,EQ,218220,151526,69.44
20,315,ALKYLAMINE,EQ,138950,35398,25.48
20,316,ALLCARGO,EQ,16512418,4185313,25.35
20,317,ALLDIGI,EQ,10831,8145,75.20
20,318,ALLETEC,SM,7200,4800,66.67
20,319,ALLTIME,EQ,180025,95988,53.32
20,320,ALMONDZ,EQ,286311,175917,61.44
20,321,ALOKINDS,EQ,117258835,43565607,37.15
20,322,ALPA,EQ,18733,9977,53.26
20,323,ALPEXSOLAR,SM,58700,45300,77.17
20,324,ALPHA,EQ,1586344,1078870,68.01
20,325,ALPHAETF,EQ,794013,615037,77.46
20,326,ALPINETEX,EQ,293413,150192,51.19
20,327,ALPL30IETF,EQ,1120581,947390,84.54
20,328,ALUFLUOR,EQ,11146,9483,85.08
20,329,ALUWIND,SM,1500,1500,100.00
20,330,AMAGI,EQ,264517,112797,42.64
20,331,AMAL,EQ,15022,10858,72.28
20,332,AMARJOTHI,EQ,598,457,76.42
20,333,AMBAAUTO,SM,104000,83000,79.81
20,334,AMBER,EQ,174407,46362,26.58
20,335,AMBICAAGAR,EQ,26635,23967,89.98
20,336,AMBIKCO,EQ,9215,4819,52.30
20,337,AMBUJACEM,EQ,1330391,534767,40.20
20,338,AMCL,SM,1200,1200,100.00
20,339,AMDIND,EQ,42435,25289,59.59
20,340,AMJLAND,EQ,5934,5539,93.34
20,341,AMNPLST,EQ,5863,3224,54.99
20,342,AMRUTANJAN,EQ,33541,18184,54.21
20,343,ANANDRATHI,EQ,183620,100412,54.68
20,344,ANANTAM,IV,36274,35522,97.93
20,345,ANANTRAJ,EQ,1282254,498107,38.85
20,346,ANAWIL,SM,425200,152400,35.84
20,347,ANDHRAPAP,EQ,234449,131239,55.98
20,348,ANDHRSUGAR,EQ,490982,190502,38.80
20,349,ANDREWYU,EQ,123709,79295,64.10
20,350,ANGELONE,EQ,4437022,1985766,44.75
20,351,ANIKINDS,EQ,4037,3328,82.44
20,352,ANLON,SM,6800,6000,88.24
20,353,ANMOL,EQ,61224,51836,84.67
20,354,ANNAPURNA,EQ,26855,21503,80.07
20,355,ANONDITA,SM,109200,69200,63.37
20,356,ANSALBU,EQ,1443,1139,78.93
20,357,ANTELOPUS,EQ,12446135,953125,7.66
20,358,ANTGRAPHIC,EQ,415805,397849,95.68
20,359,ANTHEM,EQ,1484697,756005,50.92
20,360,ANUHPHR,EQ,138379,76729,55.45
20,361,ANUP,EQ,18045,7357,40.77
20,362,ANURAS,EQ,282041,194187,68.85
20,363,ANYA,SM,10000,10000,100.00
20,364,ANZEN,IV,25000,25000,100.00
20,365,AONEGOLD,EQ,420827,245890,58.43
20,366,AONELIQUID,EQ,24958,23253,93.17
20,367,AONENIFTY,EQ,306263,266830,87.12
20,368,AONESILVER,EQ,380983,290282,76.19
20,369,AONETMMQ50,EQ,33121,27784,83.89
20,370,AONETOTAL,EQ,299224,131091,43.81
20,371,APARINDS,EQ,94227,38601,40.97
20,372,APCL,EQ,7960,6636,83.37
20,373,APCOTEXIND,EQ,107750,53058,49.24
20,374,APEX,EQ,140115,58429,41.70
20,375,APEXECO,ST,4000,4000,100.00
20,376,APLAPOLLO,EQ,786402,514683,65.45
20,377,APLLTD,EQ,172875,71073,41.11
20,378,APOLLO,EQ,4275794,1201503,28.10
20,379,APOLLOHOSP,EQ,169190,105406,62.30
20,380,APOLLOPIPE,EQ,159504,59621,37.38
20,381,APOLLOTYRE,EQ,333100,179474,53.88
20,382,APOLSINHOT,EQ,1311,874,66.67
20,383,APOORVA,EQ,500,500,100.00
20,384,APRAMEYA,SM,12000,11000,91.67
20,385,APS,SM,14500,13250,91.38
20,386,APSISAERO,ST,3600,3600,100.00
20,387,APTUS,EQ,466564,235095,50.39
20,388,AQYLON,EQ,684411,434286,63.45
20,389,ARABIAN,SM,2000,2000,100.00
20,390,ARCHIDPLY,EQ,33961,23988,70.63
20,391,ARCHIES,EQ,27463,23615,85.99
20,392,ARCIIL,SM,12000,12000,100.00
20,393,ARCL,EQ,248,248,100.00
20,394,ARDEE,EQ,2698066,984727,36.50
20,395,ARE&M,EQ,410795,209462,50.99
20,396,ARENTERP,EQ,1644,1522,92.58
20,397,ARFIN,EQ,1010679,94525,9.35
20,398,ARHAM,SM,68000,56000,82.35
20,399,ARIES,EQ,480377,72638,15.12
20,400,ARIHANT,EQ,2447,1741,71.15
20,401,ARIHANTCAP,EQ,132223,81837,61.89
20,402,ARIHANTSUP,EQ,3340,2375,71.11
20,403,ARIS,EQ,897946,338447,37.69
20,404,ARISTO,SM,3200,3200,100.00
20,405,ARKADE,EQ,231541,98801,42.67
20,406,ARMANFIN,EQ,21151,12347,58.38
20,407,AROGRANITE,EQ,4239,3516,82.94
20,408,ARSSBL,EQ,199206,97957,49.17
20,409,ARTEMISMED,EQ,226615,122809,54.19
20,410,ARTNIRMAN,EQ,1607,1431,89.05
20,411,ARUNAYA,SM,6000,6000,100.00
20,412,ARVEE,EQ,962,824,85.65
20,413,ARVIND,EQ,790352,334071,42.27
20,414,ARVINDFASN,EQ,203097,113898,56.08
20,415,ARVINDPORT,SM,12000,12000,100.00
20,416,ARVSMART,EQ,79766,43551,54.60
20,417,ARYAMAN,EQ,229,201,87.77
20,418,ASAHIINDIA,EQ,213328,94037,44.08
20,419,ASAL,EQ,13648,6792,49.77
20,420,ASALCBR,EQ,14509,8723,60.12
20,421,ASHALOG,SM,2000,2000,100.00
20,422,ASHAPURMIN,EQ,226693,101540,44.79
20,423,ASHIANA,EQ,38619,16902,43.77
20,424,ASHIMASYN,EQ,71620,40712,56.84
20,425,ASHOKA,EQ,2169165,563832,25.99
20,426,ASHOKAMET,EQ,18438,11249,61.01
20,427,ASHOKLEY,EQ,16412854,8026290,48.90
20,428,ASHWINI,SM,7000,5000,71.43
20,429,ASIANENE,EQ,919172,290723,31.63
20,430,ASIANHOTNR,EQ,26364,11896,45.12
20,431,ASIANPAINT,EQ,497889,219384,44.06
20,432,ASIANTILES,EQ,5231296,2039944,39.00
20,433,ASIANTNE,EQ,3443,3346,97.18
20,434,ASKAUTOLTD,EQ,134316,57746,42.99
20,435,ASPINWALL,EQ,1099,904,82.26
20,436,ASSAMENT,EQ,3,2,66.67
20,437,ASTAR,EQ,124,123,99.19
20,438,ASTEC,EQ,37649,22859,60.72
20,439,ASTERDM,EQ,1275385,719051,56.38
20,440,ASTRAL,EQ,1046620,604761,57.78
20,441,ASTRAMICRO,EQ,220101,134550,61.13
20,442,ASTRAZEN,EQ,4789,2488,51.95
20,443,ATALREAL,EQ,33201247,6755262,20.35
20,444,ATAM,EQ,8221,5309,64.58
20,445,ATCENERGY,ST,3600,3600,100.00
20,446,ATGL,EQ,776942,199954,25.74
20,447,ATHERENERG,EQ,6312532,1607004,25.46
20,448,ATL,EQ,782831,501168,64.02
20,449,ATLANTAA,EQ,53579,33240,62.04
20,450,ATLANTAELE,EQ,70238,31317,44.59
20,451,ATLASCYCLE,EQ,6678,4113,61.59
20,452,ATLPP,E1,4028,4028,100.00
20,453,ATMASTCO,SM,16400,14800,90.24
20,454,ATUL,EQ,22848,14204,62.17
20,455,ATULAUTO,EQ,124489,60565,48.65
20,456,AUBANK,EQ,864436,579708,67.06
20,457,AUGMONT,EQ,4700620,1256626,26.73
20,458,AURIONPRO,EQ,170519,97627,57.25
20,459,AUROIMPEX,SM,11200,9600,85.71
20,460,AUROPHARMA,EQ,816419,341370,41.81
20,461,AURUM,EQ,179857,92619,51.50
20,462,AURUS,EQ,22489,20635,91.76
20,463,AUSL,SM,6000,6000,100.00
20,464,AUSOMENT,EQ,19464,13624,70.00
20,465,AUSTENG,EQ,59,49,83.05
20,466,AUTOAXLES,EQ,9452,5274,55.80
20,467,AUTOBEES,EQ,454387,243001,53.48
20,468,AUTOIETF,EQ,1576618,961218,60.97
20,469,AUTOIND,EQ,193816,76123,39.28
20,470,AVADHSUGAR,EQ,120202,44571,37.08
20,471,AVALON,EQ,662674,252116,38.05
20,472,AVANA,ST,8000,6000,75.00
20,473,AVANCE,EQ,17145793,7500121,43.74
20,474,AVANTEL,EQ,611755,277043,45.29
20,475,AVANTIFEED,EQ,400361,185606,46.36
20,476,AVIANSH,SM,2000,2000,100.00
20,477,AVIENCE,SM,9000,6000,66.67
20,478,AVL,EQ,315136,247462,78.53
20,479,AVONMORE,EQ,194160,103540,53.33
20,480,AVPINFRA,SM,25600,17600,68.75
20,481,AVROIND,EQ,422890,311422,73.64
20,482,AVTNPL,EQ,99085,55678,56.19
20,483,AWFIS,EQ,135933,73275,53.91
20,484,AWHCL,EQ,63740,35096,55.06
20,485,AWL,EQ,2934970,1586198,54.04
20,486,AXISBANK,EQ,6437250,4248028,65.99
20,487,AXISCADES,EQ,290857,122576,42.14
20,488,AXITA,EQ,668683,393112,58.79
20,489,AXTEL,EQ,1840,1297,70.49
20,490,AYE,EQ,1770200,1065651,60.20
20,491,AYMSYNTEX,EQ,601939,142969,23.75
20,492,AZAD,EQ,254104,103608,40.77
20,493,AZADIND,EQ,19649,7641,38.89
20,494,BABAFP,SM,1600,1600,100.00
20,495,BAGDIGITAL,SM,1600,1600,100.00
20,496,BAGFILMS,EQ,85276,54097,63.44
20,497,BAGMANE,RR,901651,780724,86.59
20,498,BAHETI,SM,10875,7875,72.41
20,499,BAIDFIN,EQ,18429,16867,91.52
20,500,BAJAJ-AUTO,EQ,333619,185570,55.62
20,501,BAJAJCON,EQ,2420197,1157331,47.82
20,502,BAJAJELEC,EQ,100313,46697,46.55
20,503,BAJAJFINSV,EQ,730988,424333,58.05
20,504,BAJAJHCARE,EQ,43921,19625,44.68
20,505,BAJAJHFL,EQ,2276868,1196565,52.55
20,506,BAJAJHIND,EQ,28951286,3928529,13.57
20,507,BAJAJHLDNG,EQ,32382,18993,58.65
20,508,BAJAJINDEF,EQ,10094,5914,58.59
20,509,BAJAJST,EQ,5216,3907,74.90
20,510,BAJEL,EQ,100603,44155,43.89
20,511,BAJFINANCE,EQ,6234288,4160048,66.73
20,512,BALAJEE,EQ,16711,10877,65.09
20,513,BALAJIPHOS,SM,130000,105000,80.77
20,514,BALAJITELE,EQ,133306,92470,69.37
20,515,BALAMINES,EQ,455466,125811,27.62
20,516,BALAXI,EQ,302797,199554,65.90
20,517,BALCO,SM,2400,2400,100.00
20,518,BALKRISHNA,EQ,3958,3230,81.61
20,519,BALKRISIND,EQ,343301,130672,38.06
20,520,BALMLAWRIE,EQ,97753,49523,50.66
20,521,BALPHARMA,EQ,14659,6549,44.68
20,522,BALRAMCHIN,EQ,4012425,695705,17.34
20,523,BALUFORGE,EQ,2344406,691677,29.50
20,524,BANARBEADS,EQ,355,158,44.51
20,525,BANARISUG,EQ,2140,694,32.43
20,526,BANCOINDIA,EQ,81619,36062,44.18
20,527,BANDHANBNK,EQ,6396488,3227175,50.45
20,528,BANG,EQ,28337,13828,48.80
20,529,BANK10ADD,EQ,3657235,3625062,99.12
20,530,BANK10BETF,EQ,1489,1255,84.28
20,531,BANKA,EQ,1069,1064,99.53
20,532,BANKADD,EQ,9796,6737,68.77
20,533,BANKBARODA,EQ,9638977,5816550,60.34
20,534,BANKBEES,EQ,1045041,636109,60.87
20,535,BANKBETA,EQ,647961,617567,95.31
20,536,BANKBETF,EQ,15722,10787,68.61
20,537,BANKETF,EQ,41320,34283,82.97
20,538,BANKIETF,EQ,168198,97377,57.89
20,539,BANKINDIA,EQ,5132803,2130476,41.51
20,540,BANKNIFTY1,EQ,559906,335110,59.85
20,541,BANKPSU,EQ,21223,5701,26.86
20,542,BANSALWIRE,EQ,39275,19698,50.15
20,543,BANSWRAS,EQ,41871,29743,71.03
20,544,BARFLEX,SM,2000,2000,100.00
20,545,BASF,EQ,15322,7074,46.17
20,546,BASILIC,SM,5100,3900,76.47
20,547,BATAINDIA,EQ,87033,38372,44.09
20,548,BATLIBOI,EQ,122105,62940,51.55
20,549,BAWEJA,ST,800,800,100.00
20,550,BAYERCROP,EQ,16833,11147,66.22
20,551,BBETF0432,EQ,1080,939,86.94
20,552,BBL,EQ,18647,12072,64.74
20,553,BBNPNBETF,EQ,2071,1807,87.25
20,554,BBNPPGOLD,EQ,2926,2273,77.68
20,555,BBOX,EQ,207783,92461,44.50
20,556,BBTC,EQ,76820,30502,39.71
20,557,BBTCL,EQ,9290,6196,66.70
20,558,BCG,EQ,3198107,1778735,55.62
20,559,BCLIND,EQ,473912,224746,47.42
20,560,BCONCEPTS,EQ,7512,6343,84.44
20,561,BCPL,EQ,4322,3092,71.54
20,562,BDL,EQ,578257,160199,27.70
20,563,BEACON,SM,5000,3000,60.00
20,564,BEARDSELL,EQ,22548,17524,77.72
20,565,BECTORFOOD,EQ,963048,374012,38.84
20,566,BEDMUTHA,EQ,3679,3357,91.25
20,567,BEEKAY,EQ,3760,3446,91.65
20,568,BEL,EQ,11919117,7149438,59.98
20,569,BELLACASA,EQ,8193,5647,68.92
20,570,BELRISE,EQ,3569979,1834034,51.37
20,571,BEML,EQ,966324,364958,37.77
20,572,BENARAS,EQ,44,36,81.82
20,573,BENGALASM,EQ,336,229,68.15
20,574,BEPL,EQ,1468903,516584,35.17
20,575,BERGEPAINT,EQ,225836,96000,42.51
20,576,BESTAGRO,EQ,2169874,1107094,51.02
20,577,BETA,EQ,44647,25340,56.76
20,578,BEWLTD,SM,19500,16500,84.62
20,579,BFINVEST,EQ,30551,17066,55.86
20,580,BFSI,EQ,265420,183580,69.17
20,581,BFUTILITIE,EQ,23073,8891,38.53
20,582,BHADORA,ST,24000,24000,100.00
20,583,BHAGCHEM,EQ,70506,43947,62.33
20,584,BHAGYANGR,EQ,140035,69096,49.34
20,585,BHANDARI,EQ,198728,155297,78.15
20,586,BHARATCOAL,EQ,12235859,3410872,27.88
20,587,BHARATFORG,EQ,1341071,966899,72.10
20,588,BHARATRAS,EQ,25627,16764,65.42
20,589,BHARATSE,EQ,180073,82440,45.78
20,590,BHARATWIRE,EQ,247468,58498,23.64
20,591,BHARTIARTL,EQ,4125938,2997731,72.66
20,592,BHARTIHEXA,EQ,70741,38353,54.22
20,593,BHEL,EQ,5742323,2719773,47.36
20,594,BIGBLOC,EQ,24121,14602,60.54
20,595,BIKAJI,EQ,356630,254548,71.38
20,596,BIKEWO,ST,160000,132000,82.50
20,597,BIL,EQ,18069,9992,55.30
20,598,BIMETAL,EQ,329,314,95.44
20,599,BIOCON,EQ,1433504,839667,58.57
20,600,BIOFILCHEM,EQ,4881,3831,78.49
20,601,BIOPOL,SM,57600,57600,100.00
20,602,BIRET,RR,180992,143507,79.29
20,603,BIRLACORPN,EQ,43993,22692,51.58
20,604,BIRLAMONEY,EQ,11603,6063,52.25
20,605,BIRLANU,EQ,3869,1721,44.48
20,606,BIRLAPREC,EQ,52217,34214,65.52
20,607,BLACKBUCK,EQ,232439,135519,58.30
20,608,BLAL,EQ,19000,16979,89.36
20,609,BLBLIMITED,EQ,361782,271502,75.05
20,610,BLEL,EQ,1657322,233133,14.07
20,611,BLIL,EQ,58245,49842,85.57
20,612,BLKASHYAP,EQ,682619,345857,50.67
20,613,BLS,EQ,620128,292161,47.11
20,614,BLSE,EQ,151988,80582,53.02
20,615,BLUECLOUDS,EQ,1134230,630517,55.59
20,616,BLUEDART,EQ,23531,9065,38.52
20,617,BLUEJET,EQ,275975,145274,52.64
20,618,BLUEPEBBLE,SM,16000,16000,100.00
20,619,BLUESTARCO,EQ,657972,273903,41.63
20,620,BLUESTONE,EQ,351724,90497,25.73
20,621,BLUEWATER,ST,12000,11000,91.67
20,622,BLUSPRING,EQ,1043522,417401,40.00
20,623,BMETRICS,SM,4000,4000,100.00
20,624,BMLL,SM,30000,25000,83.33
20,625,BMWVENTLTD,EQ,51206,17574,34.32
20,626,BNAGROCHEM,EQ,1745,976,55.93
20,627,BNKETFAXIS,EQ,201,142,70.65
20,628,BODALCHEM,EQ,30271526,3560935,11.76
20,629,BOHRAIND,EQ,21139,13198,62.43
20,630,BOMDYEING,EQ,568186,177934,31.32
20,631,BONLON,EQ,4432,2389,53.90
20,632,BORANA,EQ,19418,14210,73.18
20,633,BOROLTD,EQ,310915,111323,35.80
20,634,BORORENEW,EQ,172957,80572,46.58
20,635,BOROSCI,EQ,92825,50531,54.44
20,636,BOSCH-HCIL,EQ,29791,16359,54.91
20,637,BOSCHLTD,EQ,50832,20356,40.05
20,638,BOSS,SM,2000,2000,100.00
20,639,BPCL,EQ,8277464,4794959,57.93
20,640,BPL,EQ,59833,49705,83.07
20,641,BPLPHARMA,EQ,524,332,63.36
20,642,BRACEPORT,SM,6400,6400,100.00
20,643,BRAHMINFRA,EQ,46742,24254,51.89
20,644,BRANDMAN,SM,82400,64800,78.64
20,645,BRIGADE,EQ,258628,61011,23.59
20,646,BRIGHOTEL,EQ,76485,51216,66.96
20,647,BRIGHTBR,EQ,1199,805,67.14
20,648,BRITANNIA,EQ,325672,182507,56.04
20,649,BRNL,EQ,35170,25322,72.00
20,650,BSE,EQ,6510791,2547398,39.13
20,651,BSE500IETF,EQ,105175,57471,54.64
20,652,BSHSL,EQ,3027,2180,72.02
20,653,BSL,EQ,1740,1231,70.75
20,654,BSLGOLDETF,EQ,432842,255093,58.93
20,655,BSLNIFTY,EQ,1719207,1159682,67.45
20,656,BSLSENETFG,EQ,1239,830,66.99
20,657,BSOFT,EQ,1273310,494538,38.84
20,658,BTML,EQ,453815,391463,86.26
20,659,BUILDPRO,EQ,129285,77416,59.88
20,660,BULKCORP,ST,1200,1200,100.00
20,661,BURNPUR,EQ,467871,221086,47.25
20,662,BUTTERFLY,EQ,12254,9876,80.59
20,663,BVCL,EQ,6239,2421,38.80
20,664,C2C,SM,91200,59700,65.46
20,665,CAGL28,NE,59,59,100.00
20,666,CALSOFT,EQ,283152,187538,66.23
20,667,CAMLINFINE,EQ,384536,181072,47.09
20,668,CAMPUS,EQ,248414,117693,47.38
20,669,CAMS,EQ,1271642,616313,48.47
20,670,CANARYS,SM,12000,8000,66.67
20,671,CANBK,EQ,13231733,6092679,46.05
20,672,CANFINHOME,EQ,171636,108097,62.98
20,673,CANHLIFE,EQ,315187,163542,51.89
20,674,CANTABIL,EQ,96859,59717,61.65
20,675,CAPACITE,EQ,471954,235962,50.00
20,676,CAPILLARY,EQ,79393,51000,64.24
20,677,CAPINVIT,IV,121461,108348,89.20
20,678,CAPITALSFB,EQ,10917,7995,73.23
20,679,CAPLIPOINT,EQ,373618,80323,21.50
20,680,CARBORUNIV,EQ,146299,91800,62.75
20,681,CARERATING,EQ,101976,74420,72.98
20,682,CARRARO,EQ,88463,34455,38.95
20,683,CARTRADE,EQ,157344,66487,42.26
20,684,CARYSIL,EQ,43539,25604,58.81
20,685,CASHIETF,EQ,344136,264011,76.72
20,686,CASTROLIND,EQ,858851,519980,60.54
20,687,CBAZAAR,ST,16000,16000,100.00
20,688,CCAVENUE,EQ,14217006,5065223,35.63
20,689,CCCL,EQ,102155,69932,68.46
20,690,CCHHL,EQ,20907,15344,73.39
20,691,CCL,EQ,145991,71786,49.17
20,692,CDSL,EQ,858052,299123,34.86
20,693,CEATLTD,EQ,47129,23080,48.97
20,694,CEDAAR,ST,9000,9000,100.00
20,695,CEIGALL,EQ,203190,91588,45.08
20,696,CEINSYS,EQ,63889,34957,54.72
20,697,CELEBRITY,EQ,10192,7374,72.35
20,698,CELLECOR,SM,309000,240000,77.67
20,699,CELLO,EQ,201808,94138,46.65
20,700,CELLPOINT,SM,6000,4800,80.00
20,701,CEMNTGROWW,EQ,118820,100113,84.26
20,702,CEMPRO,EQ,188580,122521,64.97
20,703,CENTENKA,EQ,9590323,444315,4.63
20,704,CENTEXT,EQ,184050,116058,63.06
20,705,CENTRALBK,EQ,6820964,2977836,43.66
20,706,CENTRUM,EQ,201793,109618,54.32
20,707,CENTUM,EQ,117868,35624,30.22
20,708,CENTURYPLY,EQ,25519,14465,56.68
20,709,CERA,EQ,2090,1340,64.11
20,710,CESC,EQ,1227110,531370,43.30
20,711,CEWATER,EQ,44650,18584,41.62
20,712,CFEL,EQ,18100,10621,58.68
20,713,CGCL,EQ,3713359,1084506,29.21
20,714,CGPOWER,EQ,2061765,1117804,54.22
20,715,CGRAPHICS,SM,24000,18400,76.67
20,716,CGVAK,EQ,1333,1302,97.67
20,717,CHALET,EQ,70205,31579,44.98
20,718,CHAMBLFERT,EQ,739003,458508,62.04
20,719,CHANDAN,SM,51200,34400,67.19
20,720,CHAVDA,SM,30000,22000,73.33
20,721,CHEMBOND,EQ,3886,2248,57.85
20,722,CHEMCRUX,EQ,3519,3139,89.20
20,723,CHEMFAB,EQ,2940,2720,92.52
20,724,CHEMICAL,EQ,256088,144593,56.46
20,725,CHEMPLASTS,EQ,128382,55745,43.42
20,726,CHENNPETRO,EQ,1672746,367282,21.96
20,727,CHETANA,SM,20800,12800,61.54
20,728,CHEVIOT,EQ,1549,1176,75.92
20,729,CHOICEGOLD,EQ,6727,5431,80.73
20,730,CHOICEIN,EQ,203010,82629,40.70
20,731,CHOLAFIN,EQ,853169,551839,64.68
20,732,CHOLAHLDNG,EQ,143781,70745,49.20
20,733,CIEINDIA,EQ,191339,117149,61.23
20,734,CIFCZC28A,N5,26,26,100.00
20,735,CIFL,EQ,8872,7964,89.77
20,736,CINELINE,EQ,8621,7151,82.95
20,737,CINEVISTA,EQ,11609,7774,66.97
20,738,CIPLA,EQ,578260,321987,55.68
20,739,CITIUSINVT,IV,106972,103155,96.43
20,740,CLASSICEIL,SM,6400,4800,75.00
20,741,CLAYCRAFT,SM,40200,38400,95.52
20,742,CLEAN,EQ,1112817,427647,38.43
20,743,CLEANMAX,EQ,104707,49359,47.14
20,744,CLSEL,EQ,70678,25774,36.47
20,745,CLSL,ST,2000,2000,100.00
20,746,CMLL,EQ,716590,311369,43.45
20,747,CMNL,SM,22500,20250,90.00
20,748,CMPDI,EQ,906471,369991,40.82
20,749,CMRGREEN,EQ,277896,124761,44.89
20,750,CMRSL,SM,4000,4000,100.00
20,751,CMSINFO,EQ,625944,318632,50.90
20,752,CNL,EQ,17267,9853,57.06
20,753,COALINDIA,EQ,34130970,9663682,28.31
20,754,COASTCORP,EQ,59914,41298,68.93
20,755,COCHINSHIP,EQ,327832,103580,31.60
20,756,COCKERILL,EQ,4052,2213,54.62
20,757,COFORGE,EQ,1665060,1005036,60.36
20,758,COHANCE,EQ,417152,174504,41.83
20,759,COLPAL,EQ,274685,143703,52.32
20,760,COMFINTE,EQ,116294,86297,74.21
20,761,COMMITTED,SM,9600,9600,100.00
20,762,COMMOIETF,EQ,28045,13165,46.94
20,763,COMPEAU,EQ,561,561,100.00
20,764,COMPUSOFT,EQ,17899,12799,71.51
20,765,COMSYN,EQ,113506,48708,42.91
20,766,CONCOR,EQ,2202359,1090811,49.53
20,767,CONCORDBIO,EQ,90956,43468,47.79
20,768,CONFIPET,EQ,5113322,2516599,49.22
20,769,CONNPLEX,SM,25600,19200,75.00
20,770,CONS,EQ,21260,18561,87.30
20,771,CONSUMAXIS,EQ,5359,942,17.58
20,772,CONSUMBEES,EQ,179006,133091,74.35
20,773,CONSUMER,EQ,300957,261156,86.78
20,774,CONSUMIETF,EQ,7895,4390,55.60
20,775,CONTI,SM,279972,279972,100.00
20,776,CONTROLPR,EQ,64466,55784,86.53
20,777,COOLCAPS,ST,157500,140000,88.89
20,778,CORALFINAC,EQ,17316,9185,53.04
20,779,CORDELIA,EQ,1054722,535197,50.74
20,780,CORDSCABLE,EQ,516769,191183,37.00
20,781,COROMANDEL,EQ,95960,55176,57.50
20,782,CORONA,EQ,9979,3431,34.38
20,783,COSMOFIRST,EQ,136691,44573,32.61
20,784,CPCAP,EQ,7926,5313,67.03
20,785,CPEDU,EQ,2202,1638,74.39
20,786,CPL,EQ,144900,26674,18.41
20,787,CPPLUS,EQ,222182,121265,54.58
20,788,CPS,SM,1200,1200,100.00
20,789,CPSEETF,EQ,1238289,907684,73.30
20,790,CRAFTSMAN,EQ,43059,26086,60.58
20,791,CRAMC,EQ,166410,98687,59.30
20,792,CRAVATEX,EQ,1,1,100.00
20,793,CREATIVEYE,EQ,1356,1234,91.00
20,794,CREDENT,ST,140400,135600,96.58
20,795,CREDITACC,EQ,394282,260754,66.13
20,796,CREST,EQ,4044,3949,97.65
20,797,CRISIL,EQ,40753,20030,49.15
20,798,CRIZAC,EQ,380389,136186,35.80
20,799,CROMPTON,EQ,3476670,1599688,46.01
20,800,CROWN,EQ,7390,6245,84.51
20,801,CSBBANK,EQ,340893,179282,52.59
20,802,CSLFINANCE,EQ,46180,29198,63.23
20,803,CSM,EQ,130639,48175,36.88
20,804,CSSL,SM,2000,2000,100.00
20,805,CUB,EQ,2227407,1089047,48.89
20,806,CUBEINVIT,IV,727940,678188,93.17
20,807,CUBEXTUB,EQ,22424,11829,52.75
20,808,CUDML,SM,12000,12000,100.00
20,809,CUMMINSIND,EQ,368600,249694,67.74
20,810,CUPID,EQ,9328144,3675461,39.40
20,811,CURAA,EQ,39,30,76.92
20,812,CURIS,SM,10000,9000,90.00
20,813,CURRENT,SM,6400,4800,75.00
20,814,CYBERMEDIA,EQ,83153,68835,82.78
20,815,CYIENT,EQ,820374,346712,42.26
20,816,CYIENTDLM,EQ,581016,283278,48.76
20,817,DABUR,EQ,1597939,925303,57.91
20,818,DAICHI,EQ,18127,16969,93.61
20,819,DALBHARAT,EQ,58918,28540,48.44
20,820,DALMIASUG,EQ,337632,109887,32.55
20,821,DAMCAPITAL,EQ,271119,99799,36.81
20,822,DANGEE,EQ,91306,75619,82.82
20,823,DANISH,SM,15300,10200,66.67
20,824,DATAMATICS,EQ,29964,16192,54.04
20,825,DATAPATTNS,EQ,292275,52555,17.98
20,826,DAVANGERE,EQ,9326102,6366593,68.27
20,827,DBCORP,EQ,97496,58769,60.28
20,828,DBL,EQ,58809,31509,53.58
20,829,DBOL,EQ,136571,63624,46.59
20,830,DBREALTY,EQ,752185,446877,59.41
20,831,DCAL,EQ,225327,101361,44.98
20,832,DCBBANK,EQ,2487065,1358789,54.63
20,833,DCCL,SM,2000,2000,100.00
20,834,DCG,SM,116400,81600,70.10
20,835,DCI,EQ,249417,70131,28.12
20,836,DCMFINSERV,EQ,9021,8519,94.44
20,837,DCMNVL,EQ,31825,27211,85.50
20,838,DCMSHRIRAM,EQ,88712,42658,48.09
20,839,DCMSIL,EQ,55181,22037,39.94
20,840,DCMSRIND,EQ,170129,85632,50.33
20,841,DCW,EQ,6153160,2078495,33.78
20,842,DCXINDIA,EQ,215087,95198,44.26
20,843,DDEVPLSTIK,EQ,64985,39620,60.97
20,844,DECCANCE,EQ,2760,1697,61.49
20,845,DECCANTRAN,SM,6000,6000,100.00
20,846,DECNGOLD,EQ,757656,307544,40.59
20,847,DEEDEV,EQ,530818,287504,54.16
20,848,DEEP,EQ,5874,5417,92.22
20,849,DEEPAKFERT,EQ,130758,67607,51.70
20,850,DEEPAKNTR,EQ,389513,187685,48.18
20,851,DEEPINDS,EQ,450290,210980,46.85
20,852,DEFENCE,EQ,246280,120310,48.85
20,853,DELAPLEX,SM,9000,7200,80.00
20,854,DELHIVERY,EQ,1061104,614569,57.92
20,855,DELTACORP,EQ,647310,366155,56.57
20,856,DELTAMAGNT,EQ,2805,1640,58.47
20,857,DEN,EQ,304255,184115,60.51
20,858,DENEERS,SM,2400,1200,50.00
20,859,DENORA,EQ,1761,1117,63.43
20,860,DENTA,EQ,111326,42628,38.29
20,861,DENTALKART,SM,2250,1500,66.67
20,862,DEVIT,EQ,12989,9578,73.74
20,863,DEVX,EQ,114889,106357,92.57
20,864,DEVYANI,EQ,1211173,622429,51.39
20,865,DGCONTENT,EQ,198027,54634,27.59
20,866,DHAMPURSUG,EQ,655398,240072,36.63
20,867,DHANBANK,EQ,612773,350254,57.16
20,868,DHANLAXMI,SM,2000,2000,100.00
20,869,DHANSA,SM,22000,14000,63.64
20,870,DHANUKA,EQ,17041,8907,52.27
20,871,DHARARAIL,ST,12000,12000,100.00
20,872,DHARIWAL,SM,81000,81000,100.00
20,873,DHARMAJ,EQ,105881,97285,91.88
20,874,DHATRE,EQ,16175,14133,87.38
20,875,DHOOTTRANS,EQ,4833587,759177,15.71
20,876,DHRUV,EQ,4896,4640,94.77
20,877,DHUNINV,EQ,2140,1745,81.54
20,878,DIAMINESQ,EQ,4583,2871,62.64
20,879,DIAMONDYD,EQ,7145,3739,52.33
20,880,DICIND,EQ,4900,2934,59.88
20,881,DIFFNKG,EQ,306772,104297,34.00
20,882,DIGIDRIVE,EQ,10459,7459,71.32
20,883,DIGIKORE,SM,51200,40400,78.91
20,884,DIGISPICE,EQ,50007,33310,66.61
20,885,DIGITIDE,EQ,146462,79829,54.50
20,886,DIGJAMLMTD,EQ,2110,1762,83.51
20,887,DISAQ,EQ,342,64,18.71
20,888,DISHTV,EQ,741311,575749,77.67
20,889,DIVGIITTS,EQ,122025,43995,36.05
20,890,DIVIDEND,EQ,42589,30173,70.85
20,891,DIVINEHIRA,ST,22800,18000,78.95
20,892,DIVISLAB,EQ,403619,256249,63.49
20,893,DIVOPPBEES,EQ,58412,34768,59.52
20,894,DIVYADHAN,ST,22000,20000,90.91
20,895,DIXON,EQ,216702,64146,29.60
20,896,DJML,EQ,147754,28115,19.03
20,897,DLF,EQ,3578778,1624284,45.39
20,898,DLINKINDIA,EQ,411216,83466,20.30
20,899,DMART,EQ,204007,111772,54.79
20,900,DMCC,EQ,63510,26296,41.40
20,901,DNAMEDIA,EQ,26237,18595,70.87
20,902,DODLA,EQ,34781,20855,59.96
20,903,DOLATALGO,EQ,178494,78270,43.85
20,904,DOLLAR,EQ,84900,48504,57.13
20,905,DOLLEX,SM,48000,44000,91.67
20,906,DOLPHIN,EQ,34269,14798,43.18
20,907,DOMS,EQ,29319,22744,77.57
20,908,DONEAR,EQ,8254,5221,63.25
20,909,DPABHUSHAN,EQ,24177,14390,59.52
20,910,DPEL,SM,20000,15500,77.50
20,911,DRAGARWQ,EQ,2319,1269,54.72
20,912,DRCSYSTEMS,EQ,30334,18335,60.44
20,913,DREAMFOLKS,EQ,26461,13642,51.56
20,914,DREDGECORP,EQ,43034,17006,39.52
20,915,DRONE,SM,10500,7000,66.67
20,916,DRREDDY,EQ,486542,297303,61.11
20,917,DSSL,EQ,36263,23356,64.41
20,918,DTIL,EQ,11996,7788,64.92
20,919,DTL,SM,1200,1200,100.00
20,920,DUCOL,SM,2400,2400,100.00
20,921,DUCON,EQ,1030380,706532,68.57
20,922,DUGLOBAL,SM,22500,17500,77.78
20,923,DURLAX,SM,36000,28000,77.78
20,924,DVL,EQ,14922,10434,69.92
20,925,DWARKESH,EQ,3908597,721600,18.46
20,926,DYCL,EQ,1090048,252560,23.17
20,927,DYNAMATECH,EQ,9361,4410,47.11
20,928,DYNAMIC,ST,12500,11500,92.00
20,929,DYNPRO,EQ,10344,6703,64.80
20,930,E2ERAIL,SM,576000,179200,31.11
20,931,EASEMYTRIP,EQ,11843898,4659095,39.34
20,932,EASTWEST,EQ,26674,17175,64.39
20,933,EBANK10,EQ,2651,1868,70.46
20,934,EBANKNIFTY,EQ,597,551,92.29
20,935,EBBETF0430,EQ,9788,7730,78.97
20,936,EBBETF0431,EQ,2018,1668,82.66
20,937,EBBETF0433,EQ,2242,1743,77.74
20,938,EBGNG,EQ,1248083,405614,32.50
20,939,EBIX,EQ,79184,67900,85.75
20,940,ECAPINSURE,EQ,27027,18297,67.70
20,941,ECLERX,EQ,264722,91633,34.61
20,942,ECOLINE,ST,21000,20000,95.24
20,943,ECORECO,EQ,13107,8317,63.45
20,944,ECOSMOBLTY,EQ,438547,213776,48.75
20,945,EDELWEISS,EQ,5705746,2112787,37.03
20,946,EEPL,ST,45000,38000,84.44
20,947,EFCIL,EQ,203846,119392,58.57
20,948,EFFWA,ST,32800,32000,97.56
20,949,EFORCE,SM,15600,13200,84.62
20,950,EGOLD,EQ,82638,53982,65.32
20,951,EICHERMOT,EQ,1117588,533749,47.76
20,952,EIDPARRY,EQ,358986,172075,47.93
20,953,EIEL,EQ,446613,162337,36.35
20,954,EIHAHOTELS,EQ,49556,28438,57.39
20,955,EIHOTEL,EQ,174245,91270,52.38
20,956,EIMCOELECO,EQ,22028,9622,43.68
20,957,EKC,EQ,127389,62703,49.22
20,958,EKI,EQ,16532,9354,56.58
20,959,ELANTAS,EQ,8310,2188,26.33
20,960,ELCIDIN,EQ,3,2,66.67
20,961,ELDEHSG,EQ,838,599,71.48
20,962,ELECON,EQ,329056,141600,43.03
20,963,ELECTCAST,EQ,3654988,1583502,43.32
20,964,ELECTHERM,EQ,7593,5443,71.68
20,965,ELGIEQUIP,EQ,340531,201174,59.08
20,966,ELGIRUBCO,EQ,56371,24516,43.49
20,967,ELGNZ,SM,56000,35000,62.50
20,968,ELIN,EQ,147098,71735,48.77
20,969,ELIQUID,EQ,16863,14871,88.19
20,970,ELITECON,EQ,809638,809638,100.00
20,971,ELLEN,EQ,232113,110426,47.57
20,972,ELM250,EQ,287747,276725,96.17
20,973,ELMDIV,EQ,2336,868,37.16
20,974,ELPROINTL,EQ,17302,15113,87.35
20,975,EMAMILTD,EQ,1183546,797068,67.35
20,976,EMAMIREAL,EQ,14408,11810,81.97
20,977,EMAPARTNER,SM,4000,4000,100.00
20,978,EMBASSY,RR,372037,326934,87.88
20,979,EMBDL,EQ,2150451,1059934,49.29
20,980,EMCURE,EQ,93727,49338,52.64
20,981,EMETAL,EQ,5814,5661,97.37
20,982,EMIL,EQ,942548,471057,49.98
20,983,EMKAY,EQ,34967,23681,67.72
20,984,EMKAYTOOLS,SM,1050,600,57.14
20,985,EMMIL,SM,5500,5000,90.91
20,986,EMMVEE,EQ,1011269,449223,44.42
20,987,EMPIND,EQ,7580,6055,79.88
20,988,EMPOWER,EQ,2054257,2054257,100.00
20,989,EMSLIMITED,EQ,8214302,583079,7.10
20,990,EMUDHRA,EQ,72368,40528,56.00
20,991,EMULTIMQ,EQ,23272,18966,81.50
20,992,ENCOMPAS,SM,3200,2400,75.00
20,993,ENDURANCE,EQ,143316,81724,57.02
20,994,ENERGY,EQ,651538,484891,74.42
20,995,ENERGYAXIS,EQ,20686,17494,84.57
20,996,ENERGYDEV,EQ,17038,10731,62.98
20,997,ENEXT50,EQ,2112,1478,69.98
20,998,ENFUSE,SM,1200,1200,100.00
20,999,ENGINERSIN,EQ,6781901,1898435,27.99
20,1000,ENIFTY,EQ,7983,7909,99.07
20,1001,ENIL,EQ,8961,6078,67.83
20,1002,ENKEIWHEL,EQ,2735,2712,99.16
20,1003,ENRIN,EQ,245835,136570,55.55
20,1004,ENSER,SM,65000,65000,100.00
20,1005,ENTERO,EQ,166967,69781,41.79
20,1006,ENVIRO,SM,1000,1000,100.00
20,1007,EPACK,EQ,393677,123465,31.36
20,1008,EPACKPEB,EQ,479629,272995,56.92
20,1009,EPIGRAL,EQ,35163,16921,48.12
20,1010,EPL,EQ,10496347,3276252,31.21
20,1011,EPWINDIA,ST,1200,1200,100.00
20,1012,EQUAL200,EQ,24530,20207,82.38
20,1013,EQUAL50,EQ,7747,6776,87.47
20,1014,EQUAL50ADD,EQ,51998,36469,70.14
20,1015,EQUITASBNK,EQ,670856,344752,51.39
20,1016,ERIS,EQ,152755,104482,68.40
20,1017,ESABINDIA,EQ,6800,4157,61.13
20,1018,ESCONET,SM,101200,77200,76.28
20,1019,ESCORTS,EQ,103177,60811,58.94
20,1020,ESENSEX,EQ,304,287,94.41
20,1021,ESFL,SM,22680,15120,66.67
20,1022,ESG,EQ,19078,17548,91.98
20,1023,ESILVER,EQ,251202,236238,94.04
20,1024,ESSARSHPNG,EQ,147217,93448,63.48
20,1025,ESSENTIA,EQ,2411294,1249303,51.81
20,1026,ESTER,EQ,95277,41960,44.04
20,1027,ETERNAL,EQ,20138975,11220426,55.71
20,1028,ETHOSLTD,EQ,25873,12144,46.94
20,1029,ETL,SM,1200,750,62.50
20,1030,ETML,SM,7200,6000,83.33
20,1031,EUREKAFORB,EQ,81366,44991,55.29
20,1032,EUROBOND,EQ,7429,4766,64.15
20,1033,EUROPRATIK,EQ,201379,35639,17.70
20,1034,EVEREADY,EQ,86932,47788,54.97
20,1035,EVIETF,EQ,492139,300544,61.07
20,1036,EVINDIA,EQ,868296,545586,62.83
20,1037,EXCELINDUS,EQ,5547,3086,55.63
20,1038,EXCELLENT,ST,3200,3200,100.00
20,1039,EXCELSOFT,EQ,171128,77783,45.45
20,1040,EXICOM,EQ,698763,214557,30.71
20,1041,EXIDEIND,EQ,2878998,1430094,49.67
20,1042,EXIMROUTES,SM,6400,5600,87.50
20,1043,EXPLEOSOL,EQ,431972,73764,17.08
20,1044,EXXARO,EQ,382891,229914,60.05
20,1045,FABTECH,EQ,62164,20726,33.34
20,1046,FACT,EQ,140166,63314,45.17
20,1047,FALCONTECH,SM,8400,3600,42.86
20,1048,FASCINATE,ST,5600,5600,100.00
20,1049,FAZE3Q,EQ,17325,7472,43.13
20,1050,FCL,EQ,7723374,2264720,29.32
20,1051,FCSSOFT,EQ,2997571,1923712,64.18
20,1052,FDC,EQ,159404,83891,52.63
20,1053,FEDDERSHOL,EQ,954494,327841,34.35
20,1054,FEDERALBNK,EQ,6273256,4324582,68.94
20,1055,FEDFINA,EQ,704394,368951,52.38
20,1056,FELIX,SM,135000,112000,82.96
20,1057,FERMENTA,EQ,159537,74528,46.72
20,1058,FIBERWEB,EQ,12490,9319,74.61
20,1059,FIDEL,SM,1000,1000,100.00
20,1060,FIEMIND,EQ,55396,28571,51.58
20,1061,FILATEX,EQ,1849818,942975,50.98
20,1062,FILATFASH,EQ,20978413,13033441,62.13
20,1063,FINBUD,SM,5000,5000,100.00
20,1064,FINCABLES,EQ,643658,255354,39.67
20,1065,FINEORG,EQ,17127,10017,58.49
20,1066,FINIETF,EQ,455095,258648,56.83
20,1067,FINKURVE,EQ,58734,24661,41.99
20,1068,FINOPB,EQ,871541,174498,20.02
20,1069,FINPIPE,EQ,1132536,596235,52.65
20,1070,FIRSTCRY,EQ,2461807,958706,38.94
20,1071,FISCHER,EQ,651361,384282,59.00
20,1072,FIVESTAR,EQ,558691,268581,48.07
20,1073,FLAIR,EQ,67200,16726,24.89
20,1074,FLEXIADD,EQ,87285,77240,88.49
20,1075,FLUOROCHEM,EQ,116596,67270,57.69
20,1076,FLYSBS,SM,154400,83800,54.27
20,1077,FMCGADD,EQ,9246,5159,55.80
20,1078,FMCGIETF,EQ,1609017,1071533,66.60
20,1079,FMGOETZE,EQ,1528240,794090,51.96
20,1080,FMNL,EQ,15300,14910,97.45
20,1081,FONEBOX,SM,1000,1000,100.00
20,1082,FOODSIN,EQ,374789,331209,88.37
20,1083,FORCAS,ST,9600,6400,66.67
20,1084,FORCEMOT,EQ,103485,35059,33.88
20,1085,FORGEAUTO,SM,1200,1200,100.00
20,1086,FORTIS,EQ,725295,454052,62.60
20,1087,FOSECOIND,EQ,12329,5137,41.67
20,1088,FRACTAL,EQ,154219,74906,48.57
20,1089,FREDUN,EQ,9712,5626,57.93
20,1090,FRESHARA,ST,18000,16800,93.33
20,1091,FROG,ST,30800,28800,93.51
20,1092,FRONTSP,EQ,13571,8399,61.89
20,1093,FSL,EQ,674372,346230,51.34
20,1094,FUSION,EQ,206791,92473,44.72
20,1095,GABRIEL,EQ,230274,112124,48.69
20,1096,GAEL,EQ,483798,227713,47.07
20,1097,GAIL,EQ,5580510,3172768,56.85
20,1098,GAJA,EQ,2433047,723943,29.75
20,1099,GALAPREC,EQ,35036,15697,44.80
20,1100,GALAXYSURF,EQ,11285,6257,55.45
20,1101,GALLANTT,EQ,49632,22744,45.83
20,1102,GANDHAR,EQ,1018241,418551,41.11
20,1103,GANDHITUBE,EQ,7989,6014,75.28
20,1104,GANECOS,EQ,53502,25643,47.93
20,1105,GANESHCP,EQ,67303,41445,61.58
20,1106,GANESHHOU,EQ,11344,6886,60.70
20,1107,GANESHIN,ST,108800,101600,93.38
20,1108,GANGABATH,SM,75000,48000,64.00
20,1109,GANGAFORGE,EQ,7078382,3860203,54.54
20,1110,GANGESSECU,EQ,1435,1347,93.87
20,1111,GARFIBRES,EQ,52451,17745,33.83
20,1112,GARUDA,EQ,459289,171848,37.42
20,1113,GATEWAY,EQ,928175,523867,56.44
20,1114,GAYAHWS,EQ,215434,195468,90.73
20,1115,GAYAPROJ,EQ,549373,469007,85.37
20,1116,GCHOTELS,ST,71400,65400,91.60
20,1117,GCSL,EQ,556823,211015,37.90
20,1118,GEEKAYWIRE,EQ,334848,169962,50.76
20,1119,GEMAROMA,EQ,63560,35458,55.79
20,1120,GENCON,EQ,245355,12282,5.01
20,1121,GENESYS,EQ,396489,165623,41.77
20,1122,GENUSPAPER,EQ,42138,32768,77.76
20,1123,GENUSPOWER,EQ,3705712,1498349,40.43
20,1124,GENXAI,SM,102000,94800,92.94
20,1125,GEOJITFSL,EQ,225428,130094,57.71
20,1126,GESHIP,EQ,471098,272295,57.80
20,1127,GFLLIMITED,EQ,346841,193476,55.78
20,1128,GGBL,SM,29400,21600,73.47
20,1129,GHCL,EQ,53854,27791,51.60
20,1130,GHCLTEXTIL,EQ,1397109,590995,42.30
20,1131,GICHSGFIN,EQ,155356,94455,60.80
20,1132,GICL,EQ,234510,102893,43.88
20,1133,GICRE,EQ,1798962,982947,54.64
20,1134,GILLANDERS,EQ,3326,3184,95.73
20,1135,GILLETTE,EQ,20760,11767,56.68
20,1136,GILT10BETA,EQ,21,19,90.48
20,1137,GILT5BETA,EQ,462,457,98.92
20,1138,GILT5YBEES,EQ,198008,155194,78.38
20,1139,GIPCL,EQ,1526007,731714,47.95
20,1140,GIRIRAJ,SM,12750,12750,100.00
20,1141,GJL,ST,5600,4800,85.71
20,1142,GKB,EQ,68,64,94.12
20,1143,GKENERGY,EQ,225373,106210,47.13
20,1144,GKSL,EQ,817412,339111,41.49
20,1145,GKWLIMITED,EQ,26045,25773,98.96
20,1146,GLAND,EQ,556481,172318,30.97
20,1147,GLAXO,EQ,59227,24732,41.76
20,1148,GLENMARK,EQ,516029,272139,52.74
20,1149,GLFL,EQ,6306,4644,73.64
20,1150,GLOBAL,EQ,496539,295566,59.53
20,1151,GLOBALE,EQ,3568,2382,66.76
20,1152,GLOBALPET,ST,750,750,100.00
20,1153,GLOBALVECT,EQ,5651,2998,53.05
20,1154,GLOBE,EQ,610832,580608,95.05
20,1155,GLOBECIVIL,EQ,158647,33613,21.19
20,1156,GLOBUSSPR,EQ,110360,67459,61.13
20,1157,GLOSTERLTD,EQ,1284,998,77.73
20,1158,GLOTTIS,EQ,26138,21743,83.19
20,1159,GMBREW,EQ,19456,11766,60.47
20,1160,GMDCLTD,EQ,395940,152969,38.63
20,1161,GML,SM,18000,18000,100.00
20,1162,GMMPFAUDLR,EQ,167948,84862,50.53
20,1163,GMRAIRPORT,EQ,6108730,3720773,60.91
20,1164,GMRP&UI,EQ,2248453,1026674,45.66
20,1165,GNA,EQ,155940,66224,42.47
20,1166,GNFC,EQ,610680,271693,44.49
20,1167,GNRL,EQ,58303,45299,77.70
20,1168,GOACARBON,EQ,6453,3575,55.40
20,1169,GOCLCORP,EQ,22496,9232,41.04
20,1170,GOCOLORS,EQ,51374,25697,50.02
20,1171,GODAVARIB,EQ,31043,13148,42.35
20,1172,GODFRYPHLP,EQ,226079,100398,44.41
20,1173,GODIGIT,EQ,121329,56584,46.64
20,1174,GODREJAGRO,EQ,2230141,531781,23.85
20,1175,GODREJCP,EQ,1120078,598805,53.46
20,1176,GODREJIND,EQ,45406,19112,42.09
20,1177,GODREJPROP,EQ,770610,368697,47.84
20,1178,GOKEX,EQ,138716,67984,49.01
20,1179,GOKUL,EQ,219183,82844,37.80
20,1180,GOKULAGRO,EQ,487548,264332,54.22
20,1181,GOLD1,EQ,2034162,1239514,60.93
20,1182,GOLD360,EQ,23092,15683,67.92
20,1183,GOLDADD,EQ,12536983,10968071,87.49
20,1184,GOLDAXIS,EQ,850365,492585,57.93
20,1185,GOLDBEES,EQ,36173459,17369564,48.02
20,1186,GOLDBETA,EQ,933480,641331,68.70
20,1187,GOLDBND,EQ,3995,2069,51.79
20,1188,GOLDCASE,EQ,15798999,7876119,49.85
20,1189,GOLDETF,EQ,1483420,640191,43.16
20,1190,GOLDIAM,EQ,326183,132993,40.77
20,1191,GOLDIETF,EQ,8804998,4994293,56.72
20,1192,GOLDKART,SM,1250,1250,100.00
20,1193,GOLDSTAR,SM,56250,45000,80.00
20,1194,GOODLUCK,EQ,674267,321039,47.61
20,1195,GOODYEAR,EQ,3995,2574,64.43
20,1196,GOPAL,EQ,126055,68354,54.23
20,1197,GOYALALUM,EQ,33923,26690,78.68
20,1198,GOYALSALT,SM,2400,2400,100.00
20,1199,GPECO,ST,7000,6800,97.14
20,1200,GPIL,EQ,1989265,1109389,55.77
20,1201,GPPL,EQ,2172344,1030549,47.44
20,1202,GPTHEALTH,EQ,50195,31388,62.53
20,1203,GPTINFRA,EQ,1296483,177826,13.72
20,1204,GRADIENTE,EQ,606549,349716,57.66
20,1205,GRANDOAK,EQ,7029,5396,76.77
20,1206,GRANULES,EQ,787511,331695,42.12
20,1207,GRAPHISAD,SM,2400,2400,100.00
20,1208,GRAPHITE,EQ,680122,273384,40.20
20,1209,GRASIM,EQ,1085964,593720,54.67
20,1210,GRAUWEIL,EQ,219735,134230,61.09
20,1211,GRAVISSHO,EQ,128,128,100.00
20,1212,GRAVITA,EQ,120612,63701,52.81
20,1213,GRCL,SM,1500,1500,100.00
20,1214,GREAVESCOT,EQ,785920,365154,46.46
20,1215,GREENCHEF,SM,25600,21600,84.38
20,1216,GREENLAM,EQ,50408,33169,65.80
20,1217,GREENLEAF,ST,6000,6000,100.00
20,1218,GREENPANEL,EQ,274624,148140,53.94
20,1219,GREENPLY,EQ,76970,41275,53.62
20,1220,GREENPOWER,EQ,1495912,717332,47.95
20,1221,GRINDWELL,EQ,14477,7827,54.07
20,1222,GRINFRA,EQ,10763,4614,42.87
20,1223,GRMOVER,EQ,1220718,378197,30.98
20,1224,GROBTEA,EQ,123,80,65.04
20,1225,GROWW,EQ,21060867,9690095,46.01
20,1226,GROWWCAPM,EQ,559055,338556,60.56
20,1227,GROWWCHEM,EQ,8369265,8306366,99.25
20,1228,GROWWDEFNC,EQ,281797,148619,52.74
20,1229,GROWWEV,EQ,574173,289256,50.38
20,1230,GROWWGOLD,EQ,4454236,3003652,67.43
20,1231,GROWWHOSPI,EQ,223935,130974,58.49
20,1232,GROWWLIQID,EQ,488458,335641,68.71
20,1233,GROWWLOVOL,EQ,22557,12221,54.18
20,1234,GROWWMC150,EQ,1981,1535,77.49
20,1235,GROWWMETAL,EQ,421344,200491,47.58
20,1236,GROWWMOM50,EQ,184990,138177,74.69
20,1237,GROWWN200,EQ,57672,28237,48.96
20,1238,GROWWNET,EQ,823244,421557,51.21
20,1239,GROWWNIFTY,EQ,856030,621860,72.64
20,1240,GROWWNXT50,EQ,6365,2971,46.68
20,1241,GROWWPOWER,EQ,1494406,677202,45.32
20,1242,GROWWPSE,EQ,3893,2285,58.70
20,1243,GROWWPSUBK,EQ,3573,1514,42.37
20,1244,GROWWRAIL,EQ,1386286,1040215,75.04
20,1245,GROWWRLTY,EQ,297808,109952,36.92
20,1246,GROWWSC250,EQ,134149,97180,72.44
20,1247,GROWWSLVR,EQ,1558535,654468,41.99
20,1248,GRPLTD,EQ,771,432,56.03
20,1249,GRSE,EQ,273379,117200,42.87
20,1250,GRWRHITECH,EQ,27984,13066,46.69
20,1251,GSEC10ABSL,EQ,3,1,33.33
20,1252,GSEC10IETF,EQ,10,9,90.00
20,1253,GSEC10YEAR,EQ,7377,7367,99.86
20,1254,GSEC5IETF,EQ,10415,5240,50.31
20,1255,GSFC,EQ,787261,472058,59.96
20,1256,GSLSU,EQ,180235,144730,80.30
20,1257,GSMFOILS,SM,754500,491000,65.08
20,1258,GSPCROP,EQ,51552,21929,42.54
20,1259,GSS,EQ,14411,8174,56.72
20,1260,GSTL,SM,7000,7000,100.00
20,1261,GTL,EQ,196396,144543,73.60
20,1262,GTLINFRA,EQ,31318894,13620280,43.49
20,1263,GTPL,EQ,55563,42689,76.83
20,1264,GUFICBIO,EQ,693834,206455,29.76
20,1265,GUJALKALI,EQ,107798,37748,35.02
20,1266,GUJAPOLLO,EQ,3595,2457,68.34
20,1267,GUJENERGY,EQ,2260654,1082271,47.87
20,1268,GUJRAFFIA,EQ,1260,886,70.32
20,1269,GUJTHEM,EQ,1719974,1541971,89.65
20,1270,GULFOILLUB,EQ,64023,41966,65.55
20,1271,GULPOLY,EQ,170753,83250,48.75
20,1272,GVPIL,EQ,125940,61343,48.71
20,1273,GVPTECH,EQ,231970,147358,63.52
20,1274,GVT&D,EQ,836148,491954,58.84
20,1275,GYFTR,EQ,102161,52108,51.01
20,1276,HAL,EQ,525620,234496,44.61
20,1277,HALDER,EQ,34207,10047,29.37
20,1278,HALEOSLABS,EQ,1498,1334,89.05
20,1279,HAMPTON,EQ,6209,6082,97.95
20,1280,HAPPSTMNDS,EQ,4999399,1172731,23.46
20,1281,HAPPY,SM,38000,28000,73.68
20,1282,HAPPYFORGE,EQ,102193,59181,57.91
20,1283,HARDWYN,EQ,1367993,596536,43.61
20,1284,HARIOMPIPE,EQ,134360,65187,48.52
20,1285,HARRMALAYA,EQ,11701,7085,60.55
20,1286,HARSHA,EQ,241531,121731,50.40
20,1287,HATHWAY,EQ,1410954,799593,56.67
20,1288,HATSUN,EQ,244250,141329,57.86
20,1289,HAVELLS,EQ,752254,379068,50.39
20,1290,HAVISHA,EQ,47158,34853,73.91
20,1291,HAWKINCOOK,EQ,804,501,62.31
20,1292,HAZOOR,EQ,171123,116618,68.15
20,1293,HBESD,EQ,224,224,100.00
20,1294,HBLENGINE,EQ,519552,205366,39.53
20,1295,HBPOR,EQ,515,505,98.06
20,1296,HBSL,EQ,730,635,86.99
20,1297,HCC,EQ,32414628,10662213,32.89
20,1298,HCG,EQ,95423,39827,41.74
20,1299,HCL-INSYS,EQ,237943,168688,70.89
20,1300,HCLTECH,EQ,2739386,1455738,53.14
20,1301,HDBFS,EQ,203242,135240,66.54
20,1302,HDFCAMC,EQ,962353,561159,58.31
20,1303,HDFCBANK,EQ,36950338,22751679,61.57
20,1304,HDFCBSE500,EQ,6500475,5227529,80.42
20,1305,HDFCGOLD,EQ,4434615,2159573,48.70
20,1306,HDFCGROWTH,EQ,33131,18609,56.17
20,1307,HDFCLIFE,EQ,1116864,614168,54.99
20,1308,HDFCLIQUID,EQ,18114,9566,52.81
20,1309,HDFCLOWVOL,EQ,2076,1562,75.24
20,1310,HDFCMID150,EQ,629418,350819,55.74
20,1311,HDFCMOMENT,EQ,251617,165323,65.70
20,1312,HDFCNEXT50,EQ,131262,74214,56.54
20,1313,HDFCNIF100,EQ,84250,50784,60.28
20,1314,HDFCNIFBAN,EQ,152224,134811,88.56
20,1315,HDFCNIFIT,EQ,225637,197575,87.56
20,1316,HDFCNIFTY,EQ,420555,369164,87.78
20,1317,HDFCNIMEG,EQ,22753,21657,95.18
20,1318,HDFCPSUBK,EQ,15985,7978,49.91
20,1319,HDFCPVTBAN,EQ,57961,39213,67.65
20,1320,HDFCQUAL,EQ,3956,2480,62.69
20,1321,HDFCSENSEX,EQ,48366,31523,65.18
20,1322,HDFCSILVER,EQ,2903676,1355224,46.67
20,1323,HDFCSML250,EQ,1788565,1336876,74.75
20,1324,HDFCVALUE,EQ,1842,882,47.88
20,1325,HEADSUP,EQ,9607,7528,78.36
20,1326,HEALTHADD,EQ,91074,83347,91.52
20,1327,HEALTHAXIS,EQ,1130,638,56.46
20,1328,HEALTHCARE,EQ,22485,17941,79.79
20,1329,HEALTHIETF,EQ,70188,45893,65.39
20,1330,HEALTHX,EQ,1875,1724,91.95
20,1331,HEALTHY,EQ,238422,135828,56.97
20,1332,HECPROJECT,EQ,4614,3516,76.20
20,1333,HEG,EQ,1020619,523565,51.30
20,1334,HEIDELBERG,EQ,138843,89010,64.11
20,1335,HEMIPROP,EQ,253856,146363,57.66
20,1336,HERANBA,EQ,20511,9370,45.68
20,1337,HERITGFOOD,EQ,4731013,1375463,29.07
20,1338,HEROMOTOCO,EQ,1746768,646915,37.03
20,1339,HESTERBIO,EQ,7011,3639,51.90
20,1340,HEXATRADEX,EQ,789,769,97.47
20,1341,HEXT,EQ,311273,146304,47.00
20,1342,HFCL,EQ,17046359,8126287,47.67
20,1343,HGINFRA,EQ,91321,48247,52.83
20,1344,HGM,EQ,15445,11610,75.17
20,1345,HGS,EQ,12083,7847,64.94
20,1346,HIGREEN,SM,8800,5600,63.64
20,1347,HIKAL,EQ,237919,92683,38.96
20,1348,HILINFRA,EQ,69280,54315,78.40
20,1349,HILTON,EQ,202367,131324,64.89
20,1350,HIMATSEIDE,EQ,266034,133256,50.09
20,1351,HINDADH,EQ,2619,2127,81.21
20,1352,HINDALCO,EQ,1902917,1129409,59.35
20,1353,HINDALUMI,EQ,5519,2526,45.77
20,1354,HINDCOMPOS,EQ,4600,3127,67.98
20,1355,HINDCON,EQ,15529,8874,57.14
20,1356,HINDCOPPER,EQ,6616530,2677756,40.47
20,1357,HINDOILEXP,EQ,551626,195806,35.50
20,1358,HINDPETRO,EQ,7705518,4702480,61.03
20,1359,HINDUNILVR,EQ,1497019,991668,66.24
20,1360,HINDWAREAP,EQ,74310,39355,52.96
20,1361,HINDZINC,EQ,3987561,1717686,43.08
20,1362,HIRECT,EQ,26426,11464,43.38
20,1363,HISARMETAL,EQ,2599,1475,56.75
20,1364,HITECH,EQ,1100863,782345,71.07
20,1365,HLEGLAS,EQ,71474,35200,49.25
20,1366,HLVLTD,EQ,203740,175001,85.89
20,1367,HMAAGRO,EQ,4096974,2084256,50.87
20,1368,HNDFDS,EQ,239548,149018,62.21
20,1369,HNGSNGBEES,EQ,60755,40221,66.20
20,1370,HOACFOODS,ST,4875,4500,92.31
20,1371,HOLMARC,SM,5250,2250,42.86
20,1372,HOMEFIRST,EQ,125641,69010,54.93
20,1373,HOMESFY,SM,300,300,100.00
20,1374,HONASA,EQ,966603,496561,51.37
20,1375,HONAUT,EQ,2073,1070,51.62
20,1376,HONDAPOWER,EQ,5423,2678,49.38
20,1377,HORIZONIND,EQ,11684390,5983174,51.21
20,1378,HPAL,EQ,45020,31327,69.58
20,1379,HPIL,EQ,484,402,83.06
20,1380,HPL,EQ,74715,35161,47.06
20,1381,HPTL,SM,91800,87600,95.42
20,1382,HRHNEXT,SM,6000,6000,100.00
20,1383,HRYNSHP,EQ,395,345,87.34
20,1384,HSBCGOLD,EQ,72337,34855,48.18
20,1385,HSCL,EQ,10982851,1858136,16.92
20,1386,HTMEDIA,EQ,143113,103027,71.99
20,1387,HUBTOWN,EQ,369887,183529,49.62
20,1388,HUDCO,EQ,1558842,771810,49.51
20,1389,HUHTAMAKI,EQ,337585,140416,41.59
20,1390,HVAX,SM,150,150,100.00
20,1391,HYBRIDETF,EQ,62333,62333,100.00
20,1392,HYUNDAI,EQ,1012608,442445,43.69
20,1393,IBLFL,SM,20000,20000,100.00
20,1394,IBULLSLTD,EQ,12745266,6766808,53.09
20,1395,ICDSLTD,EQ,122072,43637,35.75
20,1396,ICELCO,SM,88800,76800,86.49
20,1397,ICEMAKE,EQ,7785,4540,58.32
20,1398,ICICIAMC,EQ,880414,542878,61.66
20,1399,ICICIB22,EQ,166033,101264,60.99
20,1400,ICICIBANK,EQ,8515824,5724353,67.22
20,1401,ICICIGI,EQ,605897,337472,55.70
20,1402,ICICIPRULI,EQ,1099572,578439,52.61
20,1403,ICIL,EQ,823554,273097,33.16
20,1404,ICRA,EQ,16104,11170,69.36
20,1405,IDBI,EQ,10822943,4640837,42.88
20,1406,IDEA,EQ,527024719,109915987,20.86
20,1407,IDEAFORGE,EQ,214711,120756,56.24
20,1408,IDEALTECHO,SM,500,500,100.00
20,1409,IDENTICAL,SM,8000,6000,75.00
20,1410,IDFCFIRSTB,EQ,15107630,8946129,59.22
20,1411,IDFNIFTYET,EQ,340,275,80.88
20,1412,IEML,ST,28000,27000,96.43
20,1413,IEX,EQ,3975640,2306529,58.02
20,1414,IFBAGRO,EQ,2396,1496,62.44
20,1415,IFBIND,EQ,35123,15822,45.05
20,1416,IFCI,EQ,428062214,46021160,10.75
20,1417,IFGLEXPOR,EQ,18135,8725,48.11
20,1418,IGARASHI,EQ,32627,16473,50.49
20,1419,IGCL,EQ,75535,37726,49.95
20,1420,IGIL,EQ,552217,341535,61.85
20,1421,IGL,EQ,1206517,703787,58.33
20,1422,IGPL,EQ,75076,36242,48.27
20,1423,IIFL,EQ,4480751,2198961,49.08
20,1424,IIFL060326,YA,30,30,100.00
20,1425,IIFL06326,YC,1031,1031,100.00
20,1426,IIFLCAPS,EQ,375285,173701,46.29
20,1427,IIFLZC28C,N6,30,10,33.33
20,1428,IITL,EQ,96731,15045,15.55
20,1429,IKIO,EQ,375682,106838,28.44
20,1430,IKS,EQ,78597,44064,56.06
20,1431,IMAGICAA,EQ,484536,239421,49.41
20,1432,IMC1,N1,130,130,100.00
20,1433,IMC1,N3,83,83,100.00
20,1434,IMFA,EQ,76217,38749,50.84
20,1435,IMPAL,EQ,1509,1173,77.73
20,1436,INA,EQ,328762,173680,52.83
20,1437,INCREDIBLE,EQ,5295,4242,80.11
20,1438,INDBANK,EQ,14504,10619,73.21
20,1439,INDGN,EQ,684806,364343,53.20
20,1440,INDHOTEL,EQ,1623631,885318,54.53
20,1441,INDIACEM,EQ,73072,30839,42.20
20,1442,INDIAMART,EQ,48141,27050,56.19
20,1443,INDIANB,EQ,898988,379412,42.20
20,1444,INDIANCARD,EQ,313,242,77.32
20,1445,INDIANHUME,EQ,91818,22022,23.98
20,1446,INDIASHLTR,EQ,94870,44284,46.68
20,1447,INDIGO,EQ,1437991,775344,53.92
20,1448,INDIGOPNTS,EQ,106322,59806,56.25
20,1449,INDIGRID,IV,980911,859736,87.65
20,1450,INDIQUBE,EQ,38944,21720,55.77
20,1451,INDNIPPON,EQ,9746,5299,54.37
20,1452,INDOBORAX,EQ,129523,53728,41.48
20,1453,INDOCO,EQ,19225160,663176,3.45
20,1454,INDOFARM,EQ,67157,30504,45.42
20,1455,INDOKEM,EQ,2412,1840,76.29
20,1456,INDOMIM,EQ,2583002,978887,37.90
20,1457,INDORAMA,EQ,435143,171471,39.41
20,1458,INDOSTAR,EQ,130359,82568,63.34
20,1459,INDOTECH,EQ,20517,15328,74.71
20,1460,INDOTHAI,EQ,6527923,4518885,69.22
20,1461,INDOUS,EQ,5087,3280,64.48
20,1462,INDOWIND,EQ,79240,67095,84.67
20,1463,INDPRUD,EQ,38,37,97.37
20,1464,INDRAMEDCO,EQ,295932,157856,53.34
20,1465,INDSWFTLAB,EQ,473769,175590,37.06
20,1466,INDTERRAIN,EQ,16292,13162,80.79
20,1467,INDUSINDBK,EQ,2673391,1599480,59.83
20,1468,INDUSINVIT,IV,85835,73359,85.47
20,1469,INDUSTOWER,EQ,2707843,1417417,52.34
20,1470,INFINIUM,SM,4500,4000,88.89
20,1471,INFLUX,SM,23400,15600,66.67
20,1472,INFOBEAN,EQ,284603,138653,48.72
20,1473,INFOLLION,SM,2400,2000,83.33
20,1474,INFOMEDIA,EQ,16755,9633,57.49
20,1475,INFRA,EQ,35960,29255,81.35
20,1476,INFRABEES,EQ,12570,6882,54.75
20,1477,INFRAIETF,EQ,399829,321593,80.43
20,1478,INFY,EQ,8564358,4696289,54.84
20,1479,INGERRAND,EQ,78135,37834,48.42
20,1480,INNOMET,ST,15000,15000,100.00
20,1481,INNOVACAP,EQ,246228,74183,30.13
20,1482,INNOVANA,EQ,1770,1237,69.89
20,1483,INNOVISION,EQ,7422,4570,61.57
20,1484,INOXGREEN,EQ,673411,240722,35.75
20,1485,INOXINDIA,EQ,226228,110884,49.01
20,1486,INOXWIND,EQ,13562084,5120847,37.76
20,1487,INSECTICID,EQ,18329,9438,51.49
20,1488,INSPIRISYS,EQ,3545,2776,78.31
20,1489,INSUREIETF,EQ,2499345,2452235,98.12
20,1490,INTEGRITY,ST,1200,1200,100.00
20,1491,INTELLECT,EQ,342023,192987,56.43
20,1492,INTENTECH,EQ,12426,9271,74.61
20,1493,INTERARCH,EQ,55317,26942,48.70
20,1494,INTERNET,EQ,492182,278481,56.58
20,1495,INTLCONV,EQ,26946,14737,54.69
20,1496,INVENTURE,EQ,590515,532171,90.12
20,1497,INVICTA,SM,11200,8000,71.43
20,1498,IOB,EQ,3854357,1515315,39.31
20,1499,IOC,EQ,8229119,4426992,53.80
20,1500,IOLCP,EQ,2248618,902500,40.14
20,1501,IONEXCHANG,EQ,309897,147907,47.73
20,1502,IPCALAB,EQ,161648,80555,49.83
20,1503,IPHL,SM,81600,63600,77.94
20,1504,IPL,EQ,66187,26615,40.21
20,1505,IPRINGLTD,EQ,7719,4116,53.32
20,1506,IRB,EQ,28951268,13117503,45.31
20,1507,IRBINVIT,IV,324970,270195,83.14
20,1508,IRCON,EQ,1047669,382791,36.54
20,1509,IRCTC,EQ,1151968,653599,56.74
20,1510,IREDA,EQ,4711096,1817527,38.58
20,1511,IRFC,EQ,7977861,3611078,45.26
20,1512,IRIS,EQ,25963,18082,69.65
20,1513,IRISDOREME,EQ,676779,212769,31.44
20,1514,IRMENERGY,EQ,95221,43967,46.17
20,1515,ISFT,EQ,19820,13234,66.77
20,1516,ISGEC,EQ,20339,11551,56.79
20,1517,ISHAN,SM,192000,192000,100.00
20,1518,ISHANCH,EQ,23202,13460,58.01
20,1519,ISTLTD,EQ,246,230,93.50
20,1520,IT,EQ,274892,140815,51.23
20,1521,ITADD,EQ,22005,12120,55.08
20,1522,ITALIANE,SM,2000,2000,100.00
20,1523,ITAXIS,EQ,2185,855,39.13
20,1524,ITBEES,EQ,6917685,2520526,36.44
20,1525,ITBETA,EQ,448,244,54.46
20,1526,ITC,EQ,14643482,7971263,54.44
20,1527,ITCHOTELS,EQ,2352334,1004819,42.72
20,1528,ITDC,EQ,67907,18411,27.11
20,1529,ITETF,EQ,238991,109947,46.00
20,1530,ITI,EQ,133079,46336,34.82
20,1531,ITIETF,EQ,831659,496084,59.65
20,1532,ITL,EQ,852,711,83.45
20,1533,ITTL,ST,105,105,100.00
20,1534,IVALUE,EQ,176126,81890,46.50
20,1535,IVC,EQ,1346252,1052134,78.15
20,1536,IVZBANKNF,EQ,982,929,94.60
20,1537,IVZINGOLD,EQ,17990,14644,81.40
20,1538,IVZINNIFTY,EQ,114,74,64.91
20,1539,IVZSENSEX,EQ,1849,791,42.78
20,1540,IWARE,ST,5400,5400,100.00
20,1541,IWP,EQ,2965,2949,99.46
20,1542,IXIGO,EQ,2142604,1592518,74.33
20,1543,IZMO,EQ,963349,210647,21.87
20,1544,J&KBANK,EQ,1856552,992667,53.47
20,1545,JAGRAN,EQ,189910,140116,73.78
20,1546,JAGSNPHARM,EQ,58876,35822,60.84
20,1547,JAIBALAJI,EQ,563457,315959,56.08
20,1548,JAICORPLTD,EQ,230222,91366,39.69
20,1549,JAINAM,SM,1000,1000,100.00
20,1550,JAINIK,SM,2400,2400,100.00
20,1551,JAINREC,EQ,1437062,478971,33.33
20,1552,JAIPURKURT,EQ,4856,4592,94.56
20,1553,JALAN,ST,6000,6000,100.00
20,1554,JAMNAAUTO,EQ,910304,459898,50.52
20,1555,JARO,EQ,84913,11294,13.30
20,1556,JASH,EQ,75576,42672,56.46
20,1557,JAYAGROGN,EQ,18896,9905,52.42
20,1558,JAYBARMARU,EQ,108296,55989,51.70
20,1559,JAYBEE,SM,10000,8500,85.00
20,1560,JAYESH,SM,4000,4000,100.00
20,1561,JAYKAY,EQ,937003,288464,30.79
20,1562,JAYNECOIND,EQ,2257984,990070,43.85
20,1563,JAYSREETEA,EQ,67011,38091,56.84
20,1564,JBMA,EQ,208269,68680,32.98
20,1565,JENBURPH,EQ,574,484,84.32
20,1566,JETFREIGHT,EQ,188582,69722,36.97
20,1567,JEYYAM,ST,44000,42000,95.45
20,1568,JFLLIFE,SM,42000,36000,85.71
20,1569,JGCHEM,EQ,364638,147209,40.37
20,1570,JHS,EQ,52593,48190,91.63
20,1571,JINDALPHOT,EQ,1024,600,58.59
20,1572,JINDALPOLY,EQ,98538,30712,31.17
20,1573,JINDALSAW,EQ,2082953,1048948,50.36
20,1574,JINDALSTEL,EQ,706262,384114,54.39
20,1575,JINDRILL,EQ,610029,131853,21.61
20,1576,JINDWORLD,EQ,15067052,1960855,13.01
20,1577,JIOFIN,EQ,15926208,8251338,51.81
20,1578,JISLDVREQS,EQ,113094,9062,8.01
20,1579,JISLJALEQS,EQ,1413119,577312,40.85
20,1580,JITFINFRA,EQ,15433,11245,72.86
20,1581,JIWANRAM,SM,36000,24000,66.67
20,1582,JKCEMENT,EQ,63500,43035,67.77
20,1583,JKIL,EQ,56942,39398,69.19
20,1584,JKIPL,EQ,28408,24128,84.93
20,1585,JKLAKSHMI,EQ,141071,75574,53.57
20,1586,JKPAPER,EQ,776388,369604,47.61
20,1587,JKTYRE,EQ,367987,128942,35.04
20,1588,JLHL,EQ,210142,76522,36.41
20,1589,JMA,EQ,7357,5578,75.82
20,1590,JMFINANCIL,EQ,1534370,650742,42.41
20,1591,JNKINDIA,EQ,59074,34274,58.02
20,1592,JNPR,EQ,329482,101977,30.95
20,1593,JPOLYINVST,EQ,8189,4176,51.00
20,1594,JPPOWER,EQ,21807243,8597432,39.42
20,1595,JSFB,EQ,250706,104184,41.56
20,1596,JSL,EQ,485040,201868,41.62
20,1597,JSLL,EQ,394505,163697,41.49
20,1598,JSWCEMENT,EQ,822154,461918,56.18
20,1599,JSWDULUX,EQ,29237,17023,58.22
20,1600,JSWENERGY,EQ,3635853,897117,24.67
20,1601,JSWHL,EQ,1387,636,45.85
20,1602,JSWINFRA,EQ,1661891,980583,59.00
20,1603,JSWSTEEL,EQ,1562597,1069400,68.44
20,1604,JTEKTINDIA,EQ,765359,224117,29.28
20,1605,JTLIND,EQ,10046013,3181295,31.67
20,1606,JUBLCPL,EQ,12367,4796,38.78
20,1607,JUBLFOOD,EQ,976244,454553,46.56
20,1608,JUBLINGREA,EQ,93217,54209,58.15
20,1609,JUBLPHARMA,EQ,63912,31731,49.65
20,1610,JUNIORBEES,EQ,563104,408273,72.50
20,1611,JUNIPER,EQ,383474,283034,73.81
20,1612,JUSTDIAL,EQ,172227,61511,35.72
20,1613,JWL,EQ,498860,171312,34.34
20,1614,JYOTHYLAB,EQ,8133068,4189993,51.52
20,1615,JYOTICNC,EQ,757084,354919,46.88
20,1616,JYOTIRES,EQ,10196,5893,57.80
20,1617,JYOTISTRUC,EQ,5733894,3651216,63.68
20,1618,K2INFRA,ST,14400,12600,87.50
20,1619,KABRAEXTRU,EQ,315900,177089,56.06
20,1620,KAJARIACER,EQ,725742,303011,41.75
20,1621,KAKATCEM,EQ,6804,4744,69.72
20,1622,KALAMANDIR,EQ,338173,206987,61.21
20,1623,KALANA,SM,10000,6000,60.00
20,1624,KALPATARU,EQ,18702,6925,37.03
20,1625,KALYANIFRG,EQ,82533,28287,34.27
20,1626,KALYANKJIL,EQ,21212135,6679199,31.49
20,1627,KAMAHOLD,EQ,6405,5522,86.21
20,1628,KAMANWALA,EQ,25901,25761,99.46
20,1629,KAMATHOTEL,EQ,128608,49006,38.10
20,1630,KAMOPAINTS,EQ,147223,98747,67.07
20,1631,KANANIIND,EQ,123510,97311,78.79
20,1632,KANCHI,EQ,3543,2590,73.10
20,1633,KANCOTEA,EQ,46,34,73.91
20,1634,KANDARP,SM,3000,2000,66.67
20,1635,KANPRPLA,EQ,19999,10438,52.19
20,1636,KANSAINER,EQ,279290,140395,50.27
20,1637,KAPSTON,EQ,47094,21890,46.48
20,1638,KARMAENG,EQ,2444,2093,85.64
20,1639,KARNIKA,SM,15000,12000,80.00
20,1640,KARURVYSYA,EQ,1317009,705960,53.60
20,1641,KATARIA,SM,7800,7200,92.31
20,1642,KAVDEFENCE,EQ,61691,37108,60.15
20,1643,KAYNES,EQ,834972,164720,19.73
20,1644,KAYTEX,SM,800,800,100.00
20,1645,KCEIL,SM,11000,10000,90.91
20,1646,KCK,ST,95000,95000,100.00
20,1647,KCP,EQ,84149,48972,58.20
20,1648,KDDL,EQ,17464,9167,52.49
20,1649,KDL,SM,19500,14400,73.85
20,1650,KEC,EQ,701636,348031,49.60
20,1651,KECL,EQ,95939,48906,50.98
20,1652,KEEPLEARN,EQ,12851,9270,72.13
20,1653,KEI,EQ,666412,376350,56.47
20,1654,KELLTONTEC,EQ,2245431,724021,32.24
20,1655,KEN,SM,13200,10800,81.82
20,1656,KENNAMET,EQ,35878,17712,49.37
20,1657,KERNEX,EQ,280085,89579,31.98
20,1658,KEYFINSERV,EQ,391,309,79.03
20,1659,KFINTECH,EQ,1181875,471293,39.88
20,1660,KHAICHEM,EQ,120726,78503,65.03
20,1661,KHAITANLTD,EQ,19103,15159,79.35
20,1662,KHANDSE,EQ,674,629,93.32
20,1663,KHFM,SM,7750,6200,80.00
20,1664,KICL,EQ,840,434,51.67
20,1665,KIMS,EQ,670696,451715,67.35
20,1666,KINGFA,EQ,5721,2964,51.81
20,1667,KIOCL,EQ,75452,40718,53.97
20,1668,KIRANVYPAR,EQ,778,648,83.29
20,1669,KIRIINDUS,EQ,977381,282733,28.93
20,1670,KIRLFER,EQ,126379,79216,62.68
20,1671,KIRLOSBROS,EQ,35102,14751,42.02
20,1672,KIRLOSENG,EQ,498719,289870,58.12
20,1673,KIRLOSIND,EQ,1735,1102,63.52
20,1674,KIRLPNU,EQ,220039,120303,54.67
20,1675,KISSHT,EQ,1891855,967178,51.12
20,1676,KITEX,EQ,196813,86156,43.78
20,1677,KJMCFIN,EQ,615,569,92.52
20,1678,KKCL,EQ,9917,5552,55.98
20,1679,KKJEWELS,SM,2000,2000,100.00
20,1680,KLBRENG-B,EQ,450114,225428,50.08
20,1681,KLL,SM,32000,28000,87.50
20,1682,KMCSHIL,EQ,62555,35771,57.18
20,1683,KMEW,EQ,35123,14601,41.57
20,1684,KMSUGAR,EQ,239654,114357,47.72
20,1685,KNACK,EQ,1092839,603667,55.24
20,1686,KNAGRI,EQ,7223,3500,48.46
20,1687,KNRCON,EQ,1522950,723550,47.51
20,1688,KODYTECH,ST,19200,18700,97.40
20,1689,KOHINOOR,EQ,105947,33556,31.67
20,1690,KOKUYOCMLN,EQ,20142,10639,52.82
20,1691,KOLTEPATIL,EQ,77009,39604,51.43
20,1692,KONSTELEC,ST,6000,6000,100.00
20,1693,KOPRAN,EQ,212685,91136,42.85
20,1694,KORE,SM,60500,51750,85.54
20,1695,KOTAKBANK,EQ,10022695,6711278,66.96
20,1696,KOTHARIPET,EQ,44226,26096,59.01
20,1697,KOTHARIPRO,EQ,3873,3121,80.58
20,1698,KOTIC,EQ,14128,9363,66.27
20,1699,KOVAI,EQ,2393,1566,65.44
20,1700,KPEL,EQ,208427,105549,50.64
20,1701,KPIGREEN,EQ,907949,583284,64.24
20,1702,KPIL,EQ,78306,36932,47.16
20,1703,KPITTECH,EQ,715333,199613,27.90
20,1704,KPL,EQ,25588,13641,53.31
20,1705,KPRMILL,EQ,308659,130324,42.22
20,1706,KRBL,EQ,442674,147930,33.42
20,1707,KREBSBIO,EQ,5283,3827,72.44
20,1708,KRISHANA,EQ,272212,133335,48.98
20,1709,KRISHCA,SM,17000,15500,91.18
20,1710,KRISHIVAL,EQ,6752,5782,85.63
20,1711,KRISHNADEF,EQ,58316,27294,46.80
20,1712,KRITI,EQ,12298,11029,89.68
20,1713,KRITIKA,EQ,81083,67129,82.79
20,1714,KRITINUT,EQ,13595,10092,74.23
20,1715,KRMAYURVED,SM,69000,36000,52.17
20,1716,KRN,EQ,161090,81117,50.36
20,1717,KROSS,EQ,166705,88392,53.02
20,1718,KRSNAA,EQ,32269,18638,57.76
20,1719,KRT,RR,5161351,4769061,92.40
20,1720,KRYSTAL,EQ,108555,23264,21.43
20,1721,KSB,EQ,200288,101510,50.68
20,1722,KSCL,EQ,112238,62435,55.63
20,1723,KSE,EQ,18978,13685,72.11
20,1724,KSHINTL,EQ,123540,66520,53.84
20,1725,KSHITIJPOL,EQ,1179895,1097352,93.00
20,1726,KSL,EQ,110343,55110,49.94
20,1727,KSOLVES,EQ,23800,15464,64.97
20,1728,KSR,EQ,9678,9093,93.96
20,1729,KTKBANK,EQ,2245525,1008265,44.90
20,1730,KUANTUM,EQ,59962,30917,51.56
20,1731,KUSUMGAR,EQ,388168,197519,50.88
20,1732,KWIL,EQ,19189455,8045022,41.92
20,1733,LADDERUP,EQ,102,90,88.24
20,1734,LAGNAM,EQ,5214,2633,50.50
20,1735,LAHOTIOV,EQ,6724,5181,77.05
20,1736,LAKSHMIMIL,EQ,222,208,93.69
20,1737,LAKSHYA,SM,12000,10400,86.67
20,1738,LAL,EQ,30403,18304,60.20
20,1739,LALITHAA,EQ,8411510,2930275,34.84
20,1740,LALPATHLAB,EQ,178401,106593,59.75
20,1741,LAMBODHARA,EQ,15039,7151,47.55
20,1742,LAMOSAIC,ST,92400,90000,97.40
20,1743,LANCER,EQ,506482,398503,78.68
20,1744,LANCORHOL,EQ,144455,82826,57.34
20,1745,LANDMARK,EQ,91762,41203,44.90
20,1746,LANDSMILL,EQ,2203565,1149501,52.17
20,1747,LAOPALA,EQ,79552,43505,54.69
20,1748,LARGEMID50,EQ,1300,1230,94.62
20,1749,LASA,EQ,20793,19325,92.94
20,1750,LASERPOWER,EQ,394417,172846,43.82
20,1751,LATENTVIEW,EQ,335930,154963,46.13
20,1752,LATTEYS,EQ,46863,36561,78.02
20,1753,LAURUSLABS,EQ,2265630,1203488,53.12
20,1754,LAXMICOT,EQ,49268,26373,53.53
20,1755,LAXMIDENTL,EQ,43016,22879,53.19
20,1756,LAXMIINDIA,EQ,137828,98361,71.37
20,1757,LCCINFOTEC,EQ,44030,40432,91.83
20,1758,LCL,EQ,144632,65067,44.99
20,1759,LEAPIND,EQ,4097242,1730783,42.24
20,1760,LEENEE,EQ,52757,36128,68.48
20,1761,LEMERITE,EQ,147751,68040,46.05
20,1762,LEMONTREE,EQ,2312163,1224989,52.98
20,1763,LENSKART,EQ,8766705,4815007,54.92
20,1764,LEXUS,EQ,51576,27773,53.85
20,1765,LFIC,EQ,480,414,86.25
20,1766,LGBBROSLTD,EQ,22848,13685,59.90
20,1767,LGEINDIA,EQ,200141,100139,50.03
20,1768,LGHL,EQ,9420,1982,21.04
20,1769,LIBAS,EQ,5823,4669,80.18
20,1770,LIBERTSHOE,EQ,13033,7156,54.91
20,1771,LICHSGFIN,EQ,2788144,1669229,59.87
20,1772,LICI,EQ,2710302,1248801,46.08
20,1773,LICMFGOLD,EQ,80058,39363,49.17
20,1774,LICNETFGSC,EQ,45660,22888,50.13
20,1775,LICNETFN50,EQ,283,230,81.27
20,1776,LICNETFSEN,EQ,143,85,59.44
20,1777,LICNFNHGP,EQ,106,79,74.53
20,1778,LICNMID100,EQ,6896,6395,92.73
20,1779,LIKHITHA,EQ,25415,14558,57.28
20,1780,LINC,EQ,5707,4373,76.63
20,1781,LINCOLN,EQ,56377,27981,49.63
20,1782,LINDEINDIA,EQ,16567,8203,49.51
20,1783,LIQGRWBEES,EQ,104639,97795,93.46
20,1784,LIQUID,EQ,97407,43861,45.03
20,1785,LIQUID1,EQ,713046,460072,64.52
20,1786,LIQUIDADD,EQ,538769,424976,78.88
20,1787,LIQUIDBEES,EQ,2397673,1632854,68.10
20,1788,LIQUIDBETA,EQ,37,36,97.30
20,1789,LIQUIDBETF,EQ,262810,195911,74.54
20,1790,LIQUIDCASE,EQ,16635993,13171426,79.17
20,1791,LIQUIDETF,EQ,94750,53949,56.94
20,1792,LIQUIDIETF,EQ,245121,234799,95.79
20,1793,LIQUIDPLUS,EQ,385522,320140,83.04
20,1794,LIQUIDSBI,EQ,5380,5192,96.51
20,1795,LIQUIDSHRI,EQ,3282,2780,84.70
20,1796,LKPSEC,EQ,19888,13581,68.29
20,1797,LLOYDSENGG,EQ,7857744,3257714,41.46
20,1798,LLOYDSENT,EQ,2422934,1122677,46.34
20,1799,LLOYDSME,EQ,369752,201045,54.37
20,1800,LMW,EQ,3472,1514,43.61
20,1801,LODHA,EQ,1532916,834961,54.47
20,1802,LOKESHMACH,EQ,25446,14229,55.92
20,1803,LORDSCHLO,EQ,2603,1836,70.53
20,1804,LOTUSCHO,EQ,2761,1913,69.29
20,1805,LOTUSEYE,EQ,12570,11647,92.66
20,1806,LOVABLE,EQ,13799,8651,62.69
20,1807,LOWVOL,EQ,221,126,57.01
20,1808,LOWVOL1,EQ,68147,64608,94.81
20,1809,LOWVOLIETF,EQ,751477,410893,54.68
20,1810,LOYALTEX,EQ,80,40,50.00
20,1811,LPDC,EQ,25525,17525,68.66
20,1812,LRRPL,SM,9000,9000,100.00
20,1813,LT,EQ,1307081,823690,63.02
20,1814,LTF,EQ,6165981,2701828,43.82
20,1815,LTFOODS,EQ,718335,285727,39.78
20,1816,LTGILTBEES,EQ,10199022,10006389,98.11
20,1817,LTGILTCASE,EQ,113673,106915,94.05
20,1818,LTM,EQ,218038,86981,39.89
20,1819,LTTS,EQ,41078,16261,39.59
20,1820,LUMAXIND,EQ,38591,11109,28.79
20,1821,LUMAXTECH,EQ,117029,53865,46.03
20,1822,LUPIN,EQ,714232,435864,61.03
20,1823,LUXIND,EQ,16563,9529,57.53
20,1824,LXCHEM,EQ,639001,274133,42.90
20,1825,M&M,EQ,2883166,1752881,60.80
20,1826,M&MFIN,EQ,1218704,748542,61.42
20,1827,MAANALU,EQ,33362,20599,61.74
20,1828,MACOBSTECH,SM,800,800,100.00
20,1829,MACPOWER,EQ,30923,15502,50.13
20,1830,MADHAV,EQ,349,316,90.54
20,1831,MADHAVIPL,EQ,80860,66733,82.53
20,1832,MADHURKNIT,ST,2400,2400,100.00
20,1833,MADHUSUDAN,ST,22000,20000,90.91
20,1834,MADRASFERT,EQ,51060,30817,60.35
20,1835,MAFANG,EQ,392513,330600,84.23
20,1836,MAFATIND,EQ,27261,17239,63.24
20,1837,MAGADSUGAR,EQ,75176,31060,41.32
20,1838,MAGNUM,EQ,32977,30115,91.32
20,1839,MAHABANK,EQ,17803645,7178780,40.32
20,1840,MAHAPEXLTD,EQ,3134,2675,85.35
20,1841,MAHEPC,EQ,8705,4281,49.18
20,1842,MAHICKRA,SM,24750,17250,69.70
20,1843,MAHKTECH,EQ,443101,409598,92.44
20,1844,MAHLIFE,EQ,73364,36465,49.70
20,1845,MAHLOG,EQ,105720,49328,46.66
20,1846,MAHSCOOTER,EQ,2871,1902,66.25
20,1847,MAHSEAMLES,EQ,492471,249473,50.66
20,1848,MAITHANALL,EQ,435952,103492,23.74
20,1849,MAITREYA,SM,4400,2400,54.55
20,1850,MAKEINDIA,EQ,89176,55642,62.40
20,1851,MAKERSL,EQ,1964,1466,74.64
20,1852,MAKS,SM,7500,6000,80.00
20,1853,MAL,SM,24000,16000,66.67
20,1854,MALLCOM,EQ,42842,39246,91.61
20,1855,MALUPAPER,EQ,30518,26407,86.53
20,1856,MAMATA,EQ,18074,10184,56.35
20,1857,MANAKALUCO,EQ,97514,63323,64.94
20,1858,MANAKCOAT,EQ,736255,591702,80.37
20,1859,MANAKSIA,EQ,38440,22875,59.51
20,1860,MANAKSTEEL,EQ,509467,368285,72.29
20,1861,MANALIPETC,EQ,8290147,1081315,13.04
20,1862,MANAPPURAM,EQ,5411370,2234364,41.29
20,1863,MANAV,SM,8000,8000,100.00
20,1864,MANBA,EQ,60344,18900,31.32
20,1865,MANBRO,EQ,498508,161797,32.46
20,1866,MANCREDIT,EQ,10860,6266,57.70
20,1867,MANGALAM,EQ,28610,14713,51.43
20,1868,MANGLMCEM,EQ,304145,182726,60.08
20,1869,MANINDS,EQ,417411,195442,46.82
20,1870,MANINFRA,EQ,3095001,1116491,36.07
20,1871,MANIPALHOS,EQ,4066750,2536594,62.37
20,1872,MANKIND,EQ,334009,145869,43.67
20,1873,MANOMAY,EQ,90681,14159,15.61
20,1874,MANORAMA,EQ,157707,72744,46.13
20,1875,MANORG,EQ,11497,6103,53.08
20,1876,MANUFGBEES,EQ,12385,8453,68.25
20,1877,MANYAVAR,EQ,222703,106692,47.91
20,1878,MAPMYINDIA,EQ,114018,45208,39.65
20,1879,MARALOVER,EQ,11811,9271,78.49
20,1880,MARATHON,EQ,188885,86578,45.84
20,1881,MARCO,SM,27000,19500,72.22
20,1882,MARICO,EQ,1477115,1040551,70.44
20,1883,MARINE,EQ,956684,304200,31.80
20,1884,MARKOLINES,EQ,506896,70100,13.83
20,1885,MARKSANS,EQ,6573003,1833600,27.90
20,1886,MARSONS,EQ,2909043,1040223,35.76
20,1887,MARUTI,EQ,614156,362918,59.09
20,1888,MASFIN,EQ,135767,81251,59.85
20,1889,MASKINVEST,EQ,5,5,100.00
20,1890,MASPTOP50,EQ,138346,138151,99.86
20,1891,MASTEK,EQ,88631,27649,31.20
20,1892,MASTER,SM,500,500,100.00
20,1893,MASTERTR,EQ,231560,63277,27.33
20,1894,MATRIMONY,EQ,5735,2855,49.78
20,1895,MAWANASUG,EQ,734892,147750,20.10
20,1896,MAXESTATES,EQ,193763,108363,55.93
20,1897,MAXHEALTH,EQ,1195319,649138,54.31
20,1898,MAXIND,EQ,128088,85633,66.85
20,1899,MAXPOSURE,SM,2000,2000,100.00
20,1900,MAXVOLT,SM,45600,35600,78.07
20,1901,MAYASHEEL,SM,3000,3000,100.00
20,1902,MAYURUNIQ,EQ,194948,129736,66.55
20,1903,MAZDOCK,EQ,410616,138822,33.81
20,1904,MBAPL,EQ,1021835,715695,70.04
20,1905,MBEL,EQ,87436,40978,46.87
20,1906,MBLINFRA,EQ,53582,35013,65.34
20,1907,MCCHRLS-B,EQ,345,294,85.22
20,1908,MCL,EQ,45631,15726,34.46
20,1909,MCLEODRUSS,EQ,406637,229100,56.34
20,1910,MCLOUD,EQ,2883337,1505030,52.20
20,1911,MCON,SM,4000,4000,100.00
20,1912,MCX,EQ,2448588,1158704,47.32
20,1913,MEDANTA,EQ,224430,100252,44.67
20,1914,MEDIASSIST,EQ,131832,72265,54.82
20,1915,MEDICAMEQ,EQ,74789,48466,64.80
20,1916,MEDICAPQ,EQ,4283,4243,99.07
20,1917,MEDICO,EQ,745016,173619,23.30
20,1918,MEDIORG,SM,16000,14000,87.50
20,1919,MEDISTEP,SM,18000,15000,83.33
20,1920,MEDPLUS,EQ,73117,43942,60.10
20,1921,MEESHO,EQ,23152746,10794099,46.62
20,1922,MEGASTAR,EQ,938,907,96.70
20,1923,MEGATHERM,SM,14000,10800,77.14
20,1924,MEIL,EQ,63130,39790,63.03
20,1925,MENNPIS,EQ,76929,37770,49.10
20,1926,MERCANTILE,EQ,138793,7696,5.54
20,1927,MERCURYEV,EQ,83693,51278,61.27
20,1928,METAL,EQ,1184375,586377,49.51
20,1929,METALIC,ST,94400,89600,94.92
20,1930,METALIETF,EQ,6515057,3940433,60.48
20,1931,METROBRAND,EQ,48088,29077,60.47
20,1932,METROGLOBL,EQ,2818,2460,87.30
20,1933,METROPOLIS,EQ,135132,55059,40.74
20,1934,MFML,EQ,2032,1151,56.64
20,1935,MFSL,EQ,547908,319653,58.34
20,1936,MGL,EQ,176423,106293,60.25
20,1937,MGSL,SM,39600,22800,57.58
20,1938,MHHL,SM,1500,1500,100.00
20,1939,MHRIL,EQ,94450,50058,53.00
20,1940,MICROPRO,SM,1600,1600,100.00
20,1941,MID150,EQ,386920,216130,55.86
20,1942,MID150BEES,EQ,987164,734427,74.40
20,1943,MID150CASE,EQ,1687555,1284362,76.11
20,1944,MIDBANKADD,EQ,5659,5443,96.18
20,1945,MIDCAP,EQ,891364,516943,57.99
20,1946,MIDCAPADD,EQ,15682,14298,91.17
20,1947,MIDCAPBETA,EQ,2439,1872,76.75
20,1948,MIDCAPETF,EQ,2657084,2150532,80.94
20,1949,MIDCAPIETF,EQ,1571103,931924,59.32
20,1950,MIDHANI,EQ,309511,106397,34.38
20,1951,MIDQ50ADD,EQ,134661,92470,68.67
20,1952,MIDSELIETF,EQ,352313,197009,55.92
20,1953,MIDSMALL,EQ,437066,277632,63.52
20,1954,MIDWESTLTD,EQ,31260,18306,58.56
20,1955,MIEL,SM,4000,2000,50.00
20,1956,MIIL,EQ,65224,12068,18.50
20,1957,MILKYMIST,EQ,56560370,9787871,17.31
20,1958,MINDACORP,EQ,355440,217173,61.10
20,1959,MINDSPACE,RR,474448,408688,86.14
20,1960,MINDTECK,EQ,16830,10165,60.40
20,1961,MIRZAINT,EQ,107709,61571,57.16
20,1962,MITTAL,EQ,368821,268608,72.83
20,1963,MKEXIM,EQ,14748,6127,41.54
20,1964,MKPL,EQ,140220,116393,83.01
20,1965,MLKFOOD,EQ,2213,1584,71.58
20,1966,MMEL,SM,16000,16000,100.00
20,1967,MMFL,EQ,172249,63229,36.71
20,1968,MMP,EQ,61096,31507,51.57
20,1969,MMTC,EQ,691082,288699,41.77
20,1970,MMWL,EQ,22481,18812,83.68
20,1971,MNC,EQ,88687,72510,81.76
20,1972,MOALPHA50,EQ,10330,8513,82.41
20,1973,MOBANK10,EQ,3999,3999,100.00
20,1974,MOBIKWIK,EQ,472492,189549,40.12
20,1975,MOCAPITAL,EQ,812896,511065,62.87
20,1976,MODEFENCE,EQ,1341539,713665,53.20
20,1977,MODINATUR,EQ,4439,3183,71.71
20,1978,MODIRUBBER,EQ,7993,5810,72.69
20,1979,MODIS,EQ,24944,15787,63.29
20,1980,MODISONLTD,EQ,822776,279918,34.02
20,1981,MODTHREAD,EQ,1791,1191,66.50
20,1982,MOENERGY,EQ,195264,181077,92.73
20,1983,MOGOLD,EQ,47239,17008,36.00
20,1984,MOGSEC,EQ,52315,33554,64.14
20,1985,MOHEALTH,EQ,83006,48198,58.07
20,1986,MOHITE,EQ,29651,18190,61.35
20,1987,MOHITIND,EQ,9634,9033,93.76
20,1988,MOIL,EQ,503390,218357,43.38
20,1989,MOINFRA,EQ,4758,4690,98.57
20,1990,MOIPO,EQ,7530,5353,71.09
20,1991,MOKSH,EQ,134879,119097,88.30
20,1992,MOL,EQ,2295235,706693,30.79
20,1993,MOLBIO,EQ,1874333,217256,11.59
20,1994,MOLDTKPAC,EQ,41442,22841,55.12
20,1995,MOLOWVOL,EQ,21973,21854,99.46
20,1996,MOM100,EQ,450687,244199,54.18
20,1997,MOM30IETF,EQ,997656,554592,55.59
20,1998,MOM50,EQ,4950,3084,62.30
20,1999,MOMENTUM,EQ,98792,78110,79.07
20,2000,MOMENTUM30,EQ,12686,9089,71.65
20,2001,MOMENTUM50,EQ,339246,195359,57.59
20,2002,MOMETAL,EQ,9072,7682,84.68
20,2003,MOMGF,EQ,3235,2938,90.82
20,2004,MOMIDMTM,EQ,82218,41440,50.40
20,2005,MOMMIDCAP,EQ,1774384,1696324,95.60
20,2006,MOMNC,EQ,76973,74500,96.79
20,2007,MOMOMENTUM,EQ,61532,39927,64.89
20,2008,MON100,EQ,563732,496784,88.12
20,2009,MON50EQUAL,EQ,9715,6060,62.38
20,2010,MONARCH,EQ,47758,25957,54.35
20,2011,MONEXT50,EQ,16074,9664,60.12
20,2012,MONEYBOXX,EQ,81508,79846,97.96
20,2013,MONIFTY100,EQ,32667,28051,85.87
20,2014,MONIFTY500,EQ,412362,340686,82.62
20,2015,MONOLITH,SM,60000,33500,55.83
20,2016,MONOPHARMA,SM,2000,2000,100.00
20,2017,MONQ50,EQ,29997,29255,97.53
20,2018,MONTECARLO,EQ,31016,22028,71.02
20,2019,MOOILGAS,EQ,3250,3241,99.72
20,2020,MOPSE,EQ,9743,7090,72.77
20,2021,MOQUALITY,EQ,2910,2853,98.04
20,2022,MOREALTY,EQ,871418,521921,59.89
20,2023,MOREPENLAB,EQ,36392769,8806507,24.20
20,2024,MOS,ST,288000,288000,100.00
20,2025,MOSCHIP,EQ,1794518,524068,29.20
20,2026,MOSERVICE,EQ,2616,2273,86.89
20,2027,MOSILVER,EQ,27875,9786,35.11
20,2028,MOSMALL250,EQ,879562,619319,70.41
20,2029,MOTHERSON,EQ,18944363,9456219,49.92
20,2030,MOTILALOFS,EQ,1044243,513405,49.17
20,2031,MOTISONS,EQ,28644230,9377643,32.74
20,2032,MOTOUR,EQ,17769,13892,78.18
20,2033,MOVALUE,EQ,78617,61432,78.14
20,2034,MOXSH,SM,3200,1600,50.00
20,2035,MPEL,ST,25600,25600,100.00
20,2036,MPHASIS,EQ,900566,612169,67.98
20,2037,MPSLTD,EQ,13801,8502,61.60
20,2038,MRF,EQ,4254,2004,47.11
20,2039,MRPL,EQ,9772096,1842286,18.85
20,2040,MSCI360,EQ,8982,8951,99.65
20,2041,MSCIADD,EQ,534,217,40.64
20,2042,MSCIINDIA,EQ,16934,11687,69.01
20,2043,MSL,EQ,272,264,97.06
20,2044,MSPL,EQ,1475581,777683,52.70
20,2045,MSTCLTD,EQ,166202,85530,51.46
20,2046,MSUMI,EQ,5800135,3126184,53.90
20,2047,MTNL,EQ,398024,181807,45.68
20,2048,MUFIN,EQ,460508,155441,33.75
20,2049,MUFTI,EQ,98065,52009,53.04
20,2050,MUKANDLTD,EQ,47819,26376,55.16
20,2051,MUKESHB,EQ,507,350,69.03
20,2052,MUKKA,EQ,966096,435427,45.07
20,2053,MULTICAP,EQ,74278,66054,88.93
20,2054,MUNISH,SM,69600,68400,98.28
20,2055,MUNJALAU,EQ,386696,151955,39.30
20,2056,MUNJALSHOW,EQ,27263,13561,49.74
20,2057,MURUDCERA,EQ,10584,9154,86.49
20,2058,MUTHOOTCAP,EQ,11241,7072,62.91
20,2059,MUTHOOTFIN,EQ,950173,495652,52.16
20,2060,MUTHOOTMF,EQ,289137,126239,43.66
20,2061,MVELECTRO,EQ,1444414,279653,19.36
20,2062,MVGJL,EQ,84333,31964,37.90
20,2063,MVKAGRO,SM,96900,96900,100.00
20,2064,MWL,EQ,584088,310879,53.22
20,2065,NACLIND,EQ,236134,133852,56.68
20,2066,NAGREEKCAP,EQ,312,287,91.99
20,2067,NAGREEKEXP,EQ,20300,12040,59.31
20,2068,NAHARCAP,EQ,1289,1065,82.62
20,2069,NAHARINDUS,EQ,9869,5735,58.11
20,2070,NAHARPOLY,EQ,9520,5729,60.18
20,2071,NAHARSPING,EQ,21882,14694,67.15
20,2072,NAM-INDIA,EQ,1599776,833090,52.08
20,2073,NAMAN,SM,1600,800,50.00
20,2074,NAMOEWASTE,ST,14400,12000,83.33
20,2075,NARMADA,EQ,216101,133565,61.81
20,2076,NATCAPSUQ,EQ,32916,19325,58.71
20,2077,NATCOPHARM,EQ,472795,251295,53.15
20,2078,NATHBIOGEN,EQ,4814,3675,76.34
20,2079,NATIONALUM,EQ,4447742,2369141,53.27
20,2080,NATIONSTD,EQ,25843,14588,56.45
20,2081,NAUKRI,EQ,1456671,866575,59.49
20,2082,NAVA,EQ,108634,58020,53.41
20,2083,NAVINFLUOR,EQ,217819,103910,47.70
20,2084,NAVKARCORP,EQ,178227,108833,61.06
20,2085,NAVNETEDUL,EQ,356332,180543,50.67
20,2086,NAZARA,EQ,851024,476415,55.98
20,2087,NBCC,EQ,4241099,1672388,39.43
20,2088,NBIFIN,EQ,444,287,64.64
20,2089,NCC,EQ,1800066,821931,45.66
20,2090,NCLIND,EQ,42536,24919,58.58
20,2091,NDGL,EQ,153,137,89.54
20,2092,NDL,EQ,915190,659591,72.07
20,2093,NDLVENTURE,EQ,3844,2902,75.49
20,2094,NDRAUTO,EQ,10211,4921,48.19
20,2095,NDTV,EQ,76014,45664,60.07
20,2096,NECLIFE,EQ,306974,208222,67.83
20,2097,NEELAM,SM,96000,66000,68.75
20,2098,NELCAST,EQ,74954,35205,46.97
20,2099,NELCO,EQ,193155,44511,23.04
20,2100,NEOGEN,EQ,62823,23707,37.74
20,2101,NEPHROCARE,SM,54000,34000,62.96
20,2102,NEPHROPLUS,EQ,168797,75337,44.63
20,2103,NEPTUNE,SM,1000,1000,100.00
20,2104,NESCO,EQ,19259,9178,47.66
20,2105,NESTLEIND,EQ,875020,493087,56.35
20,2106,NETF,EQ,1117,1097,98.21
20,2107,NETWEB,EQ,1273170,193246,15.18
20,2108,NETWORK18,EQ,4631562,2345932,50.65
20,2109,NEULANDLAB,EQ,39701,19913,50.16
20,2110,NEWGEN,EQ,652094,275451,42.24
20,2111,NEWJAISA,ST,3000,3000,100.00
20,2112,NEXT30ADD,EQ,7799,5117,65.61
20,2113,NEXT50,EQ,60614,45579,75.20
20,2114,NEXT50ADD,EQ,4293,2321,54.06
20,2115,NEXT50BETA,EQ,200059,102364,51.17
20,2116,NEXT50ETF,EQ,17794,16382,92.06
20,2117,NEXT50IETF,EQ,812202,490615,60.41
20,2118,NEXTMEDIA,EQ,46900,33958,72.41
20,2119,NFL,EQ,417453,202837,48.59
20,2120,NFPSAMPOOR,SM,16000,16000,100.00
20,2121,NGIL,EQ,863,713,82.62
20,2122,NGLFINE,EQ,11220,5264,46.92
20,2123,NH,EQ,302703,242520,80.12
20,2124,NHPC,EQ,13055359,8645755,66.22
20,2125,NIACL,EQ,24334669,2197543,9.03
20,2126,NIBE,EQ,23503,11737,49.94
20,2127,NIBL,EQ,2762,2609,94.46
20,2128,NICCOPAR,EQ,394310,390438,99.02
20,2129,NIDAN,SM,4000,4000,100.00
20,2130,NIF100BEES,EQ,34050,15547,45.66
20,2131,NIF100IETF,EQ,87022,44406,51.03
20,2132,NIF500BETA,EQ,9484,9220,97.22
20,2133,NIFTY1,EQ,241052,221203,91.77
20,2134,NIFTY100EW,EQ,107246,79971,74.57
20,2135,NIFTYADD,EQ,7958,4811,60.45
20,2136,NIFTYAXIS,EQ,226011,196484,86.94
20,2137,NIFTYBEES,EQ,7704816,4941436,64.13
20,2138,NIFTYBETA,EQ,160139,155294,96.97
20,2139,NIFTYBETF,EQ,4236,3115,73.54
20,2140,NIFTYCASE,EQ,905524,792450,87.51
20,2141,NIFTYETF,EQ,360960,161810,44.83
20,2142,NIFTYIETF,EQ,666394,511852,76.81
20,2143,NIFTYJBLK,EQ,165102,135656,82.16
20,2144,NIFTYQLITY,EQ,27439,16800,61.23
20,2145,NIITLTD,EQ,295739,143032,48.36
20,2146,NIITMTS,EQ,131578,86869,66.02
20,2147,NIKITA,SM,10800,10800,100.00
20,2148,NILAINFRA,EQ,105470,88071,83.50
20,2149,NILASPACES,EQ,1795219,794623,44.26
20,2150,NILE,EQ,4261,2694,63.22
20,2151,NILKAMAL,EQ,16375,5749,35.11
20,2152,NIMBSPROJ,EQ,93586,13441,14.36
20,2153,NINSYS,EQ,8522,5533,64.93
20,2154,NIPPOBATRY,EQ,885,684,77.29
20,2155,NIRAJ,EQ,25160,16604,65.99
20,2156,NIRAJISPAT,EQ,1061,1061,100.00
20,2157,NIRLON,EQ,21690,17068,78.69
20,2158,NIRMAN,SM,13800,11100,80.43
20,2159,NITCO,EQ,350076,142152,40.61
20,2160,NITINSPIN,EQ,103781,52692,50.77
20,2161,NITIRAJ,EQ,1748,1407,80.49
20,2162,NITTAGELA,EQ,3273,2112,64.53
20,2163,NIVABUPA,EQ,365819,195661,53.49
20,2164,NKIND,EQ,1205,897,74.44
20,2165,NLCINDIA,EQ,1874329,706240,37.68
20,2166,NMDC,EQ,16726795,8698666,52.00
20,2167,NMSTEEL,SM,4800,3200,66.67
20,2168,NOCIL,EQ,416607,191903,46.06
20,2169,NOIDATOLL,EQ,60960,51253,84.08
20,2170,NORBTEAEXP,EQ,227,205,90.31
20,2171,NORTHARC,EQ,1420849,715718,50.37
20,2172,NOVARTIND,EQ,7814,4555,58.29
20,2173,NPBET,EQ,55,42,76.36
20,2174,NPST,EQ,79415,24555,30.92
20,2175,NRAIL,EQ,11677,6880,58.92
20,2176,NRBBEARING,EQ,147623,77735,52.66
20,2177,NRVANDANA,SM,54000,36000,66.67
20,2178,NSIL,EQ,1451,1111,76.57
20,2179,NSLNISP,EQ,10189200,2273271,22.31
20,2180,NTCIND,EQ,2148,1981,92.23
20,2181,NTPC,EQ,11993091,7006636,58.42
20,2182,NTPCGREEN,EQ,3375911,2222877,65.85
20,2183,NUCLEUS,EQ,11170,6244,55.90
20,2184,NUVAMA,EQ,1438209,431184,29.98
20,2185,NUVOCO,EQ,697182,334365,47.96
20,2186,NV20,EQ,52240,39533,75.68
20,2187,NV20BEES,EQ,14681,8198,55.84
20,2188,NV20IETF,EQ,245360,144355,58.83
20,2189,NXST,RR,735708,685160,93.13
20,2190,NXT-INFRA,IV,100000,100000,100.00
20,2191,NYKAA,EQ,3267663,1695662,51.89
20,2192,OAL,EQ,51928,21009,40.46
20,2193,OBCL,EQ,7881,5467,69.37
20,2194,OBEROIRLTY,EQ,378206,194624,51.46
20,2195,OBSCP,SM,30800,18400,59.74
20,2196,ODIGMA,EQ,10264,7105,69.22
20,2197,ODYCORP,EQ,46452,37850,81.48
20,2198,OFSS,EQ,238698,114465,47.95
20,2199,OIL,EQ,4334724,1851812,42.72
20,2200,OILIETF,EQ,5484945,4903684,89.40
20,2201,OLAELEC,EQ,44552453,11771852,26.42
20,2202,OLECTRA,EQ,230590,94498,40.98
20,2203,OLIL,SM,32000,24000,75.00
20,2204,OMAXAUTO,EQ,26860,12838,47.80
20,2205,OMAXE,EQ,29571125,1406669,4.76
20,2206,OMFURN,SM,7200,6000,83.33
20,2207,OMINFRAL,EQ,19943,11232,56.32
20,2208,OMNI,EQ,373850,97310,26.03
20,2209,OMPOWER,EQ,76844,45717,59.49
20,2210,ONDOOR,SM,9300,6600,70.97
20,2211,ONEGLOBAL,EQ,19205,12177,63.41
20,2212,ONEPOINT,EQ,448452,127908,28.52
20,2213,ONESOURCE,EQ,136288,63290,46.44
20,2214,ONGC,EQ,13073915,5974390,45.70
20,2215,ONIDA,EQ,242327,147682,60.94
20,2216,ONIXSOLAR,EQ,252187,172264,68.31
20,2217,ONWARDTEC,EQ,26315,15951,60.62
20,2218,ONYX,ST,60000,58000,96.67
20,2219,OPTIEMUS,EQ,70937,38015,53.59
20,2220,OPTIFIN,EQ,24221,17289,71.38
20,2221,OPTIMYSTIX,SM,257600,193600,75.16
20,2222,OPTIVALUE,ST,54400,46400,85.29
20,2223,ORCHASP,EQ,116260,96564,83.06
20,2224,ORCHPHARMA,EQ,39875,22197,55.67
20,2225,ORIANA,SM,34050,21300,62.56
20,2226,ORICONENT,EQ,8648,4361,50.43
20,2227,ORIENTALTL,EQ,74893,54721,73.07
20,2228,ORIENTBELL,EQ,46905,25301,53.94
20,2229,ORIENTCEM,EQ,124129,70377,56.70
20,2230,ORIENTCER,EQ,54517,32581,59.76
20,2231,ORIENTELEC,EQ,162963,78628,48.25
20,2232,ORIENTHOT,EQ,1214254,589834,48.58
20,2233,ORIENTPPR,EQ,130048,77839,59.85
20,2234,ORIENTTECH,EQ,83273,45438,54.57
20,2235,ORIRAIL,EQ,75670,33068,43.70
20,2236,ORISSAMINE,EQ,4729,2205,46.63
20,2237,ORKLAINDIA,EQ,66831,29924,44.78
20,2238,ORTINGLOBE,EQ,2952,2108,71.41
20,2239,OSELDEVICE,SM,27800,20400,73.38
20,2240,OSWALAGRO,EQ,24071,23647,98.24
20,2241,OSWALGREEN,EQ,60322,39851,66.06
20,2242,OSWALPUMPS,EQ,1056339,634481,60.06
20,2243,OSWALSEEDS,EQ,80227,66366,82.72
20,2244,OWAIS,ST,48300,48000,99.38
20,2245,PACEDIGITK,EQ,547183,286769,52.41
20,2246,PACIFICI,EQ,293,292,99.66
20,2247,PAGEIND,EQ,19411,10567,54.44
20,2248,PAISALO,EQ,9805048,4059279,41.40
20,2249,PAKKA,EQ,55938,34671,61.98
20,2250,PALASHSECU,EQ,1459,1360,93.21
20,2251,PANACEABIO,EQ,311504,163511,52.49
20,2252,PANAMAPET,EQ,309631,106657,34.45
20,2253,PANCHMAHQ,EQ,290,246,84.83
20,2254,PANORAMA,EQ,131992,85802,65.01
20,2255,PANSARI,EQ,1656,1521,91.85
20,2256,PAR,EQ,1507861,230215,15.27
20,2257,PARACABLES,EQ,1184196,510306,43.09
20,2258,PARADEEP,EQ,2874257,1029028,35.80
20,2259,PARAGMILK,EQ,2039126,706885,34.67
20,2260,PARAGON,SM,4800,4800,100.00
20,2261,PARAMOUNT,SM,3600,3600,100.00
20,2262,PARAS,EQ,901120,202568,22.48
20,2263,PARASPETRO,EQ,125641,100386,79.90
20,2264,PARIN,SM,3000,2250,75.00
20,2265,PARKHOSPS,EQ,496312,266260,53.65
20,2266,PARKHOTELS,EQ,141887,62578,44.10
20,2267,PARNAXLAB,EQ,9197,5248,57.06
20,2268,PARTH,SM,29200,21600,73.97
20,2269,PASHUPATI,EQ,8777,5681,64.73
20,2270,PATANJALI,EQ,3980958,1575062,39.56
20,2271,PATELENG,EQ,3474743,2258625,65.00
20,2272,PATELRMART,EQ,222326,175985,79.16
20,2273,PATILAUTOM,SM,280200,187800,67.02
20,2274,PAUSHAKLTD,EQ,41615,16582,39.85
20,2275,PAVNAIND,EQ,83740,50537,60.35
20,2276,PAYTM,EQ,3008191,1544769,51.35
20,2277,PBMPOLY,EQ,1728,1235,71.47
20,2278,PCBL,EQ,867848,457955,52.77
20,2279,PCCL,SM,22400,15600,69.64
20,2280,PCJEWELLER,EQ,274840339,43368668,15.78
20,2281,PDMJEPAPER,EQ,74507,47774,64.12
20,2282,PDSL,EQ,90855,53683,59.09
20,2283,PEARLPOLY,EQ,54336,52750,97.08
20,2284,PELATRO,SM,13200,11400,86.36
20,2285,PENIND,EQ,360595,151062,41.89
20,2286,PENTAGON,SM,20000,20000,100.00
20,2287,PERFECT,SZ,6000,6000,100.00
20,2288,PERMAGN,EQ,4817,3986,82.75
20,2289,PERSISTENT,EQ,610391,296461,48.57
20,2290,PETRONET,EQ,1476710,914292,61.91
20,2291,PFC,EQ,11746142,8660420,73.73
20,2292,PFCL41A,NE,30,30,100.00
20,2293,PFIZER,EQ,9434,6159,65.29
20,2294,PFOCUS,EQ,515115,223421,43.37
20,2295,PFS,EQ,429299,219607,51.15
20,2296,PGEL,EQ,1907087,976054,51.18
20,2297,PGHH,EQ,20386,12850,63.03
20,2298,PGHL,EQ,4582,2679,58.47
20,2299,PGIL,EQ,74186,35826,48.29
20,2300,PGINVIT,IV,1304847,1205168,92.36
20,2301,PHANTOMFX,SM,15300,13500,88.24
20,2302,PHARMABEES,EQ,5928234,3160100,53.31
20,2303,PHOENIXLTD,EQ,200132,122104,61.01
20,2304,PHOENXINTL,EQ,1386,1076,77.63
20,2305,PHOGLOBAL,SM,8000,6000,75.00
20,2306,PICCADIL,EQ,142699,78126,54.75
20,2307,PIDILITIND,EQ,635780,397855,62.58
20,2308,PIGL,EQ,16989,10377,61.08
20,2309,PIIND,EQ,128403,51123,39.81
20,2310,PILANIINVS,EQ,987,522,52.89
20,2311,PILITA,EQ,29807,26813,89.96
20,2312,PINELABS,EQ,20367566,6608950,32.45
20,2313,PIONEEREMB,EQ,2023,1844,91.15
20,2314,PIRAMALFIN,EQ,588816,371152,63.03
20,2315,PITTIENG,EQ,71422,34933,48.91
20,2316,PIXTRANS,EQ,8408,4748,56.47
20,2317,PKTEA,EQ,176,146,82.95
20,2318,PLASTIBLEN,EQ,15465,6831,44.17
20,2319,PLATIND,EQ,61075,29236,47.87
20,2320,PLAZACABLE,EQ,303102,167995,55.43
20,2321,PML,EQ,99,99,100.00
20,2322,PNB,EQ,21100041,9065733,42.97
20,2323,PNBGILTS,EQ,530316,241452,45.53
20,2324,PNBHOUSING,EQ,446878,213001,47.66
20,2325,PNC,EQ,39970,27086,67.77
20,2326,PNCINFRA,EQ,859041,600989,69.96
20,2327,PNGJL,EQ,1137103,639191,56.21
20,2328,PNGSREVA,EQ,194259,110764,57.02
20,2329,POCL,EQ,323807,129709,40.06
20,2330,PODDARMENT,EQ,2199,1639,74.53
20,2331,POEL,EQ,30475,19842,65.11
20,2332,POKARNA,EQ,31652,15723,49.67
20,2333,POLICYBZR,EQ,610594,363469,59.53
20,2334,POLYCAB,EQ,434543,206370,47.49
20,2335,POLYMED,EQ,744104,211127,28.37
20,2336,POLYPLEX,EQ,46020,22899,49.76
20,2337,POLYSIL,SM,189500,141500,74.67
20,2338,POLYSPIN,EQ,230,191,83.04
20,2339,PONNIERODE,EQ,35699,12133,33.99
20,2340,POONAWALLA,EQ,473536,184491,38.96
20,2341,POSITRON,SM,9000,7800,86.67
20,2342,POWERGRID,EQ,9068868,5337927,58.86
20,2343,POWERICA,EQ,98400,59010,59.97
20,2344,POWERINDIA,EQ,84787,35381,41.73
20,2345,POWERMECH,EQ,26551,13857,52.19
20,2346,PPLPHARMA,EQ,3102064,1237126,39.88
20,2347,PPSL,SM,159000,123000,77.36
20,2348,PRABHA,EQ,161854,85282,52.69
20,2349,PRAENG,EQ,407368,268850,66.00
20,2350,PRAJIND,EQ,633023,252528,39.89
20,2351,PRAKASH,EQ,196922,116277,59.05
20,2352,PRAKASHSTL,EQ,158017,140161,88.70
20,2353,PRAMARA,SM,19500,15000,76.92
20,2354,PRAMODINI,SM,81600,66000,80.88
20,2355,PRANIK,SM,8000,8000,100.00
20,2356,PRATHAM,SM,3200,2800,87.50
20,2357,PRAVEG,EQ,16745,10742,64.15
20,2358,PRAXIS,EQ,186357,162150,87.01
20,2359,PRECAM,EQ,139788,63820,45.65
20,2360,PRECOT,EQ,1212,880,72.61
20,2361,PRECWIRE,EQ,604171,223175,36.94
20,2362,PREMCO,EQ,1114,942,84.56
20,2363,PREMEXPLN,EQ,817689,229866,28.11
20,2364,PREMIERENE,EQ,827532,431166,52.10
20,2365,PREMIERPOL,EQ,163733,72216,44.11
20,2366,PRESSTONIC,SM,32000,20000,62.50
20,2367,PRESTIGE,EQ,546247,257863,47.21
20,2368,PRICOLLTD,EQ,545899,326365,59.78
20,2369,PRIMECAB,ST,8000,8000,100.00
20,2370,PRIMESECU,EQ,89913,51323,57.08
20,2371,PRIMO,EQ,121947,59502,48.79
20,2372,PRINCEPIPE,EQ,122407,63851,52.16
20,2373,PRISMX,EQ,148588,99685,67.09
20,2374,PRITIKA,SM,16000,12000,75.00
20,2375,PRIVISCL,EQ,63594,39574,62.23
20,2376,PRIZOR,ST,18400,17200,93.48
20,2377,PRLIND,SM,26000,22000,84.62
20,2378,PROFX,SM,1600,1600,100.00
20,2379,PROLIFE,SM,1500,1500,100.00
20,2380,PROPEQUITY,SM,600,600,100.00
20,2381,PROPSHOP,SM,28000,24000,85.71
20,2382,PROSTARM,EQ,112415,44640,39.71
20,2383,PROTEAN,EQ,320935,179567,55.95
20,2384,PROZONER,EQ,498977,368171,73.79
20,2385,PRSMJOHNSN,EQ,243544,125100,51.37
20,2386,PRUDENT,EQ,28548,14840,51.98
20,2387,PSB,EQ,1678778,824903,49.14
20,2388,PSFL,SM,12000,12000,100.00
20,2389,PSPPROJECT,EQ,79009,45645,57.77
20,2390,PSUBANK,EQ,743798,234954,31.59
20,2391,PSUBANKADD,EQ,42893,26930,62.78
20,2392,PSUBNKBEES,EQ,1041734,469483,45.07
20,2393,PSUBNKIETF,EQ,88783,47256,53.23
20,2394,PTC,EQ,761035,468660,61.58
20,2395,PTCIL,EQ,33761,9068,26.86
20,2396,PTL,EQ,27631,21388,77.41
20,2397,PUNJABCHEM,EQ,3693,2245,60.79
20,2398,PURPLEUTED,ST,14250,13750,96.49
20,2399,PURVA,EQ,102085,44892,43.98
20,2400,PURVFLEXI,SM,18400,15200,82.61
20,2401,PUSHPA,SM,33000,22000,66.67
20,2402,PVP,EQ,700698,549495,78.42
20,2403,PVRINOX,EQ,311807,191207,61.32
20,2404,PVSL,EQ,30147,17577,58.30
20,2405,PVTBANIETF,EQ,3650705,2728453,74.74
20,2406,PVTBANK,EQ,2433,2429,99.84
20,2407,PVTBANKADD,EQ,28206,20381,72.26
20,2408,PVTBKGROWW,EQ,11623,6165,53.04
20,2409,PWL,EQ,5535743,1563992,28.25
20,2410,PYRAMID,EQ,42803,25169,58.80
20,2411,QGOLDHALF,EQ,375724,199172,53.01
20,2412,QLINE,SM,164000,113200,69.02
20,2413,QNIFTY,EQ,6966,3615,51.89
20,2414,QPOWER,EQ,190928,86898,45.51
20,2415,QUADFUTURE,EQ,294548,94093,31.94
20,2416,QUAL30IETF,EQ,186417,119536,64.12
20,2417,QUALITY30,EQ,6019,5213,86.61
20,2418,QUESS,EQ,401103,149936,37.38
20,2419,QUESTLAB,SM,6000,6000,100.00
20,2420,QUICKTOUCH,SM,1500,1500,100.00
20,2421,QUINT,EQ,1281,1121,87.51
20,2422,QVCEL,SM,25600,17600,68.75
20,2423,RACE,EQ,12224,11255,92.07
20,2424,RACLGEAR,EQ,23651,11563,48.89
20,2425,RADAAN,EQ,27131,19628,72.35
20,2426,RADHIKAJWE,EQ,1365803,231396,16.94
20,2427,RADIANTCMS,EQ,254057,162626,64.01
20,2428,RADICO,EQ,183742,96817,52.69
20,2429,RADIOCITY,EQ,33741,30688,90.95
20,2430,RADIOWALLA,ST,22400,22400,100.00
20,2431,RAILTEL,EQ,303377,129282,42.61
20,2432,RAIN,EQ,2767223,914335,33.04
20,2433,RAINBOW,EQ,38375,17947,46.77
20,2434,RAJINDLTD,SM,16500,12000,72.73
20,2435,RAJMET,EQ,246319,188577,76.56
20,2436,RAJPALAYAM,EQ,839,597,71.16
20,2437,RAJPUTANA,SM,26500,22500,84.91
20,2438,RAJRATAN,EQ,31340,18473,58.94
20,2439,RAJSREESUG,EQ,25195,12932,51.33
20,2440,RAJTV,EQ,49994,49054,98.12
20,2441,RALLIS,EQ,724374,395741,54.63
20,2442,RAMANEWS,EQ,6736,4849,71.99
20,2443,RAMAPHO,EQ,6459,3469,53.71
20,2444,RAMBHAJO,EQ,1238324,429830,34.71
20,2445,RAMCOCEM,EQ,100528,44841,44.61
20,2446,RAMCOIND,EQ,122658,59550,48.55
20,2447,RAMCOSYS,EQ,86512,39377,45.52
20,2448,RAMKY,EQ,22632,12828,56.68
20,2449,RAMRAT,EQ,400073,172334,43.08
20,2450,RANASUG,EQ,193282,100255,51.87
20,2451,RANEHOLDIN,EQ,10389,6651,64.02
20,2452,RAPIDFLEET,SM,16800,4200,25.00
20,2453,RAPPID,SM,7200,6000,83.33
20,2454,RATEGAIN,EQ,602952,311370,51.64
20,2455,RATNAMANI,EQ,44485,17488,39.31
20,2456,RATNAVEER,EQ,1974512,588855,29.82
20,2457,RAYMOND,EQ,2180718,666819,30.58
20,2458,RAYMONDLSL,EQ,225434,116864,51.84
20,2459,RAYMONDREL,EQ,529641,269873,50.95
20,2460,RBA,EQ,2134628,765044,35.84
20,2461,RBLBANK,EQ,4297189,1956000,45.52
20,2462,RBMINFRA,SM,9800,9000,91.84
20,2463,RBS,SM,7200,4800,66.67
20,2464,RBZJEWEL,EQ,10355122,787000,7.60
20,2465,RCDL,SM,36000,30000,83.33
20,2466,RCDL-RE,ST,453000,450000,99.34
20,2467,RCF,EQ,717999,292688,40.76
20,2468,READYMIX,SM,28000,8000,28.57
20,2469,RECLTD,EQ,4975534,2523212,50.71
20,2470,REDINGTON,EQ,10766413,3183889,29.57
20,2471,REDTAPE,EQ,314900,193768,61.53
20,2472,REFEX,EQ,212725,97563,45.86
20,2473,REFRACTORY,SM,10000,8000,80.00
20,2474,REGAAL,EQ,826348,249946,30.25
20,2475,REGENCERAM,EQ,1738,1322,76.06
20,2476,RELAXO,EQ,180409,65909,36.53
20,2477,RELCHEMQ,EQ,2340,1640,70.09
20,2478,RELIABLE,EQ,57192,24435,42.72
20,2479,RELIANCE,EQ,13497841,8462199,62.69
20,2480,RELIGARE,EQ,576451,274454,47.61
20,2481,RELTD,EQ,142843,99216,69.46
20,2482,REMSONSIND,EQ,69007,35451,51.37
20,2483,REMUS,SM,3400,2000,58.82
20,2484,RENUKA,EQ,12027252,3138964,26.10
20,2485,REPCOHOME,EQ,76623,47879,62.49
20,2486,REPRO,EQ,16541,10053,60.78
20,2487,RESPONIND,EQ,51938,22280,42.90
20,2488,RETAIL,EQ,11270,5043,44.75
20,2489,REXPRO,SM,9000,7000,77.78
20,2490,RFBL,ST,3000,3000,100.00
20,2491,RGL,EQ,523746,160828,30.71
20,2492,RHETAN,EQ,5392754,2566408,47.59
20,2493,RHIM,EQ,330000,227464,68.93
20,2494,RHL,EQ,6533,4579,70.09
20,2495,RICHA,ST,2000,2000,100.00
20,2496,RICOAUTO,EQ,757096,266269,35.17
20,2497,RIIL,EQ,34494,11952,34.65
20,2498,RIIT,IV,224761,215265,95.78
20,2499,RILINFRA,SM,8900,8200,92.13
20,2500,RIR,EQ,78631,44701,56.85
20,2501,RISHABH,EQ,1177885,361411,30.68
20,2502,RITCO,EQ,49466,23926,48.37
20,2503,RITES,EQ,292047,130843,44.80
20,2504,RITEZONE,SM,3200,3200,100.00
20,2505,RKDL,EQ,8523,6649,78.01
20,2506,RKEC,EQ,33170,31388,94.63
20,2507,RKFORGE,EQ,604068,299205,49.53
20,2508,RKSWAMY,EQ,19499,12749,65.38
20,2509,RMC,EQ,83910,47047,56.07
20,2510,RML,EQ,9847,5641,57.29
20,2511,RNBDENIMS,EQ,103008,103008,100.00
20,2512,RNFI,SM,89400,75600,84.56
20,2513,RNPL,SM,1200,1200,100.00
20,2514,ROCKINGDCE,SM,6250,4500,72.00
20,2515,ROHLTD,EQ,10656,6390,59.97
20,2516,ROLEXRINGS,EQ,1140921,499163,43.75
20,2517,ROML,EQ,677,641,94.68
20,2518,ROSSARI,EQ,47960,23882,49.80
20,2519,ROSSELLIND,EQ,57008,31180,54.69
20,2520,ROSSTECH,EQ,164242,70142,42.71
20,2521,ROTO,EQ,244904,92549,37.79
20,2522,ROUTE,EQ,115619,60615,52.43
20,2523,ROXHITECH,SM,35200,27200,77.27
20,2524,ROYALARC,SM,9600,9600,100.00
20,2525,RPEL,EQ,49856,23277,46.69
20,2526,RPGLIFE,EQ,7011,3539,50.48
20,2527,RPOWER,EQ,10033374,3402450,33.91
20,2528,RPPINFRA,EQ,56432,37591,66.61
20,2529,RPSGVENT,EQ,14547,9593,65.94
20,2530,RPTECH,EQ,167976,80440,47.89
20,2531,RRECL,EQ,539,533,98.89
20,2532,RRIL,EQ,6550,6127,93.54
20,2533,RRKABEL,EQ,1150212,526172,45.75
20,2534,RSL,EQ,159908,44980,28.13
20,2535,RSSOFTWARE,EQ,94746,51318,54.16
20,2536,RSYSTEMS,EQ,333125,158159,47.48
20,2537,RTNINDIA,EQ,1119765,626536,55.95
20,2538,RTNPOWER,EQ,15138484,7423379,49.04
20,2539,RTSPOWR,EQ,1028,832,80.93
20,2540,RUBFILA,EQ,76795,70899,92.32
20,2541,RUBICON,EQ,123136,54828,44.53
20,2542,RUCHINFRA,EQ,46520,37013,79.56
20,2543,RUCHIRA,EQ,7739,4793,61.93
20,2544,RUDRA,EQ,45235,33676,74.45
20,2545,RULKA,SM,300,300,100.00
20,2546,RUPA,EQ,80144,47585,59.37
20,2547,RUSHIL,EQ,156900,88808,56.60
20,2548,RUSTOMJEE,EQ,31294,15576,49.77
20,2549,RVHL,EQ,2310,1968,85.19
20,2550,RVNL,EQ,3795701,1329349,35.02
20,2551,RVTH,EQ,707,554,78.36
20,2552,S&SPOWER,EQ,898,569,63.36
20,2553,SAAKSHI,ST,44400,42000,94.59
20,2554,SAATVIKGL,EQ,32529,12764,39.24
20,2555,SABAR,ST,5000,5000,100.00
20,2556,SACHEEROME,SM,36900,30300,82.11
20,2557,SADBHAV,EQ,711395,473992,66.63
20,2558,SADHAV,SM,6600,5400,81.82
20,2559,SAFARI,EQ,27131,14706,54.20
20,2560,SAFEENTP,SM,241000,222500,92.32
20,2561,SAGARDEEP,EQ,2274,2267,99.69
20,2562,SAGCEM,EQ,29660,19998,67.42
20,2563,SAGILITY,EQ,16448512,6691032,40.68
20,2564,SAHAJSOLAR,SM,45200,34800,76.99
20,2565,SAHANA,SM,5100,3750,73.53
20,2566,SAHASRA,ST,15200,14400,94.74
20,2567,SAHLIBHFI,EQ,1697290,998907,58.85
20,2568,SAHYADRI,EQ,17544,8388,47.81
20,2569,SAICAPI,EQ,863,832,96.41
20,2570,SAIFL,SM,172000,112000,65.12
20,2571,SAIL,EQ,19458118,6307381,32.42
20,2572,SAILIFE,EQ,2747154,792938,28.86
20,2573,SAIPARENT,EQ,44100,27124,61.51
20,2574,SAKAR,EQ,385693,124464,32.27
20,2575,SAKHTISUG,EQ,176853,78321,44.29
20,2576,SAKSOFT,EQ,387000,169468,43.79
20,2577,SAKUMA,EQ,1107702,645036,58.23
20,2578,SALASAR,EQ,7181900,4294308,59.79
20,2579,SALONA,EQ,205,200,97.56
20,2580,SALSTEEL,EQ,1174529,460237,39.18
20,2581,SALZERELEC,EQ,60215,29814,49.51
20,2582,SAMBANDAM,EQ,84,84,100.00
20,2583,SAMBHAAV,EQ,9375,7412,79.06
20,2584,SAMBHV,EQ,914541,406742,44.47
20,2585,SAMHI,EQ,830168,540698,65.13
20,2586,SAMMAANCAP,EQ,10530796,4418233,41.96
20,2587,SAMPANN,EQ,14882,12288,82.57
20,2588,SANATHAN,EQ,60244,48469,80.45
20,2589,SANDESH,EQ,1835,510,27.79
20,2590,SANDHAR,EQ,168187,81691,48.57
20,2591,SANDUMA,EQ,381024,187455,49.20
20,2592,SANGAMIND,EQ,65448,48384,73.93
20,2593,SANGANI,SM,13500,12000,88.89
20,2594,SANGHVIMOV,EQ,292649,134381,45.92
20,2595,SANOFI,EQ,13872,8014,57.77
20,2596,SANOFICONR,EQ,4642,2558,55.11
20,2597,SANSERA,EQ,137509,69115,50.26
20,2598,SANSTAR,EQ,157555,83269,52.85
20,2599,SAPPHIRE,EQ,683474,316088,46.25
20,2600,SAPPL,EQ,2539,2089,82.28
20,2601,SARDAEN,EQ,130326,86663,66.50
20,2602,SAREGAMA,EQ,358580,167850,46.81
20,2603,SARLAPOLY,EQ,36715,18342,49.96
20,2604,SAROJA,SM,3200,1600,50.00
20,2605,SARTELE,SM,104000,83000,79.81
20,2606,SARVESHWAR,EQ,908268,606703,66.80
20,2607,SASKEN,EQ,15405,9806,63.65
20,2608,SATECH,SM,5000,4000,80.00
20,2609,SATIA,EQ,36353,20740,57.05
20,2610,SATIN,EQ,153677,79332,51.62
20,2611,SATIPOLY,ST,1000,1000,100.00
20,2612,SATKARTAR,SM,24000,21600,90.00
20,2613,SATTVAENGG,SM,8000,6400,80.00
20,2614,SAURASHCEM,EQ,46410,29464,63.49
20,2615,SAVY,SM,27600,20400,73.91
20,2616,SAWALIYA,SM,42000,40200,95.71
20,2617,SAYAJIHOTL,EQ,12,12,100.00
20,2618,SAYAJIIND,EQ,326,325,99.69
20,2619,SBC,EQ,7904399,2927884,37.04
20,2620,SBCL,EQ,240612,114833,47.73
20,2621,SBFC,EQ,1753870,470698,26.84
20,2622,SBGLP,EQ,37505,29670,79.11
20,2623,SBIBPB,EQ,59438,26181,44.05
20,2624,SBICARD,EQ,1969265,853141,43.32
20,2625,SBIETFCON,EQ,111337,109524,98.37
20,2626,SBIETFIT,EQ,15075,12931,85.78
20,2627,SBIETFPB,EQ,3085,1943,62.98
20,2628,SBIETFQLTY,EQ,3784,3762,99.42
20,2629,SBIFUNDS,EQ,772367,428863,55.53
20,2630,SBILIFE,EQ,671784,440079,65.51
20,2631,SBILIQETF,EQ,345377,336782,97.51
20,2632,SBIMIDMOM,EQ,85571,67069,78.38
20,2633,SBIN,EQ,13843678,10289485,74.33
20,2634,SBINEQWETF,EQ,10591,10475,98.90
20,2635,SBINMID150,EQ,18181,17139,94.27
20,2636,SBISILVER,EQ,902253,497175,55.10
20,2637,SBISMLETF,EQ,50460,43880,86.96
20,2638,SBIVALETF,EQ,13175,9360,71.04
20,2639,SCHAEFFLER,EQ,47965,27697,57.74
20,2640,SCHAND,EQ,26812,16747,62.46
20,2641,SCHNEIDER,EQ,190208,89153,46.87
20,2642,SCI,EQ,4450212,1704058,38.29
20,2643,SCILAL,EQ,179599,126585,70.48
20,2644,SCL0182025,NC,3,3,100.00
20,2645,SCL01825,N6,200,100,50.00
20,2646,SCLZC26,NB,23,23,100.00
20,2647,SCML,SM,73000,12000,16.44
20,2648,SCODATUBES,EQ,121615,69322,57.00
20,2649,SDBL,EQ,320158,161838,50.55
20,2650,SDREAMS,SM,3000,3000,100.00
20,2651,SEAMECLTD,EQ,168329,90503,53.77
20,2652,SECMARK,EQ,5992,3350,55.91
20,2653,SECURKLOUD,EQ,4671,3946,84.48
20,2654,SEDEMAC,EQ,226318,117915,52.10
20,2655,SEIL,EQ,644724,451961,70.10
20,2656,SEJALLTD,EQ,5960,2791,46.83
20,2657,SEKURITIND,EQ,15293,13126,85.83
20,2658,SEL,SM,2600,2200,84.62
20,2659,SELECTIPO,EQ,68948,37920,55.00
20,2660,SELLOWRAP,SM,1600,1600,100.00
20,2661,SELMC,EQ,5527,4889,88.46
20,2662,SENCO,EQ,564599,243914,43.20
20,2663,SENORES,EQ,170199,78778,46.29
20,2664,SENSEXADD,EQ,484,271,55.99
20,2665,SENSEXAXIS,EQ,799,433,54.19
20,2666,SENSEXBETA,EQ,1320,1221,92.50
20,2667,SENSEXETF,EQ,19959,12021,60.23
20,2668,SENSEXIETF,EQ,28372,25642,90.38
20,2669,SEPC,EQ,9018965,3918695,43.45
20,2670,SERVICE,SM,34000,14000,41.18
20,2671,SERVOTECH,EQ,308764,152901,49.52
20,2672,SESHAPAPER,EQ,37976,23532,61.97
20,2673,SETF10GILT,EQ,2249,1688,75.06
20,2674,SETFGOLD,EQ,7037496,4040381,57.41
20,2675,SETFNIF50,EQ,1118456,911518,81.50
20,2676,SETFNIFBK,EQ,53449,33201,62.12
20,2677,SETFNN50,EQ,34177,21927,64.16
20,2678,SETL,EQ,882005,382972,43.42
20,2679,SFL,EQ,183379,82106,44.77
20,2680,SFML,SM,6400,3200,50.00
20,2681,SGBAPR28I,GB,236,177,75.00
20,2682,SGBAUG27,GB,238,214,89.92
20,2683,SGBAUG28V,GB,850,651,76.59
20,2684,SGBAUG29V,GB,103,69,66.99
20,2685,SGBAUG30,GB,416,278,66.83
20,2686,SGBD29VIII,GB,244,178,72.95
20,2687,SGBDC27VII,GB,14,10,71.43
20,2688,SGBDE30III,GB,143,83,58.04
20,2689,SGBDE31III,GB,1564,1037,66.30
20,2690,SGBDEC26,GB,13,10,76.92
20,2691,SGBFEB27,GB,3,2,66.67
20,2692,SGBFEB28IX,GB,4,4,100.00
20,2693,SGBFEB29XI,GB,136,96,70.59
20,2694,SGBFEB32IV,GB,2216,1484,66.97
20,2695,SGBJ28VIII,GB,98,61,62.24
20,2696,SGBJAN27,GB,1,1,100.00
20,2697,SGBJAN29IX,GB,731,562,76.88
20,2698,SGBJAN29X,GB,223,180,80.72
20,2699,SGBJAN30IX,GB,285,224,78.60
20,2700,SGBJU29III,GB,208,155,74.52
20,2701,SGBJUL27,GB,5,5,100.00
20,2702,SGBJUL28IV,GB,509,438,86.05
20,2703,SGBJUL29IV,GB,361,340,94.18
20,2704,SGBJUN27,GB,27,26,96.30
20,2705,SGBJUN28,GB,103,79,76.70
20,2706,SGBJUN29II,GB,268,173,64.55
20,2707,SGBJUN30,GB,187,144,77.01
20,2708,SGBJUN31I,GB,776,613,78.99
20,2709,SGBMAR28X,GB,5,5,100.00
20,2710,SGBMAR30X,GB,141,115,81.56
20,2711,SGBMAR31IV,GB,105,74,70.48
20,2712,SGBMAY28,GB,151,90,59.60
20,2713,SGBMAY29I,GB,850,636,74.82
20,2714,SGBMR29XII,GB,140,129,92.14
20,2715,SGBN28VIII,GB,274,177,64.60
20,2716,SGBNV29VII,GB,192,163,84.90
20,2717,SGBOC28VII,GB,134,76,56.72
20,2718,SGBOCT26,GB,2,2,100.00
20,2719,SGBOCT27,GB,15,13,86.67
20,2720,SGBOCT27VI,GB,1,1,100.00
20,2721,SGBSEP27,GB,6,5,83.33
20,2722,SGBSEP28VI,GB,127,101,79.53
20,2723,SGBSEP29VI,GB,571,334,58.49
20,2724,SGBSEP31II,GB,802,573,71.45
20,2725,SGFIN,EQ,116799,50433,43.18
20,2726,SGIL,EQ,6679,5031,75.33
20,2727,SGL,EQ,3454,1947,56.37
20,2728,SGLRES,EQ,12072,11228,93.01
20,2729,SGMART,EQ,112710,55517,49.26
20,2730,SGRL,EQ,29477,15660,53.13
20,2731,SHADOWFAX,EQ,1855864,1094027,58.95
20,2732,SHAH,EQ,976261,657479,67.35
20,2733,SHAHALLOYS,EQ,223823,129729,57.96
20,2734,SHAILY,EQ,151078,68128,45.09
20,2735,SHAKTIPUMP,EQ,254955,118577,46.51
20,2736,SHALBY,EQ,95389,64877,68.01
20,2737,SHANKARA,EQ,85064,47847,56.25
20,2738,SHANKESH,EQ,9301184,2393322,25.73
20,2739,SHANTI,EQ,13911,9631,69.23
20,2740,SHANTIGEAR,EQ,71215,28519,40.05
20,2741,SHANTIGOLD,EQ,1230246,451907,36.73
20,2742,SHARDACROP,EQ,59207,29771,50.28
20,2743,SHARDAMOTR,EQ,33554,17734,52.85
20,2744,SHAREINDIA,EQ,135258,81353,60.15
20,2745,SHARIABEES,EQ,8412,5103,60.66
20,2746,SHBAJRG,EQ,5047,3823,75.75
20,2747,SHEETAL,SM,11000,4000,36.36
20,2748,SHERA,SM,8000,7000,87.50
20,2749,SHERVANI,EQ,58,58,100.00
20,2750,SHETHJI,SM,72000,66000,91.67
20,2751,SHIGAN,SM,1500,1500,100.00
20,2752,SHILCTECH,EQ,17768,8936,50.29
20,2753,SHILGRAVQ,EQ,1033,933,90.32
20,2754,SHILPAMED,EQ,1465404,624530,42.62
20,2755,SHINDL,EQ,311659,127943,41.05
20,2756,SHIPROCKET,EQ,7254180,956481,13.19
20,2757,SHIVAAGRO,EQ,1056,1011,95.74
20,2758,SHIVACEM,EQ,41292,36754,89.01
20,2759,SHIVAMAUTO,EQ,41911,26299,62.75
20,2760,SHIVAMILLS,EQ,534,292,54.68
20,2761,SHIVASHRIT,SM,2000,1000,50.00
20,2762,SHIVATEX,EQ,6823,3762,55.14
20,2763,SHIVAUM,EQ,109000,104606,95.97
20,2764,SHK,EQ,594034,399088,67.18
20,2765,SHKSIL,SM,12000,6000,50.00
20,2766,SHOPERSTOP,EQ,15781,11099,70.33
20,2767,SHRADDHA,EQ,4640,4030,86.85
20,2768,SHRADHA,EQ,5791,5706,98.53
20,2769,SHREDIGCEM,EQ,225107,126385,56.14
20,2770,SHREECEM,EQ,17542,9166,52.25
20,2771,SHREEDHAR,ST,30000,30000,100.00
20,2772,SHREEJISPG,EQ,772101,376584,48.77
20,2773,SHREEKARNI,SM,3150,1950,61.90
20,2774,SHREEOSFM,SM,3000,3000,100.00
20,2775,SHREEPUSHK,EQ,71193,30261,42.51
20,2776,SHREERAMA,EQ,40231,26975,67.05
20,2777,SHREMINVIT,IV,25000,25000,100.00
20,2778,SHREYANIND,EQ,4428,3973,89.72
20,2779,SHRIAHIMSA,ST,15600,15000,96.15
20,2780,SHRIKANHA,SM,25600,22400,87.50
20,2781,SHRIKRISH,EQ,908,798,87.89
20,2782,SHRINGARMS,EQ,144996,57375,39.57
20,2783,SHRIPISTON,EQ,95112,53015,55.74
20,2784,SHRIRAMFIN,EQ,6535021,4273857,65.40
20,2785,SHRIRAMPPS,EQ,245690,119876,48.79
20,2786,SHRITECH,SM,26000,10000,38.46
20,2787,SHRJAGP,EQ,896,715,79.80
20,2788,SHUBHLAXMI,SM,1000,1000,100.00
20,2789,SHUBHSHREE,SM,7200,6300,87.50
20,2790,SHUKRAPHAR,EQ,2933344,1254346,42.76
20,2791,SHYAMDHANI,ST,6000,6000,100.00
20,2792,SHYAMMETL,EQ,102401,45416,44.35
20,2793,SHYAMTEL,EQ,27921,23938,85.73
20,2794,SICAGEN,EQ,50178,33216,66.20
20,2795,SIDDHICOTS,SM,15600,13200,84.62
20,2796,SIDDHIKA,SM,3500,3500,100.00
20,2797,SIEL,EQ,423,391,92.43
20,2798,SIEMENS,EQ,263290,120492,45.76
20,2799,SIGACHI,EQ,1728224,775938,44.90
20,2800,SIGMA,EQ,54352,33503,61.64
20,2801,SIGNATURE,EQ,177375,8790,4.96
20,2802,SIGNPOST,EQ,164552,116703,70.92
20,2803,SIKA,EQ,16813,9178,54.59
20,2804,SIL,EQ,58178,49972,85.90
20,2805,SILGO,EQ,317809,205792,64.75
20,2806,SILINV,EQ,2397,1695,70.71
20,2807,SILKFLEX,SM,25000,20000,80.00
20,2808,SILKY,SM,12000,8000,66.67
20,2809,SILLYMONKS,EQ,107,60,56.07
20,2810,SILVER,EQ,697460,290561,41.66
20,2811,SILVER001,EQ,60488,56630,93.62
20,2812,SILVER1,EQ,6245962,3360022,53.80
20,2813,SILVER360,EQ,30512,20045,65.70
20,2814,SILVERADD,EQ,2578958,822461,31.89
20,2815,SILVERAG,EQ,297870,187363,62.90
20,2816,SILVERAXIS,EQ,441304,329207,74.60
20,2817,SILVERBEES,EQ,18590941,8355141,44.94
20,2818,SILVERBETA,EQ,818352,505450,61.76
20,2819,SILVERBND,EQ,22114,18805,85.04
20,2820,SILVERCASE,EQ,7130133,2486302,34.87
20,2821,SILVERIETF,EQ,3634029,1747601,48.09
20,2822,SILVERTUC,EQ,385462,116765,30.29
20,2823,SIMCA,ST,4800,4800,100.00
20,2824,SIMPLEXINF,EQ,109146,70728,64.80
20,2825,SINCLAIR,EQ,41291,24008,58.14
20,2826,SINDHUTRAD,EQ,833375,325637,39.07
20,2827,SINGERIND,EQ,34572,23747,68.69
20,2828,SINTERCOM,EQ,1004,543,54.08
20,2829,SIRCA,EQ,174471,52645,30.17
20,2830,SIS,EQ,369279,189313,51.27
20,2831,SIYSIL,EQ,39032,16561,42.43
20,2832,SJLOGISTIC,SM,44750,33750,75.42
20,2833,SJS,EQ,96297,50884,52.84
20,2834,SJVN,EQ,1760999,895849,50.87
20,2835,SKFINDIA,EQ,28428,14524,51.09
20,2836,SKFINDUS,EQ,78757,38653,49.08
20,2837,SKIPPER,EQ,754042,277247,36.77
20,2838,SKMEGGPROD,EQ,186842,80806,43.25
20,2839,SKP,SM,68500,31500,45.99
20,2840,SKYGOLD,EQ,1060004,544972,51.41
20,2841,SKYTECH,ST,1600,1600,100.00
20,2842,SKYWAYS,EQ,17596762,3085490,17.53
20,2843,SLONE,ST,7200,6800,94.44
20,2844,SMALL250,EQ,385602,233806,60.63
20,2845,SMALLADD,EQ,46783,33947,72.56
20,2846,SMALLCAP,EQ,1242548,782497,62.98
20,2847,SMALLGROWW,EQ,10965,9625,87.78
20,2848,SMALLIETF,EQ,62585,33899,54.16
20,2849,SMARTWORKS,EQ,41047,29921,72.89
20,2850,SMCGLOBAL,EQ,263104,193904,73.70
20,2851,SML100CASE,EQ,1173683,662033,56.41
20,2852,SMLMAH,EQ,157903,41551,26.31
20,2853,SMLT,EQ,8912,6668,74.82
20,2854,SMSPHARMA,EQ,176928,76533,43.26
20,2855,SNEHAA,SM,1000,1000,100.00
20,2856,SNOWMAN,EQ,121902,68596,56.27
20,2857,SNXT30BEES,EQ,18341,18106,98.72
20,2858,SNXT50BETA,EQ,1391,843,60.60
20,2859,SOBHA,EQ,75521,35214,46.63
20,2860,SOCL,SM,6400,6400,100.00
20,2861,SOFTTECH,EQ,1513,974,64.38
20,2862,SOLARA,EQ,350170,163531,46.70
20,2863,SOLARINDS,EQ,139030,59728,42.96
20,2864,SOLARWORLD,EQ,213492,123655,57.92
20,2865,SOLEX,EQ,32821,18782,57.23
20,2866,SOMANYCERA,EQ,180890,77146,42.65
20,2867,SOMATEX,EQ,9355,9355,100.00
20,2868,SOMICONVEY,EQ,8346,5849,70.08
20,2869,SONACOMS,EQ,3609368,1792712,49.67
20,2870,SONAL,EQ,16,16,100.00
20,2871,SONAMAC,SM,1000,1000,100.00
20,2872,SONAMLTD,EQ,212626,108212,50.89
20,2873,SONATSOFTW,EQ,813831,243682,29.94
20,2874,SONUINFRA,ST,18000,18000,100.00
20,2875,SOTL,EQ,5145071,453993,8.82
20,2876,SOUTHBANK,EQ,5752468,2424955,42.16
20,2877,SOUTHWEST,EQ,61416,36821,59.95
20,2878,SPAL,EQ,144792,63805,44.07
20,2879,SPANDANA,EQ,77756,38203,49.13
20,2880,SPARC,EQ,2409904,605673,25.13
20,2881,SPCENET,EQ,1503707,1105022,73.49
20,2882,SPCL,SM,7800,7200,92.31
20,2883,SPEB,SM,2000,2000,100.00
20,2884,SPECTSTM,SM,15200,13600,89.47
20,2885,SPELS,EQ,25327,13233,52.25
20,2886,SPENCERS,EQ,36449,32209,88.37
20,2887,SPIC,EQ,471117,170137,36.11
20,2888,SPLIL,EQ,7069,5716,80.86
20,2889,SPLPETRO,EQ,83706,43104,51.49
20,2890,SPMLINFRA,EQ,201362,111579,55.41
20,2891,SPORTKING,EQ,306220,138623,45.27
20,2892,SPUNWEB,SM,1200,1200,100.00
20,2893,SRD,EQ,38691,26907,69.54
20,2894,SREEL,EQ,19178,13978,72.89
20,2895,SRF,EQ,129379,77783,60.12
20,2896,SRGHFL,EQ,1741,1293,74.27
20,2897,SRHHYPOLTD,EQ,7917,5285,66.76
20,2898,SRIKPRIND,EQ,221530,104785,47.30
20,2899,SRIVASAVI,ST,25000,25000,100.00
20,2900,SRM,EQ,100666,50414,50.08
20,2901,SRTL,EQ,108713,90036,82.82
20,2902,SSDL,EQ,12140,8846,72.87
20,2903,SSEGL,SM,43600,24600,56.42
20,2904,SSFL,ST,4500,3500,77.78
20,2905,SSWL,EQ,4499959,1056324,23.47
20,2906,STANLEY,EQ,48527,32090,66.13
20,2907,STAR,EQ,327406,172291,52.62
20,2908,STARCEMENT,EQ,106376,68443,64.34
20,2909,STARHEALTH,EQ,246774,125025,50.66
20,2910,STARPAPER,EQ,6997,4800,68.60
20,2911,STARTECK,EQ,25,23,92.00
20,2912,STCINDIA,EQ,51290,34548,67.36
20,2913,STEELCAS,EQ,61704,35143,56.95
20,2914,STEELCITY,EQ,5769,4078,70.69
20,2915,STEELXIND,EQ,2631091,1975946,75.10
20,2916,STEL,EQ,2919,1567,53.68
20,2917,STLNETWORK,EQ,1379678,888061,64.37
20,2918,STLSTRINF,EQ,1251,1145,91.53
20,2919,STOVEKRAFT,EQ,120280,57761,48.02
20,2920,STRIDERS,SM,59200,59200,100.00
20,2921,STUDDS,EQ,60119,41291,68.68
20,2922,STUDIOLSD,SM,18000,16000,88.89
20,2923,STYL,EQ,80614,36719,45.55
20,2924,STYLAMIND,EQ,39966,20478,51.24
20,2925,STYLEBAAZA,EQ,1012868,590788,58.33
20,2926,STYRENIX,EQ,49695,33324,67.06
20,2927,SUBAHOTELS,SM,25200,22800,90.48
20,2928,SUBEXLTD,EQ,1683676,981571,58.30
20,2929,SUBROS,EQ,37033,20498,55.35
20,2930,SUDARCOLOR,EQ,5938,4367,73.54
20,2931,SUDARSCHEM,EQ,376056,152934,40.67
20,2932,SUDEEPPHRM,EQ,344574,134425,39.01
20,2933,SUKHJITS,EQ,10837,10139,93.56
20,2934,SULA,EQ,207531,92325,44.49
20,2935,SUMAX,ST,2726400,2713200,99.52
20,2936,SUMEDHA,EQ,520,491,94.42
20,2937,SUMEETINDS,EQ,2604502,1587971,60.97
20,2938,SUMICHEM,EQ,151724,78721,51.88
20,2939,SUMIT,EQ,17785,10949,61.56
20,2940,SUMMITSEC,EQ,1347,947,70.30
20,2941,SUNCLAY,EQ,4019,2581,64.22
20,2942,SUNDARAM,EQ,361250,254290,70.39
20,2943,SUNDARMFIN,EQ,35627,21145,59.35
20,2944,SUNDRMFAST,EQ,77604,52293,67.38
20,2945,SUNDROP,EQ,6378,3357,52.63
20,2946,SUNFLAG,EQ,335900,108610,32.33
20,2947,SUNLITE,SM,11700,8400,71.79
20,2948,SUNLOC,EQ,565,503,89.03
20,2949,SUNPHARMA,EQ,1245419,644578,51.76
20,2950,SUNRAKSHAK,EQ,13513,11396,84.33
20,2951,SUNREST,SM,4800,4800,100.00
20,2952,SUNSHIEL,EQ,1386,1215,87.66
20,2953,SUNSHINE,EQ,2415155,536191,22.20
20,2954,SUNTECH,SM,19200,16000,83.33
20,2955,SUNTECK,EQ,144955,84650,58.40
20,2956,SUNTV,EQ,270939,155283,57.31
20,2957,SUPERHOUSE,EQ,3375,2273,67.35
20,2958,SUPRAJIT,EQ,116904,83569,71.49
20,2959,SUPREME,EQ,51447,27839,54.11
20,2960,SUPREMEIND,EQ,177650,100088,56.34
20,2961,SUPREMEINF,EQ,35271,9580,27.16
20,2962,SUPREMEPWR,SM,24000,18000,75.00
20,2963,SUPRIYA,EQ,960564,252471,26.28
20,2964,SURAJEST,EQ,78507,68187,86.85
20,2965,SURAJLTD,EQ,25,10,40.00
20,2966,SURAKSHA,EQ,117448,62351,53.09
20,2967,SURANASOL,EQ,31079,20393,65.62
20,2968,SURANAT&P,EQ,17916,11054,61.70
20,2969,SURANI,SM,3800,3800,100.00
20,2970,SURYALA,EQ,3061,2648,86.51
20,2971,SURYALAXMI,EQ,3224,1887,58.53
20,2972,SURYAROSNI,EQ,303758,168597,55.50
20,2973,SURYODAY,EQ,150284,58815,39.14
20,2974,SUVEN,EQ,556245,235844,42.40
20,2975,SUVIDHAA,EQ,288944,200239,69.30
20,2976,SUYOG,EQ,19234,10525,54.72
20,2977,SUZLON,EQ,52679194,24601428,46.70
20,2978,SVGLOBAL,EQ,1146,805,70.24
20,2979,SVPGLOB,EQ,15878,11098,69.90
20,2980,SWANCORP,EQ,479500,210245,43.85
20,2981,SWARAJENG,EQ,7376,3825,51.86
20,2982,SWARNSAR,EQ,3122,2819,90.29
20,2983,SWASTIK,ST,9600,9600,100.00
20,2984,SWELECTES,EQ,15634,7616,48.71
20,2985,SWIGGY,EQ,16995573,6791977,39.96
20,2986,SWISSMLTRY,EQ,51395,32804,63.83
20,2987,SWSOLAR,EQ,703828,349638,49.68
20,2988,SYMBIOTEC,EQ,7998317,1150042,14.38
20,2989,SYMPHONY,EQ,56565,30695,54.27
20,2990,SYNCOMF,EQ,28986293,8474211,29.24
20,2991,SYNGENE,EQ,593732,354405,59.69
20,2992,SYNOPTICS,ST,600,600,100.00
20,2993,SYRMA,EQ,785469,356961,45.45
20,2994,SYSTANGO,SM,36000,26000,72.22
20,2995,TAALTECH,EQ,3630,1998,55.04
20,2996,TAC,ST,45400,41000,90.31
20,2997,TAINWALCHM,EQ,2536,1461,57.61
20,2998,TAJGVK,EQ,101607,48741,47.97
20,2999,TAKE,EQ,129454,129454,100.00
20,3000,TALBROAUTO,EQ,74903,36880,49.24
20,3001,TANAA,EQ,8882,6849,77.11
20,3002,TANKUP,ST,2250,2000,88.89
20,3003,TANLA,EQ,296338,139416,47.05
20,3004,TAPIFRUIT,SM,1500,1500,100.00
20,3005,TARACHAND,EQ,49634,18864,38.01
20,3006,TARAPUR,EQ,37307,30301,81.22
20,3007,TARC,EQ,872528,601934,68.99
20,3008,TARIL,EQ,992101,445259,44.88
20,3009,TARMAT,EQ,84089,50796,60.41
20,3010,TARSONS,EQ,113735,48028,42.23
20,3011,TASTYBITE,EQ,2420,934,38.60
20,3012,TATACAP,EQ,695696,350061,50.32
20,3013,TATACHEM,EQ,529669,243371,45.95
20,3014,TATACOMM,EQ,505913,381848,75.48
20,3015,TATACONSUM,EQ,1052859,690778,65.61
20,3016,TATAELXSI,EQ,181417,62818,34.63
20,3017,TATAGOLD,EQ,55019240,19569787,35.57
20,3018,TATAINVEST,EQ,112437,50756,45.14
20,3019,TATAPOWER,EQ,12229632,4581157,37.46
20,3020,TATASTEEL,EQ,19496175,10803816,55.42
20,3021,TATATECH,EQ,947143,305443,32.25
20,3022,TATSILV,EQ,32620921,13302777,40.78
20,3023,TATVA,EQ,41870,17094,40.83
20,3024,TAURIAN,ST,51200,42400,82.81
20,3025,TBI,SM,70800,54600,77.12
20,3026,TBOTEK,EQ,156687,68474,43.70
20,3027,TBZ,EQ,27976693,2933368,10.49
20,3028,TCC,EQ,267452,106630,39.87
20,3029,TCHF30,NB,2,2,100.00
20,3030,TCI,EQ,14924,8415,56.39
20,3031,TCIEXP,EQ,61910,25013,40.40
20,3032,TCL,SM,19200,11200,58.33
20,3033,TCPLPACK,EQ,12897,5155,39.97
20,3034,TCS,EQ,2533005,1215773,48.00
20,3035,TDPOWERSYS,EQ,1116065,593100,53.14
20,3036,TEAMGTY,EQ,211,104,49.29
20,3037,TEAMLEASE,EQ,14205,11402,80.27
20,3038,TEAMTECH,ST,36000,28000,77.78
20,3039,TECH,EQ,107714,84229,78.20
20,3040,TECHD,SM,18900,13200,69.84
20,3041,TECHERA,SM,13600,12000,88.24
20,3042,TECHLABS,SM,11500,9125,79.35
20,3043,TECHM,EQ,1508528,759843,50.37
20,3044,TECHNOCRAF,EQ,1206752,317951,26.35
20,3045,TECHNOE,EQ,78529,39974,50.90
20,3046,TECHNVISN,EQ,181,114,62.98
20,3047,TECILCHEM,EQ,120586,63910,53.00
20,3048,TEGA,EQ,60419,34494,57.09
20,3049,TEJA,SM,81000,49800,61.48
20,3050,TEJASCARGO,SM,400,400,100.00
20,3051,TEJASNET,EQ,2071490,514875,24.86
20,3052,TEMBO,EQ,4407998,1021572,23.18
20,3053,TEMPSENS,EQ,15878807,1538836,9.69
20,3054,TENNIND,EQ,2271705,1037557,45.67
20,3055,TERAI,EQ,367,346,94.28
20,3056,TERASOFT,EQ,15985,10137,63.42
20,3057,TEXINFRA,EQ,169201,103404,61.11
20,3058,TEXMOPIPES,EQ,17558,13064,74.40
20,3059,TEXRAIL,EQ,2481981,764733,30.81
20,3060,TFCILTD,EQ,14852059,5511366,37.11
20,3061,TFL,EQ,8146,5908,72.53
20,3062,TGBHOTELS,EQ,24199,15152,62.61
20,3063,TGL,ST,61200,60200,98.37
20,3064,TGVSL,EQ,72480,37390,51.59
20,3065,THAKDEV,EQ,1156,840,72.66
20,3066,THANGAMAYL,EQ,116329,59024,50.74
20,3067,THEINVEST,EQ,2915,2792,95.78
20,3068,THEJO,EQ,2835,1672,58.98
20,3069,THELEELA,EQ,151712,55029,36.27
20,3070,THEMISMED,EQ,107957,62891,58.26
20,3071,THERMAX,EQ,134165,85254,63.54
20,3072,THESL,ST,9000,6000,66.67
20,3073,THOMASCOOK,EQ,1264084,423386,33.49
20,3074,THOMASCOTT,EQ,18552,10257,55.29
20,3075,THYROCARE,EQ,344774,174570,50.63
20,3076,TI,EQ,582156,240644,41.34
20,3077,TIGERLOGS,EQ,28811,15646,54.31
20,3078,TIIL,EQ,40346,24313,60.26
20,3079,TIINDIA,EQ,278336,134113,48.18
20,3080,TIJARIA,EQ,1007554,467333,46.38
20,3081,TIMETECHNO,EQ,2037704,698131,34.26
20,3082,TIMEX,EQ,162126,62512,38.56
20,3083,TIMKEN,EQ,52088,34383,66.01
20,3084,TINNARUBR,EQ,32493,15636,48.12
20,3085,TIPSFILMS,EQ,2364,1364,57.70
20,3086,TIPSMUSIC,EQ,220603,126065,57.15
20,3087,TIRUMALCHM,EQ,609306,159649,26.20
20,3088,TIRUPATI,SM,125,125,100.00
20,3089,TITAGARH,EQ,276233,118041,42.73
20,3090,TITAN,EQ,812660,502689,61.86
20,3091,TMB,EQ,123515,54904,44.45
20,3092,TMCV,EQ,11505564,6724333,58.44
20,3093,TMPV,EQ,6667459,3322671,49.83
20,3094,TNIDETF,EQ,84293,58198,69.04
20,3095,TNPETRO,EQ,4876318,854846,17.53
20,3096,TNPL,EQ,156122,69912,44.78
20,3097,TNTELE,EQ,23183,15113,65.19
20,3098,TOKYOPLAST,EQ,344,225,65.41
20,3099,TOLINS,EQ,53130,36530,68.76
20,3100,TOP100CASE,EQ,1011728,725388,71.70
20,3101,TOP10ADD,EQ,176091,102872,58.42
20,3102,TOP15IETF,EQ,88734,46527,52.43
20,3103,TOP20,EQ,72034,45718,63.47
20,3104,TORNTPHARM,EQ,295518,189951,64.28
20,3105,TORNTPOWER,EQ,1313132,531440,40.47
20,3106,TOTAL,EQ,5814,4371,75.18
20,3107,TOUCHWOOD,EQ,659,456,69.20
20,3108,TOYAMSL,EQ,284250,209593,73.74
20,3109,TPLPLASTEH,EQ,110344,32405,29.37
20,3110,TRACXN,EQ,98120,88527,90.22
20,3111,TRANSCOR,EQ,5464,4505,82.45
20,3112,TRANSRAILL,EQ,326335,173646,53.21
20,3113,TRANSTEEL,SM,172000,137000,79.65
20,3114,TRAVELFOOD,EQ,102712,38670,37.65
20,3115,TREEHOUSE,EQ,13632,12176,89.32
20,3116,TREJHARA,EQ,18416,9324,50.63
20,3117,TREL,EQ,128079,90524,70.68
20,3118,TRENT,EQ,873641,547046,62.62
20,3119,TRF,EQ,3808,2991,78.55
20,3120,TRIDENT,EQ,1848117,870962,47.13
20,3121,TRIDHYA,ST,6000,6000,100.00
20,3122,TRIGYN,EQ,37762,26032,68.94
20,3123,TRITONV,EQ,900,541,60.11
20,3124,TRITURBINE,EQ,367778,214877,58.43
20,3125,TRIVENI,EQ,1255483,511750,40.76
20,3126,TROM,SM,6000,6000,100.00
20,3127,TRU,EQ,97876,84782,86.62
20,3128,TRUALT,EQ,67695,32679,48.27
20,3129,TRUST,SM,10200,7800,76.47
20,3130,TSC,ST,12000,12000,100.00
20,3131,TSFINV,EQ,66092,28969,43.83
20,3132,TTKHLTCARE,EQ,27903,14468,51.85
20,3133,TTKPRESTIG,EQ,41248,20725,50.24
20,3134,TTL,EQ,158754,105546,66.48
20,3135,TTML,EQ,1754985,702457,40.03
20,3136,TUNWAL,SM,40000,26000,65.00
20,3137,TURTLEMINT,EQ,580456,221851,38.22
20,3138,TUTIALKA,EQ,27698,23323,84.20
20,3139,TVSELECT,EQ,49562,8605,17.36
20,3140,TVSHLTD,EQ,5389,2764,51.29
20,3141,TVSMOTOR,EQ,1596164,864206,54.14
20,3142,TVSSCS,EQ,466646,233754,50.09
20,3143,TVSSRICHAK,EQ,15811,5590,35.36
20,3144,TVTODAY,EQ,18298,11533,63.03
20,3145,TWCGOLDETF,EQ,3571,3360,94.09
20,3146,UBL,EQ,60937,39227,64.37
20,3147,UCOBANK,EQ,6678091,3781378,56.62
20,3148,UDAYJEW,EQ,7761,6858,88.36
20,3149,UDS,EQ,425241,236047,55.51
20,3150,UEL,EQ,47835,27219,56.90
20,3151,UFLEX,EQ,2479035,417345,16.83
20,3152,UFO,EQ,25203,17760,70.47
20,3153,UGARSUGAR,EQ,562806,149271,26.52
20,3154,UGROCAP,EQ,70643,39082,55.32
20,3155,UHTL,ST,34000,34000,100.00
20,3156,UJJIVANSFB,EQ,49431916,23851518,48.25
20,3157,ULTRACEMCO,EQ,228820,147391,64.41
20,3158,ULTRAMAR,EQ,182999,122613,67.00
20,3159,UMA,SM,4000,4000,100.00
20,3160,UMESLTD,EQ,15908,14476,91.00
20,3161,UMIYA-MRO,EQ,67934,24759,36.45
20,3162,UNICHEMLAB,EQ,155387,54588,35.13
20,3163,UNIECOM,EQ,213694,136082,63.68
20,3164,UNIENTER,EQ,2151,1252,58.21
20,3165,UNIHEALTH,SM,11500,9500,82.61
20,3166,UNIINFO,EQ,2283,2268,99.34
20,3167,UNILEX,SM,67200,67200,100.00
20,3168,UNIMECH,EQ,141142,71852,50.91
20,3169,UNIONBANK,EQ,9420048,4922893,52.26
20,3170,UNIONGOLD,EQ,7779,3006,38.64
20,3171,UNIPARTS,EQ,222773,104394,46.86
20,3172,UNITDSPR,EQ,878500,569527,64.83
20,3173,UNITECH,EQ,3663595,2258343,61.64
20,3174,UNITEDPOLY,EQ,44043,28490,64.69
20,3175,UNITEDTEA,EQ,2143,1932,90.15
20,3176,UNIVCABLES,EQ,87261,34460,39.49
20,3177,UNOMINDA,EQ,1278381,781884,61.16
20,3178,UPHOT,EQ,2,0,0.00
20,3179,UPL,EQ,4050279,2307982,56.98
20,3180,URBAN,SM,11200,8000,71.43
20,3181,URBANCO,EQ,6821540,2563084,37.57
20,3182,URJA,EQ,745016,465693,62.51
20,3183,USASEEDS,SM,428,428,100.00
20,3184,USHAFIN,SM,44800,41600,92.86
20,3185,USHAMART,EQ,1857600,1274736,68.62
20,3186,USK,EQ,9356,6490,69.37
20,3187,UTIAMC,EQ,415847,386730,93.00
20,3188,UTKAL,SM,18000,16000,88.89
20,3189,UTKARSHBNK,EQ,3974860,2048758,51.54
20,3190,UTLSOLAR,EQ,250798,107291,42.78
20,3191,UTSSAV,ST,9000,6600,73.33
20,3192,UTTAMSUGAR,EQ,256268,82653,32.25
20,3193,V2RETAIL,EQ,483602,275415,56.95
20,3194,VADILALIND,EQ,23667,11340,47.91
20,3195,VADILENT,EQ,27,27,100.00
20,3196,VAIBHAVGBL,EQ,215191,113549,52.77
20,3197,VAISHALI,EQ,80519,53316,66.22
20,3198,VAKRANGEE,EQ,851507,415438,48.79
20,3199,VAL30IETF,EQ,118389,66184,55.90
20,3200,VALUE,EQ,4965,2653,53.43
20,3201,VALUE360,SM,1200,1200,100.00
20,3202,VALUEAXIS,EQ,193282,117104,60.59
20,3203,VAML,EQ,6114791,3952463,64.64
20,3204,VARDMNPOLY,EQ,64616,56450,87.36
20,3205,VARROC,EQ,535517,235184,43.92
20,3206,VASCONEQ,EQ,251078,170740,68.00
20,3207,VASUPRADA,EQ,3,3,100.00
20,3208,VASWANI,EQ,10414,7115,68.32
20,3209,VBL,EQ,7804640,4058343,52.00
20,3210,VDEAL,SM,3600,1800,50.00
20,3211,VEDAVAAG,EQ,12389,11915,96.17
20,3212,VEDL,EQ,7580567,3706510,48.89
20,3213,VEDPOWER,EQ,9127321,4362017,47.79
20,3214,VEEDOL,EQ,7185,3679,51.20
20,3215,VEEKAYEM,SM,4500,3500,77.78
20,3216,VENKEYS,EQ,70557,25970,36.81
20,3217,VENTIVE,EQ,17395,10268,59.03
20,3218,VENUSPIPES,EQ,100592,53298,52.98
20,3219,VERANDA,EQ,247127,147074,59.51
20,3220,VERTIS,IV,175000,175000,100.00
20,3221,VERTOZ,EQ,49065,35332,72.01
20,3222,VESUVIUS,EQ,31174,19165,61.48
20,3223,VGCL,EQ,9221,8231,89.26
20,3224,VGINFOTECH,SM,17000,14000,82.35
20,3225,VGL,EQ,7793,6332,81.25
20,3226,VGUARD,EQ,517815,290832,56.17
20,3227,VHL,EQ,748,444,59.36
20,3228,VIAZ,SM,6000,4000,66.67
20,3229,VICTORYEV,SM,18000,12000,66.67
20,3230,VIDHIING,EQ,13344,8378,62.78
20,3231,VIDYAWIRES,EQ,724958,446101,61.53
20,3232,VIESL,SM,39200,31200,79.59
20,3233,VIGOR,ST,57600,56000,97.22
20,3234,VIJAYA,EQ,146439,54063,36.92
20,3235,VIJAYPD,SM,18000,14000,77.78
20,3236,VIJSOLX,EQ,74,63,85.14
20,3237,VIKASECO,EQ,1168495,752904,64.43
20,3238,VIKASLIFE,EQ,1995003,1197417,60.02
20,3239,VIKRAMSOLR,EQ,1166360,558629,47.90
20,3240,VIKRAN,EQ,594959,282062,47.41
20,3241,VILAS,SM,16500,11750,71.21
20,3242,VILINBIO,SM,48000,44000,91.67
20,3243,VIMTALABS,EQ,301111,105498,35.04
20,3244,VINATIORGA,EQ,26348,14123,53.60
20,3245,VINCOFE,EQ,2162670,629186,29.09
20,3246,VINDHYATEL,EQ,192191,60219,31.33
20,3247,VINEETLAB,EQ,67674,24978,36.91
20,3248,VINNY,EQ,332495,250592,75.37
20,3249,VINYAS,SM,3800,2400,63.16
20,3250,VINYLINDIA,EQ,5548,4193,75.58
20,3251,VIPCLOTHNG,EQ,57213,56169,98.18
20,3252,VIPIND,EQ,185156,115132,62.18
20,3253,VIRAT,EQ,2254,1825,80.97
20,3254,VIRINCHI,EQ,148532,114208,76.89
20,3255,VIRTUALG,EQ,859494,532262,61.93
20,3256,VISACHROME,EQ,39349,25482,64.76
20,3257,VISAKAIND,EQ,178763,94759,53.01
20,3258,VISAMAN,SM,1000,1000,100.00
20,3259,VISDEM,SM,8400,3600,42.86
20,3260,VISHAL,EQ,29604,27862,94.12
20,3261,VISHNU,EQ,114032,55514,48.68
20,3262,VISHNUINFR,SM,6000,4500,75.00
20,3263,VISHWARAJ,EQ,447461,241858,54.05
20,3264,VISL,EQ,31066046,10873925,35.00
20,3265,VITAL,EQ,206,106,51.46
20,3266,VIVIDEL,SM,55440,46800,84.42
20,3267,VIVIDHA,EQ,291889,272267,93.28
20,3268,VIVO,ST,3200,3200,100.00
20,3269,VIVOBIOT,EQ,4252,3501,82.34
20,3270,VIYASH,EQ,3330249,1840422,55.26
20,3271,VLSFINANCE,EQ,5204,3506,67.37
20,3272,VMARCIND,SM,489000,324000,66.26
20,3273,VMART,EQ,35124,17409,49.56
20,3274,VMM,EQ,13754007,6412843,46.63
20,3275,VMOBILE,SM,4800,4800,100.00
20,3276,VMSTMT,EQ,92983,25166,27.07
20,3277,VOEPL,EQ,65132,31945,49.05
20,3278,VOGL,EQ,33253547,9991871,30.05
20,3279,VOITHPAPR,EQ,423,380,89.83
20,3280,VOLERCAR,SM,10400,7200,69.23
20,3281,VOLTAMP,EQ,21874,11889,54.35
20,3282,VOLTAS,EQ,1981487,959719,48.43
20,3283,VPRPL,EQ,1627741,540326,33.19
20,3284,VR,SM,400,400,100.00
20,3285,VRAJ,EQ,10291,5967,57.98
20,3286,VRLLOG,EQ,178174,103503,58.09
20,3287,VSSL,EQ,106991,55106,51.51
20,3288,VSTIND,EQ,79441,47352,59.61
20,3289,VSTL,EQ,20067,15575,77.61
20,3290,VSTTILLERS,EQ,8804,4664,52.98
20,3291,VTL,EQ,990696,256468,25.89
20,3292,VTMLTD,EQ,14672,11604,79.09
20,3293,WAAREEENER,EQ,741486,386402,52.11
20,3294,WAAREEINDO,EQ,51929,29011,55.87
20,3295,WAAREERTL,EQ,108714,52732,48.51
20,3296,WABAG,EQ,294457,115192,39.12
20,3297,WAKEFIT,EQ,2880004,1201128,41.71
20,3298,WALCHANNAG,EQ,405493,217915,53.74
20,3299,WALPAR,SM,12000,12000,100.00
20,3300,WANBURY,EQ,116224,65795,56.61
20,3301,WARDINMOBI,EQ,460492,338174,73.44
20,3302,WATERBASE,EQ,13651,9362,68.58
20,3303,WCIL,EQ,57609,34141,59.26
20,3304,WEALTH,EQ,2362,1706,72.23
20,3305,WEBELSOLAR,EQ,3031926,1481824,48.87
20,3306,WEIZMANIND,EQ,153,144,94.12
20,3307,WEL,EQ,5897220,2972955,50.41
20,3308,WELCORP,EQ,2258642,819605,36.29
20,3309,WELENT,EQ,1021703,386000,37.78
20,3310,WELSPLSOL,EQ,612747,284173,46.38
20,3311,WELSPUNLIV,EQ,3448721,1530866,44.39
20,3312,WENDT,EQ,4494,2614,58.17
20,3313,WESTLIFE,EQ,28617,13506,47.20
20,3314,WEWIN,EQ,1077,1015,94.24
20,3315,WEWORK,EQ,65155,29550,45.35
20,3316,WHBRADY,EQ,2,2,100.00
20,3317,WHEELS,EQ,100218,49500,49.39
20,3318,WHIRLPOOL,EQ,163297,65633,40.19
20,3319,WHITEFORCE,SM,3200,3200,100.00
20,3320,WILLAMAGOR,EQ,705,695,98.58
20,3321,WINDLAS,EQ,1564975,274419,17.54
20,3322,WINDMACHIN,EQ,24441,13986,57.22
20,3323,WINSOL,SM,400,400,100.00
20,3324,WIPL,EQ,224,159,70.98
20,3325,WIPRO,EQ,12056634,5936938,49.24
20,3326,WOCKPHARMA,EQ,684958,320713,46.82
20,3327,WOL3D,SM,19000,10000,52.63
20,3328,WOMANCART,ST,7200,6000,83.33
20,3329,WONDERLA,EQ,66709,30471,45.68
20,3330,WORTHPERI,EQ,3491,2819,80.75
20,3331,WPIL,EQ,30472,19342,63.47
20,3332,WSI,EQ,15759,11533,73.18
20,3333,WSTCSTPAPR,EQ,309218,150853,48.79
20,3334,WTICAB,SM,88000,71000,80.68
20,3335,XCHANGING,EQ,44176,30529,69.11
20,3336,XELPMOC,EQ,3321,2717,81.81
20,3337,XPROINDIA,EQ,1517669,252618,16.65
20,3338,XTGLOBAL,EQ,37394,27394,73.26
20,3339,XTRANET,EQ,3941896,616374,15.64
20,3340,YAAP,SM,10000,10000,100.00
20,3341,YASHO,EQ,20753,10606,51.11
20,3342,YASHOPTICS,SM,800,800,100.00
20,3343,YATHARTH,EQ,242009,85685,35.41
20,3344,YATRA,EQ,2681062,1119879,41.77
20,3345,YESBANK,EQ,44781892,21539525,48.10
20,3346,YOGI,EQ,622,617,99.20
20,3347,YUDIZ,SM,5600,5600,100.00
20,3348,YUKEN,EQ,12576,8204,65.24
20,3349,ZAGGLE,EQ,846978,331236,39.11
20,3350,ZEAL,SM,1200,1200,100.00
20,3351,ZEEL,EQ,18542223,6663524,35.94
20,3352,ZEEMEDIA,EQ,2384037,1331526,55.85
20,3353,ZENITHDRUG,SM,4800,4800,100.00
20,3354,ZENITHEXPO,EQ,854,670,78.45
20,3355,ZENITHSTL,EQ,51372,49114,95.60
20,3356,ZENSARTECH,EQ,470784,137728,29.26
20,3357,ZENTEC,EQ,433929,152756,35.20
20,3358,ZFCVINDIA,EQ,86753,39334,45.34
20,3359,ZFSTEERING,EQ,1632,1377,84.38
20,3360,ZIMLAB,EQ,680389,269660,39.63
20,3361,ZODIAC,EQ,4540,2905,63.99
20,3362,ZODIACLOTH,EQ,1913,1863,97.39
20,3363,ZOTA,EQ,86014,43025,50.02
20,3364,ZSARACOM,EQ,60,48,80.00
20,3365,ZTECH,SM,6300,5400,85.71
20,3366,ZUARI,EQ,151094,86144,57.01
20,3367,ZUARIIND,EQ,42621,23726,55.67
20,3368,ZYDUSLIFE,EQ,1377441,816589,59.28
20,3369,ZYDUSWELL,EQ,179000,95197,53.18
