Security Wise Delivery Position - Compulsory Rolling Settlement
10,MTO,31082026,3068735779,0003375
Trade Date <31-AUG-2026>,Settlement Type <N>
Record Type,Sr No,Name of Security,Quantity Traded,Deliverable Quantity(gross across client level),% of Deliverable Quantity to Traded Quantity
20,1,1003ISFL28,N4,442,442,100.00
20,2,1015ECL29,NR,1798,1500,83.43
20,3,1018GS2026,GS,81,79,97.53
20,4,1025IIFL30,Y3,100,100,100.00
20,5,1025UCL27A,NG,4,4,100.00
20,6,1025VCCL28,N0,1,1,100.00
20,7,1050ISFL28,N5,20,20,100.00
20,8,105IIFL29,N7,130,130,100.00
20,9,1075SCL33A,N2,40,40,100.00
20,10,1075SCL34,ZR,10,10,100.00
20,11,1075WCA28,N0,22,22,100.00
20,12,10IIFL28,N4,200,200,100.00
20,13,10IIFL29,N6,15,15,100.00
20,14,10ISFL26,N3,10,10,100.00
20,15,1119NFL27,ND,104,104,100.00
20,16,1125AFIL29,N0,56,56,100.00
20,17,1165ESFB32,N0,4,4,100.00
20,18,1225IFL28,N0,3,3,100.00
20,19,125VCCL31,N0,1,1,100.00
20,20,12AFIL27,N0,10,8,80.00
20,21,12AFIL28,N0,6,6,100.00
20,22,12VCCL27,N0,2,2,100.00
20,23,12VCCL29A,N0,2,2,100.00
20,24,12VCCL29B,N0,2,1,50.00
20,25,182D140127,TB,600,300,50.00
20,26,182D260227,TB,100,100,100.00
20,27,20MICRONS,EQ,172302,70786,41.08
20,28,21STCENMGM,EQ,2905,2902,99.90
20,29,360ONE,EQ,1412706,752416,53.26
20,30,364D030926,TB,125000,125000,100.00
20,31,364D100926,TB,3700,3700,100.00
20,32,364D190827,TB,200,0,0.00
20,33,364D210127,TB,300,200,66.67
20,34,364D220427,TB,800,800,100.00
20,35,364D250227,TB,100,100,100.00
20,36,364D291026,TB,500,500,100.00
20,37,3BBLACKBIO,EQ,33118,21004,63.42
20,38,3MINDIA,EQ,7423,4323,58.24
20,39,3PLAND,EQ,7601,6986,91.91
20,40,574GS2026,GS,1,1,100.00
20,41,585GS2030,GS,11,11,100.00
20,42,591GS2028,GS,810,600,74.07
20,43,5PAISA,EQ,68919,42994,62.38
20,44,601GS2028,GS,800,800,100.00
20,45,601GS2030,GS,700,700,100.00
20,46,603GS2029,GS,1600,800,50.00
20,47,610GS2031,GS,1,1,100.00
20,48,620GS2029,GS,10200,10200,100.00
20,49,63MOONS,EQ,127074,51867,40.82
20,50,648GS2035,GS,1605,1605,100.00
20,51,654GS2032,GS,50000,50000,100.00
20,52,667GS2050,GS,13,13,100.00
20,53,668GS2033,GS,200,100,50.00
20,54,668GS2040,GS,165336,165336,100.00
20,55,676GS2061,GS,60000,60000,100.00
20,56,679GS2031,GS,70,70,100.00
20,57,68GS2060,GS,4182,2216,52.99
20,58,690GS2065,GS,28160,28104,99.80
20,59,694GS2036,GS,1000,1000,100.00
20,60,699GS2051,GS,10959,10959,100.00
20,61,702GS2027,GS,201,200,99.50
20,62,702GS2031,GS,5150,5150,100.00
20,63,704GS2029,GS,100,100,100.00
20,64,706GS2028,GS,3400,3400,100.00
20,65,706GS2041,GS,710,710,100.00
20,66,709GS2054,GS,12520,11320,90.42
20,67,709GS2074,GS,78614,68503,87.14
20,68,718GS2037,GS,37485,37427,99.85
20,69,71GS2034,GS,3000,3000,100.00
20,70,720PFCL36,N6,12,12,100.00
20,71,724GS2055,GS,97594,96943,99.33
20,72,725GS2063,GS,203539,203439,99.95
20,73,726GS2032,GS,4100,4100,100.00
20,74,726GS2033,GS,500,500,100.00
20,75,732GS2030,GS,500,500,100.00
20,76,733GS2026,GS,1699,1699,100.00
20,77,734GS2064,GS,54471,53901,98.95
20,78,735NHAI31,N9,3613,3613,100.00
20,79,737GS2028,GS,2909,2809,96.56
20,80,737NTPC35C,NA,35,35,100.00
20,81,738GS2027,GS,7208,7208,100.00
20,82,738REC27TF,N2,500,500,100.00
20,83,73GS2053,GS,15305,15205,99.35
20,84,741GS2036,GS,11701,11501,98.29
20,85,742AS34,SG,100,100,100.00
20,86,743GS2076,GS,110049,109047,99.09
20,87,743REC35,NH,96,96,100.00
20,88,746GS2073,GS,8217,7871,95.79
20,89,74GS2062,GS,11,11,100.00
20,90,74TN34,SG,100,100,100.00
20,91,750GS2056,GS,1218,1218,100.00
20,92,750IRFC35,NK,70,70,100.00
20,93,750TN32,SG,100,100,100.00
20,94,751HUDCO28,N5,86,78,90.70
20,95,753HR30,SG,200,200,100.00
20,96,753IRFC30,NJ,857,857,100.00
20,97,754GS2036,GS,609079,561489,92.19
20,98,762NTPC35F,ND,117,117,100.00
20,99,764HUDCO31,N8,51,50,98.04
20,100,764IRFC31,NO,414,409,98.79
20,101,764NABAR31,N2,553,552,99.82
20,102,766GJ32,SG,1000,1000,100.00
20,103,769GA32A,SG,1000,1000,100.00
20,104,769NHAI31,NE,25,25,100.00
20,105,769TN33,SG,200,100,50.00
20,106,76NHAI31,NA,754,623,82.63
20,107,771AP42,SG,400,400,100.00
20,108,771GS2066,GS,136833,108016,78.94
20,109,773BR39,SG,200,200,100.00
20,110,774AP36A,SG,300,200,66.67
20,111,774IREDA31,N7,215,215,100.00
20,112,779PN38,SG,200,100,50.00
20,113,77RJ32,SG,100,100,100.00
20,114,78ABCL33,N1,40,20,50.00
20,115,791MH39,SG,100,100,100.00
20,116,79NHIT35,N1,908,908,100.00
20,117,79NHIT40,N2,56,56,100.00
20,118,79NHIT47,N3,21,14,66.67
20,119,7PFCL31,N3,34,34,100.00
20,120,812REC27,NI,623,623,100.00
20,121,81TCHF28,N8,72,50,69.44
20,122,820IIFL27,N9,255,255,100.00
20,123,824GS2027,GS,335,335,100.00
20,124,828GS2032,GS,1200,1200,100.00
20,125,82HUDCO27,N2,1037,1037,100.00
20,126,82IGT31,NJ,49,44,89.80
20,127,830NHAI27,N2,490,490,100.00
20,128,830PFCL27,N5,172,172,100.00
20,129,835SCL23B,YM,26,26,100.00
20,130,837IIFL28,Y4,30,30,100.00
20,131,840IRFC29,N8,2,1,50.00
20,132,842IIFL26,NL,1259,1259,100.00
20,133,843IHFL29,NC,2,2,100.00
20,134,848AEL29,NJ,168,168,100.00
20,135,851HUDCO28,NB,200,200,100.00
20,136,852MFL31,N0,100,100,100.00
20,137,865IIFL28,NS,107,107,100.00
20,138,865IRFC29,NA,801,756,94.38
20,139,865LTF26,NN,173,113,65.32
20,140,865SCL26,N8,115,115,100.00
20,141,865SCL27,N4,28,28,100.00
20,142,865TCAPS27,N8,346,346,100.00
20,143,870IIFL28,Y7,10,10,100.00
20,144,871REC28,N9,3624,3335,92.03
20,145,875AEL29,NK,60,0,0.00
20,146,875IHFL29,ND,34,34,100.00
20,147,875NHAI29,N6,2389,2340,97.95
20,148,875SCL23A,YI,1,1,100.00
20,149,876HUDCO28,ND,3025,2074,68.56
20,150,879NHPC28,N5,100,100,100.00
20,151,879SCL26,NC,1,1,100.00
20,152,879SCL30,N0,5,5,100.00
20,153,87LTF27,NH,48,46,95.83
20,154,880IREDA29,N5,116,116,100.00
20,155,880IREDA34,N6,5,5,100.00
20,156,888ECL28,N1,90,90,100.00
20,157,888IRFC29,NE,510,510,100.00
20,158,888SCL25E,N4,25,25,100.00
20,159,890AEL31,NN,523,423,80.88
20,160,890SFIL23A,NZ,38,38,100.00
20,161,891IIFCL34,N4,2296,2070,90.16
20,162,891NTPC33,N6,251,251,100.00
20,163,892PFCL33,N8,102,101,99.02
20,164,897GS2030,GS,1000,1000,100.00
20,165,898LTF29,N7,19,19,100.00
20,166,8ABCL26,N2,500,500,100.00
20,167,901HUDCO34,NE,291,278,95.53
20,168,901NHB34,N6,230,201,87.39
20,169,905LTF27,NF,30,30,100.00
20,170,905PFL26,N1,74,74,100.00
20,171,910TCAP28,NA,378,378,100.00
20,172,915APSBC28,N0,2,2,100.00
20,173,915APSBC30,N0,5,5,100.00
20,174,915APSBC31,N0,14,11,78.57
20,175,915APSBC33,N0,3,3,100.00
20,176,91D011026,TB,300,300,100.00
20,177,91D081026,TB,100,100,100.00
20,178,91D100926,TB,200,200,100.00
20,179,91D121126,TB,200,200,100.00
20,180,91D151026,TB,3300,3300,100.00
20,181,91D170926,TB,2100,2100,100.00
20,182,925ECL28,N2,598,598,100.00
20,183,925ISF28,N0,14,14,100.00
20,184,925ISF29,N0,6,6,100.00
20,185,925SCL2028,N8,54,54,100.00
20,186,925SCL26W,N1,1,1,100.00
20,187,92GS2030,GS,8446,8445,99.99
20,188,930AEL30,NF,232,232,100.00
20,189,930APMD27,N0,2,2,100.00
20,190,930APMD30,N0,45,45,100.00
20,191,930SFL28,YP,32,32,100.00
20,192,93MOFSL34,N6,438,258,58.90
20,193,93SCL24A,ZN,70,70,100.00
20,194,943ECL28,NJ,200,200,100.00
20,195,948SCL26A,NN,3,3,100.00
20,196,948SCL27A,ZJ,76,76,100.00
20,197,948SCL27D,N1,3,3,100.00
20,198,955SCL35,NO,5,5,100.00
20,199,957ICCL25,YW,93,93,100.00
20,200,965AEL27,N4,131,126,96.18
20,201,965ISF28,N0,2,2,100.00
20,202,96IIFL28,N5,394,394,100.00
20,203,96IIFL28A,NF,1261,966,76.61
20,204,970CAGL28,ND,41,41,100.00
20,205,971SCL28A,NT,5,5,100.00
20,206,971SCL28I,BC,18,18,100.00
20,207,975ISF28,N0,2,2,100.00
20,208,985ECL28,NK,603,603,100.00
20,209,985SFIL28,NO,13,13,100.00
20,210,990SCL26,N7,1,1,100.00
20,211,990SCL27,YT,2,2,100.00
20,212,990SCL28,N1,50,50,100.00
20,213,995SCL2035,NM,500,500,100.00
20,214,99AEL29,N7,40,30,75.00
20,215,9IIFL28,Y0,200,200,100.00
20,216,9IIFL28A,NT,30,30,100.00
20,217,9PCPL28A,N0,4,4,100.00
20,218,9PFL31A,NA,101,101,100.00
20,219,9SCL27,N2,100,50,50.00
20,220,A2ZINFRA,EQ,242582,202038,83.29
20,221,AAATECH,EQ,9982,6331,63.42
20,222,AADHARHFC,EQ,213894,101586,47.49
20,223,AAKAAR,SM,12800,12800,100.00
20,224,AAKASH,EQ,60911,45368,74.48
20,225,AARADHYA,SM,15600,15600,100.00
20,226,AAREYDRUGS,EQ,102279,67151,65.65
20,227,AARON,EQ,10274,5886,57.29
20,228,AARTIDRUGS,EQ,59488,32709,54.98
20,229,AARTIIND,EQ,635813,328082,51.60
20,230,AARTIPHARM,EQ,522950,228891,43.77
20,231,AARVI,EQ,7731,4218,54.56
20,232,AASTHA,EQ,2089353,322987,15.46
20,233,AAVAS,EQ,242642,76019,31.33
20,234,ABANSENT,EQ,4492,3425,76.25
20,235,ABB,EQ,227223,124089,54.61
20,236,ABBOTINDIA,EQ,6684,3805,56.93
20,237,ABCAPITAL,EQ,5834090,3419601,58.61
20,238,ABCOTS,EQ,37858,20116,53.14
20,239,ABDL,EQ,289013,164881,57.05
20,240,ABFRL,EQ,5405597,2306174,42.66
20,241,ABGSEC,EQ,407,85,20.88
20,242,ABHAPOWER,SM,1600,1600,100.00
20,243,ABLBL,EQ,1171891,624192,53.26
20,244,ABMKNO,EQ,197,150,76.14
20,245,ABREL,EQ,187059,115093,61.53
20,246,ABSL10BANK,EQ,6800,3629,53.37
20,247,ABSLAMC,EQ,297155,171947,57.86
20,248,ABSLBANETF,EQ,47821,30174,63.10
20,249,ABSLLIQUID,EQ,2299,1935,84.17
20,250,ABSLMSCIN,EQ,808,774,95.79
20,251,ABSLNN50ET,EQ,9108,6750,74.11
20,252,ABSLPSE,EQ,414363,317039,76.51
20,253,ABSMARINE,SM,82000,60000,73.17
20,254,ACC,EQ,274811,174482,63.49
20,255,ACCELYA,EQ,4779,2888,60.43
20,256,ACCENTMIC,SM,15000,9500,63.33
20,257,ACCPL,ST,15600,15600,100.00
20,258,ACE,EQ,325647,158178,48.57
20,259,ACEINTEG,EQ,1733,1381,79.69
20,260,ACETEC,SM,86400,86400,100.00
20,261,ACGL,EQ,583,515,88.34
20,262,ACI,EQ,211062,107772,51.06
20,263,ACL,EQ,11870,9013,75.93
20,264,ACMESOLAR,EQ,3008269,1875778,62.35
20,265,ACTIVEINFR,SM,2400,2400,100.00
20,266,ACUTAAS,EQ,490517,325846,66.43
20,267,ADANIENSOL,EQ,35589890,29550724,83.03
20,268,ADANIENT,EQ,12872435,9771644,75.91
20,269,ADANIGREEN,EQ,2461573,1555392,63.19
20,270,ADANIPORTS,EQ,9621819,7910724,82.22
20,271,ADANIPOWER,EQ,53907969,35395341,65.66
20,272,ADDICTIVE,SM,2000,1000,50.00
20,273,ADDIND,EQ,423,340,80.38
20,274,ADFFOODS,EQ,36649,14137,38.57
20,275,ADISOFT,SM,31200,24000,76.92
20,276,ADL,EQ,1086,789,72.65
20,277,ADOR,EQ,220404,70722,32.09
20,278,ADROITINFO,EQ,7874,5912,75.08
20,279,ADSL,EQ,76759,41182,53.65
20,280,ADVAIT,EQ,38030,17093,44.95
20,281,ADVANCE,EQ,145791,87786,60.21
20,282,ADVANIHOTR,EQ,16473,11419,69.32
20,283,ADVENTHTL,EQ,66081,39503,59.78
20,284,ADVENZYMES,EQ,172700,118080,68.37
20,285,ADVIKCA,EQ,566958,507364,89.49
20,286,AEGISLOG,EQ,553008,269946,48.81
20,287,AEGISVOPAK,EQ,721408,271364,37.62
20,288,AEL120126,NL,146,146,100.00
20,289,AEL170725A,NG,108,108,100.00
20,290,AEPL,EQ,23149,14410,62.25
20,291,AEQUS,EQ,1528830,651798,42.63
20,292,AEROENTER,EQ,653171,325758,49.87
20,293,AEROFLEX,EQ,953151,417171,43.77
20,294,AERON,SM,6000,5000,83.33
20,295,AERONEU,EQ,8584,6998,81.52
20,296,AEROPLANE,EQ,293534,214292,73.00
20,297,AESTHETIK,SM,6000,6000,100.00
20,298,AETHER,EQ,354417,156750,44.23
20,299,AFCONS,EQ,538629,314192,58.33
20,300,AFFLE,EQ,241180,160736,66.65
20,301,AFFORDABLE,EQ,10121,7450,73.61
20,302,AFIL,EQ,427723,216303,50.57
20,303,AFSL,EQ,14455,8931,61.78
20,304,AGARIND,EQ,32258,17109,53.04
20,305,AGARWALEYE,EQ,1926860,1178334,61.15
20,306,AGARWALFT,SM,13500,13500,100.00
20,307,AGARWALTUF,SM,13200,10800,81.82
20,308,AGI,EQ,475872,171568,36.05
20,309,AGIIL,EQ,503086,187000,37.17
20,310,AGL,EQ,2415944,898494,37.19
20,311,AGNI,SM,7500,5000,66.67
20,312,AGRITECH,EQ,7344,4516,61.49
20,313,AGROPHOS,EQ,10755,9098,84.59
20,314,AGUL,SM,2000,2000,100.00
20,315,AHCL,EQ,3294080,1361199,41.32
20,316,AHLADA,EQ,3957,3325,84.03
20,317,AHLEAST,EQ,2365,661,27.95
20,318,AHLUCONT,EQ,75376,45001,59.70
20,319,AIAENG,EQ,71716,37701,52.57
20,320,AIIL,EQ,1824874,666928,36.55
20,321,AIMTRON,SM,17600,10600,60.23
20,322,AIRAN,EQ,37527,28890,76.98
20,323,AIROLAM,EQ,320,272,85.00
20,324,AJANTPHARM,EQ,61976,32282,52.09
20,325,AJAXENGG,EQ,58190,33425,57.44
20,326,AJMERA,EQ,254749,140391,55.11
20,327,AJOONI,EQ,385193,328249,85.22
20,328,AKANKSHA,SM,2000,2000,100.00
20,329,AKASH,EQ,6193,5030,81.22
20,330,AKCAPIT,EQ,1340,954,71.19
20,331,AKG,EQ,13425,10607,79.01
20,332,AKI,EQ,141928,93018,65.54
20,333,AKIKO,SM,36000,22400,62.22
20,334,AKSHAR,EQ,1633464,1289694,78.95
20,335,AKUMS,EQ,258396,127139,49.20
20,336,ALANKIT,EQ,58779,45690,77.73
20,337,ALBERTDAVD,EQ,14450,6894,47.71
20,338,ALCODIS,SM,625,625,100.00
20,339,ALEMBICLTD,EQ,925255,428139,46.27
20,340,ALFREDHE,EQ,78,78,100.00
20,341,ALGOQUANT,EQ,1102265,205014,18.60
20,342,ALICON,EQ,30416,20330,66.84
20,343,ALIVUS,EQ,1220512,225938,18.51
20,344,ALKEM,EQ,120023,86531,72.10
20,345,ALKYLAMINE,EQ,62073,30287,48.79
20,346,ALLCARGO,EQ,18633846,5203445,27.92
20,347,ALLDIGI,EQ,6648,4841,72.82
20,348,ALLETEC,SM,16000,14000,87.50
20,349,ALLTIME,EQ,74691,46417,62.15
20,350,ALMONDZ,EQ,386915,303920,78.55
20,351,ALOKINDS,EQ,63642007,33844708,53.18
20,352,ALPA,EQ,12779,5950,46.56
20,353,ALPEXSOLAR,SM,42600,32600,76.53
20,354,ALPHA,EQ,1346992,808313,60.01
20,355,ALPHAETF,EQ,722939,415612,57.49
20,356,ALPINETEX,EQ,160355,103964,64.83
20,357,ALPL30IETF,EQ,658887,469520,71.26
20,358,ALUFLUOR,EQ,3736,2592,69.38
20,359,ALUWIND,SM,13500,12000,88.89
20,360,AMAGI,EQ,1951326,1129764,57.90
20,361,AMAL,EQ,5023,3695,73.56
20,362,AMARJOTHI,EQ,877,877,100.00
20,363,AMBAAUTO,SM,11000,3000,27.27
20,364,AMBER,EQ,105370,39465,37.45
20,365,AMBICAAGAR,EQ,6718,5575,82.99
20,366,AMBIKCO,EQ,6584,4067,61.77
20,367,AMBUJACEM,EQ,2212877,1274610,57.60
20,368,AMCL,SM,26400,25600,96.97
20,369,AMDIND,EQ,72026,47533,65.99
20,370,AMJLAND,EQ,12970,8809,67.92
20,371,AMNPLST,EQ,804,626,77.86
20,372,AMRUTANJAN,EQ,73214,41124,56.17
20,373,ANANDRATHI,EQ,421862,241415,57.23
20,374,ANANTAM,IV,33447,33447,100.00
20,375,ANANTRAJ,EQ,1596650,674777,42.26
20,376,ANAWIL,SM,179200,107600,60.04
20,377,ANDHRAPAP,EQ,215681,115358,53.49
20,378,ANDHRSUGAR,EQ,1062628,342062,32.19
20,379,ANDREWYU,EQ,95639,62082,64.91
20,380,ANGELONE,EQ,15319412,7429457,48.50
20,381,ANIKINDS,EQ,50864,19945,39.21
20,382,ANLON,SM,9200,7600,82.61
20,383,ANMOL,EQ,26512,22448,84.67
20,384,ANNAPURNA,EQ,46694,27511,58.92
20,385,ANONDITA,SM,535800,446200,83.28
20,386,ANSALBU,EQ,919,907,98.69
20,387,ANTELOPUS,EQ,53064,24004,45.24
20,388,ANTGRAPHIC,EQ,748166,578951,77.38
20,389,ANTHEM,EQ,1181406,687265,58.17
20,390,ANUHPHR,EQ,55545,31532,56.77
20,391,ANUP,EQ,15543,7738,49.78
20,392,ANURAS,EQ,166656,108398,65.04
20,393,ANZEN,IV,25000,25000,100.00
20,394,AONEGOLD,EQ,768967,369503,48.05
20,395,AONELIQUID,EQ,23133,18686,80.78
20,396,AONENIFTY,EQ,209900,125720,59.90
20,397,AONESILVER,EQ,619845,335498,54.13
20,398,AONETMMQ50,EQ,24342,14869,61.08
20,399,AONETOTAL,EQ,355909,71952,20.22
20,400,APARINDS,EQ,88241,29819,33.79
20,401,APCL,EQ,4715,3987,84.56
20,402,APCOTEXIND,EQ,460194,199937,43.45
20,403,APEX,EQ,113018,42652,37.74
20,404,APEXECO,ST,7200,7200,100.00
20,405,APLAPOLLO,EQ,1081058,641933,59.38
20,406,APLLTD,EQ,139739,89731,64.21
20,407,APOLLO,EQ,4103179,1192468,29.06
20,408,APOLLOHOSP,EQ,405214,256091,63.20
20,409,APOLLOPIPE,EQ,217305,66669,30.68
20,410,APOLLOTYRE,EQ,778696,405339,52.05
20,411,APOLSINHOT,EQ,562,457,81.32
20,412,APOORVA,EQ,28,28,100.00
20,413,APRAMEYA,SM,14500,14500,100.00
20,414,APS,SM,12000,8250,68.75
20,415,APSISAERO,ST,187200,187200,100.00
20,416,APTUS,EQ,938126,517787,55.19
20,417,AQYLON,EQ,774347,678888,87.67
20,418,ARABIAN,SM,2000,2000,100.00
20,419,ARCHIDPLY,EQ,11698,7003,59.86
20,420,ARCHIES,EQ,22389,17513,78.22
20,421,ARCIIL,SM,27000,25000,92.59
20,422,ARCL,EQ,254,246,96.85
20,423,ARDEE,EQ,3540606,1486073,41.97
20,424,ARE&M,EQ,715755,354475,49.52
20,425,ARENTERP,EQ,688,673,97.82
20,426,ARFIN,EQ,1024777,135755,13.25
20,427,ARHAM,SM,42000,23000,54.76
20,428,ARIES,EQ,30956,17819,57.56
20,429,ARIHANT,EQ,3929,2035,51.79
20,430,ARIHANTACA,SM,2000,2000,100.00
20,431,ARIHANTCAP,EQ,63571,32895,51.75
20,432,ARIHANTSUP,EQ,3616,2530,69.97
20,433,ARIS,EQ,1008272,532433,52.81
20,434,ARKADE,EQ,188573,84647,44.89
20,435,ARMANFIN,EQ,20481,10628,51.89
20,436,ARMOUR,ST,6000,6000,100.00
20,437,AROGRANITE,EQ,9808,9411,95.95
20,438,ARSSBL,EQ,123094,74761,60.73
20,439,ARTEMISMED,EQ,115013,68653,59.69
20,440,ARTNIRMAN,EQ,937,858,91.57
20,441,ARUNAYA,SM,6000,4000,66.67
20,442,ARVEE,EQ,1926,1128,58.57
20,443,ARVIND,EQ,838704,403723,48.14
20,444,ARVINDFASN,EQ,146160,89469,61.21
20,445,ARVSMART,EQ,66987,32172,48.03
20,446,ARYAMAN,EQ,125,121,96.80
20,447,ASAHIINDIA,EQ,139150,78811,56.64
20,448,ASAL,EQ,29039,17612,60.65
20,449,ASALCBR,EQ,31262,21464,68.66
20,450,ASHALOG,SM,3000,3000,100.00
20,451,ASHAPURMIN,EQ,328284,169382,51.60
20,452,ASHIANA,EQ,26748,15509,57.98
20,453,ASHIMASYN,EQ,31225,27762,88.91
20,454,ASHOKA,EQ,98468036,4026368,4.09
20,455,ASHOKAMET,EQ,2205,2045,92.74
20,456,ASHOKLEY,EQ,14333497,9523603,66.44
20,457,ASHWINI,SM,1000,1000,100.00
20,458,ASIANENE,EQ,277518,142892,51.49
20,459,ASIANHOTNR,EQ,1007905,134645,13.36
20,460,ASIANPAINT,EQ,1381178,981350,71.05
20,461,ASIANTILES,EQ,6288505,3072066,48.85
20,462,ASIANTNE,EQ,17485,12605,72.09
20,463,ASKAUTOLTD,EQ,943528,531867,56.37
20,464,ASPINWALL,EQ,1677,1447,86.29
20,465,ASSAMENT,EQ,4,4,100.00
20,466,ASTEC,EQ,52139,32127,61.62
20,467,ASTERDM,EQ,1529874,943777,61.69
20,468,ASTRAL,EQ,11516278,8813026,76.53
20,469,ASTRAMICRO,EQ,240681,134128,55.73
20,470,ASTRAZEN,EQ,12698,9663,76.10
20,471,ATALREAL,EQ,18802850,5598227,29.77
20,472,ATAM,EQ,6088,4512,74.11
20,473,ATCENERGY,ST,6000,6000,100.00
20,474,ATGL,EQ,785690,293969,37.42
20,475,ATHERENERG,EQ,19768043,6914827,34.98
20,476,ATL,EQ,158876,107795,67.85
20,477,ATLANTAA,EQ,96457,75489,78.26
20,478,ATLANTAELE,EQ,300563,118343,39.37
20,479,ATLASCYCLE,EQ,2176,1459,67.05
20,480,ATLPP,E1,3627,3626,99.97
20,481,ATMASTCO,SM,6400,6000,93.75
20,482,ATUL,EQ,30069,18859,62.72
20,483,ATULAUTO,EQ,80545,42913,53.28
20,484,AUBANK,EQ,1482998,1026700,69.23
20,485,AUGMONT,EQ,17691142,5825808,32.93
20,486,AURIONPRO,EQ,878794,516431,58.77
20,487,AUROIMPEX,SM,8000,8000,100.00
20,488,AUROPHARMA,EQ,2416718,1189587,49.22
20,489,AURUM,EQ,102847,40680,39.55
20,490,AURUS,EQ,4885,4264,87.29
20,491,AUSOMENT,EQ,5010,4593,91.68
20,492,AUSTENG,EQ,1232,909,73.78
20,493,AUTOAXLES,EQ,2728,1753,64.26
20,494,AUTOBEES,EQ,157659,84616,53.67
20,495,AUTOIETF,EQ,328281,176041,53.63
20,496,AUTOIND,EQ,77051,41847,54.31
20,497,AVADHSUGAR,EQ,346445,92436,26.68
20,498,AVALON,EQ,519200,188279,36.26
20,499,AVANA,ST,34000,34000,100.00
20,500,AVANCE,EQ,4988255,2502481,50.17
20,501,AVANTEL,EQ,2886095,618524,21.43
20,502,AVANTIFEED,EQ,325472,136148,41.83
20,503,AVIANSH,SM,4000,4000,100.00
20,504,AVIENCE,SM,9000,8400,93.33
20,505,AVL,EQ,131866,84210,63.86
20,506,AVONMORE,EQ,422312,321382,76.10
20,507,AVPINFRA,SM,22400,16000,71.43
20,508,AVROIND,EQ,515192,303861,58.98
20,509,AVTNPL,EQ,741243,410348,55.36
20,510,AWFIS,EQ,432921,164285,37.95
20,511,AWHCL,EQ,57967,29811,51.43
20,512,AWL,EQ,3438931,1747018,50.80
20,513,AXISBANK,EQ,6093670,4449543,73.02
20,514,AXISCADES,EQ,322732,142016,44.00
20,515,AXITA,EQ,731568,254966,34.85
20,516,AXTEL,EQ,3418,2428,71.04
20,517,AYE,EQ,1431106,695044,48.57
20,518,AYMSYNTEX,EQ,1511986,519046,34.33
20,519,AZAD,EQ,791445,270359,34.16
20,520,AZADIND,EQ,52431,12848,24.50
20,521,BABAFP,SM,9600,8000,83.33
20,522,BAGDIGITAL,SM,35200,35200,100.00
20,523,BAGFILMS,EQ,58805,41508,70.59
20,524,BAGMANE,RR,760334,717924,94.42
20,525,BAHETI,SM,16875,7500,44.44
20,526,BAIDFIN,EQ,193981,81640,42.09
20,527,BAJAJ-AUTO,EQ,355561,208389,58.61
20,528,BAJAJCON,EQ,824112,372959,45.26
20,529,BAJAJELEC,EQ,115969,55621,47.96
20,530,BAJAJFINSV,EQ,724648,484934,66.92
20,531,BAJAJHCARE,EQ,333362,124256,37.27
20,532,BAJAJHFL,EQ,2146707,1134243,52.84
20,533,BAJAJHIND,EQ,112387038,14782823,13.15
20,534,BAJAJHLDNG,EQ,51276,39784,77.59
20,535,BAJAJINDEF,EQ,21385,13820,64.62
20,536,BAJAJST,EQ,14521,10471,72.11
20,537,BAJEL,EQ,352819,150797,42.74
20,538,BAJFINANCE,EQ,7002192,4997775,71.37
20,539,BALAJEE,EQ,15162,11553,76.20
20,540,BALAJIPHOS,SM,2000,2000,100.00
20,541,BALAJITELE,EQ,73662,36813,49.98
20,542,BALAMINES,EQ,135337,52609,38.87
20,543,BALAXI,EQ,21366,15912,74.47
20,544,BALKRISHNA,EQ,5295,4716,89.07
20,545,BALKRISIND,EQ,9682350,6210566,64.14
20,546,BALMLAWRIE,EQ,124560,79205,63.59
20,547,BALPHARMA,EQ,4820,3558,73.82
20,548,BALRAMCHIN,EQ,39555765,2535459,6.41
20,549,BALUFORGE,EQ,1970291,433178,21.99
20,550,BANARBEADS,EQ,4005,2024,50.54
20,551,BANARISUG,EQ,5097,1276,25.03
20,552,BANCOINDIA,EQ,90971,43527,47.85
20,553,BANDHANBNK,EQ,7241191,4164275,57.51
20,554,BANG,EQ,70524,33891,48.06
20,555,BANK10ADD,EQ,146708,134112,91.41
20,556,BANK10BETF,EQ,400,370,92.50
20,557,BANKA,EQ,3342,2153,64.42
20,558,BANKADD,EQ,12249,11625,94.91
20,559,BANKBARODA,EQ,9869595,5671780,57.47
20,560,BANKBEES,EQ,330803,179880,54.38
20,561,BANKBETA,EQ,1553449,817850,52.65
20,562,BANKBETF,EQ,14300,5493,38.41
20,563,BANKETF,EQ,13854,5952,42.96
20,564,BANKIETF,EQ,194471,122953,63.22
20,565,BANKINDIA,EQ,8243305,4831581,58.61
20,566,BANKNIFTY1,EQ,549083,402546,73.31
20,567,BANKPSU,EQ,9302,5140,55.26
20,568,BANSALWIRE,EQ,42499,25069,58.99
20,569,BANSWRAS,EQ,17564,11458,65.24
20,570,BARFLEX,SM,40000,36000,90.00
20,571,BASF,EQ,18555,9374,50.52
20,572,BASILIC,SM,72300,55800,77.18
20,573,BATAINDIA,EQ,167638,75207,44.86
20,574,BATLIBOI,EQ,19052,7718,40.51
20,575,BAWEJA,ST,12800,11200,87.50
20,576,BAYERCROP,EQ,42798,26923,62.91
20,577,BBETF0432,EQ,244260,243167,99.55
20,578,BBL,EQ,11741,6662,56.74
20,579,BBNPNBETF,EQ,498,353,70.88
20,580,BBNPPGOLD,EQ,12573,6980,55.52
20,581,BBOX,EQ,205424,95298,46.39
20,582,BBTC,EQ,225770,81944,36.30
20,583,BBTCL,EQ,13829,9687,70.05
20,584,BCG,EQ,3934309,2281434,57.99
20,585,BCLIND,EQ,627573,364923,58.15
20,586,BCONCEPTS,EQ,16369,10538,64.38
20,587,BCPL,EQ,4145,3323,80.17
20,588,BDL,EQ,1109722,342247,30.84
20,589,BEACON,SM,2000,2000,100.00
20,590,BEARDSELL,EQ,10973,6962,63.45
20,591,BECTORFOOD,EQ,1337079,706158,52.81
20,592,BEDMUTHA,EQ,2622,2238,85.35
20,593,BEEKAY,EQ,8561,7824,91.39
20,594,BEL,EQ,12595864,7694030,61.08
20,595,BELLACASA,EQ,7235,2845,39.32
20,596,BELRISE,EQ,2289847,1207263,52.72
20,597,BEML,EQ,309387,120102,38.82
20,598,BENARAS,EQ,124,90,72.58
20,599,BENGALASM,EQ,1373,1018,74.14
20,600,BEPL,EQ,1049586,431662,41.13
20,601,BERGEPAINT,EQ,261810,131082,50.07
20,602,BESTAGRO,EQ,695136,376871,54.22
20,603,BETA,EQ,29195,14596,49.99
20,604,BEWLTD,SM,15000,15000,100.00
20,605,BFINVEST,EQ,19489,8746,44.88
20,606,BFSI,EQ,176530,110968,62.86
20,607,BFUTILITIE,EQ,20993,10031,47.78
20,608,BHADORA,ST,73200,69600,95.08
20,609,BHAGCHEM,EQ,76174,35489,46.59
20,610,BHAGYANGR,EQ,61537,33240,54.02
20,611,BHANDARI,EQ,126528,103903,82.12
20,612,BHARATCOAL,EQ,5216106,1918833,36.79
20,613,BHARATFORG,EQ,779889,573042,73.48
20,614,BHARATRAS,EQ,8736,5209,59.63
20,615,BHARATSE,EQ,109751,52693,48.01
20,616,BHARATWIRE,EQ,138057,70657,51.18
20,617,BHARTIARTL,EQ,16921326,13819345,81.67
20,618,BHARTIHEXA,EQ,30386,13700,45.09
20,619,BHEL,EQ,9251968,4895937,52.92
20,620,BIGBLOC,EQ,46102,32829,71.21
20,621,BIKAJI,EQ,138538,81057,58.51
20,622,BIKEWO,ST,208000,170000,81.73
20,623,BIL,EQ,23669,21636,91.41
20,624,BIMETAL,EQ,298,220,73.83
20,625,BIOCON,EQ,3746419,2334009,62.30
20,626,BIOFILCHEM,EQ,4444,4032,90.73
20,627,BIOPOL,SM,398400,238800,59.94
20,628,BIRET,RR,467019,425769,91.17
20,629,BIRLACORPN,EQ,97368,54876,56.36
20,630,BIRLAMONEY,EQ,30308,17791,58.70
20,631,BIRLANU,EQ,8068,4633,57.42
20,632,BIRLAPREC,EQ,150401,77714,51.67
20,633,BLACKBUCK,EQ,314299,177699,56.54
20,634,BLAL,EQ,11841,10266,86.70
20,635,BLBLIMITED,EQ,114354,95685,83.67
20,636,BLEL,EQ,972620,247926,25.49
20,637,BLIL,EQ,69018,51525,74.65
20,638,BLKASHYAP,EQ,3061325,1154759,37.72
20,639,BLS,EQ,2518896,1085344,43.09
20,640,BLSE,EQ,600668,269110,44.80
20,641,BLUECHIP,EQ,21009,21009,100.00
20,642,BLUECLOUDS,EQ,2827239,1114144,39.41
20,643,BLUEDART,EQ,9084,5447,59.96
20,644,BLUEJET,EQ,312042,143612,46.02
20,645,BLUESTARCO,EQ,383556,198266,51.69
20,646,BLUESTONE,EQ,1264097,525316,41.56
20,647,BLUEWATER,ST,10000,10000,100.00
20,648,BLUSPRING,EQ,238056,115865,48.67
20,649,BMETRICS,SM,5600,5600,100.00
20,650,BMLL,SM,4000,2000,50.00
20,651,BMWVENTLTD,EQ,45382,30319,66.81
20,652,BNAGROCHEM,EQ,5244,5242,99.96
20,653,BNKETFAXIS,EQ,422,275,65.17
20,654,BODALCHEM,EQ,7034891,3102898,44.11
20,655,BOHRAIND,EQ,18527,13518,72.96
20,656,BOMDYEING,EQ,679107,302506,44.54
20,657,BONLON,EQ,7102,5232,73.67
20,658,BORANA,EQ,14297,9184,64.24
20,659,BOROLTD,EQ,476653,158099,33.17
20,660,BORORENEW,EQ,691736,355775,51.43
20,661,BOROSCI,EQ,42438,22830,53.80
20,662,BOSCH-HCIL,EQ,66050,34270,51.88
20,663,BOSCHLTD,EQ,60545,39670,65.52
20,664,BPCL,EQ,8129191,4948871,60.88
20,665,BPL,EQ,76877,37438,48.70
20,666,BPLPHARMA,EQ,1197,787,65.75
20,667,BRACEPORT,SM,6400,4800,75.00
20,668,BRAHMINFRA,EQ,10845,8351,77.00
20,669,BRANDMAN,SM,21600,18400,85.19
20,670,BRIGADE,EQ,345067,130877,37.93
20,671,BRIGHOTEL,EQ,83827,59899,71.46
20,672,BRIGHTBR,EQ,518,421,81.27
20,673,BRITANNIA,EQ,334255,233287,69.79
20,674,BRNL,EQ,26961,20380,75.59
20,675,BSE,EQ,6123157,2541626,41.51
20,676,BSE500IETF,EQ,96809,58393,60.32
20,677,BSHSL,EQ,9323,4636,49.73
20,678,BSL,EQ,2248,2021,89.90
20,679,BSLGOLDETF,EQ,408518,193853,47.45
20,680,BSLNIFTY,EQ,2045219,1684059,82.34
20,681,BSLSENETFG,EQ,1747,1475,84.43
20,682,BSOFT,EQ,1337468,800627,59.86
20,683,BTML,EQ,436429,279661,64.08
20,684,BUILDPRO,EQ,18166,9591,52.80
20,685,BURNPUR,EQ,128736,81222,63.09
20,686,BUTTERFLY,EQ,13629,8287,60.80
20,687,BVCL,EQ,195814,136058,69.48
20,688,C2C,SM,128100,79500,62.06
20,689,CADSYS,ST,1500,1500,100.00
20,690,CALSOFT,EQ,1022450,547426,53.54
20,691,CAMLINFINE,EQ,672790,384932,57.21
20,692,CAMPUS,EQ,342872,147026,42.88
20,693,CAMS,EQ,3784113,1983218,52.41
20,694,CANARYS,SM,84000,56000,66.67
20,695,CANBK,EQ,15831688,9125264,57.64
20,696,CANFINHOME,EQ,388045,235869,60.78
20,697,CANHLIFE,EQ,7028705,3299272,46.94
20,698,CANTABIL,EQ,63499,33639,52.98
20,699,CAPACITE,EQ,149455,69751,46.67
20,700,CAPILLARY,EQ,52919,26920,50.87
20,701,CAPINVIT,IV,203051,187058,92.12
20,702,CAPITALSFB,EQ,11675,9121,78.12
20,703,CAPLIPOINT,EQ,92549,47676,51.51
20,704,CARBORUNIV,EQ,169772,87311,51.43
20,705,CARERATING,EQ,138118,46719,33.83
20,706,CARRARO,EQ,559233,403202,72.10
20,707,CARTRADE,EQ,358615,167200,46.62
20,708,CARYSIL,EQ,56629,30173,53.28
20,709,CASHIETF,EQ,122075,99636,81.62
20,710,CASTROLIND,EQ,2175158,1539104,70.76
20,711,CCAVENUE,EQ,11233045,7543628,67.16
20,712,CCCL,EQ,177208,130591,73.69
20,713,CCHHL,EQ,24560,18617,75.80
20,714,CCL,EQ,258424,151230,58.52
20,715,CDSL,EQ,1190879,525346,44.11
20,716,CEATLTD,EQ,96614,50056,51.81
20,717,CEDAAR,ST,43000,42000,97.67
20,718,CEIGALL,EQ,334208,219023,65.53
20,719,CEINSYS,EQ,47907,27271,56.92
20,720,CELEBRITY,EQ,19141,11231,58.68
20,721,CELLECOR,SM,357000,300000,84.03
20,722,CELLO,EQ,143419,68525,47.78
20,723,CEMNTGROWW,EQ,313180,258744,82.62
20,724,CEMPRO,EQ,471498,324413,68.80
20,725,CENTENKA,EQ,24609,12571,51.08
20,726,CENTEXT,EQ,156217,94239,60.33
20,727,CENTRALBK,EQ,4747177,2622332,55.24
20,728,CENTRUM,EQ,134256,78565,58.52
20,729,CENTUM,EQ,55304,25236,45.63
20,730,CENTURYPLY,EQ,23462,9942,42.37
20,731,CERA,EQ,7710,3754,48.69
20,732,CESC,EQ,1882069,1145282,60.85
20,733,CEWATER,EQ,45720,21555,47.15
20,734,CFEL,EQ,20524,16993,82.80
20,735,CGCL,EQ,3765128,1241114,32.96
20,736,CGPOWER,EQ,3393030,2338354,68.92
20,737,CGRAPHICS,SM,30400,23200,76.32
20,738,CGVAK,EQ,3511,2414,68.76
20,739,CHALET,EQ,220262,106106,48.17
20,740,CHAMBLFERT,EQ,1249117,901499,72.17
20,741,CHANDAN,SM,13600,12000,88.24
20,742,CHAVDA,SM,26000,18000,69.23
20,743,CHEMBOND,EQ,9191,3006,32.71
20,744,CHEMCRUX,EQ,3114,2908,93.38
20,745,CHEMFAB,EQ,1951,1475,75.60
20,746,CHEMICAL,EQ,642405,478717,74.52
20,747,CHEMPLASTS,EQ,198895,117313,58.98
20,748,CHENNPETRO,EQ,1136841,274912,24.18
20,749,CHETANA,SM,6400,4800,75.00
20,750,CHEVIOT,EQ,534,386,72.28
20,751,CHOICEGOLD,EQ,5008,3300,65.89
20,752,CHOICEIN,EQ,238496,55769,23.38
20,753,CHOLAFIN,EQ,1269330,823173,64.85
20,754,CHOLAHLDNG,EQ,301101,172698,57.36
20,755,CIEINDIA,EQ,311650,171098,54.90
20,756,CIFCZC28A,N5,55,55,100.00
20,757,CIFL,EQ,70989,63285,89.15
20,758,CINELINE,EQ,22357,19770,88.43
20,759,CINEVISTA,EQ,4989,4037,80.92
20,760,CIPLA,EQ,977929,714874,73.10
20,761,CITIUSINVT,IV,264307,257468,97.41
20,762,CKKRETAIL,SM,800,800,100.00
20,763,CLASSICEIL,SM,14400,11200,77.78
20,764,CLAYCRAFT,SM,18600,15600,83.87
20,765,CLEAN,EQ,176501,66422,37.63
20,766,CLEANMAX,EQ,1190401,583967,49.06
20,767,CLSEL,EQ,200671,82624,41.17
20,768,CLSL,ST,16000,16000,100.00
20,769,CMLL,EQ,161525,81882,50.69
20,770,CMNL,SM,6000,5250,87.50
20,771,CMPDI,EQ,1389923,359274,25.85
20,772,CMRGREEN,EQ,1059352,626219,59.11
20,773,CMRSL,SM,4800,4800,100.00
20,774,CMSINFO,EQ,5844296,3997141,68.39
20,775,CNL,EQ,141110,36520,25.88
20,776,COALINDIA,EQ,7827528,4399938,56.21
20,777,COASTCORP,EQ,99266,49488,49.85
20,778,COCHINSHIP,EQ,500188,166470,33.28
20,779,COCKERILL,EQ,11090,3788,34.16
20,780,COFORGE,EQ,2163402,1066572,49.30
20,781,COHANCE,EQ,677119,318566,47.05
20,782,COLPAL,EQ,1166774,812259,69.62
20,783,COMFINTE,EQ,355194,224725,63.27
20,784,COMMITTED,SM,7200,6400,88.89
20,785,COMMOIETF,EQ,36312,26562,73.15
20,786,COMPEAU,EQ,12,12,100.00
20,787,COMPUSOFT,EQ,23330,19138,82.03
20,788,COMSYN,EQ,495370,287523,58.04
20,789,CONCOR,EQ,1393626,841728,60.40
20,790,CONCORDBIO,EQ,188563,101984,54.08
20,791,CONFIPET,EQ,3471549,1478588,42.59
20,792,CONNPLEX,SM,28000,18400,65.71
20,793,CONS,EQ,20699,13301,64.26
20,794,CONSUMAXIS,EQ,879,472,53.70
20,795,CONSUMBEES,EQ,55372,30361,54.83
20,796,CONSUMER,EQ,220619,170468,77.27
20,797,CONSUMIETF,EQ,19214,11252,58.56
20,798,CONTI,SM,199980,199980,100.00
20,799,CONTROLPR,EQ,19853,11760,59.24
20,800,COOLCAPS,ST,176250,165000,93.62
20,801,CORALFINAC,EQ,20590,10794,52.42
20,802,CORDELIA,EQ,2331574,1522916,65.32
20,803,CORDSCABLE,EQ,1002836,299744,29.89
20,804,COROMANDEL,EQ,211753,136833,64.62
20,805,CORONA,EQ,9583,5861,61.16
20,806,COSMOFIRST,EQ,41227,21422,51.96
20,807,CPCAP,EQ,11262,7939,70.49
20,808,CPEDU,EQ,3847,3180,82.66
20,809,CPL,EQ,125766,9155,7.28
20,810,CPPLUS,EQ,360510,260898,72.37
20,811,CPS,SM,300,300,100.00
20,812,CPSEETF,EQ,562670,334792,59.50
20,813,CRAFTSMAN,EQ,221148,128997,58.33
20,814,CRAMC,EQ,191459,102540,53.56
20,815,CRAVATEX,EQ,310,288,92.90
20,816,CRAYONS,SM,2000,2000,100.00
20,817,CREATIVEYE,EQ,3265,2214,67.81
20,818,CREDENT,ST,58200,57600,98.97
20,819,CREDITACC,EQ,349179,229646,65.77
20,820,CREST,EQ,374,338,90.37
20,821,CRISIL,EQ,120068,59473,49.53
20,822,CRIZAC,EQ,322843,182654,56.58
20,823,CROMPTON,EQ,4555785,2467800,54.17
20,824,CROWN,EQ,55244,51737,93.65
20,825,CSBBANK,EQ,289781,134119,46.28
20,826,CSLFINANCE,EQ,149634,120851,80.76
20,827,CSM,EQ,71259,32689,45.87
20,828,CSSL,SM,5000,3000,60.00
20,829,CUB,EQ,4962483,2340218,47.16
20,830,CUBEINVIT,IV,992471,973986,98.14
20,831,CUBEXTUB,EQ,38319,19299,50.36
20,832,CUDML,SM,8000,8000,100.00
20,833,CUMMINSIND,EQ,507241,368392,72.63
20,834,CUPID,EQ,10862737,4486940,41.31
20,835,CURAA,EQ,55,55,100.00
20,836,CURIS,SM,55000,45000,81.82
20,837,CURRENT,SM,8000,8000,100.00
20,838,CYBERMEDIA,EQ,8813,7460,84.65
20,839,CYIENT,EQ,2546454,687346,26.99
20,840,CYIENTDLM,EQ,731178,322485,44.10
20,841,DABUR,EQ,3273736,2407000,73.52
20,842,DAICHI,EQ,3220,3213,99.78
20,843,DALBHARAT,EQ,2142193,1361987,63.58
20,844,DALMIASUG,EQ,999987,250831,25.08
20,845,DAMCAPITAL,EQ,138884,67604,48.68
20,846,DANGEE,EQ,20642,15548,75.32
20,847,DANISH,SM,24600,17100,69.51
20,848,DATAMATICS,EQ,32091,16067,50.07
20,849,DATAPATTNS,EQ,415391,154406,37.17
20,850,DAVANGERE,EQ,34200594,22636958,66.19
20,851,DBCORP,EQ,65127,45065,69.20
20,852,DBL,EQ,55063,28615,51.97
20,853,DBOL,EQ,375959,154430,41.08
20,854,DBREALTY,EQ,6152381,5034209,81.83
20,855,DCAL,EQ,679947,441608,64.95
20,856,DCBBANK,EQ,1777630,829554,46.67
20,857,DCCL,SM,4000,4000,100.00
20,858,DCG,SM,32400,26400,81.48
20,859,DCI,EQ,1112591,269610,24.23
20,860,DCMFINSERV,EQ,2942,2353,79.98
20,861,DCMNVL,EQ,14590,10440,71.56
20,862,DCMSHRIRAM,EQ,139898,73131,52.27
20,863,DCMSIL,EQ,79938,54538,68.23
20,864,DCMSRIND,EQ,188922,98164,51.96
20,865,DCW,EQ,1141718,530418,46.46
20,866,DCXINDIA,EQ,258665,116831,45.17
20,867,DDEVPLSTIK,EQ,86584,52204,60.29
20,868,DECCANCE,EQ,38907,33021,84.87
20,869,DECNGOLD,EQ,802968,316463,39.41
20,870,DEEDEV,EQ,436943,258081,59.07
20,871,DEEM,ST,1000,1000,100.00
20,872,DEEP,EQ,6374,6101,95.72
20,873,DEEPAKFERT,EQ,664993,361657,54.39
20,874,DEEPAKNTR,EQ,250033,132846,53.13
20,875,DEEPINDS,EQ,307643,160465,52.16
20,876,DEFENCE,EQ,416359,293424,70.47
20,877,DELAPLEX,SM,13800,9600,69.57
20,878,DELHIVERY,EQ,2285757,1622019,70.96
20,879,DELTACORP,EQ,589326,287453,48.78
20,880,DELTAMAGNT,EQ,3371,2452,72.74
20,881,DELTIC,SM,5000,3000,60.00
20,882,DEN,EQ,767497,435410,56.73
20,883,DENEERS,SM,24600,15000,60.98
20,884,DENORA,EQ,1243,870,69.99
20,885,DENTA,EQ,203329,86798,42.69
20,886,DENTALKART,SM,25750,23750,92.23
20,887,DEVIT,EQ,24346,17492,71.85
20,888,DEVX,EQ,243960,187295,76.77
20,889,DEVYANI,EQ,3255235,1539849,47.30
20,890,DGCONTENT,EQ,202212,94809,46.89
20,891,DHAMPURSUG,EQ,2505634,601033,23.99
20,892,DHANBANK,EQ,407420,237347,58.26
20,893,DHANSA,SM,12000,10000,83.33
20,894,DHANUKA,EQ,10318,6633,64.29
20,895,DHARIWAL,SM,252000,240000,95.24
20,896,DHARMAJ,EQ,33880,26156,77.20
20,897,DHATRE,EQ,52549,40832,77.70
20,898,DHOOTTRANS,EQ,3124844,607180,19.43
20,899,DHRUV,EQ,6291,6218,98.84
20,900,DHUNINV,EQ,1637,1229,75.08
20,901,DIAMINESQ,EQ,4094,1798,43.92
20,902,DIAMONDYD,EQ,14535,6366,43.80
20,903,DICIND,EQ,7259,6080,83.76
20,904,DIFFNKG,EQ,7817913,804181,10.29
20,905,DIGIDRIVE,EQ,7363,6603,89.68
20,906,DIGIKORE,SM,96800,72000,74.38
20,907,DIGISPICE,EQ,33319,29518,88.59
20,908,DIGITIDE,EQ,170784,95834,56.11
20,909,DIGJAMLMTD,EQ,5414,3869,71.46
20,910,DISAQ,EQ,302,89,29.47
20,911,DISHTV,EQ,1099115,881734,80.22
20,912,DIVGIITTS,EQ,81341,39030,47.98
20,913,DIVIDEND,EQ,5984,5392,90.11
20,914,DIVINEHIRA,ST,10800,4800,44.44
20,915,DIVISLAB,EQ,680805,478188,70.24
20,916,DIVOPPBEES,EQ,32625,16397,50.26
20,917,DIXON,EQ,190912,83378,43.67
20,918,DJML,EQ,140150,32318,23.06
20,919,DKEGL,SM,9000,9000,100.00
20,920,DLF,EQ,3152072,2014679,63.92
20,921,DLINKINDIA,EQ,40846,22136,54.19
20,922,DMART,EQ,546671,332513,60.83
20,923,DMCC,EQ,67450,32276,47.85
20,924,DNAMEDIA,EQ,46214,37990,82.20
20,925,DODLA,EQ,59197,23042,38.92
20,926,DOLATALGO,EQ,137478,67663,49.22
20,927,DOLLAR,EQ,74760,33363,44.63
20,928,DOLLEX,SM,92000,72000,78.26
20,929,DOLPHIN,EQ,93088,47377,50.89
20,930,DOMS,EQ,184944,95652,51.72
20,931,DONEAR,EQ,8432,5981,70.93
20,932,DPABHUSHAN,EQ,10619,6371,60.00
20,933,DPEL,SM,19000,14500,76.32
20,934,DRAGARWQ,EQ,1718,1446,84.17
20,935,DRCSYSTEMS,EQ,223641,190719,85.28
20,936,DREAMFOLKS,EQ,35602,19655,55.21
20,937,DREDGECORP,EQ,174335,50077,28.72
20,938,DRONE,SM,148500,119000,80.13
20,939,DRREDDY,EQ,2001757,1264058,63.15
20,940,DSSL,EQ,28392,21275,74.93
20,941,DTIL,EQ,17196,10211,59.38
20,942,DUCOL,SM,26400,26400,100.00
20,943,DUCON,EQ,2413103,1740386,72.12
20,944,DUGLOBAL,SM,10000,10000,100.00
20,945,DURLAX,SM,82000,62000,75.61
20,946,DVL,EQ,14839,8340,56.20
20,947,DWARKESH,EQ,8163536,1685280,20.64
20,948,DYCL,EQ,1249206,405169,32.43
20,949,DYNAMATECH,EQ,29910,14378,48.07
20,950,DYNAMIC,ST,6000,6000,100.00
20,951,DYNPRO,EQ,10873,6555,60.29
20,952,E2ERAIL,SM,133600,56000,41.92
20,953,EASEMYTRIP,EQ,6696471,3267912,48.80
20,954,EASTWEST,EQ,55441,50903,91.81
20,955,EBANK10,EQ,1751,1726,98.57
20,956,EBANKNIFTY,EQ,1241,880,70.91
20,957,EBBETF0430,EQ,4787,3397,70.96
20,958,EBBETF0431,EQ,4747,4217,88.84
20,959,EBBETF0433,EQ,1804,1481,82.10
20,960,EBGNG,EQ,424867,209854,49.39
20,961,EBIX,EQ,151139,125938,83.33
20,962,ECAPINSURE,EQ,33181,21207,63.91
20,963,ECLERX,EQ,1175626,209757,17.84
20,964,ECORECO,EQ,13571,7916,58.33
20,965,ECOSMOBLTY,EQ,136206,76295,56.01
20,966,EDELWEISS,EQ,5879760,2860211,48.65
20,967,EEPL,ST,21000,20000,95.24
20,968,EFACTOR,SM,4800,3600,75.00
20,969,EFCIL,EQ,1262384,1148974,91.02
20,970,EFFWA,ST,16400,15600,95.12
20,971,EFORCE,SM,32400,25200,77.78
20,972,EGOLD,EQ,415803,391740,94.21
20,973,EICHERMOT,EQ,742794,535442,72.08
20,974,EIDPARRY,EQ,976526,446359,45.71
20,975,EIEL,EQ,1014824,488110,48.10
20,976,EIHAHOTELS,EQ,9440,7462,79.05
20,977,EIHOTEL,EQ,670027,438550,65.45
20,978,EIMCOELECO,EQ,24982,9628,38.54
20,979,EKC,EQ,103207,53957,52.28
20,980,EKI,EQ,13208,8661,65.57
20,981,ELANTAS,EQ,1234,428,34.68
20,982,ELCIDIN,EQ,5,3,60.00
20,983,ELDEHSG,EQ,3261,2115,64.86
20,984,ELECON,EQ,369638,223641,60.50
20,985,ELECTCAST,EQ,5674123,2147719,37.85
20,986,ELECTHERM,EQ,12209,9281,76.02
20,987,ELGIEQUIP,EQ,394792,218274,55.29
20,988,ELGIRUBCO,EQ,43838,15738,35.90
20,989,ELGNZ,SM,4000,4000,100.00
20,990,ELIN,EQ,148734,91276,61.37
20,991,ELIQUID,EQ,1824,1326,72.70
20,992,ELITECON,EQ,689853,689853,100.00
20,993,ELLEN,EQ,381459,172290,45.17
20,994,ELM250,EQ,155171,123109,79.34
20,995,ELMDIV,EQ,11995,11150,92.96
20,996,ELPROINTL,EQ,21712,18715,86.20
20,997,EMAMILTD,EQ,2282719,1443302,63.23
20,998,EMAMIREAL,EQ,10252,8148,79.48
20,999,EMAPARTNER,SM,16000,16000,100.00
20,1000,EMBASSY,RR,1208586,996508,82.45
20,1001,EMBDL,EQ,13080954,8043132,61.49
20,1002,EMCURE,EQ,99105,43356,43.75
20,1003,EMETAL,EQ,9937,9405,94.65
20,1004,EMIL,EQ,1214913,498195,41.01
20,1005,EMKAY,EQ,86725,53396,61.57
20,1006,EMKAYTOOLS,SM,1050,600,57.14
20,1007,EMMIL,SM,3500,3250,92.86
20,1008,EMMVEE,EQ,2346246,1309361,55.81
20,1009,EMPIND,EQ,5938,4106,69.15
20,1010,EMPOWER,EQ,10262389,7656665,74.61
20,1011,EMSLIMITED,EQ,160749,54379,33.83
20,1012,EMUDHRA,EQ,62226,30333,48.75
20,1013,EMULTIMQ,EQ,16057,12283,76.50
20,1014,ENCOMPAS,SM,1200,1200,100.00
20,1015,ENDURANCE,EQ,113419,74819,65.97
20,1016,ENERGY,EQ,403824,312756,77.45
20,1017,ENERGYDEV,EQ,19918,17068,85.69
20,1018,ENEXT50,EQ,2373,2125,89.55
20,1019,ENGINERSIN,EQ,6249458,2627450,42.04
20,1020,ENIFTY,EQ,21084,752,3.57
20,1021,ENIL,EQ,22978,16181,70.42
20,1022,ENKEIWHEL,EQ,1579,1482,93.86
20,1023,ENRIN,EQ,688153,323475,47.01
20,1024,ENSER,SM,85000,65000,76.47
20,1025,ENTERO,EQ,638557,426613,66.81
20,1026,ENVIRO,SM,12000,7000,58.33
20,1027,EPACK,EQ,621893,278131,44.72
20,1028,EPACKPEB,EQ,291830,128634,44.08
20,1029,EPIGRAL,EQ,42877,20011,46.67
20,1030,EPL,EQ,6325246,3679105,58.17
20,1031,EPWINDIA,ST,9600,9600,100.00
20,1032,EQUAL200,EQ,12430,12430,100.00
20,1033,EQUAL50,EQ,3702,1666,45.00
20,1034,EQUAL50ADD,EQ,8577,4712,54.94
20,1035,EQUITASBNK,EQ,1171420,636390,54.33
20,1036,ERIS,EQ,73560,43858,59.62
20,1037,ESABINDIA,EQ,4019,2062,51.31
20,1038,ESCONET,SM,20800,17600,84.62
20,1039,ESCORTS,EQ,102145,65047,63.68
20,1040,ESENSEX,EQ,168,156,92.86
20,1041,ESFL,SM,11880,9360,78.79
20,1042,ESG,EQ,3882,2424,62.44
20,1043,ESILVER,EQ,127997,99540,77.77
20,1044,ESPRIT,SM,8000,4800,60.00
20,1045,ESSARSHPNG,EQ,168541,92062,54.62
20,1046,ESSENTIA,EQ,10180112,6419136,63.06
20,1047,ESTER,EQ,81352,47833,58.80
20,1048,ETERNAL,EQ,272151922,236125194,86.76
20,1049,ETHOSLTD,EQ,36025,18761,52.08
20,1050,ETL,SM,1050,900,85.71
20,1051,ETML,SM,12000,9600,80.00
20,1052,EUREKAFORB,EQ,117954,59439,50.39
20,1053,EUROBOND,EQ,1967,1523,77.43
20,1054,EUROPRATIK,EQ,216234,63143,29.20
20,1055,EVEREADY,EQ,73068,39264,53.74
20,1056,EVIETF,EQ,146634,88598,60.42
20,1057,EVINDIA,EQ,231319,142949,61.80
20,1058,EXCELINDUS,EQ,11674,6100,52.25
20,1059,EXCELLENT,ST,1600,1600,100.00
20,1060,EXCELSOFT,EQ,229162,127660,55.71
20,1061,EXICOM,EQ,1245937,493052,39.57
20,1062,EXIDEIND,EQ,2568311,1350343,52.58
20,1063,EXIMROUTES,SM,9600,8000,83.33
20,1064,EXPLEOSOL,EQ,12274,8843,72.05
20,1065,EXXARO,EQ,2307853,1366870,59.23
20,1066,FABTECH,EQ,76646,32497,42.40
20,1067,FACT,EQ,159589,48415,30.34
20,1068,FALCONTECH,SM,8400,4800,57.14
20,1069,FASCINATE,ST,10400,10400,100.00
20,1070,FAZE3Q,EQ,15371,7911,51.47
20,1071,FCL,EQ,17237022,6450280,37.42
20,1072,FCSSOFT,EQ,2528833,1956535,77.37
20,1073,FDC,EQ,214510,104208,48.58
20,1074,FEDDERSHOL,EQ,814235,271356,33.33
20,1075,FEDERALBNK,EQ,6824404,5411299,79.29
20,1076,FEDFINA,EQ,702951,373537,53.14
20,1077,FELIX,SM,41000,22000,53.66
20,1078,FERMENTA,EQ,85965,39327,45.75
20,1079,FIBERWEB,EQ,14920,13522,90.63
20,1080,FIDEL,SM,1000,1000,100.00
20,1081,FIEMIND,EQ,80331,40824,50.82
20,1082,FILATEX,EQ,2948990,1831823,62.12
20,1083,FILATFASH,EQ,28226880,20593655,72.96
20,1084,FINBUD,SM,10000,8000,80.00
20,1085,FINCABLES,EQ,1132169,490647,43.34
20,1086,FINEORG,EQ,47274,20024,42.36
20,1087,FINIETF,EQ,294308,155265,52.76
20,1088,FINKURVE,EQ,221026,106243,48.07
20,1089,FINOPB,EQ,138073,59435,43.05
20,1090,FINPIPE,EQ,772113,358250,46.40
20,1091,FIRSTCRY,EQ,4708838,2049633,43.53
20,1092,FISCHER,EQ,350561,181656,51.82
20,1093,FIVESTAR,EQ,660117,390332,59.13
20,1094,FLAIR,EQ,29800,12107,40.63
20,1095,FLEXIADD,EQ,74132,54204,73.12
20,1096,FLUOROCHEM,EQ,202388,109853,54.28
20,1097,FLYSBS,SM,75200,52800,70.21
20,1098,FMCGADD,EQ,34359,26135,76.06
20,1099,FMCGIETF,EQ,1598727,904223,56.56
20,1100,FMGOETZE,EQ,8525284,1703510,19.98
20,1101,FMNL,EQ,26581,22512,84.69
20,1102,FOCE,SM,10080,10080,100.00
20,1103,FONEBOX,SM,3000,3000,100.00
20,1104,FOODSIN,EQ,154105,121289,78.71
20,1105,FORCAS,ST,72000,62400,86.67
20,1106,FORCEMOT,EQ,87388,35602,40.74
20,1107,FORGEAUTO,SM,12000,10800,90.00
20,1108,FORTIS,EQ,2197250,1498928,68.22
20,1109,FOSECOIND,EQ,35796,15799,44.14
20,1110,FRACTAL,EQ,752343,432249,57.45
20,1111,FREDUN,EQ,20616,11069,53.69
20,1112,FRESHARA,ST,22200,20400,91.89
20,1113,FROG,ST,72800,70000,96.15
20,1114,FRONTSP,EQ,10684,6736,63.05
20,1115,FSL,EQ,734778,355819,48.43
20,1116,FUSION,EQ,371492,182343,49.08
20,1117,FWSTC,SM,5400,5400,100.00
20,1118,GABRIEL,EQ,896312,396917,44.28
20,1119,GAEL,EQ,2235760,708757,31.70
20,1120,GAIL,EQ,13012294,10479153,80.53
20,1121,GAJA,EQ,3306446,1431755,43.30
20,1122,GALAPREC,EQ,30534,11973,39.21
20,1123,GALAXYSURF,EQ,34392,17847,51.89
20,1124,GALLANTT,EQ,49530,25822,52.13
20,1125,GANDHAR,EQ,664788,308020,46.33
20,1126,GANDHITUBE,EQ,10227,6522,63.77
20,1127,GANECOS,EQ,69988,30761,43.95
20,1128,GANESHCP,EQ,126452,56657,44.81
20,1129,GANESHHOU,EQ,87674,57975,66.13
20,1130,GANESHIN,ST,44000,43200,98.18
20,1131,GANGABATH,SM,24000,3000,12.50
20,1132,GANGAFORGE,EQ,13742610,7434546,54.10
20,1133,GANGESSECU,EQ,989,805,81.40
20,1134,GARFIBRES,EQ,53462,25987,48.61
20,1135,GARUDA,EQ,331237,178296,53.83
20,1136,GATEWAY,EQ,1735133,928995,53.54
20,1137,GAYAHWS,EQ,1363160,764479,56.08
20,1138,GAYAPROJ,EQ,442946,272830,61.59
20,1139,GCHOTELS,ST,96000,70200,73.13
20,1140,GCSL,EQ,995664,346366,34.79
20,1141,GEEKAYWIRE,EQ,1394182,533553,38.27
20,1142,GEMAROMA,EQ,39622,21347,53.88
20,1143,GENCON,EQ,869699,290691,33.42
20,1144,GENESYS,EQ,840932,312534,37.17
20,1145,GENUSPAPER,EQ,36934,28049,75.94
20,1146,GENUSPOWER,EQ,3925702,2003196,51.03
20,1147,GENXAI,SM,10800,8400,77.78
20,1148,GEOJITFSL,EQ,465538,233072,50.07
20,1149,GESHIP,EQ,1373286,875908,63.78
20,1150,GFLLIMITED,EQ,43732,26055,59.58
20,1151,GGBL,SM,34800,24000,68.97
20,1152,GHCL,EQ,415533,304205,73.21
20,1153,GHCLTEXTIL,EQ,1321896,527009,39.87
20,1154,GICHSGFIN,EQ,47553,25886,54.44
20,1155,GICL,EQ,96893,50946,52.58
20,1156,GICRE,EQ,1071759,587385,54.81
20,1157,GILLANDERS,EQ,8485,6345,74.78
20,1158,GILLETTE,EQ,15184,9581,63.10
20,1159,GILT10BETA,EQ,5611,5030,89.65
20,1160,GILT5BETA,EQ,151,149,98.68
20,1161,GILT5YBEES,EQ,100683,80473,79.93
20,1162,GIPCL,EQ,639477,346339,54.16
20,1163,GIRIRAJ,SM,3500,2750,78.57
20,1164,GJL,ST,4000,4000,100.00
20,1165,GKB,EQ,773,541,69.99
20,1166,GKENERGY,EQ,465409,231210,49.68
20,1167,GKSL,EQ,1797181,698336,38.86
20,1168,GKWLIMITED,EQ,1073,1002,93.38
20,1169,GLAND,EQ,370779,282336,76.15
20,1170,GLAXO,EQ,205702,138816,67.48
20,1171,GLENMARK,EQ,911026,488059,53.57
20,1172,GLFL,EQ,5931,3923,66.14
20,1173,GLOBAL,EQ,106139,68274,64.33
20,1174,GLOBALE,EQ,239,175,73.22
20,1175,GLOBALPET,ST,2250,2250,100.00
20,1176,GLOBALVECT,EQ,12825,8724,68.02
20,1177,GLOBE,EQ,1193799,1073120,89.89
20,1178,GLOBECIVIL,EQ,120301,41252,34.29
20,1179,GLOBUSSPR,EQ,57967,31443,54.24
20,1180,GLOSTERLTD,EQ,732,577,78.83
20,1181,GLOTTIS,EQ,27416,22943,83.68
20,1182,GMBREW,EQ,34709,18583,53.54
20,1183,GMDCLTD,EQ,549539,235904,42.93
20,1184,GMMPFAUDLR,EQ,272965,138547,50.76
20,1185,GMRAIRPORT,EQ,59724643,50861088,85.16
20,1186,GMRP&UI,EQ,9225026,5055518,54.80
20,1187,GNA,EQ,305513,132496,43.37
20,1188,GNFC,EQ,616752,370180,60.02
20,1189,GNRL,EQ,89338,43953,49.20
20,1190,GOACARBON,EQ,14913,9128,61.21
20,1191,GOCLCORP,EQ,31601,17443,55.20
20,1192,GOCOLORS,EQ,83043,43565,52.46
20,1193,GODAVARIB,EQ,107966,67852,62.85
20,1194,GODFRYPHLP,EQ,182819,65444,35.80
20,1195,GODIGIT,EQ,315646,133355,42.25
20,1196,GODREJAGRO,EQ,353606,155717,44.04
20,1197,GODREJCP,EQ,1151139,754284,65.53
20,1198,GODREJIND,EQ,71624,35493,49.55
20,1199,GODREJPROP,EQ,707158,339393,47.99
20,1200,GOKEX,EQ,265633,86316,32.49
20,1201,GOKUL,EQ,162789,37809,23.23
20,1202,GOKULAGRO,EQ,382544,168618,44.08
20,1203,GOLD1,EQ,3006998,1449598,48.21
20,1204,GOLD360,EQ,25721,15390,59.83
20,1205,GOLDADD,EQ,16889621,12410359,73.48
20,1206,GOLDAXIS,EQ,9347735,4805464,51.41
20,1207,GOLDBEES,EQ,48850744,21292950,43.59
20,1208,GOLDBETA,EQ,914843,568847,62.18
20,1209,GOLDBND,EQ,10111,3884,38.41
20,1210,GOLDCASE,EQ,14675221,8790954,59.90
20,1211,GOLDETF,EQ,1500121,773527,51.56
20,1212,GOLDIAM,EQ,631597,259675,41.11
20,1213,GOLDIETF,EQ,9466193,5427487,57.34
20,1214,GOLDKART,SM,1250,1250,100.00
20,1215,GOLDSTAR,SM,11250,11250,100.00
20,1216,GOODLUCK,EQ,976542,404251,41.40
20,1217,GOODYEAR,EQ,7100,4881,68.75
20,1218,GOPAL,EQ,136538,47686,34.93
20,1219,GOYALALUM,EQ,52681,39641,75.25
20,1220,GOYALSALT,SM,21000,21000,100.00
20,1221,GPECO,ST,9800,9600,97.96
20,1222,GPIL,EQ,2891684,841738,29.11
20,1223,GPPL,EQ,3304295,1935155,58.56
20,1224,GPTHEALTH,EQ,68251,40649,59.56
20,1225,GPTINFRA,EQ,71885,46257,64.35
20,1226,GRADIENTE,EQ,1371007,771911,56.30
20,1227,GRANDOAK,EQ,2875,1506,52.38
20,1228,GRANULES,EQ,786881,459281,58.37
20,1229,GRAPHISAD,SM,13200,12000,90.91
20,1230,GRAPHITE,EQ,852777,341247,40.02
20,1231,GRASIM,EQ,1019104,657952,64.56
20,1232,GRAUWEIL,EQ,363479,224521,61.77
20,1233,GRAVISSHO,EQ,187,187,100.00
20,1234,GRAVITA,EQ,228359,110940,48.58
20,1235,GRCL,SM,500,500,100.00
20,1236,GREAVESCOT,EQ,1414011,531484,37.59
20,1237,GREENCHEF,SM,10400,5600,53.85
20,1238,GREENLAM,EQ,39636,26291,66.33
20,1239,GREENLEAF,ST,6000,5000,83.33
20,1240,GREENPANEL,EQ,134878,85114,63.10
20,1241,GREENPLY,EQ,188111,101298,53.85
20,1242,GREENPOWER,EQ,3004623,1250154,41.61
20,1243,GRETEX,SM,750,750,100.00
20,1244,GRINDWELL,EQ,19350,10957,56.63
20,1245,GRINFRA,EQ,21324,6542,30.68
20,1246,GRMOVER,EQ,1150228,337010,29.30
20,1247,GROBTEA,EQ,1355,1207,89.08
20,1248,GROWW,EQ,235495223,156391350,66.41
20,1249,GROWWCAPM,EQ,440075,271423,61.68
20,1250,GROWWCHEM,EQ,64398,35589,55.26
20,1251,GROWWDEFNC,EQ,224067,138325,61.73
20,1252,GROWWEV,EQ,218423,142177,65.09
20,1253,GROWWGOLD,EQ,3768984,1569208,41.63
20,1254,GROWWHOSPI,EQ,706664,618022,87.46
20,1255,GROWWLIQID,EQ,190001,103729,54.59
20,1256,GROWWLOVOL,EQ,6962,4150,59.61
20,1257,GROWWMC150,EQ,579,566,97.75
20,1258,GROWWMETAL,EQ,606601,312752,51.56
20,1259,GROWWMOM50,EQ,500570,356408,71.20
20,1260,GROWWN200,EQ,45158,29814,66.02
20,1261,GROWWNET,EQ,786689,604523,76.84
20,1262,GROWWNIFTY,EQ,766113,524963,68.52
20,1263,GROWWNXT50,EQ,5776,3455,59.82
20,1264,GROWWPOWER,EQ,5386633,4469829,82.98
20,1265,GROWWPSE,EQ,2646,2240,84.66
20,1266,GROWWPSUBK,EQ,1481,794,53.61
20,1267,GROWWRAIL,EQ,1643909,1460611,88.85
20,1268,GROWWRLTY,EQ,443205,303352,68.45
20,1269,GROWWSC250,EQ,217074,125353,57.75
20,1270,GROWWSLVR,EQ,2404223,557203,23.18
20,1271,GRPLTD,EQ,410,349,85.12
20,1272,GRSE,EQ,393623,173921,44.18
20,1273,GRWRHITECH,EQ,46301,26854,58.00
20,1274,GSEC10ABSL,EQ,205,205,100.00
20,1275,GSEC10ADD,EQ,1245,929,74.62
20,1276,GSEC10IETF,EQ,899,495,55.06
20,1277,GSEC10YEAR,EQ,1546,1546,100.00
20,1278,GSEC5IETF,EQ,19626,10207,52.01
20,1279,GSFC,EQ,778578,360602,46.32
20,1280,GSLSU,EQ,282182,191414,67.83
20,1281,GSMFOILS,SM,59000,59000,100.00
20,1282,GSPCROP,EQ,153052,87265,57.02
20,1283,GSS,EQ,37707,31871,84.52
20,1284,GSTL,SM,8000,7000,87.50
20,1285,GTL,EQ,314684,200118,63.59
20,1286,GTLINFRA,EQ,47942226,24992802,52.13
20,1287,GTPL,EQ,197142,102149,51.81
20,1288,GUFICBIO,EQ,166583,65499,39.32
20,1289,GUJALKALI,EQ,80924,32469,40.12
20,1290,GUJAPOLLO,EQ,6818,4932,72.34
20,1291,GUJENERGY,EQ,2189326,1460605,66.71
20,1292,GUJRAFFIA,EQ,3355,1273,37.94
20,1293,GUJTHEM,EQ,665567,244141,36.68
20,1294,GULFOILLUB,EQ,100957,61893,61.31
20,1295,GULPOLY,EQ,149630,74096,49.52
20,1296,GURUNANAK,SM,12800,9600,75.00
20,1297,GVPIL,EQ,265179,159258,60.06
20,1298,GVPTECH,EQ,623315,351540,56.40
20,1299,GVT&D,EQ,850283,520634,61.23
20,1300,GYFTR,EQ,659877,642517,97.37
20,1301,HAL,EQ,681564,415778,61.00
20,1302,HALDER,EQ,24971,4423,17.71
20,1303,HALEOSLABS,EQ,700,564,80.57
20,1304,HAMPTON,EQ,25750,23170,89.98
20,1305,HAPPSTMNDS,EQ,1878980,654969,34.86
20,1306,HAPPY,SM,76000,58000,76.32
20,1307,HAPPYFORGE,EQ,241750,147736,61.11
20,1308,HARDWYN,EQ,3840229,2302849,59.97
20,1309,HARIOMPIPE,EQ,101385,56405,55.63
20,1310,HARRMALAYA,EQ,7805,3974,50.92
20,1311,HARSHA,EQ,460199,231445,50.29
20,1312,HATHWAY,EQ,2227419,962867,43.23
20,1313,HATSUN,EQ,90965,50327,55.33
20,1314,HAVELLS,EQ,986855,671717,68.07
20,1315,HAVISHA,EQ,52919,41244,77.94
20,1316,HAWKINCOOK,EQ,826,582,70.46
20,1317,HAZOOR,EQ,319595,264566,82.78
20,1318,HBESD,EQ,1823,1168,64.07
20,1319,HBLENGINE,EQ,782084,411227,52.58
20,1320,HBPOR,EQ,1196,673,56.27
20,1321,HBSL,EQ,3564,3463,97.17
20,1322,HCC,EQ,41845918,16016784,38.28
20,1323,HCG,EQ,264044,132315,50.11
20,1324,HCL-INSYS,EQ,424928,271926,63.99
20,1325,HCLTECH,EQ,3125051,2116968,67.74
20,1326,HDBFS,EQ,213407,117514,55.07
20,1327,HDFCAMC,EQ,835216,591026,70.76
20,1328,HDFCBANK,EQ,78157067,41701133,53.36
20,1329,HDFCBSE500,EQ,6680643,6574340,98.41
20,1330,HDFCGOLD,EQ,4601204,2214325,48.12
20,1331,HDFCGROWTH,EQ,16139,7335,45.45
20,1332,HDFCLIFE,EQ,3683600,3077476,83.55
20,1333,HDFCLIQUID,EQ,29229,26450,90.49
20,1334,HDFCLOWVOL,EQ,12455,6482,52.04
20,1335,HDFCMID150,EQ,293227,187112,63.81
20,1336,HDFCMOMENT,EQ,196089,109525,55.85
20,1337,HDFCNEXT50,EQ,158041,104323,66.01
20,1338,HDFCNIF100,EQ,54567,46259,84.77
20,1339,HDFCNIFBAN,EQ,33490,24362,72.74
20,1340,HDFCNIFIT,EQ,201040,93383,46.45
20,1341,HDFCNIFTY,EQ,290274,182625,62.91
20,1342,HDFCNIMEG,EQ,23975,22017,91.83
20,1343,HDFCPSUBK,EQ,17618,7939,45.06
20,1344,HDFCPVTBAN,EQ,182077,114370,62.81
20,1345,HDFCQUAL,EQ,16283,8664,53.21
20,1346,HDFCSENSEX,EQ,55664,41153,73.93
20,1347,HDFCSILVER,EQ,4903606,2076853,42.35
20,1348,HDFCSML250,EQ,1468062,876416,59.70
20,1349,HDFCVALUE,EQ,3551,1205,33.93
20,1350,HEADSUP,EQ,3091,2587,83.69
20,1351,HEALTHADD,EQ,21183,16560,78.18
20,1352,HEALTHAXIS,EQ,4479,2083,46.51
20,1353,HEALTHCARE,EQ,43575,39418,90.46
20,1354,HEALTHIETF,EQ,110950,57344,51.68
20,1355,HEALTHX,EQ,2173,1770,81.45
20,1356,HEALTHY,EQ,232876,181530,77.95
20,1357,HECPROJECT,EQ,9218,4560,49.47
20,1358,HEG,EQ,889024,372524,41.90
20,1359,HEIDELBERG,EQ,257731,195691,75.93
20,1360,HEMIPROP,EQ,184752,97362,52.70
20,1361,HERANBA,EQ,32428,19586,60.40
20,1362,HERITGFOOD,EQ,295270,163571,55.40
20,1363,HEROMOTOCO,EQ,485204,329662,67.94
20,1364,HESTERBIO,EQ,1905,1186,62.26
20,1365,HEXATRADEX,EQ,428,383,89.49
20,1366,HEXT,EQ,200168,93236,46.58
20,1367,HFCL,EQ,16617911,6440272,38.76
20,1368,HGINFRA,EQ,60402,34431,57.00
20,1369,HGM,EQ,3659,3207,87.65
20,1370,HGS,EQ,18554,11826,63.74
20,1371,HIGREEN,SM,4800,3200,66.67
20,1372,HIKAL,EQ,320355,143792,44.89
20,1373,HILINFRA,EQ,60409,32452,53.72
20,1374,HILTON,EQ,64609,43028,66.60
20,1375,HIMATSEIDE,EQ,692262,422832,61.08
20,1376,HINDADH,EQ,1233,848,68.78
20,1377,HINDALCO,EQ,5759006,3437363,59.69
20,1378,HINDALUMI,EQ,14308,12412,86.75
20,1379,HINDCOMPOS,EQ,1966,1306,66.43
20,1380,HINDCON,EQ,70524,30270,42.92
20,1381,HINDCOPPER,EQ,8811548,3675037,41.71
20,1382,HINDOILEXP,EQ,202887,90873,44.79
20,1383,HINDPETRO,EQ,7728957,4915650,63.60
20,1384,HINDUNILVR,EQ,1800025,1377085,76.50
20,1385,HINDWAREAP,EQ,106120,65108,61.35
20,1386,HINDZINC,EQ,8585078,3191870,37.18
20,1387,HIRECT,EQ,32439,17367,53.54
20,1388,HISARMETAL,EQ,4308,3578,83.05
20,1389,HITECH,EQ,781287,489398,62.64
20,1390,HLEGLAS,EQ,70780,39312,55.54
20,1391,HLVLTD,EQ,126898,77227,60.86
20,1392,HMAAGRO,EQ,4079732,2166835,53.11
20,1393,HNDFDS,EQ,148418,75727,51.02
20,1394,HNGSNGBEES,EQ,85512,58709,68.66
20,1395,HOACFOODS,ST,3750,3750,100.00
20,1396,HOLMARC,SM,6750,6750,100.00
20,1397,HOMEFIRST,EQ,220000,158704,72.14
20,1398,HOMESFY,SM,600,600,100.00
20,1399,HONASA,EQ,1503528,627664,41.75
20,1400,HONAUT,EQ,12171,6464,53.11
20,1401,HONDAPOWER,EQ,2579,1497,58.05
20,1402,HORIZONIND,EQ,7670563,4119933,53.71
20,1403,HPAL,EQ,47825,26236,54.86
20,1404,HPIL,EQ,824,689,83.62
20,1405,HPL,EQ,73480,41587,56.60
20,1406,HPTL,SM,1800,1800,100.00
20,1407,HRHNEXT,SM,9000,9000,100.00
20,1408,HRYNSHP,EQ,830,460,55.42
20,1409,HSBCGOLD,EQ,116741,116152,99.50
20,1410,HSCL,EQ,4860217,2136153,43.95
20,1411,HTMEDIA,EQ,70171,39088,55.70
20,1412,HUBTOWN,EQ,180263,113950,63.21
20,1413,HUDCO,EQ,4500235,2087375,46.38
20,1414,HUHTAMAKI,EQ,136898,65688,47.98
20,1415,HVAX,SM,600,450,75.00
20,1416,HYBRIDETF,EQ,23784,20856,87.69
20,1417,HYUNDAI,EQ,619880,342605,55.27
20,1418,IBLFL,SM,2000,2000,100.00
20,1419,IBULLSLTD,EQ,5301576,2904805,54.79
20,1420,ICDSLTD,EQ,548,548,100.00
20,1421,ICELCO,SM,80400,57600,71.64
20,1422,ICEMAKE,EQ,23389,13918,59.51
20,1423,ICICIAMC,EQ,688005,429991,62.50
20,1424,ICICIB22,EQ,244027,150305,61.59
20,1425,ICICIBANK,EQ,15331697,11993976,78.23
20,1426,ICICIGI,EQ,1409815,1047084,74.27
20,1427,ICICIPRULI,EQ,3462285,2700326,77.99
20,1428,ICIL,EQ,2744850,1068686,38.93
20,1429,ICRA,EQ,124239,76987,61.97
20,1430,IDBI,EQ,6742579,2486419,36.88
20,1431,IDEA,EQ,419238465,147605849,35.21
20,1432,IDEAFORGE,EQ,225516,107096,47.49
20,1433,IDENTICAL,SM,6000,6000,100.00
20,1434,IDFCFIRSTB,EQ,19780056,13379674,67.64
20,1435,IDFNIFTYET,EQ,2515,1174,46.68
20,1436,IEML,SM,11500,10000,86.96
20,1437,IEX,EQ,3053129,1610305,52.74
20,1438,IFBAGRO,EQ,5786,4456,77.01
20,1439,IFBIND,EQ,23664,10455,44.18
20,1440,IFCI,EQ,50607497,12306056,24.32
20,1441,IFGLEXPOR,EQ,13790,7516,54.50
20,1442,IGARASHI,EQ,29408,15203,51.70
20,1443,IGCL,EQ,77009,30971,40.22
20,1444,IGIL,EQ,386651,206291,53.35
20,1445,IGL,EQ,5205064,1233209,23.69
20,1446,IGPL,EQ,131004,53451,40.80
20,1447,IIFL,EQ,1485055,802212,54.02
20,1448,IIFLCAPS,EQ,428778,312210,72.81
20,1449,IIFLZC26,NN,396,396,100.00
20,1450,IITL,EQ,103135,10731,10.40
20,1451,IKIO,EQ,1279645,229712,17.95
20,1452,IKS,EQ,285121,167790,58.85
20,1453,IMAGICAA,EQ,1274443,498009,39.08
20,1454,IMC1,N2,1400,1400,100.00
20,1455,IMFA,EQ,138576,85854,61.95
20,1456,IMPAL,EQ,1377,793,57.59
20,1457,INA,EQ,293357,148193,50.52
20,1458,INCREDIBLE,EQ,11733,7009,59.74
20,1459,INDBANK,EQ,11287,8328,73.78
20,1460,INDGN,EQ,3972278,1720403,43.31
20,1461,INDHOTEL,EQ,5220998,3487753,66.80
20,1462,INDIACEM,EQ,424393,119416,28.14
20,1463,INDIAGLYCO,EQ,513156,315615,61.50
20,1464,INDIAMART,EQ,79285,47693,60.15
20,1465,INDIANB,EQ,1651759,1055795,63.92
20,1466,INDIANCARD,EQ,1010,826,81.78
20,1467,INDIANHUME,EQ,14633,8503,58.11
20,1468,INDIASHLTR,EQ,94560,63911,67.59
20,1469,INDIFRA,SM,4000,4000,100.00
20,1470,INDIGO,EQ,559798,350654,62.64
20,1471,INDIGOPNTS,EQ,43048,23793,55.27
20,1472,INDIGRID,IV,715253,550999,77.04
20,1473,INDIQUBE,EQ,34262,22160,64.68
20,1474,INDNIPPON,EQ,14139,7769,54.95
20,1475,INDOBORAX,EQ,263866,115141,43.64
20,1476,INDOCO,EQ,146872,74356,50.63
20,1477,INDOFARM,EQ,84186,51852,61.59
20,1478,INDOKEM,EQ,1374,1196,87.05
20,1479,INDOMIM,EQ,1025680,360765,35.17
20,1480,INDORAMA,EQ,1880656,440253,23.41
20,1481,INDOSTAR,EQ,874311,597389,68.33
20,1482,INDOTECH,EQ,11815,7227,61.17
20,1483,INDOTHAI,EQ,132627,131791,99.37
20,1484,INDOUS,EQ,2907,2604,89.58
20,1485,INDOWIND,EQ,86864,70418,81.07
20,1486,INDPRUD,EQ,54,47,87.04
20,1487,INDRAMEDCO,EQ,166493,104127,62.54
20,1488,INDSWFTLAB,EQ,667877,226365,33.89
20,1489,INDTERRAIN,EQ,21689,20104,92.69
20,1490,INDUSINDBK,EQ,1476566,827748,56.06
20,1491,INDUSINVIT,IV,158770,142377,89.68
20,1492,INDUSTOWER,EQ,5410734,3130873,57.86
20,1493,INFINIUM,SM,5000,5000,100.00
20,1494,INFLUX,SM,52200,39600,75.86
20,1495,INFOBEAN,EQ,1937855,436175,22.51
20,1496,INFOLLION,SM,1200,1200,100.00
20,1497,INFOMEDIA,EQ,2914,2237,76.77
20,1498,INFRA,EQ,70547,51763,73.37
20,1499,INFRABEES,EQ,7194,4011,55.75
20,1500,INFRAIETF,EQ,13176892,13080128,99.27
20,1501,INFY,EQ,8808120,5822176,66.10
20,1502,INGERRAND,EQ,54154,29488,54.45
20,1503,INNOMET,ST,18000,18000,100.00
20,1504,INNOVACAP,EQ,105170,52236,49.67
20,1505,INNOVANA,EQ,2326,1492,64.14
20,1506,INNOVISION,EQ,344387,113506,32.96
20,1507,INOXGREEN,EQ,819416,452492,55.22
20,1508,INOXINDIA,EQ,325080,118387,36.42
20,1509,INOXWIND,EQ,12489778,5137906,41.14
20,1510,INSECTICID,EQ,53856,25787,47.88
20,1511,INSPIRISYS,EQ,8761,6811,77.74
20,1512,INSUREIETF,EQ,708490,649488,91.67
20,1513,INTEGRITY,ST,3600,3600,100.00
20,1514,INTELLECT,EQ,352523,185727,52.69
20,1515,INTENTECH,EQ,16191,9407,58.10
20,1516,INTERARCH,EQ,60639,32933,54.31
20,1517,INTERNET,EQ,236363,134111,56.74
20,1518,INTLCONV,EQ,109955,93644,85.17
20,1519,INVENTURE,EQ,525311,297213,56.58
20,1520,INVICTA,SM,11200,8000,71.43
20,1521,IOB,EQ,2323365,1340807,57.71
20,1522,IOC,EQ,14038943,8912300,63.48
20,1523,IOLCP,EQ,2853525,1004592,35.21
20,1524,IONEXCHANG,EQ,120992,60697,50.17
20,1525,IPCALAB,EQ,357067,236474,66.23
20,1526,IPHL,SM,18000,10800,60.00
20,1527,IPL,EQ,76444,43381,56.75
20,1528,IPRINGLTD,EQ,16074,15505,96.46
20,1529,IRB,EQ,39531560,15159891,38.35
20,1530,IRBINVIT,IV,1160671,1061657,91.47
20,1531,IRCON,EQ,1491825,846537,56.75
20,1532,IRCTC,EQ,596415,366523,61.45
20,1533,IREDA,EQ,3402439,1222651,35.93
20,1534,IRFC,EQ,8457431,3921806,46.37
20,1535,IRIS,EQ,44482,29480,66.27
20,1536,IRISDOREME,EQ,378733,146964,38.80
20,1537,IRMENERGY,EQ,114488,44386,38.77
20,1538,ISFT,EQ,124345,16388,13.18
20,1539,ISGEC,EQ,69348,32408,46.73
20,1540,ISHAN,SM,1056000,384000,36.36
20,1541,ISHANCH,EQ,60302,41950,69.57
20,1542,ISTLTD,EQ,1071,790,73.76
20,1543,IT,EQ,174288,114578,65.74
20,1544,ITADD,EQ,21039,14644,69.60
20,1545,ITALIANE,SM,14000,10000,71.43
20,1546,ITAXIS,EQ,1689,560,33.16
20,1547,ITBEES,EQ,8469973,4694890,55.43
20,1548,ITBETA,EQ,405,185,45.68
20,1549,ITC,EQ,24575845,18829561,76.62
20,1550,ITCHOTELS,EQ,2138675,1297153,60.65
20,1551,ITDC,EQ,92714,38181,41.18
20,1552,ITETF,EQ,174913,61551,35.19
20,1553,ITI,EQ,143544,54680,38.09
20,1554,ITIETF,EQ,884965,543395,61.40
20,1555,ITL,EQ,2353,1688,71.74
20,1556,IVALUE,EQ,240038,135879,56.61
20,1557,IVC,EQ,1801813,1537469,85.33
20,1558,IVZBANKNF,EQ,2056,2029,98.69
20,1559,IVZINGOLD,EQ,69973,60286,86.16
20,1560,IVZINNIFTY,EQ,777,675,86.87
20,1561,IVZSENSEX,EQ,7330,5152,70.29
20,1562,IWARE,ST,10800,9000,83.33
20,1563,IWP,EQ,1015,897,88.37
20,1564,IXIGO,EQ,979684,548750,56.01
20,1565,IZMO,EQ,46858,22939,48.95
20,1566,J&KBANK,EQ,2266184,1326698,58.54
20,1567,JAGRAN,EQ,280785,184247,65.62
20,1568,JAGSNPHARM,EQ,235599,107060,45.44
20,1569,JAIBALAJI,EQ,4088355,2899963,70.93
20,1570,JAICORPLTD,EQ,307790,148521,48.25
20,1571,JAINREC,EQ,1224859,536153,43.77
20,1572,JAIPURKURT,EQ,12639,12372,97.89
20,1573,JAMNAAUTO,EQ,1049835,564832,53.80
20,1574,JARO,EQ,124160,43661,35.17
20,1575,JASH,EQ,114015,66796,58.59
20,1576,JAYAGROGN,EQ,18470,13634,73.82
20,1577,JAYBARMARU,EQ,225464,125315,55.58
20,1578,JAYBEE,SM,36000,28000,77.78
20,1579,JAYESH,SM,12000,9000,75.00
20,1580,JAYKAY,EQ,266234,114952,43.18
20,1581,JAYNECOIND,EQ,2575057,1138019,44.19
20,1582,JAYSREETEA,EQ,132744,79143,59.62
20,1583,JBMA,EQ,323494,151887,46.95
20,1584,JENBURPH,EQ,676,542,80.18
20,1585,JETFREIGHT,EQ,156445,68618,43.86
20,1586,JEYYAM,ST,18000,12000,66.67
20,1587,JFLLIFE,SM,6000,6000,100.00
20,1588,JGCHEM,EQ,550496,189620,34.45
20,1589,JHS,EQ,81083,63261,78.02
20,1590,JINDALPHOT,EQ,856,674,78.74
20,1591,JINDALPOLY,EQ,8853,4264,48.16
20,1592,JINDALSAW,EQ,2370636,875901,36.95
20,1593,JINDALSTEL,EQ,781759,440850,56.39
20,1594,JINDRILL,EQ,139375,36099,25.90
20,1595,JINDWORLD,EQ,6010851,1265059,21.05
20,1596,JIOFIN,EQ,22007832,15333777,69.67
20,1597,JISLDVREQS,EQ,7696,6611,85.90
20,1598,JISLJALEQS,EQ,1284920,559156,43.52
20,1599,JITFINFRA,EQ,13704,7643,55.77
20,1600,JIWANRAM,SM,42000,30000,71.43
20,1601,JKCEMENT,EQ,44810,25584,57.09
20,1602,JKIL,EQ,84545,59192,70.01
20,1603,JKIPL,EQ,175236,161985,92.44
20,1604,JKLAKSHMI,EQ,175521,95868,54.62
20,1605,JKPAPER,EQ,270778,130708,48.27
20,1606,JKTYRE,EQ,459606,216779,47.17
20,1607,JLHL,EQ,592428,339121,57.24
20,1608,JMA,EQ,21086,15886,75.34
20,1609,JMFINANCIL,EQ,2912872,1220275,41.89
20,1610,JNKINDIA,EQ,85768,47709,55.63
20,1611,JNPR,EQ,1279179,536488,41.94
20,1612,JPOLYINVST,EQ,5196,2471,47.56
20,1613,JPPOWER,EQ,52936878,22638099,42.76
20,1614,JSFB,EQ,517584,237349,45.86
20,1615,JSL,EQ,994727,681057,68.47
20,1616,JSLL,EQ,595768,272628,45.76
20,1617,JSWCEMENT,EQ,1280096,731750,57.16
20,1618,JSWDULUX,EQ,23185,12874,55.53
20,1619,JSWENERGY,EQ,5957635,4340100,72.85
20,1620,JSWHL,EQ,10505,6476,61.65
20,1621,JSWINFRA,EQ,782174,435988,55.74
20,1622,JSWSTEEL,EQ,1981744,1423959,71.85
20,1623,JTEKTINDIA,EQ,140452,97732,69.58
20,1624,JTLIND,EQ,6446492,2241852,34.78
20,1625,JUBLCPL,EQ,34830,13242,38.02
20,1626,JUBLFOOD,EQ,1471448,604802,41.10
20,1627,JUBLINGREA,EQ,652427,413358,63.36
20,1628,JUBLPHARMA,EQ,231665,118917,51.33
20,1629,JUNIORBEES,EQ,371018,274985,74.12
20,1630,JUNIPER,EQ,276987,164818,59.50
20,1631,JUSTDIAL,EQ,1918706,458136,23.88
20,1632,JWL,EQ,481503,231210,48.02
20,1633,JYOTHYLAB,EQ,931930,452363,48.54
20,1634,JYOTICNC,EQ,1082315,447508,41.35
20,1635,JYOTIRES,EQ,9887,6836,69.14
20,1636,JYOTISTRUC,EQ,5122475,3252997,63.50
20,1637,K2INFRA,ST,15000,10800,72.00
20,1638,KABRAEXTRU,EQ,208624,105159,50.41
20,1639,KAJARIACER,EQ,541157,288210,53.26
20,1640,KAKATCEM,EQ,2670,1921,71.95
20,1641,KALAMANDIR,EQ,173816,89632,51.57
20,1642,KALANA,SM,8000,8000,100.00
20,1643,KALPATARU,EQ,23452,12475,53.19
20,1644,KALYANIFRG,EQ,60208,23143,38.44
20,1645,KALYANKJIL,EQ,4778980,1566908,32.79
20,1646,KAMAHOLD,EQ,2399,1629,67.90
20,1647,KAMANWALA,EQ,280,199,71.07
20,1648,KAMATHOTEL,EQ,115926,55257,47.67
20,1649,KAMOPAINTS,EQ,269308,196998,73.15
20,1650,KANANIIND,EQ,308743,255325,82.70
20,1651,KANCHI,EQ,3220,2918,90.62
20,1652,KANCOTEA,EQ,21,11,52.38
20,1653,KANPRPLA,EQ,13338,6766,50.73
20,1654,KANSAINER,EQ,145647,94173,64.66
20,1655,KAPSTON,EQ,214986,96715,44.99
20,1656,KARMAENG,EQ,2489,1624,65.25
20,1657,KARNIKA,SM,30000,26000,86.67
20,1658,KARURVYSYA,EQ,1814597,1011456,55.74
20,1659,KATARIA,SM,5400,4200,77.78
20,1660,KAVDEFENCE,EQ,92104,53500,58.09
20,1661,KAYNES,EQ,2144603,685244,31.95
20,1662,KAYTEX,SM,9600,7200,75.00
20,1663,KCEIL,SM,6500,5500,84.62
20,1664,KCK,ST,190000,180000,94.74
20,1665,KCP,EQ,135296,64932,47.99
20,1666,KDDL,EQ,14881,6934,46.60
20,1667,KDL,SM,90300,67050,74.25
20,1668,KEC,EQ,715932,416383,58.16
20,1669,KECL,EQ,206266,101849,49.38
20,1670,KEEPLEARN,EQ,9193,7110,77.34
20,1671,KEI,EQ,297706,136208,45.75
20,1672,KELLTONTEC,EQ,4180309,1915988,45.83
20,1673,KEN,SM,3600,3600,100.00
20,1674,KENNAMET,EQ,38870,16424,42.25
20,1675,KERNEX,EQ,169404,95436,56.34
20,1676,KEYFINSERV,EQ,878,560,63.78
20,1677,KFINTECH,EQ,1020676,429185,42.05
20,1678,KHAICHEM,EQ,204868,106929,52.19
20,1679,KHAITANLTD,EQ,4745,4410,92.94
20,1680,KHANDSE,EQ,1160,1114,96.03
20,1681,KICL,EQ,260,153,58.85
20,1682,KIMS,EQ,735694,498348,67.74
20,1683,KINGFA,EQ,9546,4878,51.10
20,1684,KIOCL,EQ,67427,27392,40.62
20,1685,KIRANVYPAR,EQ,14004,13378,95.53
20,1686,KIRIINDUS,EQ,3059050,776728,25.39
20,1687,KIRLFER,EQ,74624,43350,58.09
20,1688,KIRLOSBROS,EQ,27515,18341,66.66
20,1689,KIRLOSENG,EQ,414064,249502,60.26
20,1690,KIRLOSIND,EQ,4670,2615,56.00
20,1691,KIRLPNU,EQ,116349,62039,53.32
20,1692,KISSHT,EQ,722180,362186,50.15
20,1693,KITEX,EQ,286359,126393,44.14
20,1694,KJMCFIN,EQ,270,268,99.26
20,1695,KKCL,EQ,17590,9059,51.50
20,1696,KKJEWELS,SM,4000,4000,100.00
20,1697,KLBRENG-B,EQ,556586,432158,77.64
20,1698,KMCSHIL,EQ,125433,69896,55.72
20,1699,KMEW,EQ,197892,74971,37.88
20,1700,KMSUGAR,EQ,554748,207321,37.37
20,1701,KNACK,EQ,372016,194318,52.23
20,1702,KNAGRI,EQ,7484,4607,61.56
20,1703,KNRCON,EQ,3134063,1953524,62.33
20,1704,KODYTECH,ST,92700,91900,99.14
20,1705,KOHINOOR,EQ,118577,59033,49.78
20,1706,KOKUYOCMLN,EQ,48839,19376,39.67
20,1707,KOLTEPATIL,EQ,57327,22124,38.59
20,1708,KONSTELEC,ST,82000,64000,78.05
20,1709,KONTOR,SM,3000,2400,80.00
20,1710,KOPRAN,EQ,1881351,670658,35.65
20,1711,KORE,SM,10500,10250,97.62
20,1712,KOTAKBANK,EQ,18992797,13446861,70.80
20,1713,KOTHARIPET,EQ,56225,32215,57.30
20,1714,KOTHARIPRO,EQ,12030,9692,80.57
20,1715,KOTIC,EQ,15735,9938,63.16
20,1716,KOVAI,EQ,8540,5210,61.01
20,1717,KPEL,EQ,166524,85406,51.29
20,1718,KPIGREEN,EQ,749825,412367,55.00
20,1719,KPIL,EQ,219589,130574,59.46
20,1720,KPITTECH,EQ,2324629,1041227,44.79
20,1721,KPL,EQ,16351,5376,32.88
20,1722,KPRMILL,EQ,909149,318334,35.01
20,1723,KRBL,EQ,731450,410774,56.16
20,1724,KREBSBIO,EQ,2334,2024,86.72
20,1725,KRISHANA,EQ,584116,268541,45.97
20,1726,KRISHCA,SM,42500,39500,92.94
20,1727,KRISHIVAL,EQ,17652,15751,89.23
20,1728,KRISHNADEF,EQ,186259,92929,49.89
20,1729,KRITI,EQ,36883,27080,73.42
20,1730,KRITIKA,EQ,150610,114565,76.07
20,1731,KRITINUT,EQ,8623,5387,62.47
20,1732,KRMAYURVED,SM,72000,43000,59.72
20,1733,KRN,EQ,416684,185927,44.62
20,1734,KROSS,EQ,295238,124223,42.08
20,1735,KRSNAA,EQ,47620,24497,51.44
20,1736,KRT,RR,12687573,10857687,85.58
20,1737,KRYSTAL,EQ,8945,4896,54.73
20,1738,KSB,EQ,514414,342927,66.66
20,1739,KSCL,EQ,187852,134998,71.86
20,1740,KSE,EQ,18660,14937,80.05
20,1741,KSHINTL,EQ,199894,111968,56.01
20,1742,KSHITIJPOL,EQ,879511,631118,71.76
20,1743,KSL,EQ,126318,47556,37.65
20,1744,KSOLVES,EQ,28034,15638,55.78
20,1745,KSR,EQ,54412,37406,68.75
20,1746,KTKBANK,EQ,4358321,2361401,54.18
20,1747,KUANTUM,EQ,78578,47425,60.35
20,1748,KUSUMGAR,EQ,363568,146369,40.26
20,1749,KWIL,EQ,18674540,6213317,33.27
20,1750,LADDERUP,EQ,48,48,100.00
20,1751,LAGNAM,EQ,1204,989,82.14
20,1752,LAHOTIOV,EQ,820,820,100.00
20,1753,LAKSHMIMIL,EQ,21,21,100.00
20,1754,LAKSHYA,SM,2400,2400,100.00
20,1755,LAL,EQ,134099,126692,94.48
20,1756,LALITHAA,EQ,9443545,3210097,33.99
20,1757,LALPATHLAB,EQ,157780,90763,57.53
20,1758,LAMBODHARA,EQ,30356,21946,72.30
20,1759,LAMOSAIC,ST,63600,59400,93.40
20,1760,LANCER,EQ,3208132,1742864,54.33
20,1761,LANCORHOL,EQ,319310,137683,43.12
20,1762,LANDMARK,EQ,112656,41091,36.47
20,1763,LANDSMILL,EQ,1498207,789287,52.68
20,1764,LAOPALA,EQ,159255,78931,49.56
20,1765,LARGEMID50,EQ,232544,11326,4.87
20,1766,LASA,EQ,36812,24033,65.29
20,1767,LASERPOWER,EQ,538005,265408,49.33
20,1768,LATENTVIEW,EQ,2244730,1433202,63.85
20,1769,LATTEYS,EQ,69836,42376,60.68
20,1770,LAURUSLABS,EQ,30995343,24140560,77.88
20,1771,LAXMICOT,EQ,36920,26499,71.77
20,1772,LAXMIDENTL,EQ,137145,66786,48.70
20,1773,LAXMIINDIA,EQ,339636,170978,50.34
20,1774,LCCINFOTEC,EQ,40734,36543,89.71
20,1775,LCL,EQ,317066,134210,42.33
20,1776,LEAPIND,EQ,7393714,2977042,40.26
20,1777,LEENEE,EQ,44248,28044,63.38
20,1778,LEMERITE,EQ,176420,53932,30.57
20,1779,LEMONTREE,EQ,4742751,2858825,60.28
20,1780,LENSKART,EQ,111714980,69010168,61.77
20,1781,LEXUS,EQ,217521,64400,29.61
20,1782,LFIC,EQ,1765,1311,74.28
20,1783,LGBBROSLTD,EQ,20323,12149,59.78
20,1784,LGEINDIA,EQ,565245,259796,45.96
20,1785,LGHL,EQ,9019,4289,47.56
20,1786,LIBAS,EQ,121561,68227,56.13
20,1787,LIBERTSHOE,EQ,6057,4772,78.78
20,1788,LICHSGFIN,EQ,3367439,2016500,59.88
20,1789,LICI,EQ,7463242,4261203,57.10
20,1790,LICMFGOLD,EQ,184092,145270,78.91
20,1791,LICNETFGSC,EQ,15996,13110,81.96
20,1792,LICNETFN50,EQ,161,152,94.41
20,1793,LICNETFSEN,EQ,7,6,85.71
20,1794,LICNFNHGP,EQ,239,200,83.68
20,1795,LICNMID100,EQ,6377,5339,83.72
20,1796,LIKHITHA,EQ,31624,16330,51.64
20,1797,LINC,EQ,11893,10380,87.28
20,1798,LINCOLN,EQ,30631,15153,49.47
20,1799,LINDEINDIA,EQ,26826,12877,48.00
20,1800,LIQGRWBEES,EQ,24661,18371,74.49
20,1801,LIQUID,EQ,43589,22984,52.73
20,1802,LIQUID1,EQ,805832,473033,58.70
20,1803,LIQUIDADD,EQ,261426,195586,74.82
20,1804,LIQUIDBEES,EQ,2735032,2197228,80.34
20,1805,LIQUIDBETA,EQ,1231,1229,99.84
20,1806,LIQUIDBETF,EQ,574214,476920,83.06
20,1807,LIQUIDCASE,EQ,18542895,14449754,77.93
20,1808,LIQUIDETF,EQ,125941,66390,52.72
20,1809,LIQUIDIETF,EQ,815952,443175,54.31
20,1810,LIQUIDPLUS,EQ,488269,441495,90.42
20,1811,LIQUIDSBI,EQ,743,436,58.68
20,1812,LIQUIDSHRI,EQ,1966,1207,61.39
20,1813,LKPSEC,EQ,7031,5965,84.84
20,1814,LLOYDSENGG,EQ,9719782,4372630,44.99
20,1815,LLOYDSENT,EQ,2230337,954407,42.79
20,1816,LLOYDSME,EQ,450097,229480,50.98
20,1817,LMW,EQ,23753,9219,38.81
20,1818,LODHA,EQ,2185679,1395999,63.87
20,1819,LOKESHMACH,EQ,351870,101122,28.74
20,1820,LORDSCHLO,EQ,6826,5180,75.89
20,1821,LOTUSCHO,EQ,9848,5769,58.58
20,1822,LOTUSEYE,EQ,25250,20467,81.06
20,1823,LOVABLE,EQ,16889,7060,41.80
20,1824,LOWVOL,EQ,5097,3006,58.98
20,1825,LOWVOL1,EQ,98483,80315,81.55
20,1826,LOWVOLIETF,EQ,3212428,2353593,73.27
20,1827,LOYALTEX,EQ,214,214,100.00
20,1828,LPDC,EQ,53484,42417,79.31
20,1829,LRRPL,SM,1500,1500,100.00
20,1830,LT,EQ,1553171,1063417,68.47
20,1831,LTF,EQ,4489382,2598251,57.88
20,1832,LTFOODS,EQ,1011116,372670,36.86
20,1833,LTGILTBEES,EQ,993548,810055,81.53
20,1834,LTGILTCASE,EQ,120693,115096,95.36
20,1835,LTM,EQ,344374,176319,51.20
20,1836,LTTS,EQ,685826,425293,62.01
20,1837,LUMAXIND,EQ,22681,9801,43.21
20,1838,LUMAXTECH,EQ,452857,176829,39.05
20,1839,LUPIN,EQ,1010826,806651,79.80
20,1840,LUXIND,EQ,38797,23682,61.04
20,1841,LXCHEM,EQ,768172,369456,48.10
20,1842,M&M,EQ,3613080,3017814,83.52
20,1843,M&MFIN,EQ,1571593,903648,57.50
20,1844,MAANALU,EQ,80744,63987,79.25
20,1845,MACOBSTECH,SM,4800,4000,83.33
20,1846,MACPOWER,EQ,50074,21914,43.76
20,1847,MADHAV,EQ,1684,1249,74.17
20,1848,MADHAVBAUG,ST,6000,5600,93.33
20,1849,MADHAVIPL,EQ,100649,90161,89.58
20,1850,MADHUSUDAN,ST,20000,17000,85.00
20,1851,MADRASFERT,EQ,73973,48867,66.06
20,1852,MAFANG,EQ,205427,205427,100.00
20,1853,MAFATIND,EQ,10463,8052,76.96
20,1854,MAGADSUGAR,EQ,77937,24781,31.80
20,1855,MAGNUM,EQ,6343,5352,84.38
20,1856,MAGSON,SM,7000,6000,85.71
20,1857,MAHABANK,EQ,13734000,6766504,49.27
20,1858,MAHAPEXLTD,EQ,19709,12102,61.40
20,1859,MAHEPC,EQ,55864,36590,65.50
20,1860,MAHKTECH,EQ,689321,618421,89.71
20,1861,MAHLIFE,EQ,110729,66617,60.16
20,1862,MAHLOG,EQ,128678,67685,52.60
20,1863,MAHSCOOTER,EQ,7564,3210,42.44
20,1864,MAHSEAMLES,EQ,393023,196616,50.03
20,1865,MAITHANALL,EQ,30417,16470,54.15
20,1866,MAITREYA,SM,8400,4400,52.38
20,1867,MAKEINDIA,EQ,47618,27358,57.45
20,1868,MAKERSL,EQ,13591,10396,76.49
20,1869,MAKS,SM,18000,10500,58.33
20,1870,MALLCOM,EQ,1666,1094,65.67
20,1871,MALUPAPER,EQ,4558,3115,68.34
20,1872,MAMATA,EQ,77485,41379,53.40
20,1873,MANAKALUCO,EQ,115255,39804,34.54
20,1874,MANAKCOAT,EQ,353301,248472,70.33
20,1875,MANAKSIA,EQ,47565,30451,64.02
20,1876,MANAKSTEEL,EQ,80576,80576,100.00
20,1877,MANALIPETC,EQ,73402171,3294899,4.49
20,1878,MANAPPURAM,EQ,4825226,2479350,51.38
20,1879,MANAV,SM,12000,12000,100.00
20,1880,MANBA,EQ,63369,15956,25.18
20,1881,MANBRO,EQ,139546,42768,30.65
20,1882,MANCREDIT,EQ,249942,95430,38.18
20,1883,MANDEEP,SM,50000,50000,100.00
20,1884,MANGALAM,EQ,20199,14340,70.99
20,1885,MANGLMCEM,EQ,261791,123869,47.32
20,1886,MANINDS,EQ,486506,217509,44.71
20,1887,MANINFRA,EQ,2592923,1006687,38.82
20,1888,MANIPALHOS,EQ,1043905,547816,52.48
20,1889,MANKIND,EQ,391957,277384,70.77
20,1890,MANOMAY,EQ,70308,5278,7.51
20,1891,MANORAMA,EQ,442413,192353,43.48
20,1892,MANORG,EQ,14191,11813,83.24
20,1893,MANUFGBEES,EQ,4643,3041,65.50
20,1894,MANYAVAR,EQ,365032,208949,57.24
20,1895,MAPMYINDIA,EQ,706255,174811,24.75
20,1896,MARALOVER,EQ,3143,2002,63.70
20,1897,MARATHON,EQ,205782,156256,75.93
20,1898,MARCO,SM,18000,13500,75.00
20,1899,MARICO,EQ,3971812,2931931,73.82
20,1900,MARINE,EQ,1844097,662514,35.93
20,1901,MARKOLINES,EQ,315129,75924,24.09
20,1902,MARKSANS,EQ,2486251,1095535,44.06
20,1903,MARSONS,EQ,2858394,1539642,53.86
20,1904,MARUTI,EQ,443131,298886,67.45
20,1905,MASFIN,EQ,1801135,1154551,64.10
20,1906,MASKINVEST,EQ,172,137,79.65
20,1907,MASON,SM,4500,2500,55.56
20,1908,MASPTOP50,EQ,181151,145711,80.44
20,1909,MASTEK,EQ,1576060,519079,32.94
20,1910,MASTER,SM,500,500,100.00
20,1911,MASTERTR,EQ,194239,57230,29.46
20,1912,MATRIMONY,EQ,12218,6483,53.06
20,1913,MAWANASUG,EQ,715571,308105,43.06
20,1914,MAXESTATES,EQ,887005,490525,55.30
20,1915,MAXHEALTH,EQ,1685171,1107858,65.74
20,1916,MAXIND,EQ,34695,21807,62.85
20,1917,MAXVOLT,SM,21200,15600,73.58
20,1918,MAYURUNIQ,EQ,50403,32243,63.97
20,1919,MAZDOCK,EQ,607734,244738,40.27
20,1920,MBAPL,EQ,458732,234047,51.02
20,1921,MBEL,EQ,140164,68007,48.52
20,1922,MBLINFRA,EQ,14106,10944,77.58
20,1923,MCCHRLS-B,EQ,41,39,95.12
20,1924,MCL,EQ,48171,20365,42.28
20,1925,MCLEODRUSS,EQ,311078,158080,50.82
20,1926,MCLOUD,EQ,2438558,1515609,62.15
20,1927,MCON,SM,11000,8000,72.73
20,1928,MCX,EQ,2802136,1284106,45.83
20,1929,MEDANTA,EQ,246468,133375,54.11
20,1930,MEDIASSIST,EQ,109305,61038,55.84
20,1931,MEDICAMEQ,EQ,109301,58637,53.65
20,1932,MEDICAPQ,EQ,101,101,100.00
20,1933,MEDICO,EQ,220022,189871,86.30
20,1934,MEDIORG,SM,6000,6000,100.00
20,1935,MEDISTEP,SM,18000,15000,83.33
20,1936,MEDPLUS,EQ,72278,36797,50.91
20,1937,MEESHO,EQ,12726384,6100744,47.94
20,1938,MEGAFLEX,SM,1000,1000,100.00
20,1939,MEGASTAR,EQ,809,533,65.88
20,1940,MEGATHERM,SM,21600,18400,85.19
20,1941,MEIL,EQ,65021,33428,51.41
20,1942,MENNPIS,EQ,84935,52971,62.37
20,1943,MERCURYEV,EQ,80285,56830,70.79
20,1944,METAL,EQ,2235145,1478820,66.16
20,1945,METALIC,ST,182400,174400,95.61
20,1946,METALIETF,EQ,6745132,3743069,55.49
20,1947,METROBRAND,EQ,9799,6690,68.27
20,1948,METROGLOBL,EQ,259,152,58.69
20,1949,METROPOLIS,EQ,415667,148838,35.81
20,1950,MFML,EQ,716,584,81.56
20,1951,MFSL,EQ,389651,273739,70.25
20,1952,MGL,EQ,248071,159122,64.14
20,1953,MGSL,SM,12000,9600,80.00
20,1954,MHRIL,EQ,128032,89594,69.98
20,1955,MICROPRO,SM,1600,1600,100.00
20,1956,MID150,EQ,63322,60625,95.74
20,1957,MID150BEES,EQ,586198,380045,64.83
20,1958,MID150CASE,EQ,1533526,1095872,71.46
20,1959,MIDBANKADD,EQ,10234,9238,90.27
20,1960,MIDCAP,EQ,418792,256851,61.33
20,1961,MIDCAPADD,EQ,2957500,2953992,99.88
20,1962,MIDCAPBETA,EQ,1023,716,69.99
20,1963,MIDCAPETF,EQ,3710252,2734158,73.69
20,1964,MIDCAPIETF,EQ,726756,491235,67.59
20,1965,MIDHANI,EQ,420195,163765,38.97
20,1966,MIDQ50ADD,EQ,41401,25730,62.15
20,1967,MIDSELIETF,EQ,169075,88755,52.49
20,1968,MIDSMALL,EQ,261744,128391,49.05
20,1969,MIDWESTLTD,EQ,10061,4960,49.30
20,1970,MIEL,SM,6000,4000,66.67
20,1971,MIIL,EQ,85795,34766,40.52
20,1972,MILKYMIST,EQ,13349862,2766659,20.72
20,1973,MILTON,SM,2200,2200,100.00
20,1974,MINDACORP,EQ,503866,263313,52.26
20,1975,MINDSPACE,RR,688166,578625,84.08
20,1976,MINDTECK,EQ,17323,12072,69.69
20,1977,MIRZAINT,EQ,59563,36805,61.79
20,1978,MITTAL,EQ,899179,524294,58.31
20,1979,MKEXIM,EQ,17681,14515,82.09
20,1980,MKPL,EQ,172888,127939,74.00
20,1981,MLKFOOD,EQ,3217,2531,78.68
20,1982,MMEL,SM,58000,54000,93.10
20,1983,MMFL,EQ,140309,69683,49.66
20,1984,MMP,EQ,162115,83474,51.49
20,1985,MMTC,EQ,943688,392240,41.56
20,1986,MMWL,EQ,13913,11496,82.63
20,1987,MNC,EQ,48518,40577,83.63
20,1988,MOALPHA50,EQ,11371,11201,98.50
20,1989,MOBANK10,EQ,33464,29768,88.96
20,1990,MOBIKWIK,EQ,555254,202205,36.42
20,1991,MOBILISE,SM,1600,1600,100.00
20,1992,MOCAPITAL,EQ,614209,259599,42.27
20,1993,MODEFENCE,EQ,974260,578102,59.34
20,1994,MODINATUR,EQ,34478,11808,34.25
20,1995,MODIRUBBER,EQ,1812,983,54.25
20,1996,MODIS,EQ,19201,8854,46.11
20,1997,MODISONLTD,EQ,392989,206912,52.65
20,1998,MODTHREAD,EQ,4993,4009,80.29
20,1999,MOENERGY,EQ,142310,129776,91.19
20,2000,MOGOLD,EQ,64887,33315,51.34
20,2001,MOGSEC,EQ,826,673,81.48
20,2002,MOHEALTH,EQ,50952,32621,64.02
20,2003,MOHITE,EQ,202176,163684,80.96
20,2004,MOHITIND,EQ,5796,4896,84.47
20,2005,MOIL,EQ,2985237,1700917,56.98
20,2006,MOINFRA,EQ,15102,12651,83.77
20,2007,MOIPO,EQ,5995,5594,93.31
20,2008,MOKSH,EQ,93250,72894,78.17
20,2009,MOL,EQ,5062453,1488809,29.41
20,2010,MOLBIO,EQ,1158527,127767,11.03
20,2011,MOLDTKPAC,EQ,94897,42179,44.45
20,2012,MOLOWVOL,EQ,9955,9904,99.49
20,2013,MOM100,EQ,427791,283155,66.19
20,2014,MOM30IETF,EQ,735788,454791,61.81
20,2015,MOM50,EQ,3060,1859,60.75
20,2016,MOMENTUM,EQ,112504,47350,42.09
20,2017,MOMENTUM30,EQ,42151,26881,63.77
20,2018,MOMENTUM50,EQ,437797,196290,44.84
20,2019,MOMETAL,EQ,75593,27104,35.86
20,2020,MOMGF,EQ,3301,2684,81.31
20,2021,MOMIDMTM,EQ,229567,132423,57.68
20,2022,MOMMIDCAP,EQ,3169649,2961600,93.44
20,2023,MOMNC,EQ,1225,1225,100.00
20,2024,MOMOMENTUM,EQ,24500,17977,73.38
20,2025,MON100,EQ,462295,462287,100.00
20,2026,MON50EQUAL,EQ,11315,4764,42.10
20,2027,MONARCH,EQ,103311,60163,58.23
20,2028,MONEXT50,EQ,8720,7181,82.35
20,2029,MONEYBOXX,EQ,3415,2765,80.97
20,2030,MONIFTY100,EQ,11031,8599,77.95
20,2031,MONIFTY500,EQ,381112,334763,87.84
20,2032,MONOLITH,SM,47750,37000,77.49
20,2033,MONOPHARMA,SM,12000,8000,66.67
20,2034,MONQ50,EQ,86081,83233,96.69
20,2035,MONTECARLO,EQ,136923,79238,57.87
20,2036,MOOILGAS,EQ,4430,4401,99.35
20,2037,MOPSE,EQ,1470,1468,99.86
20,2038,MOQUALITY,EQ,840,825,98.21
20,2039,MOREALTY,EQ,2147253,1606252,74.80
20,2040,MOREPENLAB,EQ,41094007,10338756,25.16
20,2041,MOS,ST,304000,284000,93.42
20,2042,MOSCHIP,EQ,1578513,669679,42.42
20,2043,MOSERVICE,EQ,3262,2978,91.29
20,2044,MOSILVER,EQ,74753,14553,19.47
20,2045,MOSMALL250,EQ,849381,369171,43.46
20,2046,MOTHERSON,EQ,20098698,12562148,62.50
20,2047,MOTILALOFS,EQ,635723,331310,52.12
20,2048,MOTISONS,EQ,15042446,4462159,29.66
20,2049,MOTOUR,EQ,15909,11969,75.23
20,2050,MOVALUE,EQ,71303,55884,78.38
20,2051,MPEL,ST,1600,1600,100.00
20,2052,MPHASIS,EQ,354361,197276,55.67
20,2053,MPSLTD,EQ,8315,4425,53.22
20,2054,MRF,EQ,12796,8328,65.08
20,2055,MRPL,EQ,5763255,991401,17.20
20,2056,MSCI360,EQ,1079,679,62.93
20,2057,MSCIADD,EQ,1741,902,51.81
20,2058,MSCIINDIA,EQ,54001,8514,15.77
20,2059,MSL,EQ,248,245,98.79
20,2060,MSPL,EQ,831053,491260,59.11
20,2061,MSTCLTD,EQ,730593,335930,45.98
20,2062,MSUMI,EQ,8620766,5085057,58.99
20,2063,MTNL,EQ,757661,249086,32.88
20,2064,MUFIN,EQ,447793,157970,35.28
20,2065,MUFTI,EQ,91999,53164,57.79
20,2066,MUKANDLTD,EQ,88008,61513,69.89
20,2067,MUKESHB,EQ,2009,2009,100.00
20,2068,MUKKA,EQ,366161,186825,51.02
20,2069,MULTICAP,EQ,158360,92030,58.11
20,2070,MUNISH,SM,15600,12000,76.92
20,2071,MUNJALAU,EQ,984874,315158,32.00
20,2072,MUNJALSHOW,EQ,17107,9743,56.95
20,2073,MURUDCERA,EQ,18276,14371,78.63
20,2074,MUTHOOTCAP,EQ,5918,3247,54.87
20,2075,MUTHOOTFIN,EQ,894840,380122,42.48
20,2076,MUTHOOTMF,EQ,397251,231437,58.26
20,2077,MVELECTRO,EQ,10367613,636254,6.14
20,2078,MVGJL,EQ,43786,26759,61.11
20,2079,MVKAGRO,SM,887100,747600,84.27
20,2080,MWL,EQ,188740,145069,76.86
20,2081,MYMUDRA,SM,28800,24000,83.33
20,2082,NACLIND,EQ,371469,156301,42.08
20,2083,NAGREEKCAP,EQ,9258,2775,29.97
20,2084,NAGREEKEXP,EQ,4116,3032,73.66
20,2085,NAHARCAP,EQ,8051,7638,94.87
20,2086,NAHARINDUS,EQ,31994,20943,65.46
20,2087,NAHARPOLY,EQ,4684,3359,71.71
20,2088,NAHARSPING,EQ,54535,35997,66.01
20,2089,NAM-INDIA,EQ,6320108,5479792,86.70
20,2090,NAMAN,SM,11200,8800,78.57
20,2091,NAMOEWASTE,ST,44800,42400,94.64
20,2092,NARMADA,EQ,235608,134829,57.23
20,2093,NATCAPSUQ,EQ,69502,33074,47.59
20,2094,NATCOPHARM,EQ,412911,252348,61.11
20,2095,NATHBIOGEN,EQ,12831,8720,67.96
20,2096,NATIONALUM,EQ,11959002,8086004,67.61
20,2097,NATIONSTD,EQ,31624,23059,72.92
20,2098,NAUKRI,EQ,2345418,2025187,86.35
20,2099,NAVA,EQ,293604,160332,54.61
20,2100,NAVINFLUOR,EQ,216396,101374,46.85
20,2101,NAVKARCORP,EQ,308846,179588,58.15
20,2102,NAVNETEDUL,EQ,179507,92920,51.76
20,2103,NAZARA,EQ,5730211,2550413,44.51
20,2104,NBCC,EQ,5142217,2280291,44.34
20,2105,NBIFIN,EQ,190,169,88.95
20,2106,NCC,EQ,1532869,673155,43.91
20,2107,NCLIND,EQ,56589,42468,75.05
20,2108,NDGL,EQ,87,81,93.10
20,2109,NDL,EQ,1903856,1423937,74.79
20,2110,NDLVENTURE,EQ,4675,3269,69.93
20,2111,NDRAUTO,EQ,22114,13366,60.44
20,2112,NDRINVIT,IV,50000,50000,100.00
20,2113,NDTV,EQ,93028,65595,70.51
20,2114,NEAGI,EQ,34,23,67.65
20,2115,NECLIFE,EQ,227798,171836,75.43
20,2116,NEELAM,SM,12000,12000,100.00
20,2117,NELCAST,EQ,139927,96288,68.81
20,2118,NELCO,EQ,162293,47678,29.38
20,2119,NEOCHEM,SM,26400,24000,90.91
20,2120,NEOGEN,EQ,85393,39092,45.78
20,2121,NEPHROCARE,SM,12000,10400,86.67
20,2122,NEPHROPLUS,EQ,247293,146391,59.20
20,2123,NEPTUNE,SM,1500,1500,100.00
20,2124,NESCO,EQ,46705,26613,56.98
20,2125,NESTLEIND,EQ,2320372,1733545,74.71
20,2126,NETF,EQ,1254,907,72.33
20,2127,NETWEB,EQ,1058849,266165,25.14
20,2128,NETWORK18,EQ,23912433,15551244,65.03
20,2129,NEULANDLAB,EQ,41464,21632,52.17
20,2130,NEWGEN,EQ,2474710,961764,38.86
20,2131,NEWJAISA,ST,39000,39000,100.00
20,2132,NEXT30ADD,EQ,6321,6118,96.79
20,2133,NEXT50,EQ,44448,22210,49.97
20,2134,NEXT50ADD,EQ,4484,2681,59.79
20,2135,NEXT50BETA,EQ,52985,28213,53.25
20,2136,NEXT50ETF,EQ,15935,14638,91.86
20,2137,NEXT50IETF,EQ,1273708,934230,73.35
20,2138,NEXTMEDIA,EQ,1347728,566002,42.00
20,2139,NFL,EQ,412490,178773,43.34
20,2140,NFPSAMPOOR,SM,26000,20000,76.92
20,2141,NGIL,EQ,81138,80065,98.68
20,2142,NGLFINE,EQ,18852,12028,63.80
20,2143,NH,EQ,240562,163731,68.06
20,2144,NHPC,EQ,16814619,12975480,77.17
20,2145,NIACL,EQ,26274670,2379534,9.06
20,2146,NIBE,EQ,32949,18397,55.83
20,2147,NIBL,EQ,12737,8734,68.57
20,2148,NICCOPAR,EQ,1663,1155,69.45
20,2149,NIDAN,SM,5000,4000,80.00
20,2150,NIF100BEES,EQ,30703,23141,75.37
20,2151,NIF100IETF,EQ,76846,42367,55.13
20,2152,NIF500BETA,EQ,3875,3874,99.97
20,2153,NIFTY1,EQ,63255,34102,53.91
20,2154,NIFTY100EW,EQ,382315,375368,98.18
20,2155,NIFTYADD,EQ,6941,5015,72.25
20,2156,NIFTYAXIS,EQ,20553,7014,34.13
20,2157,NIFTYBEES,EQ,4690050,2925834,62.38
20,2158,NIFTYBETA,EQ,53636,46730,87.12
20,2159,NIFTYBETF,EQ,1399,966,69.05
20,2160,NIFTYCASE,EQ,1517025,1106099,72.91
20,2161,NIFTYETF,EQ,66656,32735,49.11
20,2162,NIFTYIETF,EQ,866411,685147,79.08
20,2163,NIFTYJBLK,EQ,146129,97458,66.69
20,2164,NIFTYQLITY,EQ,57238,46317,80.92
20,2165,NIITLTD,EQ,1128924,506650,44.88
20,2166,NIITMTS,EQ,66127,34930,52.82
20,2167,NILAINFRA,EQ,179658,147127,81.89
20,2168,NILASPACES,EQ,378591,222944,58.89
20,2169,NILE,EQ,3192,1678,52.57
20,2170,NILKAMAL,EQ,49450,23860,48.25
20,2171,NIMBSPROJ,EQ,187585,64060,34.15
20,2172,NINSYS,EQ,3014,1530,50.76
20,2173,NIPPOBATRY,EQ,2206,1297,58.79
20,2174,NIRAJ,EQ,31120,28432,91.36
20,2175,NIRAJISPAT,EQ,428,428,100.00
20,2176,NIRLON,EQ,13162,9647,73.29
20,2177,NIRMAN,SM,11400,8700,76.32
20,2178,NITCO,EQ,375191,158132,42.15
20,2179,NITINSPIN,EQ,143546,58196,40.54
20,2180,NITIRAJ,EQ,6446,4295,66.63
20,2181,NITTAGELA,EQ,4350,2623,60.30
20,2182,NIVABUPA,EQ,354517,185385,52.29
20,2183,NKIND,EQ,1775,1376,77.52
20,2184,NLCINDIA,EQ,2058793,1004780,48.80
20,2185,NMDC,EQ,16906053,10796662,63.86
20,2186,NMSTEEL,SM,3200,3200,100.00
20,2187,NOCIL,EQ,1326791,525588,39.61
20,2188,NOIDATOLL,EQ,39856,33275,83.49
20,2189,NORBTEAEXP,EQ,353,353,100.00
20,2190,NORTHARC,EQ,25296223,4939052,19.52
20,2191,NOVARTIND,EQ,31457,16271,51.72
20,2192,NPBET,EQ,1046,561,53.63
20,2193,NPST,EQ,19622,8919,45.45
20,2194,NRAIL,EQ,6910,4863,70.38
20,2195,NRBBEARING,EQ,356380,173565,48.70
20,2196,NRVANDANA,SM,129000,75000,58.14
20,2197,NSIL,EQ,1267,952,75.14
20,2198,NSLNISP,EQ,16317011,5468239,33.51
20,2199,NTCIND,EQ,1684,1332,79.10
20,2200,NTPC,EQ,18400774,9374715,50.95
20,2201,NTPCGREEN,EQ,2180606,1222164,56.05
20,2202,NUCLEUS,EQ,26116,15777,60.41
20,2203,NUVAMA,EQ,166778,100192,60.08
20,2204,NUVOCO,EQ,149999,84882,56.59
20,2205,NV20,EQ,24908,19959,80.13
20,2206,NV20BEES,EQ,9049,5109,56.46
20,2207,NV20IETF,EQ,351046,241751,68.87
20,2208,NXST,RR,537034,476898,88.80
20,2209,NXT-INFRA,IV,225000,225000,100.00
20,2210,NYKAA,EQ,7930224,5186707,65.40
20,2211,OAL,EQ,124234,44630,35.92
20,2212,OBCL,EQ,11302,9381,83.00
20,2213,OBEROIRLTY,EQ,777602,534853,68.78
20,2214,OBSCP,SM,36000,25600,71.11
20,2215,ODIGMA,EQ,13178,13094,99.36
20,2216,ODYCORP,EQ,93697,82666,88.23
20,2217,OFSS,EQ,487111,284012,58.31
20,2218,OIL,EQ,4790739,1830544,38.21
20,2219,OILIETF,EQ,1531427,1059306,69.17
20,2220,OLAELEC,EQ,178357536,42930541,24.07
20,2221,OLECTRA,EQ,440298,204982,46.56
20,2222,OLIL,SM,29200,28800,98.63
20,2223,OMAXAUTO,EQ,78494,40004,50.96
20,2224,OMAXE,EQ,4347484,870456,20.02
20,2225,OMINFRAL,EQ,22374,12463,55.70
20,2226,OMNI,EQ,515214,219419,42.59
20,2227,OMPOWER,EQ,160344,82042,51.17
20,2228,ONDOOR,SM,1800,1200,66.67
20,2229,ONEGLOBAL,EQ,9861,5843,59.25
20,2230,ONEPOINT,EQ,385439,200135,51.92
20,2231,ONESOURCE,EQ,98831,50782,51.38
20,2232,ONGC,EQ,11732655,6914614,58.93
20,2233,ONIDA,EQ,232475,160541,69.06
20,2234,ONIXSOLAR,EQ,592882,398447,67.21
20,2235,ONWARDTEC,EQ,57308,31252,54.53
20,2236,ONYX,ST,50000,50000,100.00
20,2237,OPTIEMUS,EQ,131536,53971,41.03
20,2238,OPTIFIN,EQ,6033,5509,91.31
20,2239,OPTIMYSTIX,SM,76000,60000,78.95
20,2240,OPTIVALUE,ST,27200,25600,94.12
20,2241,ORCHASP,EQ,268591,224106,83.44
20,2242,ORCHPHARMA,EQ,27730,14940,53.88
20,2243,ORIANA,SM,53475,36525,68.30
20,2244,ORICONENT,EQ,8995,5872,65.28
20,2245,ORIENTALTL,EQ,30073,25392,84.43
20,2246,ORIENTBELL,EQ,104827,56020,53.44
20,2247,ORIENTCEM,EQ,119165,65970,55.36
20,2248,ORIENTCER,EQ,81879,43243,52.81
20,2249,ORIENTELEC,EQ,151675,78170,51.54
20,2250,ORIENTHOT,EQ,1691333,728560,43.08
20,2251,ORIENTPPR,EQ,498593,337464,67.68
20,2252,ORIENTTECH,EQ,132262,71894,54.36
20,2253,ORIRAIL,EQ,107168,58999,55.05
20,2254,ORISSAMINE,EQ,9878,4418,44.73
20,2255,ORKLAINDIA,EQ,217344,144047,66.28
20,2256,ORTINGLOBE,EQ,1215,1215,100.00
20,2257,OSELDEVICE,SM,17600,14600,82.95
20,2258,OSWALAGRO,EQ,63130,52248,82.76
20,2259,OSWALGREEN,EQ,227383,131569,57.86
20,2260,OSWALPUMPS,EQ,279873,134149,47.93
20,2261,OSWALSEEDS,EQ,71325,51266,71.88
20,2262,OWAIS,ST,40400,40400,100.00
20,2263,PACEDIGITK,EQ,703237,391216,55.63
20,2264,PACIFICI,EQ,611,511,83.63
20,2265,PAGEIND,EQ,28702,19317,67.30
20,2266,PAISALO,EQ,5826181,3268544,56.10
20,2267,PAKKA,EQ,71067,41790,58.80
20,2268,PALASHSECU,EQ,212,157,74.06
20,2269,PANACEABIO,EQ,100764,55960,55.54
20,2270,PANAMAPET,EQ,221006,80866,36.59
20,2271,PANCHMAHQ,EQ,8,8,100.00
20,2272,PANORAMA,EQ,294670,155620,52.81
20,2273,PANSARI,EQ,1313,1272,96.88
20,2274,PAR,EQ,325805,127969,39.28
20,2275,PARACABLES,EQ,5542293,3026895,54.61
20,2276,PARADEEP,EQ,5491423,2393356,43.58
20,2277,PARAGMILK,EQ,3067737,988838,32.23
20,2278,PARAGON,SM,22800,16800,73.68
20,2279,PARAMOUNT,SM,2400,2400,100.00
20,2280,PARAS,EQ,786335,233023,29.63
20,2281,PARASPETRO,EQ,184249,104788,56.87
20,2282,PARIN,SM,1000,1000,100.00
20,2283,PARKHOSPS,EQ,272326,147448,54.14
20,2284,PARKHOTELS,EQ,118378,68773,58.10
20,2285,PARNAXLAB,EQ,3620,3421,94.50
20,2286,PARTH,SM,49200,42400,86.18
20,2287,PARTYCRUS,SM,1000,1000,100.00
20,2288,PASHUPATI,EQ,5660,3789,66.94
20,2289,PATANJALI,EQ,2180211,1362554,62.50
20,2290,PATELENG,EQ,1834766,974224,53.10
20,2291,PATELRMART,EQ,34995,21433,61.25
20,2292,PATILAUTOM,SM,87000,65400,75.17
20,2293,PAUSHAKLTD,EQ,39360,14517,36.88
20,2294,PAVNAIND,EQ,39901,37453,93.86
20,2295,PAYTM,EQ,2686950,1195739,44.50
20,2296,PBMPOLY,EQ,391,385,98.47
20,2297,PCBL,EQ,779246,414691,53.22
20,2298,PCCL,SM,58800,45200,76.87
20,2299,PCJEWELLER,EQ,353825112,70287905,19.87
20,2300,PDMJEPAPER,EQ,772540,288237,37.31
20,2301,PDSL,EQ,171218,93340,54.52
20,2302,PEARLPOLY,EQ,3300,3173,96.15
20,2303,PELATRO,SM,8400,7500,89.29
20,2304,PENIND,EQ,613410,307851,50.19
20,2305,PERFECT,SZ,21000,21000,100.00
20,2306,PERMAGN,EQ,4622,2382,51.54
20,2307,PERSISTENT,EQ,1111705,514563,46.29
20,2308,PETRONET,EQ,2880149,2097595,72.83
20,2309,PFC,EQ,13232527,8998806,68.01
20,2310,PFCL41A,NE,15,15,100.00
20,2311,PFIZER,EQ,10457,6344,60.67
20,2312,PFOCUS,EQ,398686,197812,49.62
20,2313,PFS,EQ,626341,415469,66.33
20,2314,PGEL,EQ,986065,424971,43.10
20,2315,PGHH,EQ,20411,10337,50.64
20,2316,PGHL,EQ,21082,11745,55.71
20,2317,PGIL,EQ,267169,100085,37.46
20,2318,PGINVIT,IV,1361559,1263053,92.77
20,2319,PHANTOMFX,SM,18300,17700,96.72
20,2320,PHARMABEES,EQ,4324336,2707487,62.61
20,2321,PHOENIXLTD,EQ,789449,565932,71.69
20,2322,PHOENXINTL,EQ,2002,1690,84.42
20,2323,PHOGLOBAL,SM,82000,64000,78.05
20,2324,PICCADIL,EQ,225994,119818,53.02
20,2325,PIDILITIND,EQ,1907573,1380477,72.37
20,2326,PIGL,EQ,32567,17826,54.74
20,2327,PIIND,EQ,356031,246072,69.12
20,2328,PILANIINVS,EQ,509,297,58.35
20,2329,PILITA,EQ,395776,394929,99.79
20,2330,PINELABS,EQ,20261585,11593609,57.22
20,2331,PIONEEREMB,EQ,9166,8907,97.17
20,2332,PIRAMALFIN,EQ,711123,389469,54.77
20,2333,PITTIENG,EQ,118983,56304,47.32
20,2334,PIXTRANS,EQ,14512,7086,48.83
20,2335,PKTEA,EQ,336,232,69.05
20,2336,PLADAINFO,SM,6000,6000,100.00
20,2337,PLASTIBLEN,EQ,22938,12671,55.24
20,2338,PLATIND,EQ,137045,70534,51.47
20,2339,PLAZACABLE,EQ,102490,77483,75.60
20,2340,PML,EQ,102,102,100.00
20,2341,PNB,EQ,18423594,11288854,61.27
20,2342,PNBGILTS,EQ,377028,184112,48.83
20,2343,PNBHOUSING,EQ,641531,344302,53.67
20,2344,PNC,EQ,14839,9910,66.78
20,2345,PNCINFRA,EQ,641351,279381,43.56
20,2346,PNGJL,EQ,639164,405675,63.47
20,2347,PNGSREVA,EQ,84702,35092,41.43
20,2348,POCL,EQ,496408,261012,52.58
20,2349,PODDARMENT,EQ,3848,2374,61.69
20,2350,POEL,EQ,24640,17791,72.20
20,2351,POKARNA,EQ,32302,14556,45.06
20,2352,POLICYBZR,EQ,1151385,881528,76.56
20,2353,POLYCAB,EQ,387155,231154,59.71
20,2354,POLYMED,EQ,283673,124854,44.01
20,2355,POLYPLEX,EQ,87851,53367,60.75
20,2356,POLYSIL,SM,185000,155000,83.78
20,2357,POLYSPIN,EQ,874,834,95.42
20,2358,PONNIERODE,EQ,67168,32260,48.03
20,2359,POONAWALLA,EQ,1067590,533960,50.02
20,2360,POSITRON,SM,5400,4200,77.78
20,2361,POWERGRID,EQ,11553385,7405830,64.10
20,2362,POWERICA,EQ,76005,38996,51.31
20,2363,POWERINDIA,EQ,74866,33160,44.29
20,2364,POWERMECH,EQ,38174,18383,48.16
20,2365,PPLPHARMA,EQ,2681993,1128713,42.08
20,2366,PPSL,SM,45000,39000,86.67
20,2367,PRABHA,EQ,126997,58154,45.79
20,2368,PRAENG,EQ,111375,93015,83.52
20,2369,PRAJIND,EQ,760408,274942,36.16
20,2370,PRAKASH,EQ,249463,123756,49.61
20,2371,PRAKASHSTL,EQ,46158,34466,74.67
20,2372,PRAMARA,SM,11000,7000,63.64
20,2373,PRAMODINI,ST,36000,32400,90.00
20,2374,PRATHAM,SM,2800,2800,100.00
20,2375,PRAVEG,EQ,26500,16254,61.34
20,2376,PRAXIS,EQ,114702,98019,85.46
20,2377,PRECAM,EQ,176005,75852,43.10
20,2378,PRECISION,ST,2000,2000,100.00
20,2379,PRECOT,EQ,2953,2044,69.22
20,2380,PRECWIRE,EQ,3000014,498596,16.62
20,2381,PREMCO,EQ,1074,1038,96.65
20,2382,PREMEXPLN,EQ,84856,56205,66.24
20,2383,PREMIERENE,EQ,1331386,907266,68.14
20,2384,PREMIERPOL,EQ,356650,161038,45.15
20,2385,PREMIUM,SM,6000,6000,100.00
20,2386,PRESSTONIC,SM,32800,31200,95.12
20,2387,PRESTIGE,EQ,698835,411500,58.88
20,2388,PRICOLLTD,EQ,796849,395145,49.59
20,2389,PRIMECAB,ST,25600,22400,87.50
20,2390,PRIMESECU,EQ,27671,19302,69.76
20,2391,PRIMO,EQ,64512,28719,44.52
20,2392,PRINCEPIPE,EQ,193298,90283,46.71
20,2393,PRISMX,EQ,92520,74419,80.44
20,2394,PRIVISCL,EQ,38039,25653,67.44
20,2395,PRIZOR,ST,29200,29200,100.00
20,2396,PRLIND,SM,15000,10000,66.67
20,2397,PROPSHOP,SM,26000,20000,76.92
20,2398,PROSTARM,EQ,164277,74426,45.31
20,2399,PROTEAN,EQ,267912,164041,61.23
20,2400,PROZONER,EQ,215308,146408,68.00
20,2401,PRSMJOHNSN,EQ,343283,166271,48.44
20,2402,PRUDENT,EQ,43144,24056,55.76
20,2403,PSB,EQ,973565,649331,66.70
20,2404,PSFL,SM,10000,6000,60.00
20,2405,PSPPROJECT,EQ,31465,14896,47.34
20,2406,PSRAJ,ST,7500,7500,100.00
20,2407,PSUBANK,EQ,172118,64209,37.31
20,2408,PSUBANKADD,EQ,15987,5782,36.17
20,2409,PSUBNKBEES,EQ,1546760,658642,42.58
20,2410,PSUBNKIETF,EQ,122452,52453,42.84
20,2411,PTC,EQ,9086084,6497901,71.51
20,2412,PTCIL,EQ,80039,18260,22.81
20,2413,PTL,EQ,34913,23757,68.05
20,2414,PUNJABCHEM,EQ,5507,3325,60.38
20,2415,PURPLEUTED,ST,16250,16250,100.00
20,2416,PURVA,EQ,68816,29243,42.49
20,2417,PURVFLEXI,SM,36000,34400,95.56
20,2418,PUSHPA,SM,2000,1000,50.00
20,2419,PVP,EQ,6346569,2421727,38.16
20,2420,PVRINOX,EQ,371061,206007,55.52
20,2421,PVSL,EQ,28175,17625,62.56
20,2422,PVTBANIETF,EQ,1368111,749625,54.79
20,2423,PVTBANK,EQ,597,375,62.81
20,2424,PVTBANKADD,EQ,81870,71977,87.92
20,2425,PVTBKGROWW,EQ,23319,11374,48.78
20,2426,PWL,EQ,9879919,4386479,44.40
20,2427,PYRAMID,EQ,18960,12254,64.63
20,2428,QGOLDHALF,EQ,143335,39483,27.55
20,2429,QLINE,SM,423200,291600,68.90
20,2430,QNIFTY,EQ,3551,1981,55.79
20,2431,QPOWER,EQ,599422,292139,48.74
20,2432,QUADFUTURE,EQ,186934,60715,32.48
20,2433,QUAL30IETF,EQ,129355,97241,75.17
20,2434,QUALITY30,EQ,7554,3977,52.65
20,2435,QUESS,EQ,1028367,337259,32.80
20,2436,QUESTLAB,SM,6000,4800,80.00
20,2437,QUICKTOUCH,SM,1500,1500,100.00
20,2438,QUINT,EQ,9637,9030,93.70
20,2439,QVCEL,SM,27200,17600,64.71
20,2440,RACE,EQ,375,343,91.47
20,2441,RACLGEAR,EQ,24297,11188,46.05
20,2442,RADAAN,EQ,15478,10854,70.13
20,2443,RADHIKAJWE,EQ,255931,118834,46.43
20,2444,RADIANTCMS,EQ,278177,178946,64.33
20,2445,RADICO,EQ,480565,334186,69.54
20,2446,RADIOCITY,EQ,53482,45818,85.67
20,2447,RADIOWALLA,ST,11200,11200,100.00
20,2448,RAILTEL,EQ,291537,107365,36.83
20,2449,RAIN,EQ,3098328,1596883,51.54
20,2450,RAINBOW,EQ,90124,52572,58.33
20,2451,RAJINDLTD,SM,4500,4500,100.00
20,2452,RAJMET,EQ,321476,235546,73.27
20,2453,RAJPALAYAM,EQ,1769,1482,83.78
20,2454,RAJPUTANA,SM,9500,8500,89.47
20,2455,RAJRATAN,EQ,73943,36606,49.51
20,2456,RAJSREESUG,EQ,107407,56977,53.05
20,2457,RAJTV,EQ,148975,89044,59.77
20,2458,RALLIS,EQ,3166067,1984276,62.67
20,2459,RAMANEWS,EQ,10106,6556,64.87
20,2460,RAMAPHO,EQ,15477,10746,69.43
20,2461,RAMBHAJO,EQ,1761091,435112,24.71
20,2462,RAMCOCEM,EQ,134238,80260,59.79
20,2463,RAMCOIND,EQ,133130,67392,50.62
20,2464,RAMCOSYS,EQ,131141,61982,47.26
20,2465,RAMKY,EQ,63691,39417,61.89
20,2466,RAMRAT,EQ,464912,186207,40.05
20,2467,RANASUG,EQ,1689217,761391,45.07
20,2468,RANEHOLDIN,EQ,10581,7796,73.68
20,2469,RAPIDFLEET,SM,18000,8400,46.67
20,2470,RAPPID,SM,1800,1800,100.00
20,2471,RATEGAIN,EQ,488881,240713,49.24
20,2472,RATNAMANI,EQ,102160,45763,44.80
20,2473,RATNAVEER,EQ,9205781,2036720,22.12
20,2474,RAYMOND,EQ,363188,148431,40.87
20,2475,RAYMONDLSL,EQ,282505,146515,51.86
20,2476,RAYMONDREL,EQ,440478,229037,52.00
20,2477,RBA,EQ,3876506,1586781,40.93
20,2478,RBLBANK,EQ,2117124,1234880,58.33
20,2479,RBMINFRA,SM,21600,17600,81.48
20,2480,RBS,SM,5600,5600,100.00
20,2481,RBZJEWEL,EQ,146694,79849,54.43
20,2482,RCDL,SM,57000,51000,89.47
20,2483,RCDL-RE,ST,243000,231000,95.06
20,2484,RCF,EQ,7252796,4640153,63.98
20,2485,READYMIX,SM,29000,9000,31.03
20,2486,RECLTD,EQ,8007477,4663116,58.23
20,2487,REDINGTON,EQ,4353084,2308253,53.03
20,2488,REDTAPE,EQ,319986,180995,56.56
20,2489,REFEX,EQ,275016,146342,53.21
20,2490,REFRACTORY,SM,2000,2000,100.00
20,2491,REGAAL,EQ,675860,469711,69.50
20,2492,REGENCERAM,EQ,3454,2818,81.59
20,2493,RELAXO,EQ,312369,130687,41.84
20,2494,RELCHEMQ,EQ,6937,4801,69.21
20,2495,RELIABLE,EQ,48930,14821,30.29
20,2496,RELIANCE,EQ,34871137,30329813,86.98
20,2497,RELIGARE,EQ,5288798,3294090,62.28
20,2498,RELTD,EQ,208758,118489,56.76
20,2499,REMSONSIND,EQ,770390,328384,42.63
20,2500,REMUS,SM,7000,5800,82.86
20,2501,RENUKA,EQ,49071835,11331460,23.09
20,2502,REPCOHOME,EQ,42944,28588,66.57
20,2503,REPRO,EQ,31415,23791,75.73
20,2504,RESPONIND,EQ,49705,28997,58.34
20,2505,RETAIL,EQ,4928,4799,97.38
20,2506,REXPRO,SM,6000,4000,66.67
20,2507,RFBL,ST,3000,3000,100.00
20,2508,RGL,EQ,652607,182537,27.97
20,2509,RHETAN,EQ,14156310,5860792,41.40
20,2510,RHIM,EQ,200536,97146,48.44
20,2511,RHL,EQ,2002,1634,81.62
20,2512,RICHA,ST,4000,4000,100.00
20,2513,RICOAUTO,EQ,686184,170981,24.92
20,2514,RIIL,EQ,29613,10610,35.83
20,2515,RIIT,IV,103624,99567,96.08
20,2516,RILINFRA,SM,6600,5500,83.33
20,2517,RIR,EQ,96898,43040,44.42
20,2518,RISHABH,EQ,182177,80674,44.28
20,2519,RITCO,EQ,35224,23236,65.97
20,2520,RITES,EQ,367130,145031,39.50
20,2521,RKDL,EQ,21241,18229,85.82
20,2522,RKEC,EQ,11758,8841,75.19
20,2523,RKFORGE,EQ,1105931,532037,48.11
20,2524,RKSWAMY,EQ,72092,48448,67.20
20,2525,RMC,EQ,32943,18966,57.57
20,2526,RML,EQ,22065,11888,53.88
20,2527,RNBDENIMS,EQ,126598,126598,100.00
20,2528,RNFI,SM,180000,175800,97.67
20,2529,RNPL,SM,12000,6000,50.00
20,2530,ROCKINGDCE,SM,1750,1250,71.43
20,2531,ROCKPP,E1,10000,9000,90.00
20,2532,ROHLTD,EQ,21976,16455,74.88
20,2533,ROLEXRINGS,EQ,1413873,663399,46.92
20,2534,ROML,EQ,2560,1987,77.62
20,2535,ROSSARI,EQ,101837,58295,57.24
20,2536,ROSSELLIND,EQ,63801,30068,47.13
20,2537,ROSSTECH,EQ,171715,71316,41.53
20,2538,ROTO,EQ,185844,85405,45.96
20,2539,ROUTE,EQ,117673,55444,47.12
20,2540,ROXHITECH,SM,48000,41600,86.67
20,2541,RPEL,EQ,122182,41799,34.21
20,2542,RPGLIFE,EQ,22012,11191,50.84
20,2543,RPOWER,EQ,11431023,4796153,41.96
20,2544,RPPINFRA,EQ,72107,38989,54.07
20,2545,RPSGVENT,EQ,30398,23372,76.89
20,2546,RPTECH,EQ,283619,118487,41.78
20,2547,RRECL,EQ,509,508,99.80
20,2548,RRIL,EQ,33937,21834,64.34
20,2549,RRKABEL,EQ,644107,314354,48.80
20,2550,RSL,EQ,631454,185931,29.44
20,2551,RSSOFTWARE,EQ,119170,80576,67.61
20,2552,RSYSTEMS,EQ,171922,81183,47.22
20,2553,RTNINDIA,EQ,1932127,1266591,65.55
20,2554,RTNPOWER,EQ,126879538,68646106,54.10
20,2555,RTSPOWR,EQ,1040,891,85.67
20,2556,RUBFILA,EQ,15682,15316,97.67
20,2557,RUBICON,EQ,319228,165677,51.90
20,2558,RUCHINFRA,EQ,41555,31422,75.62
20,2559,RUCHIRA,EQ,14605,8590,58.82
20,2560,RUDRA,EQ,630678,225491,35.75
20,2561,RULKA,SM,12300,8700,70.73
20,2562,RUPA,EQ,71172,37450,52.62
20,2563,RUSHIL,EQ,264244,145571,55.09
20,2564,RUSTOMJEE,EQ,28391,15860,55.86
20,2565,RVHL,EQ,20317,15285,75.23
20,2566,RVNL,EQ,3633575,1608699,44.27
20,2567,RVTH,EQ,301,270,89.70
20,2568,S&SPOWER,EQ,3498,2022,57.80
20,2569,SAAKSHI,ST,93600,92400,98.72
20,2570,SAATVIKGL,EQ,47268,27260,57.67
20,2571,SAB,EQ,47,47,100.00
20,2572,SABAR,ST,10000,10000,100.00
20,2573,SACHEEROME,SM,57900,51900,89.64
20,2574,SADBHAV,EQ,854014,519000,60.77
20,2575,SADHAV,SM,15000,12600,84.00
20,2576,SAFARI,EQ,18988,11314,59.59
20,2577,SAFEENTP,SM,36000,29500,81.94
20,2578,SAGARDEEP,EQ,6693,4225,63.13
20,2579,SAGCEM,EQ,44025,22286,50.62
20,2580,SAGILITY,EQ,64918282,17784402,27.40
20,2581,SAHAJSOLAR,SM,13600,11600,85.29
20,2582,SAHANA,SM,16650,12450,74.77
20,2583,SAHASRA,ST,22000,20400,92.73
20,2584,SAHLIBHFI,EQ,10086,9659,95.77
20,2585,SAHYADRI,EQ,24463,16848,68.87
20,2586,SAICAPI,EQ,298,288,96.64
20,2587,SAIFL,SM,404000,292000,72.28
20,2588,SAIL,EQ,22055932,10992262,49.84
20,2589,SAILIFE,EQ,694617,519543,74.80
20,2590,SAIPARENT,EQ,49261,24643,50.03
20,2591,SAKAR,EQ,91765,50683,55.23
20,2592,SAKHTISUG,EQ,593948,209786,35.32
20,2593,SAKSOFT,EQ,279505,139465,49.90
20,2594,SAKUMA,EQ,906773,628993,69.37
20,2595,SALASAR,EQ,1530241,972345,63.54
20,2596,SALONA,EQ,1040,867,83.37
20,2597,SALSTEEL,EQ,435331,252261,57.95
20,2598,SALZERELEC,EQ,38933,20032,51.45
20,2599,SAMAY,ST,4000,4000,100.00
20,2600,SAMBANDAM,EQ,596,503,84.40
20,2601,SAMBHAAV,EQ,37192,28383,76.31
20,2602,SAMBHV,EQ,2152304,658024,30.57
20,2603,SAMHI,EQ,426311,253614,59.49
20,2604,SAMMAANCAP,EQ,6659948,3237190,48.61
20,2605,SAMPANN,EQ,8955,7193,80.32
20,2606,SANATHAN,EQ,27871,12722,45.65
20,2607,SANDESH,EQ,4202,2850,67.82
20,2608,SANDHAR,EQ,174941,78645,44.96
20,2609,SANDUMA,EQ,364416,164709,45.20
20,2610,SANGAMIND,EQ,15394,8349,54.24
20,2611,SANGANI,SM,1500,1500,100.00
20,2612,SANGHVIMOV,EQ,413687,205624,49.71
20,2613,SANOFI,EQ,65474,40531,61.90
20,2614,SANOFICONR,EQ,3110,2070,66.56
20,2615,SANSERA,EQ,292153,172714,59.12
20,2616,SANSTAR,EQ,326714,121946,37.32
20,2617,SAPPHIRE,EQ,1392904,601935,43.21
20,2618,SAPPL,EQ,412,410,99.51
20,2619,SARDAEN,EQ,307887,167406,54.37
20,2620,SAREGAMA,EQ,710963,367470,51.69
20,2621,SARLAPOLY,EQ,62251,45235,72.67
20,2622,SAROJA,SM,4800,1600,33.33
20,2623,SARTELE,SM,160000,137000,85.63
20,2624,SARVESHWAR,EQ,1409424,868702,61.64
20,2625,SASKEN,EQ,11695,5731,49.00
20,2626,SATECH,SM,5000,5000,100.00
20,2627,SATIA,EQ,143711,104699,72.85
20,2628,SATIN,EQ,192731,99758,51.76
20,2629,SATIPOLY,ST,3000,3000,100.00
20,2630,SATKARTAR,SM,70400,36000,51.14
20,2631,SATTVAENGG,SM,83200,83200,100.00
20,2632,SAURASHCEM,EQ,72981,49472,67.79
20,2633,SAWALIYA,SM,33000,33000,100.00
20,2634,SAYAJIHOTL,EQ,321,320,99.69
20,2635,SAYAJIIND,EQ,4170,4158,99.71
20,2636,SBC,EQ,6715269,1844161,27.46
20,2637,SBCL,EQ,466545,190543,40.84
20,2638,SBFC,EQ,1305140,765802,58.68
20,2639,SBGLP,EQ,17199,12772,74.26
20,2640,SBIBPB,EQ,83572,47762,57.15
20,2641,SBICARD,EQ,26270918,22645710,86.20
20,2642,SBIETFCON,EQ,3324,1869,56.23
20,2643,SBIETFIT,EQ,5760,3947,68.52
20,2644,SBIETFPB,EQ,2698,1441,53.41
20,2645,SBIETFQLTY,EQ,2541,1792,70.52
20,2646,SBIFUNDS,EQ,4691405,2775487,59.16
20,2647,SBILIFE,EQ,796284,571130,71.72
20,2648,SBILIQETF,EQ,27528,23783,86.40
20,2649,SBIMIDMOM,EQ,94378,73784,78.18
20,2650,SBIN,EQ,5138732,3432496,66.80
20,2651,SBINEQWETF,EQ,409974,280369,68.39
20,2652,SBINMID150,EQ,35328,24358,68.95
20,2653,SBISILVER,EQ,2012180,499862,24.84
20,2654,SBISMLETF,EQ,44040,37319,84.74
20,2655,SBIVALETF,EQ,12628,10489,83.06
20,2656,SCHAEFFLER,EQ,51700,28983,56.06
20,2657,SCHAND,EQ,29511,17310,58.66
20,2658,SCHNEIDER,EQ,355115,219444,61.80
20,2659,SCI,EQ,2271173,1009409,44.44
20,2660,SCILAL,EQ,224016,147452,65.82
20,2661,SCL01825,N6,100,100,100.00
20,2662,SCLZC26,NB,19,19,100.00
20,2663,SCML,SM,2000,1000,50.00
20,2664,SCODATUBES,EQ,89144,53250,59.73
20,2665,SDBL,EQ,352408,136286,38.67
20,2666,SDREAMS,SM,1000,1000,100.00
20,2667,SEAMECLTD,EQ,37989,15945,41.97
20,2668,SECMARK,EQ,111273,37751,33.93
20,2669,SECURKLOUD,EQ,25332,17954,70.87
20,2670,SEDEMAC,EQ,782871,492861,62.96
20,2671,SEIL,EQ,204552,144389,70.59
20,2672,SEJALLTD,EQ,10759,8011,74.46
20,2673,SEKURITIND,EQ,21054,16388,77.84
20,2674,SEL,SM,5400,4200,77.78
20,2675,SELECTIPO,EQ,58229,44059,75.67
20,2676,SELLOWRAP,SM,1600,1600,100.00
20,2677,SELMC,EQ,1817,1518,83.54
20,2678,SEMAC,EQ,2653,488,18.39
20,2679,SENCO,EQ,579076,237024,40.93
20,2680,SENORES,EQ,324239,170357,52.54
20,2681,SENSEXADD,EQ,1147,982,85.61
20,2682,SENSEXAXIS,EQ,3557,1556,43.74
20,2683,SENSEXBETA,EQ,2264,1726,76.24
20,2684,SENSEXETF,EQ,17103,10249,59.93
20,2685,SENSEXIETF,EQ,15715,10396,66.15
20,2686,SEPC,EQ,15935115,8212589,51.54
20,2687,SERVICE,SM,44000,16000,36.36
20,2688,SERVOTECH,EQ,248549,153034,61.57
20,2689,SESHAPAPER,EQ,28496,15975,56.06
20,2690,SETF10GILT,EQ,2180,2018,92.57
20,2691,SETFGOLD,EQ,5441668,2627591,48.29
20,2692,SETFNIF50,EQ,867183,629491,72.59
20,2693,SETFNIFBK,EQ,91514,72486,79.21
20,2694,SETFNN50,EQ,29423,18449,62.70
20,2695,SETL,EQ,2536650,1163748,45.88
20,2696,SFL,EQ,136813,72993,53.35
20,2697,SGBAPR28I,GB,137,85,62.04
20,2698,SGBAUG27,GB,49,38,77.55
20,2699,SGBAUG28V,GB,1096,879,80.20
20,2700,SGBAUG29V,GB,164,107,65.24
20,2701,SGBAUG30,GB,161,130,80.75
20,2702,SGBD29VIII,GB,223,180,80.72
20,2703,SGBDC27VII,GB,16,13,81.25
20,2704,SGBDE30III,GB,265,175,66.04
20,2705,SGBDE31III,GB,1901,1391,73.17
20,2706,SGBFEB28IX,GB,31,31,100.00
20,2707,SGBFEB29XI,GB,105,77,73.33
20,2708,SGBFEB32IV,GB,3124,2314,74.07
20,2709,SGBJ28VIII,GB,1,1,100.00
20,2710,SGBJAN27,GB,1,1,100.00
20,2711,SGBJAN29IX,GB,60,57,95.00
20,2712,SGBJAN29X,GB,92,77,83.70
20,2713,SGBJAN30IX,GB,221,141,63.80
20,2714,SGBJU29III,GB,181,158,87.29
20,2715,SGBJUL27,GB,14,11,78.57
20,2716,SGBJUL28IV,GB,230,154,66.96
20,2717,SGBJUL29IV,GB,207,176,85.02
20,2718,SGBJUN27,GB,3,3,100.00
20,2719,SGBJUN28,GB,550,351,63.82
20,2720,SGBJUN29II,GB,199,170,85.43
20,2721,SGBJUN30,GB,320,195,60.94
20,2722,SGBJUN31I,GB,1600,915,57.19
20,2723,SGBMAR28X,GB,4,4,100.00
20,2724,SGBMAR30X,GB,226,172,76.11
20,2725,SGBMAR31IV,GB,283,223,78.80
20,2726,SGBMAY28,GB,174,115,66.09
20,2727,SGBMAY29I,GB,915,624,68.20
20,2728,SGBMR29XII,GB,619,563,90.95
20,2729,SGBN28VIII,GB,120,61,50.83
20,2730,SGBNOV26,GB,27,27,100.00
20,2731,SGBNV29VII,GB,315,236,74.92
20,2732,SGBOC28VII,GB,13,8,61.54
20,2733,SGBOCT26,GB,1,1,100.00
20,2734,SGBSEP28VI,GB,104,71,68.27
20,2735,SGBSEP29VI,GB,317,200,63.09
20,2736,SGBSEP31II,GB,1157,702,60.67
20,2737,SGFIN,EQ,278985,144747,51.88
20,2738,SGIL,EQ,5022,3085,61.43
20,2739,SGL,EQ,5327,3748,70.36
20,2740,SGLRES,EQ,54234,39300,72.46
20,2741,SGMART,EQ,715922,476989,66.63
20,2742,SGRL,EQ,143393,79591,55.51
20,2743,SHADOWFAX,EQ,4368759,2337576,53.51
20,2744,SHAH,EQ,4193267,2636673,62.88
20,2745,SHAHALLOYS,EQ,1233591,532473,43.16
20,2746,SHAILY,EQ,197794,102344,51.74
20,2747,SHAKTIPUMP,EQ,222429,108141,48.62
20,2748,SHALBY,EQ,51062,28816,56.43
20,2749,SHANKARA,EQ,33413,23247,69.57
20,2750,SHANKESH,EQ,4454088,1478138,33.19
20,2751,SHANTHALA,SM,2400,2400,100.00
20,2752,SHANTI,EQ,103643,62912,60.70
20,2753,SHANTIGEAR,EQ,188065,43557,23.16
20,2754,SHANTIGOLD,EQ,1752486,668353,38.14
20,2755,SHARDACROP,EQ,113477,64098,56.49
20,2756,SHARDAMOTR,EQ,23685,12689,53.57
20,2757,SHAREINDIA,EQ,497729,353918,71.11
20,2758,SHARIABEES,EQ,5022,2666,53.09
20,2759,SHBAJRG,EQ,5060,3560,70.36
20,2760,SHEEL,ST,4000,4000,100.00
20,2761,SHEETAL,SM,11500,7500,65.22
20,2762,SHERA,SM,45000,36000,80.00
20,2763,SHETHJI,SM,162000,147000,90.74
20,2764,SHIGAN,SM,4500,3000,66.67
20,2765,SHILCTECH,EQ,15750,8343,52.97
20,2766,SHILGRAVQ,EQ,13125,11401,86.86
20,2767,SHILPAMED,EQ,2572207,982800,38.21
20,2768,SHINDL,EQ,174580,44906,25.72
20,2769,SHIPROCKET,EQ,55899452,7130981,12.76
20,2770,SHIVAAGRO,EQ,990,981,99.09
20,2771,SHIVACEM,EQ,84227,66238,78.64
20,2772,SHIVAMAUTO,EQ,223747,136522,61.02
20,2773,SHIVAMILLS,EQ,1168,671,57.45
20,2774,SHIVASHRIT,SM,3000,3000,100.00
20,2775,SHIVATEX,EQ,85297,56284,65.99
20,2776,SHIVAUM,EQ,905,847,93.59
20,2777,SHK,EQ,257115,157877,61.40
20,2778,SHKSIL,SM,8000,6000,75.00
20,2779,SHOPERSTOP,EQ,22333,11730,52.52
20,2780,SHRADDHA,EQ,19969,15818,79.21
20,2781,SHRADHA,EQ,12956,5826,44.97
20,2782,SHREDIGCEM,EQ,64609,38278,59.25
20,2783,SHREECEM,EQ,20510,13625,66.43
20,2784,SHREEDHAR,ST,24000,24000,100.00
20,2785,SHREEJISPG,EQ,1384681,549134,39.66
20,2786,SHREEKARNI,SM,6900,5250,76.09
20,2787,SHREEOSFM,SM,8000,8000,100.00
20,2788,SHREEPUSHK,EQ,238347,89295,37.46
20,2789,SHREERAMA,EQ,55022,36992,67.23
20,2790,SHREYANIND,EQ,6494,5441,83.79
20,2791,SHRIAHIMSA,ST,8400,7800,92.86
20,2792,SHRIKANHA,SM,32000,24000,75.00
20,2793,SHRIKRISH,EQ,1465,1004,68.53
20,2794,SHRINGARMS,EQ,219837,92772,42.20
20,2795,SHRIPISTON,EQ,106315,60439,56.85
20,2796,SHRIRAMFIN,EQ,5859843,4071585,69.48
20,2797,SHRIRAMPPS,EQ,1553689,751385,48.36
20,2798,SHRJAGP,EQ,6084,3685,60.57
20,2799,SHUBHSHREE,SM,2700,2700,100.00
20,2800,SHUKRAPHAR,EQ,1624555,674540,41.52
20,2801,SHYAMDHANI,ST,46000,44000,95.65
20,2802,SHYAMMETL,EQ,482400,196886,40.81
20,2803,SHYAMTEL,EQ,5438,3900,71.72
20,2804,SICAGEN,EQ,17574,11123,63.29
20,2805,SIDDHICOTS,SM,8400,8400,100.00
20,2806,SIDDHIKA,SM,500,500,100.00
20,2807,SIEL,EQ,2373,1816,76.53
20,2808,SIEMENS,EQ,222185,137515,61.89
20,2809,SIGACHI,EQ,2277888,1262565,55.43
20,2810,SIGMA,EQ,178401,79454,44.54
20,2811,SIGNATURE,EQ,304138,26684,8.77
20,2812,SIGNORIA,ST,6000,6000,100.00
20,2813,SIGNPOST,EQ,54760,38094,69.57
20,2814,SIKA,EQ,22965,12595,54.84
20,2815,SIL,EQ,37093,30535,82.32
20,2816,SILGO,EQ,98442,10846,11.02
20,2817,SILINV,EQ,3191,2150,67.38
20,2818,SILKFLEX,SM,22000,20000,90.91
20,2819,SILKY,SM,2400,2400,100.00
20,2820,SILLYMONKS,EQ,7003,6922,98.84
20,2821,SILVER,EQ,1196942,367706,30.72
20,2822,SILVER001,EQ,184325,132751,72.02
20,2823,SILVER1,EQ,7566622,3364544,44.47
20,2824,SILVER360,EQ,15850,7425,46.85
20,2825,SILVERADD,EQ,4913522,749830,15.26
20,2826,SILVERAG,EQ,363309,178700,49.19
20,2827,SILVERAXIS,EQ,1049189,739893,70.52
20,2828,SILVERBEES,EQ,28887685,10733328,37.16
20,2829,SILVERBETA,EQ,1329906,263049,19.78
20,2830,SILVERBND,EQ,56806,39690,69.87
20,2831,SILVERCASE,EQ,10708909,3478642,32.48
20,2832,SILVERIETF,EQ,4383236,2086142,47.59
20,2833,SILVERTUC,EQ,602062,176978,29.40
20,2834,SIMCA,ST,12600,12600,100.00
20,2835,SIMPLEXINF,EQ,211640,108879,51.45
20,2836,SIMPLXREA,EQ,3,3,100.00
20,2837,SINCLAIR,EQ,38575,24591,63.75
20,2838,SINDHUTRAD,EQ,1683690,1263941,75.07
20,2839,SINGERIND,EQ,46618,28107,60.29
20,2840,SINTERCOM,EQ,1818,1133,62.32
20,2841,SIRCA,EQ,311961,118242,37.90
20,2842,SIS,EQ,191449,117197,61.22
20,2843,SIYSIL,EQ,32641,15807,48.43
20,2844,SJLOGISTIC,SM,20250,13250,65.43
20,2845,SJS,EQ,79007,42094,53.28
20,2846,SJVN,EQ,1918159,1132503,59.04
20,2847,SKFINDIA,EQ,47153,29000,61.50
20,2848,SKFINDUS,EQ,59895,36809,61.46
20,2849,SKIPPER,EQ,996742,308222,30.92
20,2850,SKMEGGPROD,EQ,762059,228687,30.01
20,2851,SKP,SM,32000,4500,14.06
20,2852,SKYGOLD,EQ,847848,410601,48.43
20,2853,SKYTECH,ST,27200,27200,100.00
20,2854,SLONE,ST,5200,5200,100.00
20,2855,SMALL250,EQ,455610,309575,67.95
20,2856,SMALLADD,EQ,327534,225552,68.86
20,2857,SMALLCAP,EQ,1248421,649423,52.02
20,2858,SMALLGROWW,EQ,19649,11117,56.58
20,2859,SMALLIETF,EQ,107260,61563,57.40
20,2860,SMARTEN,ST,19200,19200,100.00
20,2861,SMARTWORKS,EQ,21633,10382,47.99
20,2862,SMCGLOBAL,EQ,440367,311294,70.69
20,2863,SML100CASE,EQ,2284608,1692551,74.08
20,2864,SMLMAH,EQ,35564,18930,53.23
20,2865,SMLT,EQ,9432,6472,68.62
20,2866,SMSPHARMA,EQ,460761,223777,48.57
20,2867,SNEHAA,SM,10000,10000,100.00
20,2868,SNOWMAN,EQ,136219,84406,61.96
20,2869,SNXT30BEES,EQ,3114,1914,61.46
20,2870,SNXT50BETA,EQ,3837,2672,69.64
20,2871,SOBHA,EQ,147325,70779,48.04
20,2872,SOCL,SM,6400,6400,100.00
20,2873,SOFTTECH,EQ,5851,4833,82.60
20,2874,SOLARA,EQ,225921,84298,37.31
20,2875,SOLARINDS,EQ,100997,50185,49.69
20,2876,SOLARWORLD,EQ,174966,98281,56.17
20,2877,SOLEX,EQ,41350,17681,42.76
20,2878,SOMANYCERA,EQ,155520,82467,53.03
20,2879,SOMATEX,EQ,9955,7558,75.92
20,2880,SOMICONVEY,EQ,8810,5159,58.56
20,2881,SONACOMS,EQ,1604737,752561,46.90
20,2882,SONAL,EQ,193,192,99.48
20,2883,SONAMAC,SM,5000,4000,80.00
20,2884,SONAMLTD,EQ,977687,486978,49.81
20,2885,SONATSOFTW,EQ,1017371,394923,38.82
20,2886,SONUINFRA,ST,45000,43500,96.67
20,2887,SOTL,EQ,181948,67288,36.98
20,2888,SOUTHBANK,EQ,12044453,6422485,53.32
20,2889,SOUTHWEST,EQ,65549,42886,65.43
20,2890,SPAL,EQ,263158,77305,29.38
20,2891,SPANDANA,EQ,59366,34548,58.19
20,2892,SPARC,EQ,2212493,805158,36.39
20,2893,SPCENET,EQ,1943272,1506742,77.54
20,2894,SPCL,SM,12000,10800,90.00
20,2895,SPCON,SM,1200,1200,100.00
20,2896,SPEB,SM,18000,12000,66.67
20,2897,SPELS,EQ,39129,24820,63.43
20,2898,SPENCERS,EQ,20176,14558,72.16
20,2899,SPIC,EQ,271707,148803,54.77
20,2900,SPLIL,EQ,1601,1487,92.88
20,2901,SPLPETRO,EQ,1221778,187293,15.33
20,2902,SPMLINFRA,EQ,177644,82542,46.46
20,2903,SPORTKING,EQ,338311,138849,41.04
20,2904,SPPPOLY,SM,2000,2000,100.00
20,2905,SPUNWEB,SM,6000,4800,80.00
20,2906,SRD,EQ,33814,28912,85.50
20,2907,SREEL,EQ,13275,8744,65.87
20,2908,SRF,EQ,311993,228695,73.30
20,2909,SRGHFL,EQ,901,855,94.89
20,2910,SRHHYPOLTD,EQ,39367,28569,72.57
20,2911,SRIKPRIND,EQ,3520,3443,97.81
20,2912,SRIVASAVI,ST,5000,4000,80.00
20,2913,SRM,EQ,134684,64961,48.23
20,2914,SRTL,EQ,34978,27267,77.95
20,2915,SSDL,EQ,14784,8459,57.22
20,2916,SSEGL,SM,28600,18600,65.03
20,2917,SSFL,ST,4500,4500,100.00
20,2918,SSWL,EQ,636712,376446,59.12
20,2919,STANLEY,EQ,51723,36838,71.22
20,2920,STAR,EQ,426871,206727,48.43
20,2921,STARCEMENT,EQ,2762342,1766861,63.96
20,2922,STARHEALTH,EQ,354531,196404,55.40
20,2923,STARPAPER,EQ,5108,4517,88.43
20,2924,STARTECK,EQ,138,69,50.00
20,2925,STCINDIA,EQ,10845,7395,68.19
20,2926,STEELCAS,EQ,56252,26397,46.93
20,2927,STEELCITY,EQ,8464,5080,60.02
20,2928,STEELXIND,EQ,837907,437828,52.25
20,2929,STEL,EQ,19646,9760,49.68
20,2930,STLNETWORK,EQ,3890428,2241296,57.61
20,2931,STLSTRINF,EQ,2118,1634,77.15
20,2932,STOVEKRAFT,EQ,794805,322931,40.63
20,2933,STUDDS,EQ,23747,16712,70.38
20,2934,STUDIOLSD,SM,18000,16000,88.89
20,2935,STYL,EQ,166797,89491,53.65
20,2936,STYLAMIND,EQ,24111,12893,53.47
20,2937,STYLEBAAZA,EQ,656876,446449,67.97
20,2938,STYRENIX,EQ,40863,21515,52.65
20,2939,SUBAHOTELS,SM,13200,13200,100.00
20,2940,SUBEXLTD,EQ,3529283,1871334,53.02
20,2941,SUBROS,EQ,27864,13729,49.27
20,2942,SUDARCOLOR,EQ,9327,5948,63.77
20,2943,SUDARSCHEM,EQ,796088,505595,63.51
20,2944,SUDEEPPHRM,EQ,329218,167702,50.94
20,2945,SUKHJITS,EQ,5571,5340,95.85
20,2946,SULA,EQ,250997,102190,40.71
20,2947,SUMEDHA,EQ,13789,13789,100.00
20,2948,SUMEETINDS,EQ,1512908,1216634,80.42
20,2949,SUMICHEM,EQ,133240,65561,49.21
20,2950,SUMIT,EQ,31781,20060,63.12
20,2951,SUMMITSEC,EQ,4680,2589,55.32
20,2952,SUNCLAY,EQ,24505,11365,46.38
20,2953,SUNDARAM,EQ,399498,282568,70.73
20,2954,SUNDARMFIN,EQ,232053,166059,71.56
20,2955,SUNDRMFAST,EQ,194540,106301,54.64
20,2956,SUNDROP,EQ,15620,11252,72.04
20,2957,SUNFLAG,EQ,137980,72422,52.49
20,2958,SUNLITE,SM,49800,34500,69.28
20,2959,SUNLOC,EQ,4507,3784,83.96
20,2960,SUNPHARMA,EQ,2413221,1724748,71.47
20,2961,SUNRAKSHAK,EQ,5767,4418,76.61
20,2962,SUNSHIEL,EQ,3753,2801,74.63
20,2963,SUNSHINE,EQ,7625144,699446,9.17
20,2964,SUNTECH,SM,59200,57600,97.30
20,2965,SUNTECK,EQ,74196,39750,53.57
20,2966,SUNTV,EQ,862089,487140,56.51
20,2967,SUPERHOUSE,EQ,6452,4560,70.68
20,2968,SUPRAJIT,EQ,57697,25611,44.39
20,2969,SUPREME,EQ,25439,18656,73.34
20,2970,SUPREMEIND,EQ,580445,507855,87.49
20,2971,SUPREMEINF,EQ,37665,18223,48.38
20,2972,SUPREMEPWR,SM,35500,28000,78.87
20,2973,SUPRIYA,EQ,178015,87711,49.27
20,2974,SURAJEST,EQ,160144,138019,86.18
20,2975,SURAJLTD,EQ,853,473,55.45
20,2976,SURAKSHA,EQ,138365,78107,56.45
20,2977,SURANASOL,EQ,84858,70999,83.67
20,2978,SURANAT&P,EQ,65334,23848,36.50
20,2979,SURANI,SM,3400,3200,94.12
20,2980,SURYALA,EQ,281,281,100.00
20,2981,SURYALAXMI,EQ,13957,10292,73.74
20,2982,SURYAROSNI,EQ,217239,123712,56.95
20,2983,SURYODAY,EQ,391182,142623,36.46
20,2984,SUVEN,EQ,1703616,549235,32.24
20,2985,SUVIDHAA,EQ,164440,147232,89.54
20,2986,SUYOG,EQ,18146,11459,63.15
20,2987,SUZLON,EQ,59911853,35092460,58.57
20,2988,SVGLOBAL,EQ,172,164,95.35
20,2989,SVPGLOB,EQ,55484,54791,98.75
20,2990,SWANCORP,EQ,755979,453786,60.03
20,2991,SWARAJENG,EQ,16022,6309,39.38
20,2992,SWARNSAR,EQ,18810,18119,96.33
20,2993,SWASTIK,ST,2400,2400,100.00
20,2994,SWELECTES,EQ,16197,7928,48.95
20,2995,SWIGGY,EQ,16143985,9432100,58.42
20,2996,SWISSMLTRY,EQ,98302,71237,72.47
20,2997,SWSOLAR,EQ,885872,467965,52.83
20,2998,SYLVANPLY,SM,4000,4000,100.00
20,2999,SYMPHONY,EQ,50055,27936,55.81
20,3000,SYNCOMF,EQ,16267062,5140631,31.60
20,3001,SYNGENE,EQ,493962,295749,59.87
20,3002,SYNOPTICS,ST,1800,1800,100.00
20,3003,SYRMA,EQ,1596920,613282,38.40
20,3004,SYSTANGO,SM,27600,18400,66.67
20,3005,TAALTECH,EQ,3895,3066,78.72
20,3006,TAC,ST,28000,23600,84.29
20,3007,TAINWALCHM,EQ,914,864,94.53
20,3008,TAJGVK,EQ,50366,29647,58.86
20,3009,TAKE,EQ,56992,56992,100.00
20,3010,TALBROAUTO,EQ,170040,96165,56.55
20,3011,TANAA,EQ,9888,7618,77.04
20,3012,TANKUP,ST,24000,23500,97.92
20,3013,TANLA,EQ,399862,202595,50.67
20,3014,TAPIFRUIT,SM,1500,1500,100.00
20,3015,TARACHAND,EQ,75871,28028,36.94
20,3016,TARAPUR,EQ,55683,42635,76.57
20,3017,TARC,EQ,334660,161777,48.34
20,3018,TARIL,EQ,11756303,1591659,13.54
20,3019,TARMAT,EQ,63133,40937,64.84
20,3020,TARSONS,EQ,67668,33325,49.25
20,3021,TASTYBITE,EQ,3378,1975,58.47
20,3022,TATACAP,EQ,545009,283468,52.01
20,3023,TATACHEM,EQ,592924,253492,42.75
20,3024,TATACOMM,EQ,325333,171020,52.57
20,3025,TATACONSUM,EQ,1686812,1274440,75.55
20,3026,TATAELXSI,EQ,168290,67218,39.94
20,3027,TATAGOLD,EQ,71879880,24363304,33.89
20,3028,TATAINVEST,EQ,235239,96580,41.06
20,3029,TATAPOWER,EQ,6003565,3700156,61.63
20,3030,TATASTEEL,EQ,36802869,23151109,62.91
20,3031,TATATECH,EQ,1402484,550065,39.22
20,3032,TATSILV,EQ,55567507,20334990,36.60
20,3033,TATVA,EQ,32839,13601,41.42
20,3034,TAURIAN,ST,25600,20000,78.13
20,3035,TBI,SM,71400,59400,83.19
20,3036,TBOTEK,EQ,454414,233604,51.41
20,3037,TBZ,EQ,1158968,315024,27.18
20,3038,TCC,EQ,255986,206055,80.49
20,3039,TCI,EQ,33254,20454,61.51
20,3040,TCIEXP,EQ,15736,8207,52.15
20,3041,TCL,SM,21600,16000,74.07
20,3042,TCPLPACK,EQ,17193,3884,22.59
20,3043,TCS,EQ,2905846,2027420,69.77
20,3044,TDPOWERSYS,EQ,3155375,1831984,58.06
20,3045,TEAMGTY,EQ,577,292,50.61
20,3046,TEAMLEASE,EQ,16899,8667,51.29
20,3047,TEAMTECH,ST,36000,36000,100.00
20,3048,TECH,EQ,28345,19994,70.54
20,3049,TECHD,SM,24900,19200,77.11
20,3050,TECHERA,SM,33600,23200,69.05
20,3051,TECHLABS,SM,24250,19500,80.41
20,3052,TECHM,EQ,2975369,2048584,68.85
20,3053,TECHNOCRAF,EQ,972438,346687,35.65
20,3054,TECHNOE,EQ,219040,129246,59.01
20,3055,TECHNVISN,EQ,521,341,65.45
20,3056,TECILCHEM,EQ,25091,14875,59.28
20,3057,TEGA,EQ,183472,110146,60.03
20,3058,TEJA,SM,1200,1200,100.00
20,3059,TEJASCARGO,SM,8400,8400,100.00
20,3060,TEJASNET,EQ,6707173,1380497,20.58
20,3061,TEMBO,EQ,1303121,330383,25.35
20,3062,TEMPSENS,EQ,8261866,1749478,21.18
20,3063,TENNIND,EQ,1327955,760098,57.24
20,3064,TERAI,EQ,276,150,54.35
20,3065,TERASOFT,EQ,27513,15985,58.10
20,3066,TEXINFRA,EQ,72236,54184,75.01
20,3067,TEXMOPIPES,EQ,15433,11302,73.23
20,3068,TEXRAIL,EQ,1148942,550986,47.96
20,3069,TFCILTD,EQ,5282135,2802439,53.06
20,3070,TFL,EQ,5700,3641,63.88
20,3071,TGBHOTELS,EQ,54811,43833,79.97
20,3072,TGL,ST,36200,36200,100.00
20,3073,TGVSL,EQ,91107,51531,56.56
20,3074,THAKDEV,EQ,30,30,100.00
20,3075,THANGAMAYL,EQ,89821,42971,47.84
20,3076,THEINVEST,EQ,8082,3677,45.50
20,3077,THEJO,EQ,3146,1953,62.08
20,3078,THELEELA,EQ,1539789,590413,38.34
20,3079,THEMISMED,EQ,131074,60564,46.21
20,3080,THERMAX,EQ,97468,48119,49.37
20,3081,THOMASCOOK,EQ,737720,367856,49.86
20,3082,THOMASCOTT,EQ,25403,16848,66.32
20,3083,THYROCARE,EQ,647414,441356,68.17
20,3084,TI,EQ,910070,435055,47.80
20,3085,TIGERLOGS,EQ,67699,39738,58.70
20,3086,TIIL,EQ,38183,17097,44.78
20,3087,TIINDIA,EQ,176869,112763,63.76
20,3088,TIJARIA,EQ,158657,131226,82.71
20,3089,TIMETECHNO,EQ,3297926,668427,20.27
20,3090,TIMEX,EQ,692144,290242,41.93
20,3091,TIMKEN,EQ,27757,17142,61.76
20,3092,TINNARUBR,EQ,51692,25232,48.81
20,3093,TIPSFILMS,EQ,1633,818,50.09
20,3094,TIPSMUSIC,EQ,122917,74369,60.50
20,3095,TIRUMALCHM,EQ,1243093,587122,47.23
20,3096,TITAGARH,EQ,323671,159617,49.31
20,3097,TITAN,EQ,630695,466715,74.00
20,3098,TMB,EQ,776594,321333,41.38
20,3099,TMCV,EQ,15309357,9241639,60.37
20,3100,TMPV,EQ,9986158,6681150,66.90
20,3101,TNIDETF,EQ,239956,149795,62.43
20,3102,TNPETRO,EQ,21800591,1737724,7.97
20,3103,TNPL,EQ,57978,28521,49.19
20,3104,TNTELE,EQ,32755,21527,65.72
20,3105,TOKYOPLAST,EQ,919,657,71.49
20,3106,TOLINS,EQ,43037,28290,65.73
20,3107,TOP100CASE,EQ,823495,708176,86.00
20,3108,TOP10ADD,EQ,282511,214676,75.99
20,3109,TOP15IETF,EQ,95386,88564,92.85
20,3110,TOP20,EQ,12782,11807,92.37
20,3111,TORNTPHARM,EQ,650409,503211,77.37
20,3112,TORNTPOWER,EQ,486515,330365,67.90
20,3113,TOTAL,EQ,23071,11404,49.43
20,3114,TOUCHWOOD,EQ,2924,2208,75.51
20,3115,TOYAMSL,EQ,176790,146674,82.97
20,3116,TPLPLASTEH,EQ,163895,60684,37.03
20,3117,TRACXN,EQ,178657,144898,81.10
20,3118,TRANSCOR,EQ,3997,2916,72.95
20,3119,TRANSRAILL,EQ,1425848,904928,63.47
20,3120,TRANSTEEL,SM,2010000,1633000,81.24
20,3121,TRAVELFOOD,EQ,58878,26151,44.42
20,3122,TREEHOUSE,EQ,12835,9448,73.61
20,3123,TREJHARA,EQ,24730,10691,43.23
20,3124,TREL,EQ,56610,42342,74.80
20,3125,TRENT,EQ,976926,598827,61.30
20,3126,TRF,EQ,7573,5145,67.94
20,3127,TRIDENT,EQ,2879797,1453885,50.49
20,3128,TRIDHYA,ST,6000,6000,100.00
20,3129,TRIGYN,EQ,76071,35842,47.12
20,3130,TRITONV,EQ,3097,2203,71.13
20,3131,TRITURBINE,EQ,359842,156155,43.40
20,3132,TRIVENI,EQ,1896432,622495,32.82
20,3133,TROM,SM,7200,5400,75.00
20,3134,TRU,EQ,123197,89060,72.29
20,3135,TRUALT,EQ,308868,173505,56.17
20,3136,TRUST,SM,74400,62400,83.87
20,3137,TSC,ST,8000,8000,100.00
20,3138,TSFINV,EQ,46952,30048,64.00
20,3139,TTKHLTCARE,EQ,100491,45254,45.03
20,3140,TTKPRESTIG,EQ,73699,45607,61.88
20,3141,TTL,EQ,245577,146077,59.48
20,3142,TTML,EQ,3058020,936983,30.64
20,3143,TUNWAL,SM,60000,44000,73.33
20,3144,TURTLEMINT,EQ,1007590,488694,48.50
20,3145,TUTIALKA,EQ,7747,6860,88.55
20,3146,TVSELECT,EQ,23319,12031,51.59
20,3147,TVSHLTD,EQ,7306,4386,60.03
20,3148,TVSMOTOR,EQ,1510029,1034881,68.53
20,3149,TVSSCS,EQ,493756,260045,52.67
20,3150,TVSSRICHAK,EQ,81248,15297,18.83
20,3151,TVTODAY,EQ,78515,47627,60.66
20,3152,TWCGOLDETF,EQ,56939,56382,99.02
20,3153,UBL,EQ,61021,38803,63.59
20,3154,UCOBANK,EQ,4461307,2654579,59.50
20,3155,UDAYJEW,EQ,1149,970,84.42
20,3156,UDS,EQ,297152,158087,53.20
20,3157,UEL,EQ,55208,33712,61.06
20,3158,UFLEX,EQ,237317,112673,47.48
20,3159,UFO,EQ,17996,10732,59.64
20,3160,UGARSUGAR,EQ,1211476,350191,28.91
20,3161,UGROCAP,EQ,146124,75673,51.79
20,3162,UHTL,ST,10000,10000,100.00
20,3163,UJJIVANSFB,EQ,8505500,4272354,50.23
20,3164,ULTRACEMCO,EQ,381057,287325,75.40
20,3165,ULTRAMAR,EQ,465042,185437,39.88
20,3166,UMA,SM,8000,8000,100.00
20,3167,UMESLTD,EQ,22729,15250,67.09
20,3168,UMIYA-MRO,EQ,67320,46976,69.78
20,3169,UNICHEMLAB,EQ,321470,107016,33.29
20,3170,UNIECOM,EQ,845771,360009,42.57
20,3171,UNIENTER,EQ,15001,13525,90.16
20,3172,UNIHEALTH,SM,5000,4000,80.00
20,3173,UNIINFO,EQ,3155,2128,67.45
20,3174,UNILEX,SM,1600,1600,100.00
20,3175,UNIMECH,EQ,317241,98232,30.96
20,3176,UNIONBANK,EQ,9767401,5915978,60.57
20,3177,UNIONGOLD,EQ,2810,2195,78.11
20,3178,UNIPARTS,EQ,443265,192695,43.47
20,3179,UNITDSPR,EQ,1523133,1175065,77.15
20,3180,UNITECH,EQ,3510786,2341431,66.69
20,3181,UNITEDPOLY,EQ,58541,34235,58.48
20,3182,UNITEDTEA,EQ,1069,643,60.15
20,3183,UNIVCABLES,EQ,167932,71212,42.41
20,3184,UNOMINDA,EQ,693607,411668,59.35
20,3185,UPHOT,EQ,18,18,100.00
20,3186,UPL,EQ,2572084,1843025,71.65
20,3187,URBAN,SM,140800,88800,63.07
20,3188,URBANCO,EQ,22948972,11499600,50.11
20,3189,URJA,EQ,595780,371459,62.35
20,3190,USASEEDS,SM,856,856,100.00
20,3191,USHAFIN,SM,51200,51200,100.00
20,3192,USHAMART,EQ,476372,288004,60.46
20,3193,USK,EQ,5809,4936,84.97
20,3194,UTIAMC,EQ,228720,174582,76.33
20,3195,UTKAL,SM,2000,2000,100.00
20,3196,UTKARSHBNK,EQ,12189024,5584709,45.82
20,3197,UTLSOLAR,EQ,244300,127521,52.20
20,3198,UTSSAV,ST,7800,7200,92.31
20,3199,UTTAMSUGAR,EQ,553344,87325,15.78
20,3200,V2RETAIL,EQ,985755,469592,47.64
20,3201,VADILALIND,EQ,20143,8089,40.16
20,3202,VADILENT,EQ,62,60,96.77
20,3203,VAIBHAVGBL,EQ,186764,104003,55.69
20,3204,VAISHALI,EQ,92425,62280,67.38
20,3205,VAKRANGEE,EQ,1159968,667357,57.53
20,3206,VAL30IETF,EQ,190570,115672,60.70
20,3207,VALUE,EQ,37118,19570,52.72
20,3208,VALUE360,SM,36000,36000,100.00
20,3209,VALUEAXIS,EQ,104604,36521,34.91
20,3210,VAML,EQ,18474216,11464968,62.06
20,3211,VARDMNPOLY,EQ,163280,127866,78.31
20,3212,VARROC,EQ,623239,246316,39.52
20,3213,VASCONEQ,EQ,320657,173726,54.18
20,3214,VASUPRADA,EQ,2005,2005,100.00
20,3215,VASWANI,EQ,15619,12826,82.12
20,3216,VBL,EQ,7714216,5259750,68.18
20,3217,VDEAL,SM,10800,7200,66.67
20,3218,VEDAVAAG,EQ,32690,30792,94.19
20,3219,VEDL,EQ,16664814,8690354,52.15
20,3220,VEDPOWER,EQ,17247572,11696170,67.81
20,3221,VEEDOL,EQ,6938,4029,58.07
20,3222,VEEKAYEM,SM,500,500,100.00
20,3223,VENKEYS,EQ,1282528,195683,15.26
20,3224,VENTIVE,EQ,22111,10992,49.71
20,3225,VENUSPIPES,EQ,103085,49745,48.26
20,3226,VERANDA,EQ,760542,343916,45.22
20,3227,VERTIS,IV,50000,50000,100.00
20,3228,VERTOZ,EQ,86873,74144,85.35
20,3229,VESUVIUS,EQ,96182,69252,72.00
20,3230,VGCL,EQ,22867,16164,70.69
20,3231,VGINFOTECH,SM,27000,20000,74.07
20,3232,VGL,EQ,11164,8983,80.46
20,3233,VGUARD,EQ,1794487,1001225,55.79
20,3234,VHL,EQ,1207,774,64.13
20,3235,VIAZ,SM,12000,12000,100.00
20,3236,VIDHIING,EQ,40625,29569,72.79
20,3237,VIDYAWIRES,EQ,2561121,1464928,57.20
20,3238,VIESL,SM,73600,64800,88.04
20,3239,VIGOR,ST,1600,1600,100.00
20,3240,VIJAYA,EQ,336878,187650,55.70
20,3241,VIJAYPD,SM,4000,4000,100.00
20,3242,VIJSOLX,EQ,31,31,100.00
20,3243,VIKASECO,EQ,1331593,753716,56.60
20,3244,VIKASLIFE,EQ,2420189,1534549,63.41
20,3245,VIKRAMSOLR,EQ,1326868,607194,45.76
20,3246,VIKRAN,EQ,889544,321752,36.17
20,3247,VILAS,SM,26750,21500,80.37
20,3248,VILINBIO,SM,68000,68000,100.00
20,3249,VIMTALABS,EQ,2416378,299529,12.40
20,3250,VINATIORGA,EQ,54321,26342,48.49
20,3251,VINCOFE,EQ,10994745,3508441,31.91
20,3252,VINDHYATEL,EQ,60287,21038,34.90
20,3253,VINEETLAB,EQ,203649,161455,79.28
20,3254,VINNY,EQ,119659,108925,91.03
20,3255,VINSYS,ST,6500,6500,100.00
20,3256,VINYAS,SM,8300,6200,74.70
20,3257,VINYLINDIA,EQ,5214,3397,65.15
20,3258,VIPCLOTHNG,EQ,72964,63730,87.34
20,3259,VIPIND,EQ,386585,248962,64.40
20,3260,VIRAT,EQ,2877,1766,61.38
20,3261,VIRINCHI,EQ,78258,60049,76.73
20,3262,VIRTUALG,EQ,2251800,1138392,50.55
20,3263,VISACHROME,EQ,24122,20137,83.48
20,3264,VISAKAIND,EQ,294154,171196,58.20
20,3265,VISAMAN,SM,1000,1000,100.00
20,3266,VISDEM,SM,14400,13200,91.67
20,3267,VISHAL,EQ,77372,48709,62.95
20,3268,VISHNU,EQ,91047,50102,55.03
20,3269,VISHNUINFR,SM,19000,18000,94.74
20,3270,VISHWARAJ,EQ,1261474,681401,54.02
20,3271,VISHWAS,ST,1600,1600,100.00
20,3272,VISL,EQ,30932406,20148921,65.14
20,3273,VITAL,EQ,5676,5639,99.35
20,3274,VIVIDEL,SM,24480,19920,81.37
20,3275,VIVIDHA,EQ,342805,270335,78.86
20,3276,VIVOBIOT,EQ,9857,8625,87.50
20,3277,VIYASH,EQ,3318934,1653261,49.81
20,3278,VLINFRA,SM,3000,3000,100.00
20,3279,VLSFINANCE,EQ,7548,5380,71.28
20,3280,VMARCIND,SM,291000,166500,57.22
20,3281,VMART,EQ,84716,42493,50.16
20,3282,VMM,EQ,15208938,8163424,53.68
20,3283,VMOBILE,SM,3200,3200,100.00
20,3284,VMSTMT,EQ,86224,23743,27.54
20,3285,VOEPL,EQ,189872,89432,47.10
20,3286,VOGL,EQ,41061258,18486811,45.02
20,3287,VOITHPAPR,EQ,1024,901,87.99
20,3288,VOLERCAR,SM,9600,5600,58.33
20,3289,VOLTAMP,EQ,30404,16210,53.32
20,3290,VOLTAS,EQ,1330259,957108,71.95
20,3291,VPRPL,EQ,518385,247012,47.65
20,3292,VR,SM,800,800,100.00
20,3293,VRAJ,EQ,21648,12156,56.15
20,3294,VRLLOG,EQ,261050,151769,58.14
20,3295,VSSL,EQ,88356,28193,31.91
20,3296,VSTIND,EQ,102871,58139,56.52
20,3297,VSTL,EQ,22394,17393,77.67
20,3298,VSTTILLERS,EQ,5798,3478,59.99
20,3299,VTL,EQ,422933,301515,71.29
20,3300,VTMLTD,EQ,109109,79929,73.26
20,3301,WAAREEENER,EQ,951100,586678,61.68
20,3302,WAAREEINDO,EQ,83046,48168,58.00
20,3303,WAAREERTL,EQ,86342,41241,47.76
20,3304,WABAG,EQ,796370,388768,48.82
20,3305,WAKEFIT,EQ,625100,195890,31.34
20,3306,WALCHANNAG,EQ,483183,262681,54.36
20,3307,WALPAR,SM,2000,2000,100.00
20,3308,WANBURY,EQ,81070,39220,48.38
20,3309,WARDINMOBI,EQ,271129,206858,76.30
20,3310,WATERBASE,EQ,11823,8595,72.70
20,3311,WCIL,EQ,59890,36171,60.40
20,3312,WEALTH,EQ,1205,961,79.75
20,3313,WEBELSOLAR,EQ,1874235,932597,49.76
20,3314,WEIZMANIND,EQ,4101,2521,61.47
20,3315,WEL,EQ,1119920,1019920,91.07
20,3316,WELCORP,EQ,1286940,489135,38.01
20,3317,WELENT,EQ,336991,196781,58.39
20,3318,WELSPLSOL,EQ,246905,139912,56.67
20,3319,WELSPUNLIV,EQ,3865770,1326809,34.32
20,3320,WENDT,EQ,5830,2492,42.74
20,3321,WESTLIFE,EQ,111770,69594,62.27
20,3322,WEWIN,EQ,3083,2972,96.40
20,3323,WEWORK,EQ,1751448,1090189,62.25
20,3324,WHBRADY,EQ,29,24,82.76
20,3325,WHEELS,EQ,117709,64368,54.68
20,3326,WHIRLPOOL,EQ,273026,131940,48.33
20,3327,WHITEFORCE,SM,1600,1600,100.00
20,3328,WILLAMAGOR,EQ,5064,5058,99.88
20,3329,WINDLAS,EQ,76645,38429,50.14
20,3330,WINDMACHIN,EQ,36131,16891,46.75
20,3331,WINSOL,SM,6800,5600,82.35
20,3332,WIPL,EQ,43,21,48.84
20,3333,WIPRO,EQ,16666567,10571399,63.43
20,3334,WOCKPHARMA,EQ,852543,444061,52.09
20,3335,WOMANCART,ST,12400,12000,96.77
20,3336,WONDERLA,EQ,81829,39938,48.81
20,3337,WORTHPERI,EQ,8032,3972,49.45
20,3338,WPIL,EQ,25879,13266,51.26
20,3339,WSI,EQ,11175,4716,42.20
20,3340,WSTCSTPAPR,EQ,254827,127255,49.94
20,3341,WTICAB,SM,13500,12500,92.59
20,3342,XCHANGING,EQ,42468,22926,53.98
20,3343,XELPMOC,EQ,6555,4334,66.12
20,3344,XPROINDIA,EQ,39344,23218,59.01
20,3345,XTGLOBAL,EQ,63021,42258,67.05
20,3346,XTRANET,EQ,3347062,852733,25.48
20,3347,YAAP,SM,22000,18000,81.82
20,3348,YASHO,EQ,25119,10906,43.42
20,3349,YASHOPTICS,SM,47200,47200,100.00
20,3350,YATHARTH,EQ,654071,341827,52.26
20,3351,YATRA,EQ,795986,329263,41.37
20,3352,YESBANK,EQ,102020136,67526532,66.19
20,3353,YOGI,EQ,1984,1181,59.53
20,3354,YUDIZ,SM,7200,6400,88.89
20,3355,YUKEN,EQ,12673,7146,56.39
20,3356,ZAGGLE,EQ,1444296,525589,36.39
20,3357,ZEEL,EQ,109254600,21713999,19.87
20,3358,ZEEMEDIA,EQ,5363712,1950478,36.36
20,3359,ZENITHDRUG,SM,1600,1600,100.00
20,3360,ZENITHEXPO,EQ,58,56,96.55
20,3361,ZENITHSTL,EQ,63572,49346,77.62
20,3362,ZENSARTECH,EQ,1334200,606162,45.43
20,3363,ZENTEC,EQ,500169,253355,50.65
20,3364,ZFCVINDIA,EQ,71018,36647,51.60
20,3365,ZFSTEERING,EQ,1340,870,64.93
20,3366,ZIMLAB,EQ,78786,53050,67.33
20,3367,ZODIAC,EQ,9639,4647,48.21
20,3368,ZODIACLOTH,EQ,3485,2265,64.99
20,3369,ZOTA,EQ,54364,41712,76.73
20,3370,ZSARACOM,EQ,20,12,60.00
20,3371,ZTECH,SM,5100,4200,82.35
20,3372,ZUARI,EQ,176030,78693,44.70
20,3373,ZUARIIND,EQ,96647,48652,50.34
20,3374,ZYDUSLIFE,EQ,1498294,930041,62.07
20,3375,ZYDUSWELL,EQ,402088,201012,49.99
