Security Wise Delivery Position - Compulsory Rolling Settlement
10,MTO,08092026,1784405630,0003386
Trade Date <08-SEP-2026>,Settlement Type <N>
Record Type,Sr No,Name of Security,Quantity Traded,Deliverable Quantity(gross across client level),% of Deliverable Quantity to Traded Quantity
20,1,1003IIFL29,NC,98,98,100.00
20,2,1015ECL29,NR,381,356,93.44
20,3,1015SCFL29,YY,1,1,100.00
20,4,1015SCL28B,AZ,12,11,91.67
20,5,1015SCL29B,N1,600,600,100.00
20,6,1018GS2026,GS,2520,1918,76.11
20,7,1025SCL34A,ZT,60,60,100.00
20,8,1030SFIL28,NM,8,8,100.00
20,9,1050ISFL28,N5,10,10,100.00
20,10,1050UCL28,NH,1002,1001,99.90
20,11,1060ECL29,NS,166,166,100.00
20,12,1065NFL27,NC,100,100,100.00
20,13,1075SCL33,YK,120,120,100.00
20,14,1075SCL33A,N2,6,6,100.00
20,15,1075WCA28,N0,64,56,87.50
20,16,1075WCAP28,N0,2,2,100.00
20,17,10IIFL28,N4,501,500,99.80
20,18,10IIFL28A,NE,195,195,100.00
20,19,10ISFL26,N3,46,46,100.00
20,20,10MWL29,N0,10,10,100.00
20,21,10UCL26,ND,100,100,100.00
20,22,1125AFIL29,N0,2,2,100.00
20,23,115VCCL31A,N0,2,2,100.00
20,24,1225DCCL27,N0,2,2,100.00
20,25,1225IFL27,N0,2,2,100.00
20,26,1225IFL28,N0,2,2,100.00
20,27,1275DCCL28,N0,10,10,100.00
20,28,12AFIL27,N0,5,5,100.00
20,29,12AFIL27A,N0,99,99,100.00
20,30,12AFIL28,N0,60,60,100.00
20,31,182D180926,TB,1200,1200,100.00
20,32,20MICRONS,EQ,108144,51376,47.51
20,33,21STCENMGM,EQ,4103,3690,89.93
20,34,360ONE,EQ,1123388,646866,57.58
20,35,364D290727,TB,100,100,100.00
20,36,3BBLACKBIO,EQ,26241,12891,49.13
20,37,3MINDIA,EQ,2158,993,46.01
20,38,3PLAND,EQ,3698,3642,98.49
20,39,574GS2026,GS,61,61,100.00
20,40,585GS2030,GS,11,11,100.00
20,41,5PAISA,EQ,16944,8713,51.42
20,42,603GS2029,GS,4995,4995,100.00
20,43,610GS2031,GS,565,500,88.50
20,44,620GS2029,GS,300,300,100.00
20,45,633GS2035,GS,1112,1112,100.00
20,46,636GS2031,GS,2500,2500,100.00
20,47,63MOONS,EQ,536543,243185,45.32
20,48,648GS2035,GS,100,100,100.00
20,49,654GS2032,GS,308,308,100.00
20,50,657GS2033A,GS,22,22,100.00
20,51,664TN29,SG,100,100,100.00
20,52,667GS2035,GS,100,100,100.00
20,53,667GS2050,GS,502,502,100.00
20,54,668GS2033,GS,100,100,100.00
20,55,668GS2040,GS,200,200,100.00
20,56,676GS2061,GS,57315,57313,100.00
20,57,679GS2034,GS,3000,3000,100.00
20,58,679GS2034A,GS,101,101,100.00
20,59,68GS2060,GS,250,250,100.00
20,60,690GS2065,GS,4574,4573,99.98
20,61,694GS2036,GS,1400,1200,85.71
20,62,695GS2061,GS,1024,1012,98.83
20,63,698GR2054,GS,2,2,100.00
20,64,699GS2051,GS,27,27,100.00
20,65,702GS2027,GS,75,75,100.00
20,66,702GS2031,GS,1800,1800,100.00
20,67,706GS2028,GS,37160,20230,54.44
20,68,706GS2046,GS,3150,3150,100.00
20,69,709GS2054,GS,2276,1706,74.96
20,70,709GS2074,GS,1111,1095,98.56
20,71,710GS2029,GS,10600,10600,100.00
20,72,717GS2028,GS,2376,2376,100.00
20,73,717GS2030,GS,2128,2128,100.00
20,74,718GS2037,GS,37767,32767,86.76
20,75,719GS2060,GS,2,2,100.00
20,76,71GS2034,GS,10,10,100.00
20,77,723GS2039,GS,400,400,100.00
20,78,724GS2055,GS,104264,103863,99.62
20,79,725GS2063,GS,90321,83554,92.51
20,80,726GS2032,GS,2205,2205,100.00
20,81,730PFCL41,NC,12,12,100.00
20,82,732GS2030,GS,1100,1100,100.00
20,83,734GS2064,GS,126738,109811,86.64
20,84,734IRFC28,N4,11,10,90.91
20,85,736GS2052,GS,4700,4700,100.00
20,86,737CG31,SG,100,100,100.00
20,87,737GS2028,GS,563,563,100.00
20,88,737NTPC35C,NA,35,35,100.00
20,89,738GS2027,GS,23020,16009,69.54
20,90,73GS2053,GS,23098,23098,100.00
20,91,741GS2036,GS,201,201,100.00
20,92,743GS2076,GS,33104,33104,100.00
20,93,746GS2073,GS,9497,9497,100.00
20,94,746UP34,SG,100,100,100.00
20,95,749TN36,SG,300,300,100.00
20,96,74GS2035,GS,1800,1800,100.00
20,97,74GS2062,GS,7,7,100.00
20,98,750GS2056,GS,1489,1489,100.00
20,99,750IRFC35,NK,100,100,100.00
20,100,753IRFC30,NJ,158,158,100.00
20,101,754GS2036,GS,317170,314670,99.21
20,102,754TS53,SG,100,100,100.00
20,103,762NTPC35F,ND,157,157,100.00
20,104,764HUDCO31,N8,3,3,100.00
20,105,764IRFC31,NO,1534,1525,99.41
20,106,764NABAR31,N2,2660,2660,100.00
20,107,769HUDCO31,N9,426,416,97.65
20,108,769NHAI31,NE,26,26,100.00
20,109,769TN33,SG,700,700,100.00
20,110,76NHAI31,NA,2328,2227,95.66
20,111,771GS2066,GS,196548,196513,99.98
20,112,772TS46,SG,200,200,100.00
20,113,774IREDA31,N7,20,20,100.00
20,114,779AP42,SG,100,100,100.00
20,115,77MH33A,SG,400,400,100.00
20,116,781RJ49,SG,100,100,100.00
20,117,788HR41,SG,2000,2000,100.00
20,118,792BR51,SG,100,100,100.00
20,119,794TN32,SG,4000,4000,100.00
20,120,795GS2032,GS,4178,4178,100.00
20,121,797IGT31,NL,100,50,50.00
20,122,799HR44,SG,3000,2000,66.67
20,123,79NHIT35,N1,135,130,96.30
20,124,79NHIT40,N2,40,40,100.00
20,125,79NHIT47,N3,103,103,100.00
20,126,813GS2045,GS,22,22,100.00
20,127,81TCHF28,N8,9,9,100.00
20,128,824GS2027,GS,2603,2603,100.00
20,129,82IGT31,NJ,1,1,100.00
20,130,830NHAI27,N2,240,240,100.00
20,131,830PFCL27,N5,200,200,100.00
20,132,842IIFL26,NL,219,219,100.00
20,133,843IHFL29,NC,25,25,100.00
20,134,860AEL28,NH,71,71,100.00
20,135,863IRFC29,NC,270,270,100.00
20,136,865IFL28,NZ,22,22,100.00
20,137,865IIFL28,NS,5,5,100.00
20,138,865IIFL31,Y6,80,80,100.00
20,139,865IRFC29,NA,160,160,100.00
20,140,865LTF26,NN,1,1,100.00
20,141,865SCL26,N8,5,5,100.00
20,142,865TCAPS27,N8,301,190,63.12
20,143,867PFCL33,N7,20,20,100.00
20,144,871REC28,N9,200,200,100.00
20,145,875AEL29,NK,65,45,69.23
20,146,875IIFL26,NM,50,50,100.00
20,147,875NHAI29,N6,694,694,100.00
20,148,87HMDA39,N0,200,200,100.00
20,149,880IREDA29,N5,142,141,99.30
20,150,885IIFL29,Y8,95,95,100.00
20,151,885SCL26,N9,265,265,100.00
20,152,888IRFC29,NE,1,1,100.00
20,153,889SCFL27,YC,200,200,100.00
20,154,889SCL26,NS,1,1,100.00
20,155,890AEL31,NN,11,11,100.00
20,156,891NTPC33,N6,387,378,97.67
20,157,892NHPC33,N6,100,100,100.00
20,158,892PFCL33,N8,733,701,95.63
20,159,894SCL27,ZY,1,1,100.00
20,160,897GS2030,GS,1,1,100.00
20,161,898LTF29,N7,152,152,100.00
20,162,89IHFL29,N1,330,330,100.00
20,163,901HUDCO34,NE,3,3,100.00
20,164,901NHB34,N6,232,232,100.00
20,165,905LTF27,NF,409,377,92.18
20,166,905SC24B,Z9,250,125,50.00
20,167,915SCL26,NE,16,16,100.00
20,168,91D051126,TB,100,100,100.00
20,169,91D081026,TB,500,500,100.00
20,170,91D151026,TB,100,100,100.00
20,171,91D170926,TB,100,100,100.00
20,172,91D221026,TB,100,100,100.00
20,173,925SCFL27,YA,5,5,100.00
20,174,925SCL2028,N8,354,354,100.00
20,175,92GS2030,GS,3810,3810,100.00
20,176,930AEL30,NF,78,50,64.10
20,177,930APMD31,N0,2,2,100.00
20,178,930SFL28,YP,383,383,100.00
20,179,935PFL33,N3,110,75,68.18
20,180,935TSI32,N0,2,2,100.00
20,181,93MOFSL34,N6,677,625,92.32
20,182,943ECL28,NJ,250,250,100.00
20,183,948SCL26A,NN,2,2,100.00
20,184,948SCL27D,N1,2,2,100.00
20,185,948SCL28,N1,200,200,100.00
20,186,94SFL28,YL,160,160,100.00
20,187,956AEL29,N6,3,3,100.00
20,188,957ICCL25,YW,350,350,100.00
20,189,965AEL27,N4,282,282,100.00
20,190,965SCL25C,N0,1,1,100.00
20,191,96IIFL28,N5,391,391,100.00
20,192,96IIFL28A,NF,306,255,83.33
20,193,96SFIL24A,NB,1,1,100.00
20,194,970CAGL28,ND,4572,4572,100.00
20,195,97SFL29,YZ,200,200,100.00
20,196,985ECL28,NK,40,40,100.00
20,197,990CCSP27,N0,1,1,100.00
20,198,990SCL28,N1,358,210,58.66
20,199,99AEL29,N7,70,70,100.00
20,200,9SCL26BA,NA,311,311,100.00
20,201,A2ZINFRA,EQ,117039,98819,84.43
20,202,AAATECH,EQ,6650,4544,68.33
20,203,AADHARHFC,EQ,279151,124067,44.44
20,204,AAKAAR,SM,3200,3200,100.00
20,205,AAKASH,EQ,73817,58575,79.35
20,206,AARADHYA,SM,14400,14400,100.00
20,207,AAREYDRUGS,EQ,142520,71153,49.92
20,208,AARON,EQ,6054,4329,71.51
20,209,AARTIDRUGS,EQ,60740,29977,49.35
20,210,AARTIIND,EQ,766682,316422,41.27
20,211,AARTIPHARM,EQ,453073,200851,44.33
20,212,AARVI,EQ,16061,9854,61.35
20,213,AASTHA,EQ,387228,260942,67.39
20,214,AATMAJ,SM,2000,2000,100.00
20,215,AAVAS,EQ,35998,20312,56.43
20,216,ABANSENT,EQ,2970,2159,72.69
20,217,ABB,EQ,167057,86749,51.93
20,218,ABBOTINDIA,EQ,11086,6532,58.92
20,219,ABCAPITAL,EQ,3482938,2096168,60.18
20,220,ABCOTS,EQ,7227,6970,96.44
20,221,ABDL,EQ,204726,124471,60.80
20,222,ABFRL,EQ,2646472,1208403,45.66
20,223,ABGSEC,EQ,255,250,98.04
20,224,ABH,ST,7200,7200,100.00
20,225,ABHAPOWER,SM,1600,1600,100.00
20,226,ABLBL,EQ,303999,199157,65.51
20,227,ABMKNO,EQ,913,763,83.57
20,228,ABREL,EQ,53107,25471,47.96
20,229,ABSL10BANK,EQ,1397,1334,95.49
20,230,ABSLAMC,EQ,65443,32147,49.12
20,231,ABSLBANETF,EQ,16937,11390,67.25
20,232,ABSLLIQUID,EQ,728,426,58.52
20,233,ABSLMSCIN,EQ,370,369,99.73
20,234,ABSLNN50ET,EQ,9982,7689,77.03
20,235,ABSLPSE,EQ,37126,24602,66.27
20,236,ABSMARINE,SM,115000,79000,68.70
20,237,ACC,EQ,116620,55909,47.94
20,238,ACCELYA,EQ,4962,3815,76.88
20,239,ACCENTMIC,SM,77500,57000,73.55
20,240,ACCPL,ST,1200,1200,100.00
20,241,ACE,EQ,238203,93370,39.20
20,242,ACEINTEG,EQ,1771,1404,79.28
20,243,ACETEC,SM,9600,9600,100.00
20,244,ACGL,EQ,246,155,63.01
20,245,ACI,EQ,688998,423907,61.53
20,246,ACL,EQ,29632,21135,71.32
20,247,ACMESOLAR,EQ,1281765,619821,48.36
20,248,ACUTAAS,EQ,174805,86441,49.45
20,249,ADANIENSOL,EQ,1308434,532376,40.69
20,250,ADANIENT,EQ,971374,427769,44.04
20,251,ADANIGREEN,EQ,678024,241991,35.69
20,252,ADANIPORTS,EQ,1217135,797070,65.49
20,253,ADANIPOWER,EQ,17837173,7288236,40.86
20,254,ADDICTIVE,SM,2000,1500,75.00
20,255,ADDIND,EQ,279,226,81.00
20,256,ADFFOODS,EQ,228769,69429,30.35
20,257,ADISOFT,SM,166400,106400,63.94
20,258,ADL,EQ,176,63,35.80
20,259,ADOR,EQ,44887,24055,53.59
20,260,ADROITINFO,EQ,123641,53645,43.39
20,261,ADSL,EQ,91732,48419,52.78
20,262,ADVAIT,EQ,66017,28360,42.96
20,263,ADVANCE,EQ,79416,41989,52.87
20,264,ADVANIHOTR,EQ,27336,16928,61.93
20,265,ADVENTHTL,EQ,300842,140506,46.70
20,266,ADVENZYMES,EQ,180305,97309,53.97
20,267,ADVIKCA,EQ,819602,586095,71.51
20,268,AEGISLOG,EQ,316136,108751,34.40
20,269,AEGISVOPAK,EQ,584529,238075,40.73
20,270,AEL120924A,N5,49,49,100.00
20,271,AEL170725A,NG,9,9,100.00
20,272,AEPL,EQ,46457,23757,51.14
20,273,AEQUS,EQ,2864307,1283403,44.81
20,274,AEROENTER,EQ,1601272,647456,40.43
20,275,AEROFLEX,EQ,1971688,460448,23.35
20,276,AERON,SM,2000,2000,100.00
20,277,AERONEU,EQ,46937,23862,50.84
20,278,AEROPLANE,EQ,592688,402220,67.86
20,279,AESTHETIK,SM,4000,4000,100.00
20,280,AETHER,EQ,130630,58764,44.99
20,281,AFCONS,EQ,828684,376778,45.47
20,282,AFFLE,EQ,146367,54154,37.00
20,283,AFFORDABLE,EQ,38881,17886,46.00
20,284,AFIL,EQ,338110,252588,74.71
20,285,AFSL,EQ,15736,12411,78.87
20,286,AGARIND,EQ,47875,23213,48.49
20,287,AGARWALEYE,EQ,424854,347211,81.72
20,288,AGARWALFT,SM,4500,4500,100.00
20,289,AGARWALTUF,SM,172800,144000,83.33
20,290,AGI,EQ,359947,160127,44.49
20,291,AGIIL,EQ,297151,191085,64.31
20,292,AGL,EQ,54467549,8424297,15.47
20,293,AGNI,SM,5000,5000,100.00
20,294,AGRITECH,EQ,4390,2433,55.42
20,295,AGROPHOS,EQ,114226,80908,70.83
20,296,AHCL,EQ,1454613,644042,44.28
20,297,AHLADA,EQ,14208,8034,56.55
20,298,AHLEAST,EQ,10422,8595,82.47
20,299,AHLUCONT,EQ,45142,24267,53.76
20,300,AIAENG,EQ,25860,14728,56.95
20,301,AIIL,EQ,142504,63346,44.45
20,302,AIMTRON,SM,27000,18200,67.41
20,303,AIRAN,EQ,568993,286482,50.35
20,304,AIROLAM,EQ,11457,7271,63.46
20,305,AISL,SM,5400,4800,88.89
20,306,AJANTPHARM,EQ,112843,63204,56.01
20,307,AJAXENGG,EQ,126111,57394,45.51
20,308,AJMERA,EQ,329876,175353,53.16
20,309,AJOONI,EQ,693541,510395,73.59
20,310,AKANKSHA,SM,8000,8000,100.00
20,311,AKASH,EQ,6216,5151,82.87
20,312,AKCAPIT,EQ,628,571,90.92
20,313,AKG,EQ,13409,12896,96.17
20,314,AKI,EQ,3982236,1711573,42.98
20,315,AKIKO,SM,14400,12000,83.33
20,316,AKSHAR,EQ,1977218,532136,26.91
20,317,AKUMS,EQ,199035,118782,59.68
20,318,ALANKIT,EQ,95801,72010,75.17
20,319,ALBERTDAVD,EQ,6478,3555,54.88
20,320,ALEMBICLTD,EQ,1417837,472228,33.31
20,321,ALGOQUANT,EQ,926998,253631,27.36
20,322,ALICON,EQ,29919,16802,56.16
20,323,ALIVUS,EQ,105792,61708,58.33
20,324,ALKALI,EQ,516831,119514,23.12
20,325,ALKEM,EQ,75997,38758,51.00
20,326,ALKYLAMINE,EQ,55726,24852,44.60
20,327,ALLCARGO,EQ,25792094,7275179,28.21
20,328,ALLDIGI,EQ,4118,3378,82.03
20,329,ALLETEC,SM,23600,18400,77.97
20,330,ALLTIME,EQ,38728,23852,61.59
20,331,ALMONDZ,EQ,368472,241025,65.41
20,332,ALOKINDS,EQ,28757241,11360552,39.51
20,333,ALPA,EQ,28762,8128,28.26
20,334,ALPEXSOLAR,SM,65000,44900,69.08
20,335,ALPHA,EQ,719525,427732,59.45
20,336,ALPHAETF,EQ,826651,718541,86.92
20,337,ALPINETEX,EQ,266877,113039,42.36
20,338,ALPL30IETF,EQ,160858,115025,71.51
20,339,ALUFLUOR,EQ,5727,4628,80.81
20,340,ALUWIND,SM,13500,9000,66.67
20,341,AMAGI,EQ,161239,68420,42.43
20,342,AMAL,EQ,4498,3781,84.06
20,343,AMARJOTHI,EQ,574,574,100.00
20,344,AMBAAUTO,SM,14000,13000,92.86
20,345,AMBANIORGO,SM,1000,1000,100.00
20,346,AMBER,EQ,137462,46539,33.86
20,347,AMBICAAGAR,EQ,42539,29122,68.46
20,348,AMBIKCO,EQ,19513,10436,53.48
20,349,AMBUJACEM,EQ,986589,446127,45.22
20,350,AMCL,SM,28400,28400,100.00
20,351,AMDIND,EQ,34539,17087,49.47
20,352,AMIABLE,SM,4800,0,0.00
20,353,AMJLAND,EQ,19625,9906,50.48
20,354,AMNPLST,EQ,5113,3304,64.62
20,355,AMRUTANJAN,EQ,42167,24360,57.77
20,356,ANANDRATHI,EQ,119591,62872,52.57
20,357,ANANTAM,IV,7249,6573,90.67
20,358,ANANTRAJ,EQ,1005063,433938,43.18
20,359,ANAWIL,SM,218800,136000,62.16
20,360,ANDHRAPAP,EQ,29596575,2378693,8.04
20,361,ANDHRSUGAR,EQ,505786,155096,30.66
20,362,ANDREWYU,EQ,60113,47397,78.85
20,363,ANGELONE,EQ,2591770,873055,33.69
20,364,ANIKINDS,EQ,7198,6359,88.34
20,365,ANLON,SM,4000,3600,90.00
20,366,ANMOL,EQ,221539,188830,85.24
20,367,ANNAPURNA,EQ,41641,36364,87.33
20,368,ANONDITA,SM,89400,68000,76.06
20,369,ANSALBU,EQ,1815,1241,68.37
20,370,ANTELOPUS,EQ,9401224,689498,7.33
20,371,ANTGRAPHIC,EQ,360294,239881,66.58
20,372,ANTHEM,EQ,898858,508156,56.53
20,373,ANUHPHR,EQ,1749719,623169,35.62
20,374,ANUP,EQ,22344,13801,61.77
20,375,ANURAS,EQ,137762,67477,48.98
20,376,ANYA,SM,15000,15000,100.00
20,377,AONEGOLD,EQ,152998,86783,56.72
20,378,AONELIQUID,EQ,29072,23697,81.51
20,379,AONENIFTY,EQ,396075,374838,94.64
20,380,AONESILVER,EQ,236317,140645,59.52
20,381,AONETMMQ50,EQ,70002,58241,83.20
20,382,AONETOTAL,EQ,195028,85890,44.04
20,383,APARINDS,EQ,114178,60585,53.06
20,384,APCL,EQ,5545,3731,67.29
20,385,APCOTEXIND,EQ,262125,141884,54.13
20,386,APEX,EQ,296621,67134,22.63
20,387,APEXECO,ST,9600,8800,91.67
20,388,APLAPOLLO,EQ,922548,559402,60.64
20,389,APLLTD,EQ,200271,128994,64.41
20,390,APOLLO,EQ,15479622,4502463,29.09
20,391,APOLLOHOSP,EQ,324848,185434,57.08
20,392,APOLLOPIPE,EQ,87773,36848,41.98
20,393,APOLLOTYRE,EQ,568041,277026,48.77
20,394,APOLSINHOT,EQ,372,277,74.46
20,395,APOORVA,EQ,1205,1201,99.67
20,396,APRAMEYA,SM,40000,38000,95.00
20,397,APS,SM,14750,10250,69.49
20,398,APSISAERO,ST,33600,32400,96.43
20,399,APTUS,EQ,511661,338920,66.24
20,400,AQYLON,EQ,2178820,1024889,47.04
20,401,ARCHIDPLY,EQ,24405,16862,69.09
20,402,ARCHIES,EQ,11407,10099,88.53
20,403,ARCIIL,SM,17000,14000,82.35
20,404,ARCL,EQ,905,814,89.94
20,405,ARDEE,EQ,3009161,1535840,51.04
20,406,ARE&M,EQ,289450,148747,51.39
20,407,ARENTERP,EQ,1192,768,64.43
20,408,ARFIN,EQ,1199300,574403,47.89
20,409,ARHAM,SM,44000,17000,38.64
20,410,ARIHANT,EQ,922,688,74.62
20,411,ARIHANTCAP,EQ,80820,49097,60.75
20,412,ARIHANTSUP,EQ,1802,1114,61.82
20,413,ARIS,EQ,3067027,944689,30.80
20,414,ARISTO,SM,800,800,100.00
20,415,ARKADE,EQ,94801,40387,42.60
20,416,ARMANFIN,EQ,14516,8271,56.98
20,417,AROGRANITE,EQ,10845,7652,70.56
20,418,ARSSBL,EQ,101733,49082,48.25
20,419,ARTEMISMED,EQ,474334,213487,45.01
20,420,ARTNIRMAN,EQ,6,6,100.00
20,421,ARUNAYA,SM,4000,4000,100.00
20,422,ARVEE,EQ,59140,31044,52.49
20,423,ARVIND,EQ,1015936,435845,42.90
20,424,ARVINDFASN,EQ,107507,57632,53.61
20,425,ARVINDPORT,SM,1500,1500,100.00
20,426,ARVSMART,EQ,40077,23352,58.27
20,427,ARYAMAN,EQ,1,1,100.00
20,428,ASAHIINDIA,EQ,89970,55600,61.80
20,429,ASAL,EQ,10901,5679,52.10
20,430,ASALCBR,EQ,38235,22751,59.50
20,431,ASHALOG,SM,3000,3000,100.00
20,432,ASHAPURMIN,EQ,373033,156937,42.07
20,433,ASHIANA,EQ,18213,10785,59.22
20,434,ASHIMASYN,EQ,100643,84811,84.27
20,435,ASHOKA,EQ,633887,342474,54.03
20,436,ASHOKAMET,EQ,61968,54987,88.73
20,437,ASHOKLEY,EQ,7997004,3786637,47.35
20,438,ASHUTOSH,ST,1275600,1153200,90.40
20,439,ASHWINI,SM,9000,4000,44.44
20,440,ASIANENE,EQ,1715686,415001,24.19
20,441,ASIANHOTNR,EQ,142759,49309,34.54
20,442,ASIANPAINT,EQ,373248,228178,61.13
20,443,ASIANTILES,EQ,2076110,768602,37.02
20,444,ASIANTNE,EQ,1503,1257,83.63
20,445,ASKAUTOLTD,EQ,464451,309017,66.53
20,446,ASPINWALL,EQ,416,384,92.31
20,447,ASPIRE,SM,12000,6000,50.00
20,448,ASTAR,EQ,18,18,100.00
20,449,ASTEC,EQ,1270916,171237,13.47
20,450,ASTERDM,EQ,537709,282751,52.58
20,451,ASTRAL,EQ,613597,361316,58.88
20,452,ASTRAMICRO,EQ,793737,212891,26.82
20,453,ASTRAZEN,EQ,2698,1532,56.78
20,454,ATALREAL,EQ,10577296,6440131,60.89
20,455,ATAM,EQ,7609,5518,72.52
20,456,ATCENERGY,ST,1200,1200,100.00
20,457,ATGL,EQ,458452,150352,32.80
20,458,ATHERENERG,EQ,2413864,737279,30.54
20,459,ATL,EQ,362830,164065,45.22
20,460,ATLANTAA,EQ,71064,30569,43.02
20,461,ATLANTAELE,EQ,151171,90060,59.57
20,462,ATLASCYCLE,EQ,1077562,258405,23.98
20,463,ATLPP,E1,273,165,60.44
20,464,ATMASTCO,SM,21200,17200,81.13
20,465,ATUL,EQ,12993,6989,53.79
20,466,ATULAUTO,EQ,80477,39210,48.72
20,467,AUBANK,EQ,1353347,796375,58.84
20,468,AUGMONT,EQ,693093,235283,33.95
20,469,AURIONPRO,EQ,115133,60784,52.79
20,470,AUROIMPEX,SM,8000,4800,60.00
20,471,AUROPHARMA,EQ,1055813,389850,36.92
20,472,AURUM,EQ,56616,34166,60.35
20,473,AURUS,EQ,24602,18865,76.68
20,474,AUSOMENT,EQ,6145,6014,97.87
20,475,AUSTENG,EQ,11816,11130,94.19
20,476,AUTOAXLES,EQ,4754,3764,79.18
20,477,AUTOBEES,EQ,187168,98040,52.38
20,478,AUTOIETF,EQ,366585,227214,61.98
20,479,AUTOIND,EQ,227265,109892,48.35
20,480,AVADHSUGAR,EQ,59362,19130,32.23
20,481,AVALON,EQ,355629,161457,45.40
20,482,AVANA,ST,22000,22000,100.00
20,483,AVANCE,EQ,3518500,1762831,50.10
20,484,AVANTEL,EQ,942769,320805,34.03
20,485,AVANTIFEED,EQ,1080144,267581,24.77
20,486,AVIANSH,SM,2000,2000,100.00
20,487,AVIENCE,SM,29400,25200,85.71
20,488,AVL,EQ,157929,86653,54.87
20,489,AVONMORE,EQ,152135,122833,80.74
20,490,AVPINFRA,SM,36800,24800,67.39
20,491,AVROIND,EQ,820338,447009,54.49
20,492,AVTNPL,EQ,162418,89475,55.09
20,493,AWFIS,EQ,167070,83133,49.76
20,494,AWHCL,EQ,73249,37969,51.84
20,495,AWL,EQ,819467,404314,49.34
20,496,AXISBANK,EQ,3623260,2177686,60.10
20,497,AXISCADES,EQ,309618,160410,51.81
20,498,AXITA,EQ,573251,419981,73.26
20,499,AXTEL,EQ,2822,2383,84.44
20,500,AYE,EQ,556286,278439,50.05
20,501,AYMSYNTEX,EQ,137382,65059,47.36
20,502,AZAD,EQ,256205,115396,45.04
20,503,AZADIND,EQ,43050,7250,16.84
20,504,BABAFP,SM,12800,4800,37.50
20,505,BAGDIGITAL,SM,17600,12800,72.73
20,506,BAGFILMS,EQ,121873,86933,71.33
20,507,BAGMANE,RR,428039,351053,82.01
20,508,BAHETI,SM,17250,10125,58.70
20,509,BAIDFIN,EQ,1092523,643599,58.91
20,510,BAJAJ-AUTO,EQ,192942,106212,55.05
20,511,BAJAJCON,EQ,589132,314857,53.44
20,512,BAJAJELEC,EQ,97393,37220,38.22
20,513,BAJAJFINSV,EQ,707710,390364,55.16
20,514,BAJAJHCARE,EQ,196328,101138,51.51
20,515,BAJAJHFL,EQ,3509185,1699522,48.43
20,516,BAJAJHIND,EQ,22885945,4817958,21.05
20,517,BAJAJHLDNG,EQ,28503,14116,49.52
20,518,BAJAJINDEF,EQ,7155,4740,66.25
20,519,BAJAJST,EQ,3242,2251,69.43
20,520,BAJEL,EQ,105390,52451,49.77
20,521,BAJFINANCE,EQ,3608327,2453676,68.00
20,522,BALAJEE,EQ,31666,19038,60.12
20,523,BALAJIPHOS,SM,2000,2000,100.00
20,524,BALAJITELE,EQ,310562,135036,43.48
20,525,BALAMINES,EQ,202112,75637,37.42
20,526,BALAXI,EQ,67891,52590,77.46
20,527,BALKRISHNA,EQ,27420,21814,79.56
20,528,BALKRISIND,EQ,360643,191065,52.98
20,529,BALMLAWRIE,EQ,143306,100092,69.84
20,530,BALPHARMA,EQ,126694,74522,58.82
20,531,BALRAMCHIN,EQ,3169872,426696,13.46
20,532,BALUFORGE,EQ,787147,270124,34.32
20,533,BANARBEADS,EQ,539,461,85.53
20,534,BANARISUG,EQ,1142,587,51.40
20,535,BANCOINDIA,EQ,76891,40209,52.29
20,536,BANDHANBNK,EQ,20828794,8173367,39.24
20,537,BANG,EQ,11655,7900,67.78
20,538,BANK10ADD,EQ,45774,41107,89.80
20,539,BANK10BETF,EQ,715,289,40.42
20,540,BANKA,EQ,2035,1421,69.83
20,541,BANKADD,EQ,6667,5270,79.05
20,542,BANKBARODA,EQ,7992697,5092327,63.71
20,543,BANKBEES,EQ,329432,211869,64.31
20,544,BANKBETA,EQ,22057,13278,60.20
20,545,BANKBETF,EQ,9059,5780,63.80
20,546,BANKETF,EQ,11089,4979,44.90
20,547,BANKIETF,EQ,108948,68608,62.97
20,548,BANKINDIA,EQ,4588957,2242100,48.86
20,549,BANKNIFTY1,EQ,104424,79654,76.28
20,550,BANKPSU,EQ,13314,9406,70.65
20,551,BANSALWIRE,EQ,77638,47697,61.44
20,552,BANSWRAS,EQ,23714,16368,69.02
20,553,BARFLEX,SM,8000,4000,50.00
20,554,BASF,EQ,25345,15719,62.02
20,555,BASILIC,SM,5700,4800,84.21
20,556,BATAINDIA,EQ,107016,55304,51.68
20,557,BATLIBOI,EQ,41932,15352,36.61
20,558,BAWEJA,SM,800,800,100.00
20,559,BAYERCROP,EQ,8994,6550,72.83
20,560,BBETF0432,EQ,1247,1012,81.15
20,561,BBL,EQ,33928,19126,56.37
20,562,BBNPNBETF,EQ,3715,3616,97.34
20,563,BBNPPGOLD,EQ,659,282,42.79
20,564,BBOX,EQ,344888,131611,38.16
20,565,BBTC,EQ,36957,13510,36.56
20,566,BBTCL,EQ,4569,1891,41.39
20,567,BCG,EQ,67429127,15479646,22.96
20,568,BCLIND,EQ,353778,199445,56.38
20,569,BCONCEPTS,EQ,10620,7388,69.57
20,570,BCPL,EQ,72707,29372,40.40
20,571,BDL,EQ,1571035,378101,24.07
20,572,BEACON,SM,4000,3000,75.00
20,573,BEARDSELL,EQ,44012,27572,62.65
20,574,BECTORFOOD,EQ,650239,271535,41.76
20,575,BEDMUTHA,EQ,2251,2099,93.25
20,576,BEEKAY,EQ,3407,2560,75.14
20,577,BEL,EQ,23225496,11133420,47.94
20,578,BELLACASA,EQ,4006,2969,74.11
20,579,BELRISE,EQ,5392903,2806479,52.04
20,580,BEML,EQ,1462432,316420,21.64
20,581,BENARAS,EQ,57,57,100.00
20,582,BENGALASM,EQ,252,223,88.49
20,583,BEPL,EQ,5773995,2321037,40.20
20,584,BERGEPAINT,EQ,224801,114922,51.12
20,585,BESTAGRO,EQ,802902,424927,52.92
20,586,BETA,EQ,13277,6566,49.45
20,587,BEWLTD,SM,11000,7500,68.18
20,588,BFINVEST,EQ,25262,14316,56.67
20,589,BFSI,EQ,94175,73416,77.96
20,590,BFUTILITIE,EQ,40778,19197,47.08
20,591,BHADORA,ST,103200,96000,93.02
20,592,BHAGCHEM,EQ,67906,48743,71.78
20,593,BHAGYANGR,EQ,194589,126909,65.22
20,594,BHANDARI,EQ,113309,89901,79.34
20,595,BHARATCOAL,EQ,2353977,1353108,57.48
20,596,BHARATFORG,EQ,1947343,1241309,63.74
20,597,BHARATRAS,EQ,8773,5282,60.21
20,598,BHARATSE,EQ,230364,62703,27.22
20,599,BHARATWIRE,EQ,68008,38351,56.39
20,600,BHARTIARTL,EQ,4169706,2573792,61.73
20,601,BHARTIHEXA,EQ,66216,38718,58.47
20,602,BHEL,EQ,4160694,1588184,38.17
20,603,BIGBLOC,EQ,19372,16079,83.00
20,604,BIKAJI,EQ,95487,38876,40.71
20,605,BIKEWO,ST,90000,86000,95.56
20,606,BIL,EQ,14559,10486,72.02
20,607,BIMETAL,EQ,91,91,100.00
20,608,BIOCON,EQ,2791301,1219064,43.67
20,609,BIOFILCHEM,EQ,12623,11066,87.67
20,610,BIOPOL,SM,211200,142800,67.61
20,611,BIRDYS,SM,1200,1200,100.00
20,612,BIRET,RR,872606,848378,97.22
20,613,BIRLACABLE,EQ,50176,50176,100.00
20,614,BIRLACORPN,EQ,58996,35283,59.81
20,615,BIRLAMONEY,EQ,23168,13017,56.19
20,616,BIRLANU,EQ,6962,4416,63.43
20,617,BIRLAPREC,EQ,463466,243446,52.53
20,618,BLACKBUCK,EQ,216364,122875,56.79
20,619,BLAL,EQ,33224,21413,64.45
20,620,BLBLIMITED,EQ,119368,96689,81.00
20,621,BLEL,EQ,2671760,586554,21.95
20,622,BLIL,EQ,74366,51183,68.83
20,623,BLKASHYAP,EQ,295619,156404,52.91
20,624,BLS,EQ,495662,223062,45.00
20,625,BLSE,EQ,434327,191330,44.05
20,626,BLUECLOUDS,EQ,1221023,558016,45.70
20,627,BLUECOAST,EQ,2241,1358,60.60
20,628,BLUEDART,EQ,6858,3898,56.84
20,629,BLUEJET,EQ,529236,223813,42.29
20,630,BLUEPEBBLE,SM,10000,5600,56.00
20,631,BLUESTARCO,EQ,1169742,580847,49.66
20,632,BLUESTONE,EQ,627130,142132,22.66
20,633,BLUEWATER,ST,9000,9000,100.00
20,634,BLUSPRING,EQ,705528,445623,63.16
20,635,BMETRICS,SM,12000,9600,80.00
20,636,BMLL,SM,65000,43000,66.15
20,637,BMWVENTLTD,EQ,51941,41406,79.72
20,638,BNAGROCHEM,EQ,1621,1267,78.16
20,639,BNKETFAXIS,EQ,883,622,70.44
20,640,BODALCHEM,EQ,5497858,1958490,35.62
20,641,BOHRAIND,EQ,17513,13410,76.57
20,642,BOMDYEING,EQ,1292100,382938,29.64
20,643,BONLON,EQ,1232,996,80.84
20,644,BORANA,EQ,22287,12204,54.76
20,645,BOROLTD,EQ,95659,50503,52.79
20,646,BORORENEW,EQ,342669,173217,50.55
20,647,BOROSCI,EQ,41466,20253,48.84
20,648,BOSCH-HCIL,EQ,52669,33250,63.13
20,649,BOSCHLTD,EQ,33665,18427,54.74
20,650,BOSS,SM,8000,6000,75.00
20,651,BPCL,EQ,4641011,2111898,45.51
20,652,BPL,EQ,25319,15679,61.93
20,653,BPLPHARMA,EQ,939,660,70.29
20,654,BRACEPORT,SM,6400,3200,50.00
20,655,BRAHMINFRA,EQ,8497,6705,78.91
20,656,BRANDMAN,SM,19200,12800,66.67
20,657,BRIGADE,EQ,319215,95936,30.05
20,658,BRIGHOTEL,EQ,109899,69331,63.09
20,659,BRIGHTBR,EQ,357,257,71.99
20,660,BRITANNIA,EQ,280231,185499,66.20
20,661,BRNL,EQ,17393,13476,77.48
20,662,BROOKS,EQ,64342,39696,61.70
20,663,BSE,EQ,2850676,1195062,41.92
20,664,BSE500IETF,EQ,131875,86019,65.23
20,665,BSHSL,EQ,8027,6888,85.81
20,666,BSL,EQ,3612,3412,94.46
20,667,BSLGOLDETF,EQ,592588,450495,76.02
20,668,BSLNIFTY,EQ,630053,431467,68.48
20,669,BSLSENETFG,EQ,22029,13136,59.63
20,670,BSOFT,EQ,463798,232797,50.19
20,671,BTML,EQ,2823219,1538931,54.51
20,672,BUILDPRO,EQ,139888,72241,51.64
20,673,BULKCORP,ST,1200,1200,100.00
20,674,BURNPUR,EQ,58100,58100,100.00
20,675,BUTTERFLY,EQ,20105,12342,61.39
20,676,BVCL,EQ,55539,43217,77.81
20,677,C2C,SM,84300,60900,72.24
20,678,CAMLINFINE,EQ,1119448,440729,39.37
20,679,CAMPUS,EQ,248017,154526,62.30
20,680,CAMS,EQ,608207,295110,48.52
20,681,CANARYS,SM,36000,24000,66.67
20,682,CANBK,EQ,8644820,4566102,52.82
20,683,CANFINHOME,EQ,328192,229353,69.88
20,684,CANHLIFE,EQ,988311,416323,42.12
20,685,CANTABIL,EQ,59495,39805,66.90
20,686,CAPACITE,EQ,572086,309581,54.11
20,687,CAPILLARY,EQ,547944,302723,55.25
20,688,CAPINVIT,IV,732521,693567,94.68
20,689,CAPITALSFB,EQ,23273,16420,70.55
20,690,CAPLIPOINT,EQ,127691,49999,39.16
20,691,CARBORUNIV,EQ,94132,45672,48.52
20,692,CARERATING,EQ,27991,16220,57.95
20,693,CARRARO,EQ,56002,32134,57.38
20,694,CARTRADE,EQ,308717,108029,34.99
20,695,CARYSIL,EQ,147684,70840,47.97
20,696,CASHIETF,EQ,66567,44788,67.28
20,697,CASTROLIND,EQ,1388206,789544,56.88
20,698,CCAVENUE,EQ,10150351,4971673,48.98
20,699,CCCL,EQ,123596,90767,73.44
20,700,CCHHL,EQ,29869,28761,96.29
20,701,CCL,EQ,160147,71283,44.51
20,702,CDSL,EQ,975781,405411,41.55
20,703,CEATLTD,EQ,33715,15326,45.46
20,704,CEIGALL,EQ,891724,375685,42.13
20,705,CEINSYS,EQ,48187,23790,49.37
20,706,CELEBRITY,EQ,36318,35954,99.00
20,707,CELLECOR,SM,1671000,1494000,89.41
20,708,CELLO,EQ,285798,127155,44.49
20,709,CELLPOINT,SM,1200,1200,100.00
20,710,CEMNTGROWW,EQ,325637,235686,72.38
20,711,CEMPRO,EQ,280343,142653,50.89
20,712,CENTENKA,EQ,78032,33391,42.79
20,713,CENTEXT,EQ,124246,76241,61.36
20,714,CENTRALBK,EQ,3623098,2114729,58.37
20,715,CENTRUM,EQ,122608,68764,56.08
20,716,CENTUM,EQ,92553,22853,24.69
20,717,CENTURYPLY,EQ,22632,12471,55.10
20,718,CERA,EQ,3298,1460,44.27
20,719,CESC,EQ,1580615,923283,58.41
20,720,CEWATER,EQ,37639,19624,52.14
20,721,CFEL,EQ,6645,6284,94.57
20,722,CGCL,EQ,4044474,1575799,38.96
20,723,CGPOWER,EQ,2618950,1268585,48.44
20,724,CGRAPHICS,SM,18400,13600,73.91
20,725,CGVAK,EQ,3883,2639,67.96
20,726,CHALET,EQ,180696,72481,40.11
20,727,CHAMBLFERT,EQ,398881,182876,45.85
20,728,CHAMUNDA,SM,15000,12000,80.00
20,729,CHANDAN,SM,24800,19200,77.42
20,730,CHAVDA,SM,191000,75000,39.27
20,731,CHEMBOND,EQ,63405,36919,58.23
20,732,CHEMCRUX,EQ,3060,2426,79.28
20,733,CHEMFAB,EQ,2418,1748,72.29
20,734,CHEMICAL,EQ,218836,141460,64.64
20,735,CHEMPLASTS,EQ,811176,226839,27.96
20,736,CHENNPETRO,EQ,1138754,320649,28.16
20,737,CHETANA,SM,4800,4800,100.00
20,738,CHEVIOT,EQ,2630,2063,78.44
20,739,CHOICEGOLD,EQ,2464,1792,72.73
20,740,CHOICEIN,EQ,306449,81446,26.58
20,741,CHOLAFIN,EQ,1040914,612814,58.87
20,742,CHOLAHLDNG,EQ,134033,103160,76.97
20,743,CIEINDIA,EQ,126785,78467,61.89
20,744,CIFL,EQ,309086,244289,79.04
20,745,CINELINE,EQ,72166,54281,75.22
20,746,CINEVISTA,EQ,16065,10895,67.82
20,747,CIPLA,EQ,728795,519044,71.22
20,748,CITIUSINVT,IV,135368,131446,97.10
20,749,CKKRETAIL,SM,187200,80800,43.16
20,750,CLASSICEIL,SM,33600,25600,76.19
20,751,CLAYCRAFT,SM,33600,25800,76.79
20,752,CLEAN,EQ,165910,81219,48.95
20,753,CLEANMAX,EQ,90317,32261,35.72
20,754,CLEDUCATE,EQ,12338,9879,80.07
20,755,CLSEL,EQ,125406,46253,36.88
20,756,CMLL,EQ,273491,149620,54.71
20,757,CMNL,SM,13500,12750,94.44
20,758,CMPDI,EQ,1033476,246386,23.84
20,759,CMRGREEN,EQ,274736,102401,37.27
20,760,CMRSL,SM,3200,2400,75.00
20,761,CMSINFO,EQ,427822,288415,67.41
20,762,CNL,EQ,64047,31590,49.32
20,763,COALINDIA,EQ,5273145,2744981,52.06
20,764,COASTCORP,EQ,64164,35686,55.62
20,765,COCHINSHIP,EQ,875111,282138,32.24
20,766,COCKERILL,EQ,11751,5578,47.47
20,767,COFFEEDAY,EQ,2194138,1318468,60.09
20,768,COFORGE,EQ,1594561,858860,53.86
20,769,COHANCE,EQ,1832601,1223199,66.75
20,770,COLPAL,EQ,214109,118889,55.53
20,771,COMFINTE,EQ,47608,33906,71.22
20,772,COMMITTED,SM,23200,22400,96.55
20,773,COMMOIETF,EQ,46454,32718,70.43
20,774,COMPEAU,EQ,1017,915,89.97
20,775,COMPUSOFT,EQ,23897,15997,66.94
20,776,COMSYN,EQ,1546418,617756,39.95
20,777,CONCOR,EQ,924971,383658,41.48
20,778,CONCORDBIO,EQ,201961,138987,68.82
20,779,CONFIPET,EQ,3653848,2364819,64.72
20,780,CONNPLEX,SM,38400,22400,58.33
20,781,CONS,EQ,28902,25851,89.44
20,782,CONSUMAXIS,EQ,2055,1915,93.19
20,783,CONSUMBEES,EQ,78677,41234,52.41
20,784,CONSUMER,EQ,353916,253876,71.73
20,785,CONSUMIETF,EQ,18938,17831,94.15
20,786,CONTROLPR,EQ,12773,8356,65.42
20,787,COOLCAPS,ST,155000,143750,92.74
20,788,CORALFINAC,EQ,19540,8790,44.98
20,789,CORDELIA,EQ,2061326,1052531,51.06
20,790,CORDSCABLE,EQ,1937988,520305,26.85
20,791,COROMANDEL,EQ,61408,34763,56.61
20,792,CORONA,EQ,9813,5080,51.77
20,793,COSMOFIRST,EQ,40826,23102,56.59
20,794,CPCAP,EQ,88590,67799,76.53
20,795,CPEDU,EQ,1581,1279,80.90
20,796,CPL,EQ,201784,41024,20.33
20,797,CPPLUS,EQ,169118,85430,50.52
20,798,CPS,SM,900,450,50.00
20,799,CPSEETF,EQ,1324882,1081234,81.61
20,800,CRAFTSMAN,EQ,22659,8344,36.82
20,801,CRAMC,EQ,1912939,1004605,52.52
20,802,CRAVATEX,EQ,1220,1133,92.87
20,803,CRAYONS,SM,3000,3000,100.00
20,804,CREATIVEYE,EQ,7155,6148,85.93
20,805,CREDENT,SM,57000,47400,83.16
20,806,CREDITACC,EQ,105678,49012,46.38
20,807,CREST,EQ,7147,4670,65.34
20,808,CRISIL,EQ,26735,16333,61.09
20,809,CRIZAC,EQ,1555453,462292,29.72
20,810,CROMPTON,EQ,3241817,1276870,39.39
20,811,CROWN,EQ,11590,9239,79.72
20,812,CSBBANK,EQ,635441,330524,52.01
20,813,CSLFINANCE,EQ,37446,26334,70.33
20,814,CSM,EQ,51809,22882,44.17
20,815,CSSL,SM,2000,1000,50.00
20,816,CUB,EQ,1107925,449732,40.59
20,817,CUBEINVIT,IV,213672,197672,92.51
20,818,CUBEXTUB,EQ,63102,36328,57.57
20,819,CUDML,SM,38000,35000,92.11
20,820,CUMMINSIND,EQ,457631,308861,67.49
20,821,CUPID,EQ,7752087,3506284,45.23
20,822,CURAA,EQ,671,569,84.80
20,823,CURIS,SM,76000,53000,69.74
20,824,CURRENT,SM,1600,1600,100.00
20,825,CYBERMEDIA,EQ,116773,93188,79.80
20,826,CYIENT,EQ,261931,110763,42.29
20,827,CYIENTDLM,EQ,3128714,1188870,38.00
20,828,DABUR,EQ,2107745,1316983,62.48
20,829,DALBHARAT,EQ,143709,73468,51.12
20,830,DALMIASUG,EQ,113835,26891,23.62
20,831,DAMCAPITAL,EQ,353726,129851,36.71
20,832,DANGEE,EQ,27055,15734,58.16
20,833,DANISH,SM,14550,9900,68.04
20,834,DATAMATICS,EQ,113101,44301,39.17
20,835,DATAPATTNS,EQ,2894206,759321,26.24
20,836,DAVANGERE,EQ,31289677,21633310,69.14
20,837,DBCORP,EQ,29713,19138,64.41
20,838,DBEIL,EQ,719710,309243,42.97
20,839,DBL,EQ,49330,17989,36.47
20,840,DBOL,EQ,83928,39908,47.55
20,841,DBREALTY,EQ,799147,504673,63.15
20,842,DCAL,EQ,138425,72429,52.32
20,843,DCBBANK,EQ,6352270,2311611,36.39
20,844,DCG,SM,154800,118800,76.74
20,845,DCI,EQ,1111658,258995,23.30
20,846,DCMFINSERV,EQ,11363,6771,59.59
20,847,DCMNVL,EQ,40184,27628,68.75
20,848,DCMSHRIRAM,EQ,45553,28768,63.15
20,849,DCMSIL,EQ,61329,30873,50.34
20,850,DCMSRIND,EQ,167918,74076,44.11
20,851,DCW,EQ,2432635,780058,32.07
20,852,DCXINDIA,EQ,482554,189234,39.22
20,853,DDEVPLSTIK,EQ,76809,56473,73.52
20,854,DECCANCE,EQ,11865,7477,63.02
20,855,DECCANTRAN,SM,4800,4800,100.00
20,856,DECNGOLD,EQ,1302537,540255,41.48
20,857,DEEDEV,EQ,328658,170696,51.94
20,858,DEEM,ST,3000,3000,100.00
20,859,DEEP,EQ,9972,6567,65.85
20,860,DEEPA,EQ,50931963,16499950,32.40
20,861,DEEPAKFERT,EQ,238040,119446,50.18
20,862,DEEPAKNTR,EQ,310426,121138,39.02
20,863,DEEPINDS,EQ,946974,386700,40.84
20,864,DEFENCE,EQ,281076,156540,55.69
20,865,DELAPLEX,SM,12600,7800,61.90
20,866,DELHIVERY,EQ,2214615,1372137,61.96
20,867,DELTACORP,EQ,536646,275838,51.40
20,868,DELTAMAGNT,EQ,2793,2669,95.56
20,869,DELTIC,SM,18000,14000,77.78
20,870,DEN,EQ,336140,208241,61.95
20,871,DENEERS,SM,10200,7200,70.59
20,872,DENORA,EQ,5325,4514,84.77
20,873,DENTA,EQ,79481,34675,43.63
20,874,DENTALKART,SM,7500,6000,80.00
20,875,DEVIT,EQ,36964,30175,81.63
20,876,DEVX,EQ,85260,66811,78.36
20,877,DEVYANI,EQ,868338,427725,49.26
20,878,DGCONTENT,EQ,7305,6761,92.55
20,879,DHAMPURSUG,EQ,450077,138865,30.85
20,880,DHANBANK,EQ,342786,198629,57.95
20,881,DHANLAXMI,SM,4000,4000,100.00
20,882,DHANSA,SM,26000,26000,100.00
20,883,DHANUKA,EQ,37513,25773,68.70
20,884,DHARARAIL,ST,2000,2000,100.00
20,885,DHARIWAL,SM,789000,690000,87.45
20,886,DHARMAJ,EQ,42227,24933,59.05
20,887,DHATRE,EQ,77720,41683,53.63
20,888,DHOOTTRANS,EQ,2321905,532796,22.95
20,889,DHRUV,EQ,391,391,100.00
20,890,DHUNINV,EQ,301,195,64.78
20,891,DIAMINESQ,EQ,7999,7117,88.97
20,892,DIAMONDYD,EQ,30348,14038,46.26
20,893,DICIND,EQ,6121,4316,70.51
20,894,DIFFNKG,EQ,273122,112799,41.30
20,895,DIGIDRIVE,EQ,29631,22003,74.26
20,896,DIGIKORE,SM,51200,46800,91.41
20,897,DIGISPICE,EQ,42404,26687,62.94
20,898,DIGITIDE,EQ,293637,164735,56.10
20,899,DIGJAMLMTD,EQ,20727,18799,90.70
20,900,DISAQ,EQ,492,49,9.96
20,901,DISHTV,EQ,1298327,1042334,80.28
20,902,DIVGIITTS,EQ,105696,42924,40.61
20,903,DIVIDEND,EQ,3316,2040,61.52
20,904,DIVINEHIRA,ST,14400,7200,50.00
20,905,DIVISLAB,EQ,838906,429832,51.24
20,906,DIVOPPBEES,EQ,60917,40593,66.64
20,907,DIVYADHAN,ST,8000,6000,75.00
20,908,DIXON,EQ,129101,48551,37.61
20,909,DJML,EQ,156457,30717,19.63
20,910,DKEGL,SM,1500,1500,100.00
20,911,DLF,EQ,2425538,1316429,54.27
20,912,DLINKINDIA,EQ,31082,15982,51.42
20,913,DMART,EQ,500898,404813,80.82
20,914,DMCC,EQ,36462,25898,71.03
20,915,DNAMEDIA,EQ,19650,15917,81.00
20,916,DODLA,EQ,27293,15831,58.00
20,917,DOLATALGO,EQ,128937,75844,58.82
20,918,DOLLAR,EQ,70109,37765,53.87
20,919,DOLLEX,SM,120000,76000,63.33
20,920,DOLPHIN,EQ,73643,30995,42.09
20,921,DOMS,EQ,38304,23512,61.38
20,922,DONEAR,EQ,60206,37839,62.85
20,923,DPABHUSHAN,EQ,10491,5889,56.13
20,924,DPEL,SM,109000,77500,71.10
20,925,DRAGARWQ,EQ,898,492,54.79
20,926,DRCSYSTEMS,EQ,67911,54148,79.73
20,927,DREAMFOLKS,EQ,44900,32190,71.69
20,928,DREDGECORP,EQ,90354,43378,48.01
20,929,DRONE,SM,207000,187500,90.58
20,930,DRREDDY,EQ,587270,328387,55.92
20,931,DSSL,EQ,28453,14120,49.63
20,932,DTL,SM,2400,2400,100.00
20,933,DUCOL,SM,36000,33600,93.33
20,934,DUCON,EQ,2913978,1767593,60.66
20,935,DURLAX,SM,90000,66000,73.33
20,936,DVL,EQ,14117,9132,64.69
20,937,DWARKESH,EQ,2299108,488269,21.24
20,938,DYCL,EQ,1016331,362078,35.63
20,939,DYNAMATECH,EQ,10021,3339,33.32
20,940,DYNAMIC,ST,9500,8000,84.21
20,941,DYNPRO,EQ,15809,11437,72.34
20,942,E2ERAIL,SM,401600,108800,27.09
20,943,EASEMYTRIP,EQ,28001359,10254957,36.62
20,944,EASTWEST,EQ,43991,31458,71.51
20,945,EBANK10,EQ,2754,2707,98.29
20,946,EBANKNIFTY,EQ,177,140,79.10
20,947,EBBETF0430,EQ,12172,8009,65.80
20,948,EBBETF0431,EQ,4062,3336,82.13
20,949,EBBETF0433,EQ,19196,18479,96.26
20,950,EBGNG,EQ,1683816,559929,33.25
20,951,ECAPINSURE,EQ,23253,17033,73.25
20,952,ECLERX,EQ,168424,56171,33.35
20,953,ECOLINE,ST,22000,21000,95.45
20,954,ECORECO,EQ,10266,7359,71.68
20,955,ECOSMOBLTY,EQ,40799,23492,57.58
20,956,EDELWEISS,EQ,23439200,9121502,38.92
20,957,EEPL,ST,15000,15000,100.00
20,958,EFACTOR,SM,29200,25600,87.67
20,959,EFCIL,EQ,188815,111233,58.91
20,960,EFFWA,SM,5600,4000,71.43
20,961,EFORCE,SM,14400,9600,66.67
20,962,EGOLD,EQ,41468,8606,20.75
20,963,EICHERMOT,EQ,461637,316122,68.48
20,964,EIDPARRY,EQ,251904,121557,48.26
20,965,EIEL,EQ,1029574,521401,50.64
20,966,EIHAHOTELS,EQ,11850,5608,47.32
20,967,EIHOTEL,EQ,1038216,684117,65.89
20,968,EIMCOELECO,EQ,16406,8719,53.15
20,969,EKC,EQ,162005,89298,55.12
20,970,EKI,EQ,11471,9136,79.64
20,971,ELANTAS,EQ,9941,3353,33.73
20,972,ELCIDIN,EQ,2,2,100.00
20,973,ELDEHSG,EQ,158,96,60.76
20,974,ELECON,EQ,163985,72127,43.98
20,975,ELECTCAST,EQ,1318866,724191,54.91
20,976,ELECTHERM,EQ,6936,4133,59.59
20,977,ELGIEQUIP,EQ,286900,130745,45.57
20,978,ELGIRUBCO,EQ,45091,29747,65.97
20,979,ELGNZ,SM,8000,3000,37.50
20,980,ELIN,EQ,349113,190078,54.45
20,981,ELIQUID,EQ,60179,34677,57.62
20,982,ELITECON,EQ,1895127,1895027,99.99
20,983,ELLEN,EQ,868357,481699,55.47
20,984,ELM250,EQ,107056,25833,24.13
20,985,ELMDIV,EQ,7,6,85.71
20,986,ELPROINTL,EQ,4832,3654,75.62
20,987,EMAMILTD,EQ,860617,518875,60.29
20,988,EMAMIREAL,EQ,12331,10308,83.59
20,989,EMAPARTNER,SM,7000,4000,57.14
20,990,EMBASSY,RR,293614,262151,89.28
20,991,EMBDL,EQ,1639752,771893,47.07
20,992,EMCURE,EQ,93609,42906,45.84
20,993,EMETAL,EQ,6040,5176,85.70
20,994,EMIL,EQ,6303918,2256511,35.80
20,995,EMKAY,EQ,19955,14662,73.48
20,996,EMKAYTOOLS,SM,2100,1050,50.00
20,997,EMMIL,SM,3500,3000,85.71
20,998,EMMVEE,EQ,1236466,607122,49.10
20,999,EMPIND,EQ,17717,14526,81.99
20,1000,EMPOWER,EQ,19565972,16070781,82.14
20,1001,EMSLIMITED,EQ,164742,76693,46.55
20,1002,EMUDHRA,EQ,173359,95233,54.93
20,1003,EMULTIMQ,EQ,12316,10844,88.05
20,1004,ENCOMPAS,SM,3600,2800,77.78
20,1005,ENDURANCE,EQ,81560,38134,46.76
20,1006,ENERGY,EQ,383910,355961,92.72
20,1007,ENERGYAXIS,EQ,20874,19860,95.14
20,1008,ENERGYDEV,EQ,15162,11810,77.89
20,1009,ENEXT50,EQ,254,203,79.92
20,1010,ENFUSE,SM,1200,1200,100.00
20,1011,ENGINERSIN,EQ,2925037,1040821,35.58
20,1012,ENIFTY,EQ,1719,1497,87.09
20,1013,ENIL,EQ,73276,62852,85.77
20,1014,ENKEIWHEL,EQ,4351,3723,85.57
20,1015,ENRIN,EQ,824146,398342,48.33
20,1016,ENSER,SM,80000,75000,93.75
20,1017,ENTERO,EQ,114511,56785,49.59
20,1018,ENVIRO,SM,24000,16000,66.67
20,1019,EPACK,EQ,327225,162270,49.59
20,1020,EPACKPEB,EQ,560975,175258,31.24
20,1021,EPIGRAL,EQ,30444,13315,43.74
20,1022,EPL,EQ,3071783,1561606,50.84
20,1023,EQUAL200,EQ,23344,21065,90.24
20,1024,EQUAL50,EQ,3692,1948,52.76
20,1025,EQUAL50ADD,EQ,39565,33323,84.22
20,1026,EQUITASBNK,EQ,1142583,663685,58.09
20,1027,ERIS,EQ,28743,14208,49.43
20,1028,ESABINDIA,EQ,4719,2870,60.82
20,1029,ESCONET,ST,26000,25600,98.46
20,1030,ESCORTS,EQ,65334,38473,58.89
20,1031,ESDS,EQ,12761472,3334175,26.13
20,1032,ESENSEX,EQ,204,203,99.51
20,1033,ESFL,SM,17640,8280,46.94
20,1034,ESG,EQ,34414,31696,92.10
20,1035,ESILVER,EQ,52737,34094,64.65
20,1036,ESPRIT,SM,11200,8000,71.43
20,1037,ESSARSHPNG,EQ,303769,207943,68.45
20,1038,ESSENTIA,EQ,8096583,3478328,42.96
20,1039,ESTER,EQ,49070,28304,57.68
20,1040,ETERNAL,EQ,10662039,5780624,54.22
20,1041,ETHOSLTD,EQ,17259,8021,46.47
20,1042,ETL,SM,450,450,100.00
20,1043,ETML,SM,3600,3600,100.00
20,1044,EUREKAFORB,EQ,101526,51945,51.16
20,1045,EUROBOND,EQ,2142,1668,77.87
20,1046,EUROPRATIK,EQ,162490,17919,11.03
20,1047,EVEREADY,EQ,421499,153885,36.51
20,1048,EVIETF,EQ,211175,128511,60.86
20,1049,EVINDIA,EQ,176645,114132,64.61
20,1050,EXCELINDUS,EQ,8141,5434,66.75
20,1051,EXCELLENT,ST,3200,3200,100.00
20,1052,EXCELSOFT,EQ,244261,112980,46.25
20,1053,EXICOM,EQ,2500549,855323,34.21
20,1054,EXIDEIND,EQ,1399882,679368,48.53
20,1055,EXIMROUTES,SM,99200,99200,100.00
20,1056,EXPLEOSOL,EQ,20997,13173,62.74
20,1057,EXXARO,EQ,254975,212910,83.50
20,1058,FABTECH,EQ,57323,29473,51.42
20,1059,FACT,EQ,402032,83819,20.85
20,1060,FALCONTECH,SM,2400,2400,100.00
20,1061,FASCINATE,SM,1150400,597600,51.95
20,1062,FAZE3Q,EQ,7008,4053,57.83
20,1063,FCL,EQ,51043359,11960505,23.43
20,1064,FCSSOFT,EQ,1283392,768599,59.89
20,1065,FDC,EQ,62726,39574,63.09
20,1066,FEDDERSHOL,EQ,3577049,1968504,55.03
20,1067,FEDERALBNK,EQ,3571930,2198515,61.55
20,1068,FEDFINA,EQ,676777,364539,53.86
20,1069,FELIX,SM,144500,94500,65.40
20,1070,FERMENTA,EQ,124807,68192,54.64
20,1071,FIBERWEB,EQ,5777,4016,69.52
20,1072,FIDEL,SM,6000,6000,100.00
20,1073,FIEMIND,EQ,36919,23074,62.50
20,1074,FILATEX,EQ,704694,299336,42.48
20,1075,FILATFASH,EQ,9975185,8101611,81.22
20,1076,FINBUD,SM,2000,2000,100.00
20,1077,FINCABLES,EQ,1806357,540926,29.95
20,1078,FINEORG,EQ,11446,6602,57.68
20,1079,FINIETF,EQ,252671,177067,70.08
20,1080,FINKURVE,EQ,130557,69771,53.44
20,1081,FINOPB,EQ,223021,70404,31.57
20,1082,FINPIPE,EQ,256537,136167,53.08
20,1083,FIRSTCRY,EQ,570947,231414,40.53
20,1084,FISCHER,EQ,300427,174891,58.21
20,1085,FIVESTAR,EQ,145895,85087,58.32
20,1086,FLAIR,EQ,634998,447060,70.40
20,1087,FLEXIADD,EQ,45204,35912,79.44
20,1088,FLUOROCHEM,EQ,136156,78086,57.35
20,1089,FLYSBS,SM,91600,51000,55.68
20,1090,FMCGADD,EQ,34188,13992,40.93
20,1091,FMCGIETF,EQ,2380827,1956128,82.16
20,1092,FMGOETZE,EQ,572679,197805,34.54
20,1093,FMNL,EQ,50081,45144,90.14
20,1094,FONEBOX,SM,16000,14000,87.50
20,1095,FOODSIN,EQ,32938,18798,57.07
20,1096,FORCAS,ST,20800,20800,100.00
20,1097,FORCEMOT,EQ,47183,21591,45.76
20,1098,FORGEAUTO,SM,7200,7200,100.00
20,1099,FORTIS,EQ,768379,477872,62.19
20,1100,FOSECOIND,EQ,8459,4139,48.93
20,1101,FRACTAL,EQ,133560,66689,49.93
20,1102,FREDUN,EQ,97274,40909,42.06
20,1103,FRESHARA,ST,134400,131400,97.77
20,1104,FROG,ST,41600,39600,95.19
20,1105,FRONTSP,EQ,10954,7099,64.81
20,1106,FSL,EQ,339117,111533,32.89
20,1107,FUSION,EQ,508211,278196,54.74
20,1108,GABRIEL,EQ,196279,77354,39.41
20,1109,GAEL,EQ,561039,228912,40.80
20,1110,GAIL,EQ,4347861,2988872,68.74
20,1111,GAJA,EQ,555867,205683,37.00
20,1112,GAJANAND,SM,15000,12000,80.00
20,1113,GALAPREC,EQ,21610,11057,51.17
20,1114,GALAXYSURF,EQ,159336,68439,42.95
20,1115,GALLANTT,EQ,120655,63899,52.96
20,1116,GANDHAR,EQ,528915,273422,51.69
20,1117,GANDHITUBE,EQ,4925,3289,66.78
20,1118,GANECOS,EQ,156348,67194,42.98
20,1119,GANESHCP,EQ,620162,482434,77.79
20,1120,GANESHHOU,EQ,15289,8642,56.52
20,1121,GANESHIN,ST,156000,140000,89.74
20,1122,GANGABATH,SM,9000,6000,66.67
20,1123,GANGAFORGE,EQ,3936325,2414251,61.33
20,1124,GANGESSECU,EQ,1524,1177,77.23
20,1125,GARFIBRES,EQ,24619,12439,50.53
20,1126,GARUDA,EQ,12283756,1342376,10.93
20,1127,GATEWAY,EQ,1065075,408642,38.37
20,1128,GAYAHWS,EQ,242919,179908,74.06
20,1129,GAYAPROJ,EQ,2694235,1841812,68.36
20,1130,GCHOTELS,ST,25800,22800,88.37
20,1131,GCSL,EQ,518013,236244,45.61
20,1132,GEEKAYWIRE,EQ,124885,85002,68.06
20,1133,GEMAROMA,EQ,81302,39223,48.24
20,1134,GENCON,EQ,282549,17842,6.31
20,1135,GENESYS,EQ,8754555,1342309,15.33
20,1136,GENUSPAPER,EQ,169810,112304,66.14
20,1137,GENUSPOWER,EQ,1390800,640418,46.05
20,1138,GENXAI,SM,22800,20400,89.47
20,1139,GEOJITFSL,EQ,342199,166259,48.59
20,1140,GESHIP,EQ,760052,388254,51.08
20,1141,GFLLIMITED,EQ,299897,181593,60.55
20,1142,GFSTEELS,EQ,5204,5204,100.00
20,1143,GGBL,SM,37500,24000,64.00
20,1144,GHCL,EQ,90776,57791,63.66
20,1145,GHCLTEXTIL,EQ,403571,258499,64.05
20,1146,GICHSGFIN,EQ,63413,34541,54.47
20,1147,GICL,EQ,695516,304117,43.73
20,1148,GICRE,EQ,937332,490417,52.32
20,1149,GILLANDERS,EQ,1739,1454,83.61
20,1150,GILLETTE,EQ,40115,28230,70.37
20,1151,GILT10BETA,EQ,500082,499262,99.84
20,1152,GILT5BETA,EQ,198804,198754,99.97
20,1153,GILT5YBEES,EQ,124132,79667,64.18
20,1154,GIPCL,EQ,325313,179661,55.23
20,1155,GIRIRAJ,SM,250,250,100.00
20,1156,GJL,ST,3200,3200,100.00
20,1157,GKB,EQ,7204,7201,99.96
20,1158,GKENERGY,EQ,362678,146355,40.35
20,1159,GKSL,EQ,381320,158422,41.55
20,1160,GKWLIMITED,EQ,508,382,75.20
20,1161,GLAND,EQ,709554,377880,53.26
20,1162,GLAXO,EQ,50684,24468,48.28
20,1163,GLENMARK,EQ,447432,219743,49.11
20,1164,GLFL,EQ,11524,11308,98.13
20,1165,GLOBAL,EQ,385486,199611,51.78
20,1166,GLOBALE,EQ,4731,2663,56.29
20,1167,GLOBALPET,SM,2250,2250,100.00
20,1168,GLOBALVECT,EQ,6915,5312,76.82
20,1169,GLOBE,EQ,407651,399246,97.94
20,1170,GLOBECIVIL,EQ,27306,16126,59.06
20,1171,GLOBUSSPR,EQ,241474,129937,53.81
20,1172,GLOSTERLTD,EQ,641,466,72.70
20,1173,GLOTTIS,EQ,135316,107662,79.56
20,1174,GMBREW,EQ,20463,11573,56.56
20,1175,GMDCLTD,EQ,1454970,367405,25.25
20,1176,GML,SM,16000,14000,87.50
20,1177,GMMPFAUDLR,EQ,1155005,357446,30.95
20,1178,GMRAIRPORT,EQ,8949771,6087346,68.02
20,1179,GMRP&UI,EQ,1548311,681210,44.00
20,1180,GNA,EQ,227103,114218,50.29
20,1181,GNFC,EQ,1037637,649489,62.59
20,1182,GNRL,EQ,634510,172390,27.17
20,1183,GOACARBON,EQ,28685,12841,44.77
20,1184,GOCLCORP,EQ,183004,94279,51.52
20,1185,GOCOLORS,EQ,59977,28270,47.13
20,1186,GODAVARIB,EQ,57244,29990,52.39
20,1187,GODFRYPHLP,EQ,129795,47592,36.67
20,1188,GODIGIT,EQ,158238,48236,30.48
20,1189,GODREJAGRO,EQ,422780,216126,51.12
20,1190,GODREJCP,EQ,1437045,889638,61.91
20,1191,GODREJIND,EQ,63806,26406,41.38
20,1192,GODREJPROP,EQ,507608,171651,33.82
20,1193,GOKEX,EQ,106564,41404,38.85
20,1194,GOKUL,EQ,154949,28928,18.67
20,1195,GOKULAGRO,EQ,875102,361657,41.33
20,1196,GOLD1,EQ,1041351,541211,51.97
20,1197,GOLD360,EQ,11492,5996,52.18
20,1198,GOLDADD,EQ,4359148,2986809,68.52
20,1199,GOLDAXIS,EQ,2600077,1928003,74.15
20,1200,GOLDBEES,EQ,19795291,8651010,43.70
20,1201,GOLDBETA,EQ,736226,550929,74.83
20,1202,GOLDBND,EQ,24203,22670,93.67
20,1203,GOLDCASE,EQ,10295437,5511327,53.53
20,1204,GOLDETF,EQ,1246818,763135,61.21
20,1205,GOLDIAM,EQ,583593,239429,41.03
20,1206,GOLDIETF,EQ,3793599,2181081,57.49
20,1207,GOLDSTAR,SM,33750,22500,66.67
20,1208,GOODLUCK,EQ,1569090,778869,49.64
20,1209,GOODYEAR,EQ,4216,2810,66.65
20,1210,GOPAL,EQ,91892,33326,36.27
20,1211,GOYALALUM,EQ,45367,33096,72.95
20,1212,GOYALSALT,SM,600,600,100.00
20,1213,GPECO,SM,14800,9800,66.22
20,1214,GPIL,EQ,1287350,579781,45.04
20,1215,GPPL,EQ,560277,309355,55.21
20,1216,GPTHEALTH,EQ,145874,65786,45.10
20,1217,GPTINFRA,EQ,143162,72344,50.53
20,1218,GRADIENTE,EQ,1367910,862671,63.06
20,1219,GRANDOAK,EQ,772,547,70.85
20,1220,GRANULES,EQ,2111998,873716,41.37
20,1221,GRAPHISAD,SM,18000,12000,66.67
20,1222,GRAPHITE,EQ,1208880,440607,36.45
20,1223,GRASIM,EQ,875447,542494,61.97
20,1224,GRAUWEIL,EQ,306863,165264,53.86
20,1225,GRAVISSHO,EQ,105,105,100.00
20,1226,GRAVITA,EQ,218722,101828,46.56
20,1227,GRCL,SM,750,750,100.00
20,1228,GREAVESCOT,EQ,467258,167299,35.80
20,1229,GREENCHEF,SM,1600,1600,100.00
20,1230,GREENLAM,EQ,41593,29244,70.31
20,1231,GREENLEAF,ST,3000,3000,100.00
20,1232,GREENPANEL,EQ,351454,155831,44.34
20,1233,GREENPLY,EQ,104416,50286,48.16
20,1234,GREENPOWER,EQ,2268132,1370248,60.41
20,1235,GRINDWELL,EQ,12837,6982,54.39
20,1236,GRINFRA,EQ,12337,7112,57.65
20,1237,GRMOVER,EQ,1436766,358505,24.95
20,1238,GROBTEA,EQ,2,2,100.00
20,1239,GROWW,EQ,18712196,11076145,59.19
20,1240,GROWWCAPM,EQ,463030,359330,77.60
20,1241,GROWWCHEM,EQ,109416,93128,85.11
20,1242,GROWWDEFNC,EQ,484787,283966,58.58
20,1243,GROWWEV,EQ,312881,204798,65.46
20,1244,GROWWGOLD,EQ,1485087,782275,52.68
20,1245,GROWWHOSPI,EQ,210204,164108,78.07
20,1246,GROWWLIQID,EQ,218348,115855,53.06
20,1247,GROWWLOVOL,EQ,7226,4628,64.05
20,1248,GROWWMC150,EQ,932,833,89.38
20,1249,GROWWMETAL,EQ,669401,305412,45.62
20,1250,GROWWMOM50,EQ,94566,39793,42.08
20,1251,GROWWN200,EQ,82183,76624,93.24
20,1252,GROWWNET,EQ,657563,291011,44.26
20,1253,GROWWNIFTY,EQ,1090198,586520,53.80
20,1254,GROWWNXT50,EQ,4677,2217,47.40
20,1255,GROWWPOWER,EQ,1997010,1240453,62.12
20,1256,GROWWPSE,EQ,1672,1010,60.41
20,1257,GROWWPSUBK,EQ,4854,1785,36.77
20,1258,GROWWRAIL,EQ,468337,322444,68.85
20,1259,GROWWRLTY,EQ,177073,99865,56.40
20,1260,GROWWSC250,EQ,115196,93271,80.97
20,1261,GROWWSLVR,EQ,1107262,338303,30.55
20,1262,GRPLTD,EQ,981,709,72.27
20,1263,GRSE,EQ,348575,98570,28.28
20,1264,GRWRHITECH,EQ,21656,10217,47.18
20,1265,GSEC10ABSL,EQ,10,6,60.00
20,1266,GSEC10ADD,EQ,520,515,99.04
20,1267,GSEC10IETF,EQ,100,100,100.00
20,1268,GSEC10YEAR,EQ,3501,1860,53.13
20,1269,GSEC5IETF,EQ,8567,4565,53.29
20,1270,GSFC,EQ,877506,482497,54.99
20,1271,GSLSU,EQ,71165,38875,54.63
20,1272,GSMFOILS,SM,1275500,540500,42.38
20,1273,GSPCROP,EQ,2530958,620317,24.51
20,1274,GSS,EQ,29086,22815,78.44
20,1275,GSTL,SM,3000,3000,100.00
20,1276,GTL,EQ,459766,344396,74.91
20,1277,GTLINFRA,EQ,35870401,15594477,43.47
20,1278,GTPL,EQ,26510,16974,64.03
20,1279,GUFICBIO,EQ,66969,32803,48.98
20,1280,GUJALKALI,EQ,57495,24192,42.08
20,1281,GUJAPOLLO,EQ,4003,2864,71.55
20,1282,GUJENERGY,EQ,1104625,628511,56.90
20,1283,GUJRAFFIA,EQ,2702,1897,70.21
20,1284,GUJTHEM,EQ,1824251,809895,44.40
20,1285,GULFOILLUB,EQ,37689,19476,51.68
20,1286,GULPOLY,EQ,195570,110045,56.27
20,1287,GURUNANAK,SM,12800,12800,100.00
20,1288,GVPIL,EQ,214560,84163,39.23
20,1289,GVT&D,EQ,4274212,1038747,24.30
20,1290,GYFTR,EQ,16980,8156,48.03
20,1291,HAL,EQ,2553021,1050518,41.15
20,1292,HALDER,EQ,27910,7365,26.39
20,1293,HALEOSLABS,EQ,465,411,88.39
20,1294,HAMPTON,EQ,371915,347635,93.47
20,1295,HAPPSTMNDS,EQ,1486882,511389,34.39
20,1296,HAPPY,SM,48000,26000,54.17
20,1297,HAPPYFORGE,EQ,46944,25335,53.97
20,1298,HARDWYN,EQ,1019996,479896,47.05
20,1299,HARIOMPIPE,EQ,141126,70922,50.25
20,1300,HARRMALAYA,EQ,9200,7461,81.10
20,1301,HARSHA,EQ,211797,109956,51.92
20,1302,HATHWAY,EQ,1064614,640407,60.15
20,1303,HATSUN,EQ,180176,99552,55.25
20,1304,HAVELLS,EQ,1045920,762803,72.93
20,1305,HAVISHA,EQ,20675,15085,72.96
20,1306,HAWKINCOOK,EQ,843,510,60.50
20,1307,HAZOOR,EQ,346036,295110,85.28
20,1308,HBESD,EQ,618,611,98.87
20,1309,HBLENGINE,EQ,1986289,767164,38.62
20,1310,HBPOR,EQ,232,163,70.26
20,1311,HBSL,EQ,5599,4710,84.12
20,1312,HCC,EQ,35951505,12348862,34.35
20,1313,HCG,EQ,145459,79896,54.93
20,1314,HCL-INSYS,EQ,327856,233863,71.33
20,1315,HCLTECH,EQ,2241262,1223799,54.60
20,1316,HDBFS,EQ,489696,317989,64.94
20,1317,HDFCAMC,EQ,550618,369509,67.11
20,1318,HDFCBANK,EQ,19883515,13264353,66.71
20,1319,HDFCBSE500,EQ,566492,533016,94.09
20,1320,HDFCGOLD,EQ,2855085,1502128,52.61
20,1321,HDFCGROWTH,EQ,28461,26288,92.36
20,1322,HDFCLIFE,EQ,3149035,1404908,44.61
20,1323,HDFCLIQUID,EQ,18237,14936,81.90
20,1324,HDFCLOWVOL,EQ,13711,10699,78.03
20,1325,HDFCMID150,EQ,171590,109691,63.93
20,1326,HDFCMOMENT,EQ,162218,114977,70.88
20,1327,HDFCNEXT50,EQ,139965,56407,40.30
20,1328,HDFCNIF100,EQ,11976,9767,81.55
20,1329,HDFCNIFBAN,EQ,38001,30163,79.37
20,1330,HDFCNIFIT,EQ,34099,18336,53.77
20,1331,HDFCNIFTY,EQ,528289,444887,84.21
20,1332,HDFCNIMEG,EQ,2236,1326,59.30
20,1333,HDFCPSUBK,EQ,53433,48096,90.01
20,1334,HDFCPVTBAN,EQ,154092,115420,74.90
20,1335,HDFCQUAL,EQ,3179,1758,55.30
20,1336,HDFCSENSEX,EQ,29581,19960,67.48
20,1337,HDFCSILVER,EQ,2108714,647255,30.69
20,1338,HDFCSML250,EQ,830158,531098,63.98
20,1339,HDFCVALUE,EQ,12289,5216,42.44
20,1340,HEADSUP,EQ,10080,5688,56.43
20,1341,HEALTHADD,EQ,18688,11361,60.79
20,1342,HEALTHAXIS,EQ,989,770,77.86
20,1343,HEALTHCARE,EQ,25981,19975,76.88
20,1344,HEALTHIETF,EQ,50246,31650,62.99
20,1345,HEALTHX,EQ,3540,2998,84.69
20,1346,HEALTHY,EQ,209540,110844,52.90
20,1347,HECPROJECT,EQ,139918,113160,80.88
20,1348,HEIDELBERG,EQ,341014,212752,62.39
20,1349,HEMIPROP,EQ,227721,147607,64.82
20,1350,HERANBA,EQ,32314,15396,47.64
20,1351,HERITGFOOD,EQ,264313,120665,45.65
20,1352,HEROMOTOCO,EQ,393029,256731,65.32
20,1353,HESTERBIO,EQ,5572,2762,49.57
20,1354,HEXATRADEX,EQ,1576,577,36.61
20,1355,HEXT,EQ,253225,91814,36.26
20,1356,HGINFRA,EQ,39924,22694,56.84
20,1357,HGM,EQ,4218,2407,57.06
20,1358,HGS,EQ,23781,13309,55.96
20,1359,HIGREEN,SM,8000,8000,100.00
20,1360,HIKAL,EQ,6560890,1146539,17.48
20,1361,HILINFRA,EQ,30137,19031,63.15
20,1362,HILTON,EQ,31756,18686,58.84
20,1363,HIMATSEIDE,EQ,362515,212689,58.67
20,1364,HINDADH,EQ,744,574,77.15
20,1365,HINDALCO,EQ,3094146,1606238,51.91
20,1366,HINDALUMI,EQ,4275,3146,73.59
20,1367,HINDCOMPOS,EQ,9174,5225,56.95
20,1368,HINDCON,EQ,18698,15004,80.24
20,1369,HINDCOPPER,EQ,24876043,7385569,29.69
20,1370,HINDOILEXP,EQ,1852355,556756,30.06
20,1371,HINDPETRO,EQ,3433819,1667838,48.57
20,1372,HINDUNILVR,EQ,1256067,756273,60.21
20,1373,HINDWAREAP,EQ,45845,32986,71.95
20,1374,HINDZINC,EQ,6893194,2621366,38.03
20,1375,HIRECT,EQ,252304,90231,35.76
20,1376,HISARMETAL,EQ,2922,1723,58.97
20,1377,HITECH,EQ,377605,192882,51.08
20,1378,HLEGLAS,EQ,315202,125422,39.79
20,1379,HLVLTD,EQ,134222,94232,70.21
20,1380,HMAAGRO,EQ,2220160,1223125,55.09
20,1381,HNDFDS,EQ,300961,248360,82.52
20,1382,HNGSNGBEES,EQ,66894,45150,67.49
20,1383,HOACFOODS,ST,6375,6375,100.00
20,1384,HOLMARC,SM,14250,14250,100.00
20,1385,HOMEFIRST,EQ,560479,470200,83.89
20,1386,HONASA,EQ,1012735,480453,47.44
20,1387,HONAUT,EQ,2407,1437,59.70
20,1388,HONDAPOWER,EQ,2018,971,48.12
20,1389,HORIZONIND,EQ,2922955,1759567,60.20
20,1390,HPAL,EQ,57000,40536,71.12
20,1391,HPIL,EQ,198,157,79.29
20,1392,HPL,EQ,66069,36175,54.75
20,1393,HPTL,SM,99000,93600,94.55
20,1394,HRHNEXT,SM,45000,34500,76.67
20,1395,HRYNSHP,EQ,878,766,87.24
20,1396,HSBCGOLD,EQ,2291,630,27.50
20,1397,HSCL,EQ,1689241,454462,26.90
20,1398,HTMEDIA,EQ,111032,84286,75.91
20,1399,HUBTOWN,EQ,331640,200836,60.56
20,1400,HUDCO,EQ,1157634,769589,66.48
20,1401,HUHTAMAKI,EQ,122791,62008,50.50
20,1402,HVAX,SM,600,600,100.00
20,1403,HYBRIDETF,EQ,7198,4672,64.91
20,1404,HYUNDAI,EQ,485596,321525,66.21
20,1405,IBLFL,SM,12000,8000,66.67
20,1406,IBULLSLTD,EQ,15254328,10027497,65.74
20,1407,ICDSLTD,EQ,22358,13746,61.48
20,1408,ICELCO,SM,25200,15600,61.90
20,1409,ICEMAKE,EQ,9205,5607,60.91
20,1410,ICICIAMC,EQ,309852,184084,59.41
20,1411,ICICIB22,EQ,437422,279019,63.79
20,1412,ICICIBANK,EQ,12123411,8057952,66.47
20,1413,ICICIGI,EQ,458407,260978,56.93
20,1414,ICICIPRULI,EQ,1191834,511879,42.95
20,1415,ICIL,EQ,292038,103112,35.31
20,1416,ICRA,EQ,25803,17213,66.71
20,1417,IDBI,EQ,69073713,21605088,31.28
20,1418,IDEA,EQ,355940344,105321128,29.59
20,1419,IDEAFORGE,EQ,409710,199214,48.62
20,1420,IDENTICAL,SM,12000,8000,66.67
20,1421,IDFCFIRSTB,EQ,11728338,6749929,57.55
20,1422,IDFNIFTYET,EQ,1235,1211,98.06
20,1423,IEML,ST,37000,33000,89.19
20,1424,IEX,EQ,4316644,2037496,47.20
20,1425,IFBAGRO,EQ,3184,2608,81.91
20,1426,IFBIND,EQ,30359,18074,59.53
20,1427,IFCI,EQ,217424506,41382398,19.03
20,1428,IFGLEXPOR,EQ,36372,18270,50.23
20,1429,IGARASHI,EQ,27204,13227,48.62
20,1430,IGCL,EQ,177043,85526,48.31
20,1431,IGIL,EQ,321958,173119,53.77
20,1432,IGL,EQ,834619,424339,50.84
20,1433,IGPL,EQ,152994,68999,45.10
20,1434,IIFL,EQ,6784526,2919591,43.03
20,1435,IIFL060326,YA,50,50,100.00
20,1436,IIFLCAPS,EQ,419363,234826,56.00
20,1437,IIFLZC26,NN,36,0,0.00
20,1438,IIFLZC28,NG,3,2,66.67
20,1439,IIFLZC28C,N6,25,25,100.00
20,1440,IITL,EQ,155404,22841,14.70
20,1441,IKIO,EQ,2263360,390015,17.23
20,1442,IKS,EQ,67890,37177,54.76
20,1443,IMAGICAA,EQ,653308,375755,57.52
20,1444,IMC1,N1,168,168,100.00
20,1445,IMC1,N2,126,126,100.00
20,1446,IMC1,N3,1,1,100.00
20,1447,IMFA,EQ,74407,43537,58.51
20,1448,IMPAL,EQ,15807,6807,43.06
20,1449,INA,EQ,1060998,421422,39.72
20,1450,INCREDIBLE,EQ,2176,1694,77.85
20,1451,INDBANK,EQ,60876,46631,76.60
20,1452,INDGN,EQ,410036,217944,53.15
20,1453,INDHOTEL,EQ,996891,634039,63.60
20,1454,INDIACEM,EQ,40841,20716,50.72
20,1455,INDIAMART,EQ,122055,81414,66.70
20,1456,INDIANB,EQ,1120827,620231,55.34
20,1457,INDIANCARD,EQ,538,296,55.02
20,1458,INDIANHUME,EQ,33597,20046,59.67
20,1459,INDIASHLTR,EQ,31956,22002,68.85
20,1460,INDIGO,EQ,435589,260735,59.86
20,1461,INDIGOPNTS,EQ,52024,26225,50.41
20,1462,INDIGRID,IV,436306,416830,95.54
20,1463,INDIQUBE,EQ,59639,28526,47.83
20,1464,INDNIPPON,EQ,41478,16583,39.98
20,1465,INDOBORAX,EQ,95162,36459,38.31
20,1466,INDOCO,EQ,176170,79047,44.87
20,1467,INDOFARM,EQ,2435816,289029,11.87
20,1468,INDOKEM,EQ,2468,1817,73.62
20,1469,INDOMIM,EQ,2185054,595545,27.26
20,1470,INDORAMA,EQ,1050466,431792,41.10
20,1471,INDOSTAR,EQ,35032,19288,55.06
20,1472,INDOTECH,EQ,26581,10635,40.01
20,1473,INDOTHAI,EQ,59211,59211,100.00
20,1474,INDOUS,EQ,13629,10803,79.26
20,1475,INDOWIND,EQ,112368,80740,71.85
20,1476,INDPRUD,EQ,119,116,97.48
20,1477,INDRAMEDCO,EQ,126540,70130,55.42
20,1478,INDSWFTLAB,EQ,2095086,780600,37.26
20,1479,INDTERRAIN,EQ,10452,8058,77.10
20,1480,INDUSINDBK,EQ,1055105,696878,66.05
20,1481,INDUSINVIT,IV,127304,97617,76.68
20,1482,INDUSTOWER,EQ,2490099,1604583,64.44
20,1483,INFINIUM,SM,6500,5500,84.62
20,1484,INFLUX,SM,13200,8400,63.64
20,1485,INFOBEAN,EQ,202682,109573,54.06
20,1486,INFOLLION,SM,23600,19600,83.05
20,1487,INFOMEDIA,EQ,36530,32296,88.41
20,1488,INFRA,EQ,31381,29154,92.90
20,1489,INFRABEES,EQ,5487,3147,57.35
20,1490,INFRAIETF,EQ,224272,195846,87.33
20,1491,INFY,EQ,6269037,3627483,57.86
20,1492,INGERRAND,EQ,10123,4502,44.47
20,1493,INNOMET,ST,133200,118800,89.19
20,1494,INNOVACAP,EQ,34248,14420,42.10
20,1495,INNOVANA,EQ,32871,10968,33.37
20,1496,INNOVISION,EQ,8849,4694,53.05
20,1497,INOXGREEN,EQ,1008485,629073,62.38
20,1498,INOXINDIA,EQ,203200,69189,34.05
20,1499,INOXWIND,EQ,9911582,4330381,43.69
20,1500,INSECTICID,EQ,10805,6068,56.16
20,1501,INSPIRE,SM,8000,8000,100.00
20,1502,INSPIRISYS,EQ,3083,2145,69.58
20,1503,INSUREIETF,EQ,272822,255295,93.58
20,1504,INTELLECT,EQ,252434,103434,40.97
20,1505,INTENTECH,EQ,14588,9120,62.52
20,1506,INTERARCH,EQ,112094,73091,65.21
20,1507,INTERNET,EQ,103946,58842,56.61
20,1508,INTLCONV,EQ,31494,15424,48.97
20,1509,INVENTURE,EQ,362494,275519,76.01
20,1510,INVICTA,SM,8000,6400,80.00
20,1511,IOB,EQ,1397088,605539,43.34
20,1512,IOC,EQ,6954986,3440696,49.47
20,1513,IOLCP,EQ,4116432,1152343,27.99
20,1514,IONEXCHANG,EQ,513930,204662,39.82
20,1515,IPCALAB,EQ,158357,84246,53.20
20,1516,IPHL,SM,20400,18000,88.24
20,1517,IPL,EQ,129674,89390,68.93
20,1518,IPRINGLTD,EQ,731,731,100.00
20,1519,IRB,EQ,5202171,2569488,49.39
20,1520,IRBINVIT,IV,360738,303176,84.04
20,1521,IRCON,EQ,803464,325339,40.49
20,1522,IRCTC,EQ,412334,251854,61.08
20,1523,IREDA,EQ,3095995,1378475,44.52
20,1524,IRFC,EQ,5883007,2599300,44.18
20,1525,IRIS,EQ,21579,7073,32.78
20,1526,IRISDOREME,EQ,321368,126858,39.47
20,1527,IRMENERGY,EQ,76125,35522,46.66
20,1528,ISFT,EQ,121968,6524,5.35
20,1529,ISGEC,EQ,32844,22086,67.25
20,1530,ISHANCH,EQ,16425,8421,51.27
20,1531,ISTLTD,EQ,1022,640,62.62
20,1532,IT,EQ,602096,107696,17.89
20,1533,ITADD,EQ,174245,164048,94.15
20,1534,ITALIANE,SM,2000,2000,100.00
20,1535,ITAXIS,EQ,1294,1085,83.85
20,1536,ITBEES,EQ,5640650,2761497,48.96
20,1537,ITBETA,EQ,226,208,92.04
20,1538,ITC,EQ,7406617,3993453,53.92
20,1539,ITCHOTELS,EQ,1702422,1044316,61.34
20,1540,ITDC,EQ,30593,12708,41.54
20,1541,ITETF,EQ,127960,53749,42.00
20,1542,ITI,EQ,142263,51358,36.10
20,1543,ITIETF,EQ,325229,212016,65.19
20,1544,ITL,EQ,3429,3309,96.50
20,1545,ITTL,ST,105,105,100.00
20,1546,IVALUE,EQ,253667,159854,63.02
20,1547,IVC,EQ,1180267,685488,58.08
20,1548,IVZBANKNF,EQ,1774,1585,89.35
20,1549,IVZINGOLD,EQ,75534,50981,67.49
20,1550,IVZINNIFTY,EQ,547,390,71.30
20,1551,IVZSENSEX,EQ,1324,1281,96.75
20,1552,IWARE,ST,20400,17400,85.29
20,1553,IWP,EQ,3329,3327,99.94
20,1554,IXIGO,EQ,914622,520565,56.92
20,1555,IZMO,EQ,97787,36369,37.19
20,1556,J&KBANK,EQ,1322470,626264,47.36
20,1557,JAGRAN,EQ,284044,156952,55.26
20,1558,JAGSNPHARM,EQ,59503,31718,53.30
20,1559,JAIBALAJI,EQ,645330,358680,55.58
20,1560,JAICORPLTD,EQ,221980,93038,41.91
20,1561,JAINAM,SM,9500,9000,94.74
20,1562,JAINIK,SM,8400,7200,85.71
20,1563,JAINREC,EQ,2755389,898293,32.60
20,1564,JAIPURKURT,EQ,7292,7005,96.06
20,1565,JAMNAAUTO,EQ,2288474,1117508,48.83
20,1566,JARO,EQ,90685,14886,16.42
20,1567,JASH,EQ,195333,93842,48.04
20,1568,JAYAGROGN,EQ,266571,148069,55.55
20,1569,JAYBARMARU,EQ,487526,324738,66.61
20,1570,JAYBEE,SM,26000,21500,82.69
20,1571,JAYESH,SM,6000,6000,100.00
20,1572,JAYKAY,EQ,301645,139180,46.14
20,1573,JAYNECOIND,EQ,4627478,2158170,46.64
20,1574,JAYSREETEA,EQ,161062,81747,50.75
20,1575,JBMA,EQ,137066,60802,44.36
20,1576,JENBURPH,EQ,276,266,96.38
20,1577,JETFREIGHT,EQ,121792,55351,45.45
20,1578,JEYYAM,ST,2000,2000,100.00
20,1579,JFLLIFE,SM,12000,12000,100.00
20,1580,JGCHEM,EQ,571020,226586,39.68
20,1581,JHS,EQ,23839,21197,88.92
20,1582,JINDALPHOT,EQ,1280,862,67.34
20,1583,JINDALPOLY,EQ,11020,4479,40.64
20,1584,JINDALSAW,EQ,2130770,861575,40.43
20,1585,JINDALSTEL,EQ,443885,181959,40.99
20,1586,JINDRILL,EQ,424593,157658,37.13
20,1587,JINDWORLD,EQ,62255444,7793802,12.52
20,1588,JIOFIN,EQ,8934543,4749111,53.15
20,1589,JISLDVREQS,EQ,11464,6768,59.04
20,1590,JISLJALEQS,EQ,3667616,1714702,46.75
20,1591,JITFINFRA,EQ,11991,6933,57.82
20,1592,JIWANRAM,SM,12000,12000,100.00
20,1593,JKCEMENT,EQ,94515,80674,85.36
20,1594,JKIL,EQ,24752,14552,58.79
20,1595,JKIPL,EQ,7414,5905,79.65
20,1596,JKLAKSHMI,EQ,188056,105473,56.09
20,1597,JKPAPER,EQ,703560,262641,37.33
20,1598,JKTYRE,EQ,354143,196399,55.46
20,1599,JLHL,EQ,33842,13173,38.93
20,1600,JMA,EQ,7394,5565,75.26
20,1601,JMFINANCIL,EQ,1725261,828861,48.04
20,1602,JNKINDIA,EQ,71281,30941,43.41
20,1603,JNPR,EQ,742430,342976,46.20
20,1604,JOCIL,EQ,81439,44683,54.87
20,1605,JPOLYINVST,EQ,5471,2658,48.58
20,1606,JPPOWER,EQ,31428211,12014295,38.23
20,1607,JSFB,EQ,181108,72957,40.28
20,1608,JSL,EQ,413278,226763,54.87
20,1609,JSLL,EQ,357058,195318,54.70
20,1610,JSWCEMENT,EQ,765295,393818,51.46
20,1611,JSWDULUX,EQ,37827,22648,59.87
20,1612,JSWENERGY,EQ,1912629,1078876,56.41
20,1613,JSWHL,EQ,1674,738,44.09
20,1614,JSWINFRA,EQ,1633475,1082454,66.27
20,1615,JSWSTEEL,EQ,1345313,741505,55.12
20,1616,JTEKTINDIA,EQ,94919,50453,53.15
20,1617,JTLIND,EQ,3728512,637747,17.10
20,1618,JUBLCPL,EQ,4836,2820,58.31
20,1619,JUBLFOOD,EQ,1239794,798050,64.37
20,1620,JUBLINGREA,EQ,159391,87675,55.01
20,1621,JUBLPHARMA,EQ,1366696,287224,21.02
20,1622,JUNIORBEES,EQ,233675,133775,57.25
20,1623,JUNIPER,EQ,71832,45989,64.02
20,1624,JUSTDIAL,EQ,162622,75909,46.68
20,1625,JWL,EQ,476036,155606,32.69
20,1626,JYOTHYLAB,EQ,457936,218802,47.78
20,1627,JYOTICNC,EQ,1316914,547556,41.58
20,1628,JYOTIGLOBL,SM,14000,14000,100.00
20,1629,JYOTIRES,EQ,8040,4500,55.97
20,1630,JYOTISTRUC,EQ,14533173,4920780,33.86
20,1631,K2INFRA,ST,46200,40200,87.01
20,1632,KABRAEXTRU,EQ,524936,152129,28.98
20,1633,KAJARIACER,EQ,255311,147515,57.78
20,1634,KAKATCEM,EQ,915,712,77.81
20,1635,KALAMANDIR,EQ,434600,222921,51.29
20,1636,KALANA,SM,4000,4000,100.00
20,1637,KALPATARU,EQ,25325,16691,65.91
20,1638,KALYANKJIL,EQ,10713234,2252933,21.03
20,1639,KAMAHOLD,EQ,1318,979,74.28
20,1640,KAMANWALA,EQ,2514,2513,99.96
20,1641,KAMATHOTEL,EQ,103818,51441,49.55
20,1642,KAMOPAINTS,EQ,331028,270960,81.85
20,1643,KANANIIND,EQ,86175,62871,72.96
20,1644,KANCHI,EQ,862,491,56.96
20,1645,KANCOTEA,EQ,218,154,70.64
20,1646,KANDARP,SM,16000,12000,75.00
20,1647,KANPRPLA,EQ,25065,14198,56.64
20,1648,KANSAINER,EQ,173879,107276,61.70
20,1649,KAPSTON,EQ,21702,12110,55.80
20,1650,KARMAENG,EQ,445,398,89.44
20,1651,KARNIKA,SM,284000,271000,95.42
20,1652,KARURVYSYA,EQ,1450597,640505,44.15
20,1653,KATARIA,SM,54600,40200,73.63
20,1654,KAVDEFENCE,EQ,521569,246071,47.18
20,1655,KAYNES,EQ,686828,219175,31.91
20,1656,KAYTEX,SM,3200,3200,100.00
20,1657,KCEIL,SM,24500,20000,81.63
20,1658,KCK,ST,247500,247500,100.00
20,1659,KCP,EQ,57528,35114,61.04
20,1660,KDDL,EQ,22322,12215,54.72
20,1661,KDGREEN,EQ,35522,20215,56.91
20,1662,KDL,SM,15750,10050,63.81
20,1663,KEC,EQ,468357,187015,39.93
20,1664,KECL,EQ,127638,70959,55.59
20,1665,KEEPLEARN,EQ,20742,15402,74.26
20,1666,KEI,EQ,1080574,546628,50.59
20,1667,KELLTONTEC,EQ,1924147,665495,34.59
20,1668,KEN,SM,7200,4800,66.67
20,1669,KENNAMET,EQ,21053,11482,54.54
20,1670,KERNEX,EQ,171873,84211,49.00
20,1671,KEYFINSERV,EQ,624,501,80.29
20,1672,KFINTECH,EQ,382500,133462,34.89
20,1673,KHAICHEM,EQ,149643,96080,64.21
20,1674,KHAITANLTD,EQ,5036,3991,79.25
20,1675,KHANDSE,EQ,1221,1053,86.24
20,1676,KICL,EQ,982,619,63.03
20,1677,KIMS,EQ,737239,615171,83.44
20,1678,KINGFA,EQ,12243,6813,55.65
20,1679,KIOCL,EQ,54542,21610,39.62
20,1680,KIRANVYPAR,EQ,2460,2196,89.27
20,1681,KIRIINDUS,EQ,2404145,802881,33.40
20,1682,KIRLFER,EQ,63385,51249,80.85
20,1683,KIRLOSBROS,EQ,15551,6455,41.51
20,1684,KIRLOSENG,EQ,516056,253580,49.14
20,1685,KIRLOSIND,EQ,2188,989,45.20
20,1686,KIRLPNU,EQ,249261,161017,64.60
20,1687,KISSHT,EQ,2316438,1197165,51.68
20,1688,KITEX,EQ,304944,109804,36.01
20,1689,KJMCFIN,EQ,1447,1272,87.91
20,1690,KKCL,EQ,21476,11764,54.78
20,1691,KKJEWELS,SM,37000,26000,70.27
20,1692,KLBRENG-B,EQ,189596,99325,52.39
20,1693,KLL,SM,1600,1600,100.00
20,1694,KMCSHIL,EQ,73643,41130,55.85
20,1695,KMEW,EQ,59769,22061,36.91
20,1696,KMSUGAR,EQ,153322,76567,49.94
20,1697,KNACK,EQ,638148,318881,49.97
20,1698,KNAGRI,EQ,5211,3363,64.54
20,1699,KNRCON,EQ,860201,416217,48.39
20,1700,KODYTECH,ST,5300,5100,96.23
20,1701,KOHINOOR,EQ,195203,70042,35.88
20,1702,KOKUYOCMLN,EQ,19504,13349,68.44
20,1703,KOLTEPATIL,EQ,46482,24447,52.59
20,1704,KONSTELEC,ST,54000,46000,85.19
20,1705,KONTOR,SM,4200,4200,100.00
20,1706,KOPRAN,EQ,809220,294018,36.33
20,1707,KORE,SM,44250,31250,70.62
20,1708,KOTAKBANK,EQ,12406799,8702051,70.14
20,1709,KOTHARIPET,EQ,660992,223326,33.79
20,1710,KOTHARIPRO,EQ,5661,4830,85.32
20,1711,KOTIC,EQ,8391,4918,58.61
20,1712,KOVAI,EQ,4468,2993,66.99
20,1713,KPEL,EQ,359793,212948,59.19
20,1714,KPIGREEN,EQ,1209981,658661,54.44
20,1715,KPIL,EQ,132996,65189,49.02
20,1716,KPITTECH,EQ,1083793,384551,35.48
20,1717,KPL,EQ,162467,54283,33.41
20,1718,KPRMILL,EQ,257472,117588,45.67
20,1719,KRBL,EQ,611988,221538,36.20
20,1720,KREBSBIO,EQ,3193,2586,80.99
20,1721,KRIDHANINF,EQ,50857,50857,100.00
20,1722,KRISHANA,EQ,596621,339539,56.91
20,1723,KRISHCA,SM,20500,20000,97.56
20,1724,KRISHIVAL,EQ,53879,50686,94.07
20,1725,KRISHNADEF,EQ,191647,91845,47.92
20,1726,KRITI,EQ,8096,7946,98.15
20,1727,KRITIKA,EQ,81502,61100,74.97
20,1728,KRITINUT,EQ,11169,8754,78.38
20,1729,KRMAYURVED,SM,110000,86000,78.18
20,1730,KRN,EQ,211548,87728,41.47
20,1731,KROSS,EQ,229386,119558,52.12
20,1732,KRSNAA,EQ,76502,40624,53.10
20,1733,KRT,RR,5965274,5837124,97.85
20,1734,KRYSTAL,EQ,3892,1958,50.31
20,1735,KSB,EQ,192730,103945,53.93
20,1736,KSCL,EQ,44628,22746,50.97
20,1737,KSE,EQ,12354,9570,77.46
20,1738,KSHINTL,EQ,691489,240204,34.74
20,1739,KSHITIJPOL,EQ,4222263,2669442,63.22
20,1740,KSL,EQ,117932,61373,52.04
20,1741,KSOLVES,EQ,27200,16887,62.08
20,1742,KSR,EQ,283946,197906,69.70
20,1743,KTKBANK,EQ,2015693,1411375,70.02
20,1744,KUANTUM,EQ,243518,116274,47.75
20,1745,KUSUMGAR,EQ,131944,71999,54.57
20,1746,KWIL,EQ,11896172,3698884,31.09
20,1747,LADDERUP,EQ,331,254,76.74
20,1748,LAGNAM,EQ,688,513,74.56
20,1749,LAHOTIOV,EQ,7475,6258,83.72
20,1750,LAKSHMIMIL,EQ,9,8,88.89
20,1751,LAKSHYA,SM,15200,12000,78.95
20,1752,LAL,EQ,8099,6829,84.32
20,1753,LALITHAA,EQ,7903836,1878757,23.77
20,1754,LALPATHLAB,EQ,90505,50059,55.31
20,1755,LAMBODHARA,EQ,15699,6539,41.65
20,1756,LAMOSAIC,ST,74400,69000,92.74
20,1757,LANCER,EQ,465876,320903,68.88
20,1758,LANCORHOL,EQ,249193,153401,61.56
20,1759,LANDMARK,EQ,81462,38562,47.34
20,1760,LANDSMILL,EQ,5182259,2577373,49.73
20,1761,LAOPALA,EQ,82971,51228,61.74
20,1762,LARGEMID50,EQ,1390,404,29.06
20,1763,LASA,EQ,35670,32426,90.91
20,1764,LASERPOWER,EQ,507280,239383,47.19
20,1765,LATENTVIEW,EQ,358940,192948,53.75
20,1766,LATTEYS,EQ,65125,43801,67.26
20,1767,LAURUSLABS,EQ,2115447,852653,40.31
20,1768,LAXMICOT,EQ,13257,11560,87.20
20,1769,LAXMIDENTL,EQ,87536,48541,55.45
20,1770,LAXMIINDIA,EQ,123289,50219,40.73
20,1771,LCCINFOTEC,EQ,60140,45758,76.09
20,1772,LCL,EQ,429052,227857,53.11
20,1773,LEAPIND,EQ,3493046,1695864,48.55
20,1774,LEMERITE,EQ,159644,42675,26.73
20,1775,LEMONTREE,EQ,2549945,1518475,59.55
20,1776,LENSKART,EQ,3755569,1889900,50.32
20,1777,LEXUS,EQ,5389,4449,82.56
20,1778,LFIC,EQ,4098,3331,81.28
20,1779,LGBBROSLTD,EQ,28138,17102,60.78
20,1780,LGEINDIA,EQ,665219,472721,71.06
20,1781,LGHL,EQ,5650,1736,30.73
20,1782,LIBAS,EQ,41124,33807,82.21
20,1783,LIBERTSHOE,EQ,18116,10427,57.56
20,1784,LICHSGFIN,EQ,2858992,1372043,47.99
20,1785,LICI,EQ,6844270,4154433,60.70
20,1786,LICMFGOLD,EQ,23699,10098,42.61
20,1787,LICNETFGSC,EQ,20294,16565,81.63
20,1788,LICNETFN50,EQ,1157,650,56.18
20,1789,LICNETFSEN,EQ,28,27,96.43
20,1790,LICNFNHGP,EQ,244,243,99.59
20,1791,LICNMID100,EQ,3570,2512,70.36
20,1792,LIKHITHA,EQ,29995,15662,52.22
20,1793,LINC,EQ,34538,26654,77.17
20,1794,LINCOLN,EQ,110673,49356,44.60
20,1795,LINDEINDIA,EQ,90218,65430,72.52
20,1796,LIQGRWBEES,EQ,35963,30584,85.04
20,1797,LIQUID,EQ,89026,52280,58.72
20,1798,LIQUID1,EQ,913015,782156,85.67
20,1799,LIQUIDADD,EQ,459106,316545,68.95
20,1800,LIQUIDBEES,EQ,2577615,1408606,54.65
20,1801,LIQUIDBETA,EQ,149342,149143,99.87
20,1802,LIQUIDBETF,EQ,162025,103466,63.86
20,1803,LIQUIDCASE,EQ,16765740,12714731,75.84
20,1804,LIQUIDETF,EQ,88307,77519,87.78
20,1805,LIQUIDIETF,EQ,347991,277748,79.81
20,1806,LIQUIDPLUS,EQ,523752,493940,94.31
20,1807,LIQUIDSBI,EQ,823,799,97.08
20,1808,LIQUIDSHRI,EQ,21607,20164,93.32
20,1809,LKPSEC,EQ,7963,6248,78.46
20,1810,LLOYDS,SM,2000,2000,100.00
20,1811,LLOYDSENGG,EQ,3398406,1602700,47.16
20,1812,LLOYDSENT,EQ,1174168,548249,46.69
20,1813,LLOYDSME,EQ,432002,202921,46.97
20,1814,LMW,EQ,3287,1654,50.32
20,1815,LODHA,EQ,1308433,517763,39.57
20,1816,LOKESHMACH,EQ,66524,32418,48.73
20,1817,LORDSCHLO,EQ,9111,6150,67.50
20,1818,LOTUSCHO,EQ,8090,5253,64.93
20,1819,LOTUSEYE,EQ,20174,18642,92.41
20,1820,LOVABLE,EQ,8793,5643,64.18
20,1821,LOWVOL,EQ,274,128,46.72
20,1822,LOWVOL1,EQ,574008,451652,78.68
20,1823,LOWVOLIETF,EQ,2664933,2084022,78.20
20,1824,LOYALTEX,EQ,2534,1571,62.00
20,1825,LPDC,EQ,34608,26429,76.37
20,1826,LRRPL,SM,6000,6000,100.00
20,1827,LT,EQ,1200872,679138,56.55
20,1828,LTF,EQ,1493719,630803,42.23
20,1829,LTFOODS,EQ,1285427,411616,32.02
20,1830,LTGILTBEES,EQ,907482,765008,84.30
20,1831,LTGILTCASE,EQ,30740,27471,89.37
20,1832,LTM,EQ,167610,56591,33.76
20,1833,LTTS,EQ,56454,24303,43.05
20,1834,LUMAXIND,EQ,8457,3456,40.87
20,1835,LUMAXTECH,EQ,105255,46291,43.98
20,1836,LUMINO,EQ,21758832,5903200,27.13
20,1837,LUPIN,EQ,713131,379337,53.19
20,1838,LUXIND,EQ,28385,16040,56.51
20,1839,LXCHEM,EQ,3239876,1143883,35.31
20,1840,M&M,EQ,1784671,1059260,59.35
20,1841,M&MFIN,EQ,2955284,1876177,63.49
20,1842,MAANALU,EQ,54608,32256,59.07
20,1843,MACOBSTECH,SM,3200,3200,100.00
20,1844,MACPOWER,EQ,25766,11985,46.51
20,1845,MADHAV,EQ,147,96,65.31
20,1846,MADHAVBAUG,ST,43600,43200,99.08
20,1847,MADHAVIPL,EQ,95079,71656,75.36
20,1848,MADHUSUDAN,ST,20000,18000,90.00
20,1849,MADRASFERT,EQ,63088,22435,35.56
20,1850,MAFANG,EQ,1170160,525705,44.93
20,1851,MAFATIND,EQ,51795,32366,62.49
20,1852,MAGADSUGAR,EQ,15988,5534,34.61
20,1853,MAGNUM,EQ,51361,45550,88.69
20,1854,MAGSON,SM,13000,7000,53.85
20,1855,MAHABANK,EQ,10148334,4215987,41.54
20,1856,MAHAPEXLTD,EQ,13567,8392,61.86
20,1857,MAHEPC,EQ,10915,8135,74.53
20,1858,MAHICKRA,SM,1500,1500,100.00
20,1859,MAHKTECH,EQ,801802,557116,69.48
20,1860,MAHLIFE,EQ,64994,35796,55.08
20,1861,MAHLOG,EQ,124819,68416,54.81
20,1862,MAHSCOOTER,EQ,2328,1392,59.79
20,1863,MAHSEAMLES,EQ,209156,94570,45.22
20,1864,MAITHANALL,EQ,147472,76378,51.79
20,1865,MAITREYA,SM,1600,1600,100.00
20,1866,MAKEINDIA,EQ,31695,18254,57.59
20,1867,MAKERSL,EQ,1226,1108,90.38
20,1868,MAKS,SM,6000,6000,100.00
20,1869,MAL,SM,54400,54400,100.00
20,1870,MALLCOM,EQ,3595,1960,54.52
20,1871,MALUPAPER,EQ,95722,63940,66.80
20,1872,MAMATA,EQ,107076,58876,54.99
20,1873,MANAKALUCO,EQ,260095,155887,59.93
20,1874,MANAKCOAT,EQ,184446,119054,64.55
20,1875,MANAKSIA,EQ,256172,138709,54.15
20,1876,MANALIPETC,EQ,8519441,1757281,20.63
20,1877,MANAPPURAM,EQ,2253307,791145,35.11
20,1878,MANBA,EQ,73039,26308,36.02
20,1879,MANCREDIT,EQ,142107,29484,20.75
20,1880,MANDEEP,SM,4000,4000,100.00
20,1881,MANGALAM,EQ,14010,10667,76.14
20,1882,MANGLMCEM,EQ,72542,51319,70.74
20,1883,MANILAM,SM,6000,6000,100.00
20,1884,MANINDS,EQ,728342,317240,43.56
20,1885,MANINFRA,EQ,4913934,1521494,30.96
20,1886,MANIPALHOS,EQ,1687125,928625,55.04
20,1887,MANKIND,EQ,186335,117387,63.00
20,1888,MANOMAY,EQ,157491,35564,22.58
20,1889,MANORAMA,EQ,623511,196857,31.57
20,1890,MANORG,EQ,10371,6151,59.31
20,1891,MANUFGBEES,EQ,8323,8059,96.83
20,1892,MANYAVAR,EQ,167065,85556,51.21
20,1893,MAPMYINDIA,EQ,118765,46445,39.11
20,1894,MARALOVER,EQ,144795,90533,62.52
20,1895,MARATHON,EQ,161308,71437,44.29
20,1896,MARC,SM,25200,16800,66.67
20,1897,MARCO,SM,12000,9000,75.00
20,1898,MARICO,EQ,1525669,953243,62.48
20,1899,MARINE,EQ,520027,173267,33.32
20,1900,MARKOLINES,EQ,335864,61553,18.33
20,1901,MARKSANS,EQ,5090238,1577665,30.99
20,1902,MARSONS,EQ,4113139,999046,24.29
20,1903,MARUSHIKA,SM,4800,4800,100.00
20,1904,MARUTI,EQ,356860,202225,56.67
20,1905,MASFIN,EQ,252561,191392,75.78
20,1906,MASON,SM,15000,14000,93.33
20,1907,MASPTOP50,EQ,1379821,706502,51.20
20,1908,MASTEK,EQ,82667,35046,42.39
20,1909,MASTER,SM,500,500,100.00
20,1910,MASTERTR,EQ,4022552,751439,18.68
20,1911,MATRIMONY,EQ,13400,8058,60.13
20,1912,MAWANASUG,EQ,122119,45066,36.90
20,1913,MAXESTATES,EQ,63067,43619,69.16
20,1914,MAXHEALTH,EQ,1922846,1298560,67.53
20,1915,MAXIND,EQ,38514,20322,52.77
20,1916,MAXPOSURE,SM,8000,8000,100.00
20,1917,MAXVOLT,SM,31600,24000,75.95
20,1918,MAYASHEEL,SM,60000,48000,80.00
20,1919,MAYURUNIQ,EQ,248868,117079,47.04
20,1920,MAZDOCK,EQ,588746,142952,24.28
20,1921,MBAPL,EQ,1449405,770794,53.18
20,1922,MBEL,EQ,199642,32717,16.39
20,1923,MBLINFRA,EQ,57023,37886,66.44
20,1924,MCCHRLS-B,EQ,165,120,72.73
20,1925,MCL,EQ,108593,53024,48.83
20,1926,MCLEODRUSS,EQ,241071,175571,72.83
20,1927,MCLOUD,EQ,1633160,833223,51.02
20,1928,MCON,SM,2000,2000,100.00
20,1929,MCX,EQ,1433417,512751,35.77
20,1930,MEDANTA,EQ,185231,100882,54.46
20,1931,MEDIASSIST,EQ,123852,75918,61.30
20,1932,MEDICAMEQ,EQ,60359,33577,55.63
20,1933,MEDICAPQ,EQ,772,576,74.61
20,1934,MEDICO,EQ,200705,112688,56.15
20,1935,MEDPLUS,EQ,76126,35532,46.68
20,1936,MEESHO,EQ,18323130,9562860,52.19
20,1937,MEGASTAR,EQ,5602,4036,72.05
20,1938,MEGATHERM,SM,34000,27200,80.00
20,1939,MEIL,EQ,58432,34116,58.39
20,1940,MENNPIS,EQ,357684,203918,57.01
20,1941,MERCANTILE,EQ,327810,25231,7.70
20,1942,MERCURYEV,EQ,1533143,1419661,92.60
20,1943,METAL,EQ,1452499,686434,47.26
20,1944,METALIC,ST,54400,48000,88.24
20,1945,METALIETF,EQ,3282875,1825524,55.61
20,1946,METROBRAND,EQ,29527,17663,59.82
20,1947,METROGLOBL,EQ,220,212,96.36
20,1948,METROPOLIS,EQ,280010,235405,84.07
20,1949,MFML,EQ,4416,2913,65.96
20,1950,MFSL,EQ,589318,325831,55.29
20,1951,MGEL,EQ,5958460,5232949,87.82
20,1952,MGL,EQ,89561,57439,64.13
20,1953,MGSL,SM,9600,7200,75.00
20,1954,MHHL,SM,6000,4500,75.00
20,1955,MHRIL,EQ,94722,47136,49.76
20,1956,MICROPRO,SM,3200,1600,50.00
20,1957,MID150,EQ,93482,73206,78.31
20,1958,MID150BEES,EQ,441323,289523,65.60
20,1959,MID150CASE,EQ,1363301,957224,70.21
20,1960,MIDBANKADD,EQ,3817,2706,70.89
20,1961,MIDCAP,EQ,230507,128021,55.54
20,1962,MIDCAPADD,EQ,7072,6694,94.65
20,1963,MIDCAPBETA,EQ,1364,718,52.64
20,1964,MIDCAPETF,EQ,1090161,796542,73.07
20,1965,MIDCAPIETF,EQ,958438,682096,71.17
20,1966,MIDHANI,EQ,36384306,3599170,9.89
20,1967,MIDQ50ADD,EQ,31070,29418,94.68
20,1968,MIDSELIETF,EQ,139612,82142,58.84
20,1969,MIDSMALL,EQ,150944,125885,83.40
20,1970,MIDWESTLTD,EQ,11134,4759,42.74
20,1971,MIIL,EQ,68291,24147,35.36
20,1972,MILKYMIST,EQ,15671478,3768837,24.05
20,1973,MILTON,SM,6600,6600,100.00
20,1974,MINDACORP,EQ,176980,72240,40.82
20,1975,MINDSPACE,RR,297703,265769,89.27
20,1976,MINDTECK,EQ,59413,29899,50.32
20,1977,MIRZAINT,EQ,63648,35652,56.01
20,1978,MITCON,EQ,7581,5914,78.01
20,1979,MITTAL,EQ,5554006,3130555,56.37
20,1980,MKEXIM,EQ,15243,13774,90.36
20,1981,MKPL,EQ,93480,79862,85.43
20,1982,MLKFOOD,EQ,2618,2129,81.32
20,1983,MMEL,SM,10000,10000,100.00
20,1984,MMFL,EQ,85647,36261,42.34
20,1985,MMP,EQ,482392,165360,34.28
20,1986,MMTC,EQ,1051849,449897,42.77
20,1987,MMWL,EQ,57368,28091,48.97
20,1988,MNC,EQ,44458,24968,56.16
20,1989,MOALPHA50,EQ,14388,14136,98.25
20,1990,MOBANK10,EQ,5927,3401,57.38
20,1991,MOBIKWIK,EQ,670210,226503,33.80
20,1992,MOCAPITAL,EQ,486310,300199,61.73
20,1993,MODEFENCE,EQ,2477617,1405250,56.72
20,1994,MODINATUR,EQ,9512,7300,76.75
20,1995,MODIRUBBER,EQ,6704,4379,65.32
20,1996,MODIS,EQ,38222,17078,44.68
20,1997,MODISONLTD,EQ,243641,128354,52.68
20,1998,MODTHREAD,EQ,10826,3185,29.42
20,1999,MOENERGY,EQ,203649,179256,88.02
20,2000,MOGOLD,EQ,25620,11022,43.02
20,2001,MOGSEC,EQ,10746,10746,100.00
20,2002,MOHEALTH,EQ,44974,36400,80.94
20,2003,MOHITE,EQ,31496,21295,67.61
20,2004,MOHITIND,EQ,10507,6419,61.09
20,2005,MOIL,EQ,793529,288884,36.40
20,2006,MOINFRA,EQ,1767,1366,77.31
20,2007,MOIPO,EQ,31298,29874,95.45
20,2008,MOKSH,EQ,105124,78202,74.39
20,2009,MOL,EQ,1508309,455905,30.23
20,2010,MOLBIO,EQ,322070,68445,21.25
20,2011,MOLDTKPAC,EQ,30371,13984,46.04
20,2012,MOLOWVOL,EQ,9592,7722,80.50
20,2013,MOM100,EQ,202648,135758,66.99
20,2014,MOM30IETF,EQ,786727,528180,67.14
20,2015,MOM50,EQ,4005,3118,77.85
20,2016,MOMENTUM,EQ,166053,131092,78.95
20,2017,MOMENTUM30,EQ,683196,659016,96.46
20,2018,MOMENTUM50,EQ,461988,281066,60.84
20,2019,MOMETAL,EQ,11452,7765,67.80
20,2020,MOMGF,EQ,1441,837,58.08
20,2021,MOMIDMTM,EQ,57210,35587,62.20
20,2022,MOMMIDCAP,EQ,923584,880721,95.36
20,2023,MOMNC,EQ,1922,1922,100.00
20,2024,MOMOMENTUM,EQ,72915,45083,61.83
20,2025,MON100,EQ,1241705,607821,48.95
20,2026,MON50EQUAL,EQ,2791,2776,99.46
20,2027,MONARCH,EQ,164913,123302,74.77
20,2028,MONEXT50,EQ,3270,3237,98.99
20,2029,MONEYBOXX,EQ,8469,6531,77.12
20,2030,MONIFTY100,EQ,9124,6848,75.05
20,2031,MONIFTY500,EQ,1370066,1289904,94.15
20,2032,MONOLITH,SM,66500,43500,65.41
20,2033,MONQ50,EQ,1072859,373617,34.82
20,2034,MONTECARLO,EQ,99569,52287,52.51
20,2035,MOOILGAS,EQ,5658,4289,75.80
20,2036,MOPSE,EQ,158,106,67.09
20,2037,MOQUALITY,EQ,227,147,64.76
20,2038,MOREALTY,EQ,721102,412317,57.18
20,2039,MOREPENLAB,EQ,18553011,4781111,25.77
20,2040,MOS,ST,752000,656000,87.23
20,2041,MOSCHIP,EQ,1305405,416070,31.87
20,2042,MOSERVICE,EQ,4837,4359,90.12
20,2043,MOSILVER,EQ,21905,4006,18.29
20,2044,MOSMALL250,EQ,921584,742214,80.54
20,2045,MOTHERSON,EQ,10426788,5361580,51.42
20,2046,MOTILALOFS,EQ,940774,557991,59.31
20,2047,MOTISONS,EQ,23666142,7584683,32.05
20,2048,MOTOGENFIN,EQ,337537,170307,50.46
20,2049,MOTOUR,EQ,7406,6793,91.72
20,2050,MOVALUE,EQ,38358,30963,80.72
20,2051,MOXSH,SM,1600,1600,100.00
20,2052,MPEL,ST,9600,9600,100.00
20,2053,MPEL-RE,ST,35200,35200,100.00
20,2054,MPHASIS,EQ,346120,194198,56.11
20,2055,MPSLTD,EQ,16092,8587,53.36
20,2056,MRF,EQ,2712,1610,59.37
20,2057,MRIL,ST,16000,16000,100.00
20,2058,MRPL,EQ,5180617,928631,17.93
20,2059,MSCI360,EQ,1670,1670,100.00
20,2060,MSCIADD,EQ,600,349,58.17
20,2061,MSCIINDIA,EQ,6105,4375,71.66
20,2062,MSL,EQ,616,605,98.21
20,2063,MSPL,EQ,279294,150014,53.71
20,2064,MSTCLTD,EQ,557776,208824,37.44
20,2065,MSUMI,EQ,5851346,3138798,53.64
20,2066,MTNL,EQ,971725,504173,51.88
20,2067,MUFIN,EQ,616664,186153,30.19
20,2068,MUFTI,EQ,41870,17331,41.39
20,2069,MUKANDLTD,EQ,72527,45678,62.98
20,2070,MUKESHB,EQ,1371,1371,100.00
20,2071,MUKKA,EQ,1863127,910766,48.88
20,2072,MULTICAP,EQ,59576,54097,90.80
20,2073,MUNISH,SM,97200,80400,82.72
20,2074,MUNJALAU,EQ,319567,144783,45.31
20,2075,MUNJALSHOW,EQ,35204,21080,59.88
20,2076,MURUDCERA,EQ,26685,17827,66.81
20,2077,MUTHOOTCAP,EQ,12823,8062,62.87
20,2078,MUTHOOTFIN,EQ,560448,318412,56.81
20,2079,MUTHOOTMF,EQ,146026,76578,52.44
20,2080,MVELECTRO,EQ,18775267,1083300,5.77
20,2081,MVGJL,EQ,3734364,759735,20.34
20,2082,MVKAGRO,SM,5400,5400,100.00
20,2083,MWL,EQ,242086,130127,53.75
20,2084,MYMUDRA,SM,13200,12000,90.91
20,2085,NACLIND,EQ,314539,200398,63.71
20,2086,NAGREEKCAP,EQ,3780,2598,68.73
20,2087,NAGREEKEXP,EQ,12111,8581,70.85
20,2088,NAHARCAP,EQ,1771,1201,67.81
20,2089,NAHARINDUS,EQ,13028,6253,48.00
20,2090,NAHARPOLY,EQ,11880,5647,47.53
20,2091,NAHARSPING,EQ,100649,61715,61.32
20,2092,NAM-INDIA,EQ,664071,322488,48.56
20,2093,NAMOEWASTE,ST,14400,13600,94.44
20,2094,NARMADA,EQ,852012,374577,43.96
20,2095,NATCOPHARM,EQ,302502,184563,61.01
20,2096,NATHBIOGEN,EQ,17414,16208,93.07
20,2097,NATIONALUM,EQ,5469151,2012395,36.80
20,2098,NATIONSTD,EQ,18469,10841,58.70
20,2099,NAUKRI,EQ,2345489,1327088,56.58
20,2100,NAVA,EQ,133022,73213,55.04
20,2101,NAVINFLUOR,EQ,118511,58438,49.31
20,2102,NAVKARCORP,EQ,224450,153166,68.24
20,2103,NAVNETEDUL,EQ,32431,23919,73.75
20,2104,NAZARA,EQ,510005,241822,47.42
20,2105,NBCC,EQ,4783728,1905937,39.84
20,2106,NBIFIN,EQ,5642,5522,97.87
20,2107,NCC,EQ,3150554,1308572,41.53
20,2108,NCLIND,EQ,11552,8388,72.61
20,2109,NDGL,EQ,230,228,99.13
20,2110,NDL,EQ,1104958,731919,66.24
20,2111,NDLVENTURE,EQ,23689,20655,87.19
20,2112,NDRAUTO,EQ,10845,5485,50.58
20,2113,NDTV,EQ,43052,23149,53.77
20,2114,NEAGI,EQ,10,10,100.00
20,2115,NECLIFE,EQ,240705,163838,68.07
20,2116,NELCAST,EQ,53757,32913,61.23
20,2117,NELCO,EQ,1910138,402803,21.09
20,2118,NEOCHEM,SM,148800,126000,84.68
20,2119,NEOGEN,EQ,88409,39953,45.19
20,2120,NEPHROCARE,SM,74400,58800,79.03
20,2121,NEPHROPLUS,EQ,659007,260406,39.51
20,2122,NEPTUNE,SM,1500,1000,66.67
20,2123,NESCO,EQ,221569,109410,49.38
20,2124,NESTLEIND,EQ,1260068,767242,60.89
20,2125,NETF,EQ,957,614,64.16
20,2126,NETWEB,EQ,812405,240733,29.63
20,2127,NETWORK18,EQ,3399137,2171814,63.89
20,2128,NEULANDLAB,EQ,82211,28529,34.70
20,2129,NEWGEN,EQ,474948,213459,44.94
20,2130,NEWJAISA,ST,4500,4500,100.00
20,2131,NEXT30ADD,EQ,3405,2925,85.90
20,2132,NEXT50,EQ,16777,9891,58.96
20,2133,NEXT50ADD,EQ,1994,1180,59.18
20,2134,NEXT50BETA,EQ,59886,42080,70.27
20,2135,NEXT50ETF,EQ,27338,24487,89.57
20,2136,NEXT50IETF,EQ,316266,203528,64.35
20,2137,NEXTMEDIA,EQ,31530,24425,77.47
20,2138,NFL,EQ,444515,166063,37.36
20,2139,NFPSAMPOOR,SM,18000,14000,77.78
20,2140,NGIL,EQ,37163,22361,60.17
20,2141,NGLFINE,EQ,9484,4377,46.15
20,2142,NH,EQ,126279,66021,52.28
20,2143,NHIT,IV,25000,25000,100.00
20,2144,NHPC,EQ,10135531,4728285,46.65
20,2145,NIACL,EQ,45314645,4904739,10.82
20,2146,NIBE,EQ,44934,18466,41.10
20,2147,NIBL,EQ,21715,15575,71.72
20,2148,NICCOPAR,EQ,1268,1180,93.06
20,2149,NIDAN,SM,25000,22000,88.00
20,2150,NIF100BEES,EQ,36800,30135,81.89
20,2151,NIF100IETF,EQ,62921,33572,53.36
20,2152,NIF500BETA,EQ,663,662,99.85
20,2153,NIFTY1,EQ,4034945,3613511,89.56
20,2154,NIFTY100EW,EQ,20398,16567,81.22
20,2155,NIFTYADD,EQ,13681,7489,54.74
20,2156,NIFTYAXIS,EQ,413555,411187,99.43
20,2157,NIFTYBEES,EQ,6629541,4992806,75.31
20,2158,NIFTYBETA,EQ,31042,23815,76.72
20,2159,NIFTYBETF,EQ,1024082,800578,78.18
20,2160,NIFTYCASE,EQ,1090577,756889,69.40
20,2161,NIFTYETF,EQ,278731,242229,86.90
20,2162,NIFTYIETF,EQ,673504,504851,74.96
20,2163,NIFTYJBLK,EQ,158149,153557,97.10
20,2164,NIFTYQLITY,EQ,28811,26141,90.73
20,2165,NIITLTD,EQ,233060,115205,49.43
20,2166,NIITMTS,EQ,89450,52489,58.68
20,2167,NIKITA,SM,2400,2400,100.00
20,2168,NILAINFRA,EQ,372115,262663,70.59
20,2169,NILASPACES,EQ,3152074,1153257,36.59
20,2170,NILE,EQ,2585,1660,64.22
20,2171,NILKAMAL,EQ,26213,10079,38.45
20,2172,NIMBSPROJ,EQ,763,612,80.21
20,2173,NINSYS,EQ,3691,2270,61.50
20,2174,NIPPOBATRY,EQ,2175,1761,80.97
20,2175,NIRAJ,EQ,31085,24789,79.75
20,2176,NIRLON,EQ,10847,9051,83.44
20,2177,NIRMAN,SM,12000,8700,72.50
20,2178,NITCO,EQ,414124,221669,53.53
20,2179,NITINSPIN,EQ,527875,202965,38.45
20,2180,NITIRAJ,EQ,8585,6555,76.35
20,2181,NITTAGELA,EQ,3735,2048,54.83
20,2182,NIVABUPA,EQ,309739,156852,50.64
20,2183,NKIND,EQ,3020,1081,35.79
20,2184,NLCINDIA,EQ,725528,400875,55.25
20,2185,NMDC,EQ,12129471,6286121,51.83
20,2186,NMSTEEL,SM,6400,4800,75.00
20,2187,NOCIL,EQ,6480440,1699241,26.22
20,2188,NOIDATOLL,EQ,39452,32280,81.82
20,2189,NORBTEAEXP,EQ,1346,1142,84.84
20,2190,NORTHARC,EQ,1487186,724818,48.74
20,2191,NOVARTIND,EQ,551700,66217,12.00
20,2192,NPBET,EQ,99,99,100.00
20,2193,NPST,EQ,22167,10672,48.14
20,2194,NRAIL,EQ,144623,59695,41.28
20,2195,NRBBEARING,EQ,360511,154417,42.83
20,2196,NRVANDANA,SM,6000,3000,50.00
20,2197,NSIL,EQ,973,695,71.43
20,2198,NSLNISP,EQ,4004951,1596625,39.87
20,2199,NTCIND,EQ,3656,3591,98.22
20,2200,NTPC,EQ,7351373,4688291,63.77
20,2201,NTPCGREEN,EQ,1452819,858213,59.07
20,2202,NUCLEUS,EQ,8575,5607,65.39
20,2203,NUVAMA,EQ,249041,125260,50.30
20,2204,NUVOCO,EQ,115833,50930,43.97
20,2205,NV20,EQ,408358,374288,91.66
20,2206,NV20BEES,EQ,14767,8360,56.61
20,2207,NV20IETF,EQ,703019,584834,83.19
20,2208,NXST,RR,611482,575379,94.10
20,2209,NXT-INFRA,IV,175000,175000,100.00
20,2210,NYKAA,EQ,5740245,3579606,62.36
20,2211,OAL,EQ,79913,31801,39.79
20,2212,OBCL,EQ,4553,3201,70.31
20,2213,OBEROIRLTY,EQ,261690,123437,47.17
20,2214,OBSCP,SM,58400,35600,60.96
20,2215,ODIGMA,EQ,18658,17076,91.52
20,2216,ODYCORP,EQ,3697,3665,99.13
20,2217,OFSS,EQ,101559,32816,32.31
20,2218,OIL,EQ,2619912,1321369,50.44
20,2219,OILIETF,EQ,1003926,469676,46.78
20,2220,OLAELEC,EQ,20686084,6085410,29.42
20,2221,OLECTRA,EQ,234825,88015,37.48
20,2222,OLIL,SM,86000,77600,90.23
20,2223,OMAXAUTO,EQ,109441,68144,62.27
20,2224,OMAXE,EQ,799127,286366,35.83
20,2225,OMFURN,SM,10800,8400,77.78
20,2226,OMINFRAL,EQ,46884,15366,32.77
20,2227,OMNI,EQ,328386,106072,32.30
20,2228,OMPOWER,EQ,34886,20174,57.83
20,2229,ONDOOR,SM,900,600,66.67
20,2230,ONEGLOBAL,EQ,23535,17508,74.39
20,2231,ONEPOINT,EQ,279089,159796,57.26
20,2232,ONESOURCE,EQ,707456,267998,37.88
20,2233,ONGC,EQ,7965065,3736686,46.91
20,2234,ONIDA,EQ,340380,186455,54.78
20,2235,ONIXSOLAR,EQ,435163,226014,51.94
20,2236,ONWARDTEC,EQ,48760,32409,66.47
20,2237,ONYX,ST,34000,34000,100.00
20,2238,OPTIEMUS,EQ,75184,42201,56.13
20,2239,OPTIFIN,EQ,56239,51780,92.07
20,2240,OPTIMYSTIX,SM,159200,120000,75.38
20,2241,OPTIVALUE,ST,35200,32000,90.91
20,2242,ORCHASP,EQ,185912,152534,82.05
20,2243,ORCHPHARMA,EQ,26453,16297,61.61
20,2244,ORIANA,SM,33300,27225,81.76
20,2245,ORICONENT,EQ,38106,21090,55.35
20,2246,ORIENTALTL,EQ,86230,33394,38.73
20,2247,ORIENTBELL,EQ,37419,22296,59.58
20,2248,ORIENTCEM,EQ,378422,160194,42.33
20,2249,ORIENTCER,EQ,68672,35423,51.58
20,2250,ORIENTELEC,EQ,83726,47580,56.83
20,2251,ORIENTHOT,EQ,428985,205647,47.94
20,2252,ORIENTPPR,EQ,387404,207923,53.67
20,2253,ORIENTTECH,EQ,60257,27098,44.97
20,2254,ORIRAIL,EQ,67864,24853,36.62
20,2255,ORISSAMINE,EQ,4495,2200,48.94
20,2256,ORKLAINDIA,EQ,48821,27211,55.74
20,2257,ORTINGLOBE,EQ,57526,51724,89.91
20,2258,OSELDEVICE,SM,22600,16800,74.34
20,2259,OSWALAGRO,EQ,70117,54737,78.07
20,2260,OSWALGREEN,EQ,100368,53822,53.62
20,2261,OSWALPUMPS,EQ,394684,170747,43.26
20,2262,OSWALSEEDS,EQ,40865,29274,71.64
20,2263,OWAIS,ST,12800,12500,97.66
20,2264,PACEDIGITK,EQ,946446,395239,41.76
20,2265,PACIFICI,EQ,4,4,100.00
20,2266,PAGEIND,EQ,24215,11535,47.64
20,2267,PAISALO,EQ,10883081,5675480,52.15
20,2268,PAKKA,EQ,229029,112062,48.93
20,2269,PALASHSECU,EQ,285,143,50.18
20,2270,PALREDTEC,EQ,6675,6655,99.70
20,2271,PANACEABIO,EQ,101506,56739,55.90
20,2272,PANAMAPET,EQ,160244,57519,35.89
20,2273,PANCHMAHQ,EQ,394,352,89.34
20,2274,PANORAMA,EQ,288476,137011,47.49
20,2275,PANSARI,EQ,2968,2957,99.63
20,2276,PARACABLES,EQ,4828599,1868055,38.69
20,2277,PARADEEP,EQ,8713293,2219531,25.47
20,2278,PARAGMILK,EQ,917296,380522,41.48
20,2279,PARAGON,SM,142800,76800,53.78
20,2280,PARAMOUNT,SM,2400,2400,100.00
20,2281,PARAS,EQ,2631639,579603,22.02
20,2282,PARASPETRO,EQ,148151,116006,78.30
20,2283,PARIN,SM,12500,7500,60.00
20,2284,PARKHOSPS,EQ,230408,121683,52.81
20,2285,PARKHOTELS,EQ,228241,144509,63.31
20,2286,PARNAXLAB,EQ,2682,2459,91.69
20,2287,PARTH,SM,3600,2000,55.56
20,2288,PARTYCRUS,SM,4000,4000,100.00
20,2289,PASHUPATI,EQ,227818,33102,14.53
20,2290,PATANJALI,EQ,1412377,609622,43.16
20,2291,PATELENG,EQ,1875076,1127270,60.12
20,2292,PATELRMART,EQ,90636,62244,68.67
20,2293,PATILAUTOM,SM,507600,352200,69.39
20,2294,PAUSHAKLTD,EQ,36424,15135,41.55
20,2295,PAVNAIND,EQ,26923,18583,69.02
20,2296,PAYTM,EQ,2338072,1321924,56.54
20,2297,PCBL,EQ,6607816,1218394,18.44
20,2298,PCCL,SM,32000,21600,67.50
20,2299,PCJEWELLER,EQ,1114322441,183912501,16.50
20,2300,PDMJEPAPER,EQ,699525,198278,28.34
20,2301,PDSL,EQ,91940,53339,58.02
20,2302,PEARLPOLY,EQ,3250,2475,76.15
20,2303,PELATRO,SM,30600,25200,82.35
20,2304,PENIND,EQ,1266398,624569,49.32
20,2305,PENINLAND,EQ,117089,93767,80.08
20,2306,PENTAGON,SM,102000,70000,68.63
20,2307,PERFECT,SZ,9000,9000,100.00
20,2308,PERMAGN,EQ,3734,2721,72.87
20,2309,PERNIASPOP,EQ,703695,202368,28.76
20,2310,PERSISTENT,EQ,330550,132237,40.01
20,2311,PETRONET,EQ,1543809,779207,50.47
20,2312,PFC,EQ,6879445,4267515,62.03
20,2313,PFCL41A,NE,15,15,100.00
20,2314,PFIZER,EQ,186580,80808,43.31
20,2315,PFOCUS,EQ,2434717,762565,31.32
20,2316,PFS,EQ,1295363,1091812,84.29
20,2317,PGEL,EQ,1171922,484509,41.34
20,2318,PGHH,EQ,28369,12851,45.30
20,2319,PGHL,EQ,4338,2554,58.88
20,2320,PGIL,EQ,107491,42543,39.58
20,2321,PGINVIT,IV,1046836,821502,78.47
20,2322,PHANTOMFX,SM,3000,3000,100.00
20,2323,PHARMABEES,EQ,4041902,2249086,55.64
20,2324,PHOENIXLTD,EQ,329961,195611,59.28
20,2325,PHOENXINTL,EQ,2165,1294,59.77
20,2326,PHOGLOBAL,SM,6000,4000,66.67
20,2327,PICCADIL,EQ,114816,61924,53.93
20,2328,PIDILITIND,EQ,738063,414163,56.11
20,2329,PIGL,EQ,44872,31302,69.76
20,2330,PIIND,EQ,98267,38864,39.55
20,2331,PILANIINVS,EQ,1047,598,57.12
20,2332,PILITA,EQ,89087,82889,93.04
20,2333,PINELABS,EQ,38342385,12918879,33.69
20,2334,PIONEEREMB,EQ,23006,15347,66.71
20,2335,PIRAMALFIN,EQ,481431,295424,61.36
20,2336,PITTIENG,EQ,219301,78200,35.66
20,2337,PIXTRANS,EQ,16266,10257,63.06
20,2338,PKTEA,EQ,61700,11410,18.49
20,2339,PLASTIBLEN,EQ,26956,15901,58.99
20,2340,PLATIND,EQ,52015,29141,56.02
20,2341,PLAZACABLE,EQ,245887,140240,57.03
20,2342,PML,EQ,105,98,93.33
20,2343,PNB,EQ,11972532,7189336,60.05
20,2344,PNBGILTS,EQ,596996,191528,32.08
20,2345,PNBHOUSING,EQ,524914,256233,48.81
20,2346,PNC,EQ,4645,3029,65.21
20,2347,PNCINFRA,EQ,585027,295783,50.56
20,2348,PNGJL,EQ,958774,624519,65.14
20,2349,PNGSREVA,EQ,252382,103318,40.94
20,2350,POCL,EQ,198450,79024,39.82
20,2351,PODDARMENT,EQ,276944,84504,30.51
20,2352,POEL,EQ,16681,12542,75.19
20,2353,POKARNA,EQ,161959,104280,64.39
20,2354,POLICYBZR,EQ,1108483,695984,62.79
20,2355,POLYCAB,EQ,604579,296793,49.09
20,2356,POLYMED,EQ,127092,50359,39.62
20,2357,POLYPLEX,EQ,51471,33981,66.02
20,2358,POLYSIL,SM,146000,125000,85.62
20,2359,POLYSPIN,EQ,683,675,98.83
20,2360,PONNIERODE,EQ,14432,7959,55.15
20,2361,POONAWALLA,EQ,418071,235055,56.22
20,2362,POSITRON,SM,8400,6900,82.14
20,2363,POWERGRID,EQ,7385483,4395117,59.51
20,2364,POWERICA,EQ,111394,61265,55.00
20,2365,POWERINDIA,EQ,278064,96910,34.85
20,2366,POWERMECH,EQ,50094,22414,44.74
20,2367,PPLPHARMA,EQ,21040344,5870678,27.90
20,2368,PPSL,SM,69000,60000,86.96
20,2369,PRABHA,EQ,1160678,494323,42.59
20,2370,PRAENG,EQ,88785,75729,85.29
20,2371,PRAJIND,EQ,279523,121604,43.50
20,2372,PRAKASH,EQ,682134,383347,56.20
20,2373,PRAKASHSTL,EQ,174917,114222,65.30
20,2374,PRAMARA,SM,11000,8500,77.27
20,2375,PRAMODINI,SM,662400,423600,63.95
20,2376,PRATHAM,SM,7200,6800,94.44
20,2377,PRAVEG,EQ,122995,41447,33.70
20,2378,PRAXIS,EQ,112712,101987,90.48
20,2379,PRECAM,EQ,137481,78947,57.42
20,2380,PRECISION,ST,146000,146000,100.00
20,2381,PRECOT,EQ,4798,3270,68.15
20,2382,PRECWIRE,EQ,1098914,294292,26.78
20,2383,PREMCO,EQ,212,199,93.87
20,2384,PREMEXPLN,EQ,317368,196132,61.80
20,2385,PREMIERENE,EQ,355380,145422,40.92
20,2386,PREMIERPOL,EQ,184768,91845,49.71
20,2387,PREMIUM,SM,36000,27000,75.00
20,2388,PRESSTONIC,SM,70400,51200,72.73
20,2389,PRESTIGE,EQ,505136,292346,57.87
20,2390,PRICOLLTD,EQ,294938,153576,52.07
20,2391,PRIMECAB,ST,16000,16000,100.00
20,2392,PRIMESECU,EQ,34338,16019,46.65
20,2393,PRIMO,EQ,198332,94641,47.72
20,2394,PRINCEPIPE,EQ,329475,168861,51.25
20,2395,PRISMX,EQ,127960,94130,73.56
20,2396,PRIVISCL,EQ,101601,67309,66.25
20,2397,PRIZOR,ST,24400,22400,91.80
20,2398,PRLIND,SM,39000,34000,87.18
20,2399,PROFX,SM,11200,11200,100.00
20,2400,PROPEQUITY,SM,7200,7200,100.00
20,2401,PROPSHOP,SM,88000,60000,68.18
20,2402,PROSTARM,EQ,122880,55507,45.17
20,2403,PROTEAN,EQ,211683,124466,58.80
20,2404,PROV,SM,720,640,88.89
20,2405,PROZONER,EQ,189943,124111,65.34
20,2406,PRSMJOHNSN,EQ,316056,126151,39.91
20,2407,PRUDENT,EQ,39653,29055,73.27
20,2408,PSB,EQ,519212,297532,57.30
20,2409,PSFL,SM,28000,26000,92.86
20,2410,PSPPROJECT,EQ,37405,20869,55.79
20,2411,PSRAJ,ST,7500,7500,100.00
20,2412,PSUBANK,EQ,41388,22910,55.35
20,2413,PSUBANKADD,EQ,14460,6558,45.35
20,2414,PSUBNKBEES,EQ,1124101,614808,54.69
20,2415,PSUBNKIETF,EQ,79437,45554,57.35
20,2416,PTC,EQ,1017313,630546,61.98
20,2417,PTCIL,EQ,23447,7645,32.61
20,2418,PTL,EQ,65200,46195,70.85
20,2419,PULZ,SM,6000,4000,66.67
20,2420,PUNJABCHEM,EQ,2946,1640,55.67
20,2421,PURPLEUTED,ST,18750,18250,97.33
20,2422,PURVA,EQ,301966,129526,42.89
20,2423,PUSHPA,SM,29000,18000,62.07
20,2424,PVP,EQ,2145805,805017,37.52
20,2425,PVRINOX,EQ,1863426,381347,20.46
20,2426,PVSL,EQ,25283,16981,67.16
20,2427,PVTBANIETF,EQ,824898,526389,63.81
20,2428,PVTBANK,EQ,2839,2836,99.89
20,2429,PVTBANKADD,EQ,61827,48021,77.67
20,2430,PVTBKGROWW,EQ,9783,8528,87.17
20,2431,PWL,EQ,5315731,1419872,26.71
20,2432,PYRAMID,EQ,26098,17319,66.36
20,2433,QGOLDHALF,EQ,263070,106628,40.53
20,2434,QLINE,SM,94000,79600,84.68
20,2435,QNIFTY,EQ,5892,1221,20.72
20,2436,QPOWER,EQ,292715,135341,46.24
20,2437,QUADFUTURE,EQ,1096145,335040,30.57
20,2438,QUADPRO,SM,12000,12000,100.00
20,2439,QUAL30IETF,EQ,35378,24895,70.37
20,2440,QUALITY30,EQ,4104,2983,72.69
20,2441,QUESS,EQ,850090,294521,34.65
20,2442,QUESTLAB,SM,3600,3600,100.00
20,2443,QUICKHEAL,EQ,147505,74083,50.22
20,2444,QUICKTOUCH,SM,1000,1000,100.00
20,2445,QUINT,EQ,7175,5751,80.15
20,2446,QVCEL,SM,1600,1600,100.00
20,2447,RACE,EQ,4268,2964,69.45
20,2448,RACLGEAR,EQ,21693,9876,45.53
20,2449,RADAAN,EQ,17012,8228,48.37
20,2450,RADHIKAJWE,EQ,8196082,1546118,18.86
20,2451,RADIANTCMS,EQ,426592,290842,68.18
20,2452,RADICO,EQ,139858,80586,57.62
20,2453,RADIOCITY,EQ,55539,47926,86.29
20,2454,RAILTEL,EQ,456353,219252,48.04
20,2455,RAIN,EQ,6812552,2870646,42.14
20,2456,RAINBOW,EQ,65166,44362,68.08
20,2457,RAJINDLTD,SM,1500,1500,100.00
20,2458,RAJMET,EQ,595934,352102,59.08
20,2459,RAJPALAYAM,EQ,468,468,100.00
20,2460,RAJPUTANA,SM,2000,2000,100.00
20,2461,RAJRATAN,EQ,73019,34991,47.92
20,2462,RAJSREESUG,EQ,19238,9504,49.40
20,2463,RAJTV,EQ,56918,52492,92.22
20,2464,RALLIS,EQ,425909,287795,67.57
20,2465,RAMANEWS,EQ,151147,108861,72.02
20,2466,RAMAPHO,EQ,14324,9618,67.15
20,2467,RAMBHAJO,EQ,848380,286491,33.77
20,2468,RAMCOCEM,EQ,201465,122874,60.99
20,2469,RAMCOIND,EQ,73261,42834,58.47
20,2470,RAMCOSYS,EQ,99742,46124,46.24
20,2471,RAMKY,EQ,21327,13559,63.58
20,2472,RAMRAT,EQ,272615,84607,31.04
20,2473,RANASUG,EQ,228040,127978,56.12
20,2474,RANEHOLDIN,EQ,23261,12245,52.64
20,2475,RAPIDFLEET,SM,15000,600,4.00
20,2476,RAPPID,SM,10200,6600,64.71
20,2477,RATEGAIN,EQ,295189,179699,60.88
20,2478,RATNAMANI,EQ,145586,56055,38.50
20,2479,RATNAVEER,EQ,2092906,898804,42.95
20,2480,RAYMOND,EQ,13357784,1057710,7.92
20,2481,RAYMONDLSL,EQ,990648,295982,29.88
20,2482,RAYMONDREL,EQ,872805,318021,36.44
20,2483,RBA,EQ,2625931,1461108,55.64
20,2484,RBLBANK,EQ,1994199,1013882,50.84
20,2485,RBMINFRA,SM,85800,64800,75.52
20,2486,RBS,SM,1600,1600,100.00
20,2487,RCDL,SM,15000,15000,100.00
20,2488,RCDL-RE,ST,243000,228000,93.83
20,2489,RCF,EQ,863763,331523,38.38
20,2490,READYMIX,SM,53000,24000,45.28
20,2491,RECLTD,EQ,4604418,2603624,56.55
20,2492,REDINGTON,EQ,3067237,1289248,42.03
20,2493,REDTAPE,EQ,398356,221972,55.72
20,2494,REFEX,EQ,155563,80205,51.56
20,2495,REFRACTORY,SM,40000,29000,72.50
20,2496,REGAAL,EQ,102928,62568,60.79
20,2497,REGENCERAM,EQ,880,658,74.77
20,2498,RELAXO,EQ,81314,37921,46.64
20,2499,RELCHEMQ,EQ,937,518,55.28
20,2500,RELIABLE,EQ,53257,14594,27.40
20,2501,RELIANCE,EQ,9799528,5713748,58.31
20,2502,RELIGARE,EQ,439324,202282,46.04
20,2503,RELTD,EQ,109145,66384,60.82
20,2504,REMSONSIND,EQ,115898,53395,46.07
20,2505,REMUS,SM,9500,6000,63.16
20,2506,RENUKA,EQ,20638935,7461159,36.15
20,2507,REPCOHOME,EQ,64962,38503,59.27
20,2508,REPRO,EQ,4269,2532,59.31
20,2509,RESPONIND,EQ,474819,147066,30.97
20,2510,RETAIL,EQ,5303,3461,65.26
20,2511,REXPRO,SM,6000,5000,83.33
20,2512,RFBL,ST,72000,72000,100.00
20,2513,RGL,EQ,854180,283537,33.19
20,2514,RHETAN,EQ,9758911,4106940,42.08
20,2515,RHIM,EQ,98879,55914,56.55
20,2516,RHL,EQ,116,108,93.10
20,2517,RICHA,ST,2000,2000,100.00
20,2518,RICOAUTO,EQ,670884,340000,50.68
20,2519,RIIL,EQ,35438,14694,41.46
20,2520,RIIT,IV,130588,93234,71.40
20,2521,RILINFRA,SM,51400,44900,87.35
20,2522,RIR,EQ,1449221,470677,32.48
20,2523,RISHABH,EQ,227115,96719,42.59
20,2524,RITCO,EQ,121488,56508,46.51
20,2525,RITES,EQ,171667,96549,56.24
20,2526,RITEZONE,SM,16000,16000,100.00
20,2527,RKDL,EQ,7175,7111,99.11
20,2528,RKEC,EQ,73451,55438,75.48
20,2529,RKFORGE,EQ,527188,254808,48.33
20,2530,RKSWAMY,EQ,19078,14755,77.34
20,2531,RMC,EQ,94977,31860,33.54
20,2532,RML,EQ,207077,58074,28.04
20,2533,RNFI,SM,37200,25800,69.35
20,2534,RNPL,SM,3600,3600,100.00
20,2535,ROCKINGDCE,SM,13250,9750,73.58
20,2536,ROHLTD,EQ,33605,22918,68.20
20,2537,ROLEXRINGS,EQ,831437,443185,53.30
20,2538,ROML,EQ,2078,1516,72.95
20,2539,ROSSARI,EQ,48650,34669,71.26
20,2540,ROSSELLIND,EQ,33600,18606,55.38
20,2541,ROSSTECH,EQ,407001,150493,36.98
20,2542,ROTO,EQ,1146304,196022,17.10
20,2543,ROUTE,EQ,56368,30960,54.92
20,2544,ROXHITECH,SM,27200,22400,82.35
20,2545,ROYALARC,SM,3600,2400,66.67
20,2546,RPEL,EQ,101435,42226,41.63
20,2547,RPGLIFE,EQ,28308,15459,54.61
20,2548,RPOWER,EQ,14966105,5027916,33.60
20,2549,RPPINFRA,EQ,31611,17985,56.89
20,2550,RPSGVENT,EQ,13979,7014,50.18
20,2551,RPTECH,EQ,737587,324684,44.02
20,2552,RRECL,EQ,532,296,55.64
20,2553,RRIL,EQ,75307,50815,67.48
20,2554,RRKABEL,EQ,665066,228206,34.31
20,2555,RSL,EQ,297716,130484,43.83
20,2556,RSSOFTWARE,EQ,31601,22597,71.51
20,2557,RSYSTEMS,EQ,82877,51593,62.25
20,2558,RTL,SM,4000,2000,50.00
20,2559,RTNINDIA,EQ,1114969,467843,41.96
20,2560,RTNPOWER,EQ,12658598,6792559,53.66
20,2561,RTSPOWR,EQ,1123,1083,96.44
20,2562,RUBFILA,EQ,91354,61328,67.13
20,2563,RUBICON,EQ,316261,129707,41.01
20,2564,RUBYMILLS,EQ,38798,17351,44.72
20,2565,RUCHINFRA,EQ,35307,29850,84.54
20,2566,RUCHIRA,EQ,233548,139204,59.60
20,2567,RUDRA,EQ,44191,26393,59.72
20,2568,RULKA,SM,18000,15000,83.33
20,2569,RUPA,EQ,68578,35024,51.07
20,2570,RUSHIL,EQ,285323,177660,62.27
20,2571,RUSTOMJEE,EQ,588269,315967,53.71
20,2572,RVHL,EQ,5622,5461,97.14
20,2573,RVNL,EQ,2884655,963886,33.41
20,2574,RVTH,EQ,5687,3369,59.24
20,2575,S&SPOWER,EQ,5869,3898,66.42
20,2576,SAAKSHI,ST,29400,27000,91.84
20,2577,SAATVIKGL,EQ,60306,30538,50.64
20,2578,SAB,EQ,169,165,97.63
20,2579,SACHEEROME,SM,25500,16800,65.88
20,2580,SADBHAV,EQ,253373,141038,55.66
20,2581,SADHAV,SM,4200,3600,85.71
20,2582,SAFARI,EQ,27701,17373,62.72
20,2583,SAFEENTP,SM,30000,24500,81.67
20,2584,SAGARDEEP,EQ,8342,5515,66.11
20,2585,SAGCEM,EQ,108825,94771,87.09
20,2586,SAGILITY,EQ,14824946,9540811,64.36
20,2587,SAHAJSOLAR,SM,18400,16800,91.30
20,2588,SAHANA,SM,37650,29550,78.49
20,2589,SAHASRA,SM,70000,66400,94.86
20,2590,SAHLIBHFI,EQ,25629,18574,72.47
20,2591,SAHYADRI,EQ,18574,11137,59.96
20,2592,SAICAPI,EQ,716,501,69.97
20,2593,SAIFL,SM,464000,348000,75.00
20,2594,SAIL,EQ,19246316,7804552,40.55
20,2595,SAILIFE,EQ,1414082,617720,43.68
20,2596,SAIPARENT,EQ,63249,31591,49.95
20,2597,SAKAR,EQ,580120,154386,26.61
20,2598,SAKHTISUG,EQ,106321,51011,47.98
20,2599,SAKSOFT,EQ,215339,98409,45.70
20,2600,SAKUMA,EQ,612558,430026,70.20
20,2601,SALASAR,EQ,4457217,2525673,56.66
20,2602,SALONA,EQ,508,321,63.19
20,2603,SALSTEEL,EQ,555238,165907,29.88
20,2604,SALZERELEC,EQ,56573,24634,43.54
20,2605,SAMAY,ST,8000,8000,100.00
20,2606,SAMBANDAM,EQ,168,168,100.00
20,2607,SAMBHAAV,EQ,13109,9773,74.55
20,2608,SAMBHV,EQ,1530368,731028,47.77
20,2609,SAMHI,EQ,806381,459055,56.93
20,2610,SAMMAANCAP,EQ,2524388,1242733,49.23
20,2611,SAMPANN,EQ,11876,8674,73.04
20,2612,SANATHAN,EQ,111078,55636,50.09
20,2613,SANDESH,EQ,1472,1406,95.52
20,2614,SANDHAR,EQ,80151,32695,40.79
20,2615,SANDUMA,EQ,382799,185914,48.57
20,2616,SANGAMIND,EQ,19148,14641,76.46
20,2617,SANGANI,SM,15000,15000,100.00
20,2618,SANGHVIMOV,EQ,224364,111175,49.55
20,2619,SANOFI,EQ,11823,7021,59.38
20,2620,SANOFICONR,EQ,2771,1676,60.48
20,2621,SANSERA,EQ,397756,148200,37.26
20,2622,SANSTAR,EQ,136076,65925,48.45
20,2623,SAPPHIRE,EQ,415672,167407,40.27
20,2624,SAPPL,EQ,651,419,64.36
20,2625,SARDAEN,EQ,757903,387774,51.16
20,2626,SAREGAMA,EQ,266717,105695,39.63
20,2627,SARLAPOLY,EQ,34886,22777,65.29
20,2628,SAROJA,SM,1600,1600,100.00
20,2629,SARTELE,SM,90000,57000,63.33
20,2630,SARVESHWAR,EQ,13974925,9503903,68.01
20,2631,SASKEN,EQ,30095,16277,54.09
20,2632,SATECH,SM,8000,8000,100.00
20,2633,SATIA,EQ,274991,144794,52.65
20,2634,SATIN,EQ,141022,74313,52.70
20,2635,SATIPOLY,ST,500,500,100.00
20,2636,SATKARTAR,SM,20800,16800,80.77
20,2637,SATTVAENGG,SM,3200,3200,100.00
20,2638,SAURASHCEM,EQ,84201,45233,53.72
20,2639,SAVY,SM,18000,13200,73.33
20,2640,SAWALIYA,SM,69000,67800,98.26
20,2641,SAYAJIHOTL,EQ,3,2,66.67
20,2642,SAYAJIIND,EQ,5307,5202,98.02
20,2643,SBC,EQ,8596009,3554019,41.34
20,2644,SBCL,EQ,354867,153599,43.28
20,2645,SBFC,EQ,589867,239810,40.65
20,2646,SBGLP,EQ,13937,12240,87.82
20,2647,SBIBPB,EQ,21067,13534,64.24
20,2648,SBICARD,EQ,2340386,1339110,57.22
20,2649,SBIETFCON,EQ,9270,6847,73.86
20,2650,SBIETFIT,EQ,6150,3930,63.90
20,2651,SBIETFPB,EQ,1134,814,71.78
20,2652,SBIETFQLTY,EQ,847,795,93.86
20,2653,SBIFUNDS,EQ,466279,243703,52.27
20,2654,SBILIFE,EQ,528949,274160,51.83
20,2655,SBILIQETF,EQ,69986,62776,89.70
20,2656,SBIMIDMOM,EQ,38459,37287,96.95
20,2657,SBIN,EQ,7084768,4307989,60.81
20,2658,SBINEQWETF,EQ,32039,28352,88.49
20,2659,SBINMID150,EQ,18315,17730,96.81
20,2660,SBISILVER,EQ,852049,258886,30.38
20,2661,SBISMLETF,EQ,37294,30777,82.53
20,2662,SBIVALETF,EQ,5637,5635,99.96
20,2663,SCHAEFFLER,EQ,50833,35703,70.24
20,2664,SCHAND,EQ,21528,13990,64.99
20,2665,SCHNEIDER,EQ,180626,73970,40.95
20,2666,SCI,EQ,1262000,560260,44.39
20,2667,SCILAL,EQ,305630,181435,59.36
20,2668,SCML,SM,23000,16000,69.57
20,2669,SCODATUBES,EQ,117731,72311,61.42
20,2670,SDBL,EQ,493821,259456,52.54
20,2671,SDREAMS,SM,40000,33000,82.50
20,2672,SEAMECLTD,EQ,67665,40292,59.55
20,2673,SECMARK,EQ,1810,999,55.19
20,2674,SECURKLOUD,EQ,17022,14668,86.17
20,2675,SEDEMAC,EQ,50300,21684,43.11
20,2676,SEIL,EQ,123244,74702,60.61
20,2677,SEJALLTD,EQ,7849,5066,64.54
20,2678,SEKURITIND,EQ,28488,21430,75.22
20,2679,SEL,SM,5200,5200,100.00
20,2680,SELECTIPO,EQ,44164,31243,70.74
20,2681,SELMC,EQ,148529,32262,21.72
20,2682,SEMAC,EQ,890,593,66.63
20,2683,SENCO,EQ,591895,225097,38.03
20,2684,SENORES,EQ,373922,158664,42.43
20,2685,SENSEXADD,EQ,1883,1845,97.98
20,2686,SENSEXAXIS,EQ,1850,1743,94.22
20,2687,SENSEXBETA,EQ,1117,961,86.03
20,2688,SENSEXETF,EQ,39123,22859,58.43
20,2689,SENSEXIETF,EQ,6871,4696,68.35
20,2690,SEPC,EQ,5736412,3071999,53.55
20,2691,SERVICE,SM,4000,4000,100.00
20,2692,SERVOTECH,EQ,228870,140617,61.44
20,2693,SESHAPAPER,EQ,134513,80713,60.00
20,2694,SETF10GILT,EQ,691,659,95.37
20,2695,SETFGOLD,EQ,5603290,2927040,52.24
20,2696,SETFNIF50,EQ,810044,676442,83.51
20,2697,SETFNIFBK,EQ,101600,94325,92.84
20,2698,SETFNN50,EQ,23683,14507,61.25
20,2699,SETL,EQ,899191,417458,46.43
20,2700,SFL,EQ,2942072,426025,14.48
20,2701,SFML,SM,9600,6400,66.67
20,2702,SGBAPR28I,GB,135,81,60.00
20,2703,SGBAUG27,GB,69,37,53.62
20,2704,SGBAUG28V,GB,1198,911,76.04
20,2705,SGBAUG29V,GB,66,54,81.82
20,2706,SGBAUG30,GB,129,94,72.87
20,2707,SGBD29VIII,GB,59,40,67.80
20,2708,SGBDC27VII,GB,13,9,69.23
20,2709,SGBDE30III,GB,155,119,76.77
20,2710,SGBDE31III,GB,379,229,60.42
20,2711,SGBDEC26,GB,1,1,100.00
20,2712,SGBFEB27,GB,1,1,100.00
20,2713,SGBFEB28IX,GB,34,26,76.47
20,2714,SGBFEB29XI,GB,86,55,63.95
20,2715,SGBFEB32IV,GB,704,473,67.19
20,2716,SGBJAN29IX,GB,535,380,71.03
20,2717,SGBJAN29X,GB,111,50,45.05
20,2718,SGBJAN30IX,GB,124,85,68.55
20,2719,SGBJU29III,GB,52,29,55.77
20,2720,SGBJUL27,GB,2,2,100.00
20,2721,SGBJUL28IV,GB,144,105,72.92
20,2722,SGBJUL29IV,GB,80,45,56.25
20,2723,SGBJUN27,GB,70,39,55.71
20,2724,SGBJUN28,GB,149,84,56.38
20,2725,SGBJUN29II,GB,43,27,62.79
20,2726,SGBJUN30,GB,84,41,48.81
20,2727,SGBJUN31I,GB,551,354,64.25
20,2728,SGBMAR30X,GB,97,82,84.54
20,2729,SGBMAR31IV,GB,226,134,59.29
20,2730,SGBMAY28,GB,226,124,54.87
20,2731,SGBMAY29I,GB,446,397,89.01
20,2732,SGBMR29XII,GB,145,123,84.83
20,2733,SGBN28VIII,GB,60,42,70.00
20,2734,SGBNV29VII,GB,50,41,82.00
20,2735,SGBOC28VII,GB,43,29,67.44
20,2736,SGBOCT26,GB,1,1,100.00
20,2737,SGBOCT27VI,GB,9,9,100.00
20,2738,SGBSEP27,GB,97,72,74.23
20,2739,SGBSEP28VI,GB,527,240,45.54
20,2740,SGBSEP29VI,GB,126,94,74.60
20,2741,SGBSEP31II,GB,525,300,57.14
20,2742,SGFIN,EQ,164770,87627,53.18
20,2743,SGIL,EQ,16342,13872,84.89
20,2744,SGL,EQ,2966,2336,78.76
20,2745,SGLRES,EQ,36452,25780,70.72
20,2746,SGMART,EQ,180042,87297,48.49
20,2747,SGRL,EQ,14245,8142,57.16
20,2748,SHADOWFAX,EQ,4847985,2497920,51.52
20,2749,SHAH,EQ,1797981,1087505,60.48
20,2750,SHAILY,EQ,108977,45968,42.18
20,2751,SHAKTIPUMP,EQ,379871,139048,36.60
20,2752,SHALBY,EQ,58413,33582,57.49
20,2753,SHANKARA,EQ,67386,53824,79.87
20,2754,SHANKESH,EQ,10007242,2978819,29.77
20,2755,SHANTI,EQ,43412,21929,50.51
20,2756,SHANTIGEAR,EQ,498009,213386,42.85
20,2757,SHANTIGOLD,EQ,1505201,652995,43.38
20,2758,SHANTIINOR,ST,531200,476800,89.76
20,2759,SHARDACROP,EQ,193168,86467,44.76
20,2760,SHARDAMOTR,EQ,29480,16798,56.98
20,2761,SHAREINDIA,EQ,191854,106366,55.44
20,2762,SHARIABEES,EQ,6020,4675,77.66
20,2763,SHBAJRG,EQ,3110,2807,90.26
20,2764,SHEEL,ST,8000,8000,100.00
20,2765,SHEETAL,SM,2500,2000,80.00
20,2766,SHERA,SM,66000,54000,81.82
20,2767,SHERVANI,EQ,27,17,62.96
20,2768,SHETHJI,SM,42000,33000,78.57
20,2769,SHILCTECH,EQ,14040,7637,54.39
20,2770,SHILGRAVQ,EQ,4455,4015,90.12
20,2771,SHILPAMED,EQ,714579,262592,36.75
20,2772,SHINDL,EQ,369555,188739,51.07
20,2773,SHIPROCKET,EQ,29791766,3213232,10.79
20,2774,SHIVAAGRO,EQ,6565,5881,89.58
20,2775,SHIVACEM,EQ,57311,54986,95.94
20,2776,SHIVALIK,EQ,56701,29793,52.54
20,2777,SHIVAMAUTO,EQ,22462,18491,82.32
20,2778,SHIVAMILLS,EQ,7314,4787,65.45
20,2779,SHIVASHRIT,SM,50000,34000,68.00
20,2780,SHIVATEX,EQ,14001,8798,62.84
20,2781,SHIVAUM,EQ,14907,12146,81.48
20,2782,SHK,EQ,599257,264549,44.15
20,2783,SHKSIL,SM,20000,20000,100.00
20,2784,SHOPERSTOP,EQ,46488,16003,34.42
20,2785,SHRADDHA,EQ,2821,1910,67.71
20,2786,SHRADHA,EQ,23256,14834,63.79
20,2787,SHREDIGCEM,EQ,73777,36894,50.01
20,2788,SHREECEM,EQ,13107,6318,48.20
20,2789,SHREEDHAR,ST,46000,46000,100.00
20,2790,SHREEJISPG,EQ,621205,228531,36.79
20,2791,SHREEKARNI,SM,750,600,80.00
20,2792,SHREEOSFM,SM,6000,6000,100.00
20,2793,SHREEPUSHK,EQ,233531,88149,37.75
20,2794,SHREERAMA,EQ,80828,31979,39.56
20,2795,SHREMINVIT,IV,225000,225000,100.00
20,2796,SHREYANIND,EQ,8325,7395,88.83
20,2797,SHRIAHIMSA,ST,5400,4800,88.89
20,2798,SHRIKANHA,SM,27200,25600,94.12
20,2799,SHRIKRISH,EQ,2279,1922,84.34
20,2800,SHRINGARMS,EQ,289705,70364,24.29
20,2801,SHRIPISTON,EQ,29385,14430,49.11
20,2802,SHRIRAMFIN,EQ,2574351,1385061,53.80
20,2803,SHRIRAMPPS,EQ,244665,125648,51.36
20,2804,SHRJAGP,EQ,616,547,88.80
20,2805,SHUBHLAXMI,SM,7000,7000,100.00
20,2806,SHUBHSHREE,SM,1800,1800,100.00
20,2807,SHUKRAPHAR,EQ,6791172,1353754,19.93
20,2808,SHYAMDHANI,ST,10000,10000,100.00
20,2809,SHYAMMETL,EQ,228641,102230,44.71
20,2810,SHYAMTEL,EQ,6998,5943,84.92
20,2811,SICAGEN,EQ,16231,7668,47.24
20,2812,SIDDHICOTS,SM,8400,7200,85.71
20,2813,SIDDHIKA,SM,500,500,100.00
20,2814,SIEL,EQ,1617,1487,91.96
20,2815,SIEMENS,EQ,349820,171460,49.01
20,2816,SIGACHI,EQ,6169969,2098184,34.01
20,2817,SIGMA,EQ,49956,28222,56.49
20,2818,SIGNATURE,EQ,184905,15903,8.60
20,2819,SIGNPOST,EQ,244701,78171,31.95
20,2820,SIKA,EQ,46112,21066,45.68
20,2821,SIL,EQ,43242,33931,78.47
20,2822,SILGO,EQ,91013,11506,12.64
20,2823,SILINV,EQ,801,605,75.53
20,2824,SILKFLEX,SM,45000,26000,57.78
20,2825,SILLYMONKS,EQ,17501,15162,86.64
20,2826,SILVER,EQ,776377,234773,30.24
20,2827,SILVER001,EQ,15632,13382,85.61
20,2828,SILVER1,EQ,8172584,2805691,34.33
20,2829,SILVER360,EQ,8908,4285,48.10
20,2830,SILVERADD,EQ,5232857,1337234,25.55
20,2831,SILVERAG,EQ,218393,83647,38.30
20,2832,SILVERAXIS,EQ,517480,412779,79.77
20,2833,SILVERBEES,EQ,16238547,4646397,28.61
20,2834,SILVERBETA,EQ,267736,82939,30.98
20,2835,SILVERBND,EQ,8152,2867,35.17
20,2836,SILVERCASE,EQ,10441296,2040965,19.55
20,2837,SILVERIETF,EQ,2517714,1153355,45.81
20,2838,SILVERTUC,EQ,413174,162208,39.26
20,2839,SIMCA,ST,20400,16200,79.41
20,2840,SIMPLEXINF,EQ,70097,45100,64.34
20,2841,SIMPLXREA,EQ,5,5,100.00
20,2842,SINCLAIR,EQ,45494,28532,62.72
20,2843,SINDHUTRAD,EQ,1484833,1235710,83.22
20,2844,SINGERIND,EQ,123756,52386,42.33
20,2845,SINTERCOM,EQ,4179,3441,82.34
20,2846,SIRCA,EQ,156436,66347,42.41
20,2847,SIS,EQ,478616,123771,25.86
20,2848,SIYSIL,EQ,25896,14023,54.15
20,2849,SJLOGISTIC,SM,33000,30750,93.18
20,2850,SJS,EQ,155758,76951,49.40
20,2851,SJVN,EQ,2380457,1128607,47.41
20,2852,SKFINDIA,EQ,21578,14159,65.62
20,2853,SKFINDUS,EQ,38591,19080,49.44
20,2854,SKIPPER,EQ,1156716,454455,39.29
20,2855,SKMEGGPROD,EQ,186137,77897,41.85
20,2856,SKP,SM,87000,42000,48.28
20,2857,SKYGOLD,EQ,1443541,638047,44.20
20,2858,SKYTECH,SM,22400,22400,100.00
20,2859,SKYWAYS,EQ,6417199,1334349,20.79
20,2860,SLONE,ST,13200,12400,93.94
20,2861,SMALL250,EQ,253505,138040,54.45
20,2862,SMALLADD,EQ,94164,68202,72.43
20,2863,SMALLCAP,EQ,1556365,1175368,75.52
20,2864,SMALLGROWW,EQ,2937,1901,64.73
20,2865,SMALLIETF,EQ,16170,11789,72.91
20,2866,SMARTEN,ST,12000,12000,100.00
20,2867,SMARTWORKS,EQ,156782,85510,54.54
20,2868,SMCGLOBAL,EQ,1381128,663255,48.02
20,2869,SML100CASE,EQ,1008122,669883,66.45
20,2870,SMLMAH,EQ,45422,18527,40.79
20,2871,SMLT,EQ,12918,8055,62.35
20,2872,SMSPHARMA,EQ,634613,258807,40.78
20,2873,SNOWMAN,EQ,118533,65221,55.02
20,2874,SNXT30BEES,EQ,5301,3145,59.33
20,2875,SNXT50BETA,EQ,1928,949,49.22
20,2876,SOBHA,EQ,33085,12180,36.81
20,2877,SOCL,SM,8000,8000,100.00
20,2878,SOFTTECH,EQ,4536,3336,73.54
20,2879,SOLARA,EQ,800696,296512,37.03
20,2880,SOLARINDS,EQ,217218,80541,37.08
20,2881,SOLARWORLD,EQ,555468,448506,80.74
20,2882,SOLEX,EQ,15357,6838,44.53
20,2883,SOMANYCERA,EQ,68944,45979,66.69
20,2884,SOMATEX,EQ,7555,4977,65.88
20,2885,SOMICONVEY,EQ,7510,3530,47.00
20,2886,SONACOMS,EQ,1137878,541756,47.61
20,2887,SONAL,EQ,120,120,100.00
20,2888,SONAMAC,SM,7000,6000,85.71
20,2889,SONATSOFTW,EQ,918276,479999,52.27
20,2890,SONUINFRA,ST,115500,111000,96.10
20,2891,SOTL,EQ,523435,203393,38.86
20,2892,SOUTHBANK,EQ,4494492,1941079,43.19
20,2893,SOUTHWEST,EQ,606636,261897,43.17
20,2894,SPAL,EQ,32767,17006,51.90
20,2895,SPANDANA,EQ,48135,25402,52.77
20,2896,SPARC,EQ,627055,251454,40.10
20,2897,SPCENET,EQ,512719,299494,58.41
20,2898,SPCL,SM,13200,8400,63.64
20,2899,SPCON,SM,1200,1200,100.00
20,2900,SPEB,SM,2000,2000,100.00
20,2901,SPELS,EQ,25492,16084,63.09
20,2902,SPENCERS,EQ,20201,16042,79.41
20,2903,SPIC,EQ,720567,285417,39.61
20,2904,SPLIL,EQ,421,420,99.76
20,2905,SPLPETRO,EQ,904826,315087,34.82
20,2906,SPMLINFRA,EQ,311586,192209,61.69
20,2907,SPORTKING,EQ,571188,264224,46.26
20,2908,SPPPOLY,SM,4000,2000,50.00
20,2909,SPUNWEB,SM,8400,6000,71.43
20,2910,SRD,EQ,15302,11992,78.37
20,2911,SREEL,EQ,26819,21811,81.33
20,2912,SRF,EQ,167100,110795,66.30
20,2913,SRGHFL,EQ,1881,1619,86.07
20,2914,SRHHYPOLTD,EQ,13080,9379,71.70
20,2915,SRIVASAVI,ST,12000,12000,100.00
20,2916,SRM,EQ,82127,46841,57.03
20,2917,SRTL,EQ,26612,19831,74.52
20,2918,SSDL,EQ,10042,7035,70.06
20,2919,SSEGL,SM,51000,27000,52.94
20,2920,SSFL,ST,14000,14000,100.00
20,2921,SSWL,EQ,822533,288963,35.13
20,2922,STANLEY,EQ,112955,82724,73.24
20,2923,STAR,EQ,491962,152382,30.97
20,2924,STARCEMENT,EQ,289777,181582,62.66
20,2925,STARHEALTH,EQ,252143,147043,58.32
20,2926,STARPAPER,EQ,34432,24455,71.02
20,2927,STARTECK,EQ,66,60,90.91
20,2928,STCINDIA,EQ,11336,8375,73.88
20,2929,STEELCAS,EQ,76516,36361,47.52
20,2930,STEELCITY,EQ,5527,4326,78.27
20,2931,STEELXIND,EQ,12644699,3344698,26.45
20,2932,STEL,EQ,2050,1229,59.95
20,2933,STLNETWORK,EQ,6414014,3916955,61.07
20,2934,STLSTRINF,EQ,3074,2745,89.30
20,2935,STOVEKRAFT,EQ,77207,36257,46.96
20,2936,STRIDERS,SM,3200,3200,100.00
20,2937,STUDDS,EQ,53941,34787,64.49
20,2938,STUDIOLSD,SM,12000,8000,66.67
20,2939,STYL,EQ,142359,52348,36.77
20,2940,STYLAMIND,EQ,21577,11632,53.91
20,2941,STYLEBAAZA,EQ,404411,274768,67.94
20,2942,STYRENIX,EQ,63027,30947,49.10
20,2943,SUBAHOTELS,SM,42000,32400,77.14
20,2944,SUBEXLTD,EQ,31292634,7813929,24.97
20,2945,SUBROS,EQ,36208,22449,62.00
20,2946,SUDARCOLOR,EQ,8513,5435,63.84
20,2947,SUDARSCHEM,EQ,146481,84504,57.69
20,2948,SUDEEPPHRM,EQ,192353,84648,44.01
20,2949,SUKHJITS,EQ,66512,46033,69.21
20,2950,SULA,EQ,152179,75737,49.77
20,2951,SUMAX,ST,72000,62400,86.67
20,2952,SUMEDHA,EQ,230,229,99.57
20,2953,SUMEETINDS,EQ,1209924,822019,67.94
20,2954,SUMICHEM,EQ,141520,65927,46.58
20,2955,SUMIT,EQ,26995,18520,68.61
20,2956,SUMMITSEC,EQ,2339,1741,74.43
20,2957,SUNCLAY,EQ,4262,2754,64.62
20,2958,SUNDARAM,EQ,200955,131782,65.58
20,2959,SUNDARMFIN,EQ,33937,22131,65.21
20,2960,SUNDRMFAST,EQ,289846,138292,47.71
20,2961,SUNDROP,EQ,5103,3447,67.55
20,2962,SUNFLAG,EQ,94593,52264,55.25
20,2963,SUNLITE,SM,39600,28500,71.97
20,2964,SUNLOC,EQ,1618,1555,96.11
20,2965,SUNPHARMA,EQ,1422627,991770,69.71
20,2966,SUNRAKSHAK,EQ,10927,8461,77.43
20,2967,SUNSHIEL,EQ,2607,1589,60.95
20,2968,SUNSHINE,EQ,2339186,461016,19.71
20,2969,SUNTECH,SM,1600,1600,100.00
20,2970,SUNTECK,EQ,114285,56240,49.21
20,2971,SUNTV,EQ,262935,153539,58.39
20,2972,SUPERHOUSE,EQ,1114,643,57.72
20,2973,SUPRAJIT,EQ,38920,22425,57.62
20,2974,SUPREME,EQ,12225,3443,28.16
20,2975,SUPREMEIND,EQ,151985,81673,53.74
20,2976,SUPREMEINF,EQ,72493,29403,40.56
20,2977,SUPREMEPWR,SM,38000,27000,71.05
20,2978,SUPRIYA,EQ,265504,113493,42.75
20,2979,SURAJEST,EQ,218552,181002,82.82
20,2980,SURAJLTD,EQ,3043,1921,63.13
20,2981,SURAKSHA,EQ,74971,43338,57.81
20,2982,SURANASOL,EQ,22239,16465,74.04
20,2983,SURANAT&P,EQ,42233,35239,83.44
20,2984,SURYALA,EQ,1077,977,90.71
20,2985,SURYALAXMI,EQ,8399,5932,70.63
20,2986,SURYAROSNI,EQ,346599,210665,60.78
20,2987,SURYODAY,EQ,270869,142220,52.51
20,2988,SUVEN,EQ,468826,233202,49.74
20,2989,SUVIDHAA,EQ,151860,114418,75.34
20,2990,SUYOG,EQ,38569,24229,62.82
20,2991,SUZLON,EQ,24929892,11896956,47.72
20,2992,SVGLOBAL,EQ,8612,4646,53.95
20,2993,SVPGLOB,EQ,51940,50077,96.41
20,2994,SWANCORP,EQ,756303,234848,31.05
20,2995,SWARAJENG,EQ,8188,5043,61.59
20,2996,SWARNSAR,EQ,232263,126242,54.35
20,2997,SWASTIK,ST,2400,2400,100.00
20,2998,SWELECTES,EQ,31409,9521,30.31
20,2999,SWIGGY,EQ,25774897,15484827,60.08
20,3000,SWSOLAR,EQ,493784,205082,41.53
20,3001,SYLVANPLY,SM,2000,2000,100.00
20,3002,SYMBIOTEC,EQ,556915,155671,27.95
20,3003,SYMPHONY,EQ,4900203,363446,7.42
20,3004,SYNCOMF,EQ,12467529,3587097,28.77
20,3005,SYNGENE,EQ,482134,301002,62.43
20,3006,SYNOPTICS,ST,600,600,100.00
20,3007,SYRMA,EQ,2823789,606881,21.49
20,3008,SYSTANGO,SM,21600,16400,75.93
20,3009,TAALTECH,EQ,7902,6099,77.18
20,3010,TAC,ST,39400,33400,84.77
20,3011,TAINWALCHM,EQ,2390,1682,70.38
20,3012,TAJGVK,EQ,102199,26410,25.84
20,3013,TAKE,EQ,882460,622810,70.58
20,3014,TALBROAUTO,EQ,150372,72862,48.45
20,3015,TANAA,EQ,9918,5674,57.21
20,3016,TANKUP,ST,2250,2250,100.00
20,3017,TANLA,EQ,296264,147375,49.74
20,3018,TARACHAND,EQ,31732,15374,48.45
20,3019,TARAPUR,EQ,19300,13906,72.05
20,3020,TARC,EQ,643556,331216,51.47
20,3021,TARIL,EQ,569307,293883,51.62
20,3022,TARMAT,EQ,52108,18819,36.12
20,3023,TARSONS,EQ,67588,31836,47.10
20,3024,TASTYBITE,EQ,999,681,68.17
20,3025,TATACAP,EQ,542958,339793,62.58
20,3026,TATACHEM,EQ,313943,119632,38.11
20,3027,TATACOMM,EQ,257972,175788,68.14
20,3028,TATACONSUM,EQ,720871,401423,55.69
20,3029,TATAELXSI,EQ,92045,30428,33.06
20,3030,TATAGOLD,EQ,43973894,14734842,33.51
20,3031,TATAINVEST,EQ,120345,62613,52.03
20,3032,TATAPOWER,EQ,2879558,1534567,53.29
20,3033,TATASTEEL,EQ,24272812,13229561,54.50
20,3034,TATATECH,EQ,944323,348478,36.90
20,3035,TATSILV,EQ,41067114,12104828,29.48
20,3036,TATVA,EQ,40980,19278,47.04
20,3037,TAURIAN,ST,26400,23200,87.88
20,3038,TBI,SM,67800,42600,62.83
20,3039,TBOTEK,EQ,83697,34425,41.13
20,3040,TBZ,EQ,188891,188857,99.98
20,3041,TCC,EQ,6862837,966080,14.08
20,3042,TCI,EQ,21900,12739,58.17
20,3043,TCIEXP,EQ,35817,22435,62.64
20,3044,TCL,SM,313600,161600,51.53
20,3045,TCPLPACK,EQ,9186,4292,46.72
20,3046,TCS,EQ,2148114,1129391,52.58
20,3047,TDPOWERSYS,EQ,2089519,780553,37.36
20,3048,TEAMGTY,EQ,620,419,67.58
20,3049,TEAMLEASE,EQ,14408,7596,52.72
20,3050,TEAMTECH,ST,76000,66000,86.84
20,3051,TECH,EQ,18853,12117,64.27
20,3052,TECHD,SM,30600,26100,85.29
20,3053,TECHERA,SM,36000,26400,73.33
20,3054,TECHLABS,SM,21500,19750,91.86
20,3055,TECHM,EQ,1575629,907964,57.63
20,3056,TECHNOCRAF,EQ,1678026,469392,27.97
20,3057,TECHNOE,EQ,80436,45407,56.45
20,3058,TECHNVISN,EQ,314,190,60.51
20,3059,TECILCHEM,EQ,9254,6441,69.60
20,3060,TEGA,EQ,535802,209601,39.12
20,3061,TEJA,SM,54600,34200,62.64
20,3062,TEJASCARGO,SM,1200,400,33.33
20,3063,TEJASNET,EQ,2903328,528550,18.20
20,3064,TEMBO,EQ,869954,489229,56.24
20,3065,TEMPSENS,EQ,4308131,863727,20.05
20,3066,TENNIND,EQ,622292,355530,57.13
20,3067,TERAI,EQ,1,1,100.00
20,3068,TERASOFT,EQ,13276,7181,54.09
20,3069,TEXINFRA,EQ,1152328,869479,75.45
20,3070,TEXMOPIPES,EQ,469063,286058,60.98
20,3071,TEXRAIL,EQ,1773204,751617,42.39
20,3072,TFCILTD,EQ,7108611,2494428,35.09
20,3073,TFL,EQ,7174,6956,96.96
20,3074,TGBHOTELS,EQ,24346,18900,77.63
20,3075,TGL,ST,600,600,100.00
20,3076,TGVSL,EQ,103553,58032,56.04
20,3077,THACKER,EQ,7,7,100.00
20,3078,THAKDEV,EQ,1,1,100.00
20,3079,THANGAMAYL,EQ,54304,31117,57.30
20,3080,THEINVEST,EQ,8569,6918,80.73
20,3081,THEJO,EQ,2282,1365,59.82
20,3082,THELEELA,EQ,367701,289625,78.77
20,3083,THEMISMED,EQ,335531,141969,42.31
20,3084,THERMAX,EQ,195564,113316,57.94
20,3085,THESL,ST,9000,6000,66.67
20,3086,THOMASCOOK,EQ,680651,298241,43.82
20,3087,THOMASCOTT,EQ,56062,36170,64.52
20,3088,THYROCARE,EQ,161195,91573,56.81
20,3089,TI,EQ,208328,116406,55.88
20,3090,TIGERLOGS,EQ,39299,27585,70.19
20,3091,TIIL,EQ,27206,14515,53.35
20,3092,TIINDIA,EQ,545195,321838,59.03
20,3093,TIMETECHNO,EQ,2793802,1063540,38.07
20,3094,TIMEX,EQ,839127,428257,51.04
20,3095,TIMKEN,EQ,12524,6183,49.37
20,3096,TINNARUBR,EQ,59543,24283,40.78
20,3097,TIPSFILMS,EQ,2076,995,47.93
20,3098,TIPSMUSIC,EQ,300602,135151,44.96
20,3099,TIRUMALCHM,EQ,259105,125702,48.51
20,3100,TIRUPATI,SM,250,250,100.00
20,3101,TITAGARH,EQ,606235,236012,38.93
20,3102,TITAN,EQ,432671,247156,57.12
20,3103,TMB,EQ,66320,33777,50.93
20,3104,TMCV,EQ,4623711,2671636,57.78
20,3105,TMPV,EQ,6921996,3198870,46.21
20,3106,TNIDETF,EQ,49101,28171,57.37
20,3107,TNPETRO,EQ,6949799,1379832,19.85
20,3108,TNPL,EQ,734222,392517,53.46
20,3109,TNTELE,EQ,18800,13286,70.67
20,3110,TOKYOPLAST,EQ,669,659,98.51
20,3111,TOLINS,EQ,22178,14698,66.27
20,3112,TOP100CASE,EQ,1095097,795692,72.66
20,3113,TOP10ADD,EQ,278950,208620,74.79
20,3114,TOP15IETF,EQ,62782,39180,62.41
20,3115,TOP20,EQ,36389,36389,100.00
20,3116,TORNTPHARM,EQ,258478,187902,72.70
20,3117,TORNTPOWER,EQ,254564,132315,51.98
20,3118,TOTAL,EQ,5858,4416,75.38
20,3119,TOUCHWOOD,EQ,666,415,62.31
20,3120,TOYAMSL,EQ,594749,480698,80.82
20,3121,TPLPLASTEH,EQ,187605,72363,38.57
20,3122,TRACXN,EQ,387852,264054,68.08
20,3123,TRANSCOR,EQ,1072,963,89.83
20,3124,TRANSRAILL,EQ,433538,216489,49.94
20,3125,TRANSTEEL,SM,124000,95000,76.61
20,3126,TRAVELFOOD,EQ,26045,9693,37.22
20,3127,TREEHOUSE,EQ,20165,18121,89.86
20,3128,TREJHARA,EQ,5344,4220,78.97
20,3129,TREL,EQ,161113,102594,63.68
20,3130,TRENT,EQ,588825,293026,49.76
20,3131,TRF,EQ,6386,4800,75.16
20,3132,TRIDENT,EQ,1764542,968617,54.89
20,3133,TRIDHYA,ST,15000,15000,100.00
20,3134,TRIGYN,EQ,48367,25200,52.10
20,3135,TRITONV,EQ,2113,1689,79.93
20,3136,TRITURBINE,EQ,374569,176773,47.19
20,3137,TRIVENI,EQ,341771,142400,41.67
20,3138,TRU,EQ,168620,96074,56.98
20,3139,TRUALT,EQ,139457,69930,50.14
20,3140,TRUST,SM,5400,4800,88.89
20,3141,TSC,ST,6000,6000,100.00
20,3142,TSFINV,EQ,141657,72637,51.28
20,3143,TTKHLTCARE,EQ,215583,111790,51.85
20,3144,TTKPRESTIG,EQ,162558,127882,78.67
20,3145,TTL,EQ,146579,133284,90.93
20,3146,TTML,EQ,1566480,819980,52.35
20,3147,TUNWAL,SM,62000,46000,74.19
20,3148,TURTLEMINT,EQ,933717,546788,58.56
20,3149,TUTIALKA,EQ,11623,6683,57.50
20,3150,TVSELECT,EQ,14200,7751,54.58
20,3151,TVSHLTD,EQ,7053,3070,43.53
20,3152,TVSMOTOR,EQ,613492,366656,59.77
20,3153,TVSSCS,EQ,365615,187406,51.26
20,3154,TVSSRICHAK,EQ,13318,4299,32.28
20,3155,TVTODAY,EQ,18635,10085,54.12
20,3156,TWCGOLDETF,EQ,2782,2579,92.70
20,3157,UBL,EQ,288599,174060,60.31
20,3158,UCOBANK,EQ,3477238,1954037,56.20
20,3159,UDAYJEW,EQ,314708,74857,23.79
20,3160,UDS,EQ,498239,149824,30.07
20,3161,UEL,EQ,3358,3318,98.81
20,3162,UFLEX,EQ,338932,140776,41.54
20,3163,UFO,EQ,45753,29170,63.76
20,3164,UGARSUGAR,EQ,256047,89379,34.91
20,3165,UGROCAP,EQ,115764,71171,61.48
20,3166,UHTL,ST,10000,10000,100.00
20,3167,UJJIVANSFB,EQ,8048113,3325500,41.32
20,3168,ULTRACEMCO,EQ,338272,197908,58.51
20,3169,ULTRAMAR,EQ,110114,62469,56.73
20,3170,UMA,SM,16000,16000,100.00
20,3171,UMESLTD,EQ,4272,3378,79.07
20,3172,UMIYA-MRO,EQ,45864,29745,64.85
20,3173,UNICHEMLAB,EQ,72969,31681,43.42
20,3174,UNIECOM,EQ,324519,182584,56.26
20,3175,UNIENTER,EQ,7826,7174,91.67
20,3176,UNIHEALTH,SM,15500,8000,51.61
20,3177,UNIINFO,EQ,4379,4374,99.89
20,3178,UNILEX,SM,1600,1600,100.00
20,3179,UNIMECH,EQ,939028,397094,42.29
20,3180,UNIONBANK,EQ,5714683,2762742,48.34
20,3181,UNIONGOLD,EQ,739,503,68.06
20,3182,UNIPARTS,EQ,107199,37359,34.85
20,3183,UNITDSPR,EQ,506102,317586,62.75
20,3184,UNITECH,EQ,8195532,4399677,53.68
20,3185,UNITEDPOLY,EQ,129764,105165,81.04
20,3186,UNITEDTEA,EQ,906,792,87.42
20,3187,UNIVCABLES,EQ,181704,65217,35.89
20,3188,UNOMINDA,EQ,561339,321712,57.31
20,3189,UPHOT,EQ,173,173,100.00
20,3190,UPL,EQ,1635290,1083493,66.26
20,3191,URBAN,SM,16800,10400,61.90
20,3192,URBANCO,EQ,4580702,1472361,32.14
20,3193,URJA,EQ,432845,273230,63.12
20,3194,USASEEDS,SM,856,428,50.00
20,3195,USHAFIN,SM,8000,8000,100.00
20,3196,USHAMART,EQ,358059,169335,47.29
20,3197,USK,EQ,7056,6380,90.42
20,3198,UTIAMC,EQ,354889,249440,70.29
20,3199,UTKAL,SM,10000,10000,100.00
20,3200,UTKARSHBNK,EQ,102828979,26118216,25.40
20,3201,UTLSOLAR,EQ,384255,142180,37.00
20,3202,UTSSAV,SM,19200,17400,90.63
20,3203,UTTAMSUGAR,EQ,175245,43103,24.60
20,3204,UWCSL,SM,1000,1000,100.00
20,3205,V2RETAIL,EQ,921453,530207,57.54
20,3206,VADILALIND,EQ,15038,6834,45.44
20,3207,VADILENT,EQ,36,35,97.22
20,3208,VAIBHAVGBL,EQ,166004,80199,48.31
20,3209,VAISHALI,EQ,71384,62718,87.86
20,3210,VAKRANGEE,EQ,1093585,565836,51.74
20,3211,VAL30IETF,EQ,89195,60728,68.08
20,3212,VALUE,EQ,5909,4463,75.53
20,3213,VALUE360,SM,7200,7200,100.00
20,3214,VALUEAXIS,EQ,19912,12248,61.51
20,3215,VAML,EQ,4740328,3044179,64.22
20,3216,VARDMNPOLY,EQ,124199,97262,78.31
20,3217,VARROC,EQ,257449,115578,44.89
20,3218,VASA,SM,4000,4000,100.00
20,3219,VASCONEQ,EQ,224163,159951,71.35
20,3220,VASUPRADA,EQ,25,25,100.00
20,3221,VASWANI,EQ,8518,5345,62.75
20,3222,VBL,EQ,3722223,2557033,68.70
20,3223,VDEAL,SM,12000,10200,85.00
20,3224,VEDAVAAG,EQ,59851,49341,82.44
20,3225,VEDL,EQ,5812809,2746019,47.24
20,3226,VEDPOWER,EQ,8548535,3553296,41.57
20,3227,VEEDOL,EQ,4738,2847,60.09
20,3228,VEEKAYEM,SM,5000,4500,90.00
20,3229,VENKEYS,EQ,184656,65062,35.23
20,3230,VENTIVE,EQ,29250,22084,75.50
20,3231,VENUSPIPES,EQ,1040708,348347,33.47
20,3232,VERANDA,EQ,527402,369905,70.14
20,3233,VERTEXPLUS,SM,5400,5400,100.00
20,3234,VERTIS,IV,825000,825000,100.00
20,3235,VERTOZ,EQ,43682,34615,79.24
20,3236,VESUVIUS,EQ,26333,17373,65.97
20,3237,VGCL,EQ,3078,2369,76.97
20,3238,VGINFOTECH,SM,15000,11000,73.33
20,3239,VGL,EQ,14201,11857,83.49
20,3240,VGUARD,EQ,379892,201460,53.03
20,3241,VHL,EQ,754,620,82.23
20,3242,VIAZ,SM,4000,4000,100.00
20,3243,VICTORYEV,SM,9000,9000,100.00
20,3244,VIDHIING,EQ,64248,40387,62.86
20,3245,VIDYAWIRES,EQ,1044051,467535,44.78
20,3246,VIESL,SM,9600,8000,83.33
20,3247,VIGOR,SM,59200,49600,83.78
20,3248,VIJAYA,EQ,74840,26736,35.72
20,3249,VIJAYPD,SM,8000,6000,75.00
20,3250,VIJSOLX,EQ,1872,1491,79.65
20,3251,VIKASECO,EQ,1994967,1162460,58.27
20,3252,VIKASLIFE,EQ,1456406,892653,61.29
20,3253,VIKRAMSOLR,EQ,1795539,828644,46.15
20,3254,VIKRAN,EQ,631175,339100,53.73
20,3255,VILAS,SM,19750,12750,64.56
20,3256,VILINBIO,SM,68000,68000,100.00
20,3257,VIMTALABS,EQ,186817,81494,43.62
20,3258,VINATIORGA,EQ,165778,89267,53.85
20,3259,VINCOFE,EQ,2118171,753228,35.56
20,3260,VINDHYATEL,EQ,91884,24630,26.81
20,3261,VINEETLAB,EQ,36332,21200,58.35
20,3262,VINNY,EQ,592112,553112,93.41
20,3263,VINSYS,ST,5500,5500,100.00
20,3264,VINYAS,SM,18600,12300,66.13
20,3265,VINYLINDIA,EQ,7437,5722,76.94
20,3266,VIPCLOTHNG,EQ,147574,59290,40.18
20,3267,VIPIND,EQ,401325,214540,53.46
20,3268,VIRAT,EQ,18049,12351,68.43
20,3269,VIRINCHI,EQ,133932,94123,70.28
20,3270,VISACHROME,EQ,19729,16109,81.65
20,3271,VISAKAIND,EQ,236688,121550,51.35
20,3272,VISAMAN,SM,1000,1000,100.00
20,3273,VISHAL,EQ,38439,30615,79.65
20,3274,VISHNU,EQ,302725,110680,36.56
20,3275,VISHNUINFR,SM,27500,25500,92.73
20,3276,VISHWARAJ,EQ,498550,363643,72.94
20,3277,VISL,EQ,18095772,11627918,64.26
20,3278,VITAL,EQ,69680,67700,97.16
20,3279,VIVIANA,EQ,27600,17777,64.41
20,3280,VIVIDEL,SM,43680,30720,70.33
20,3281,VIVIDHA,EQ,277142,212943,76.84
20,3282,VIVOBIOT,EQ,4329,3445,79.58
20,3283,VIYASH,EQ,2245212,1336315,59.52
20,3284,VLEGOV,EQ,46709,34712,74.32
20,3285,VLINFRA,SM,3000,3000,100.00
20,3286,VLSFINANCE,EQ,7058,4263,60.40
20,3287,VMARCIND,SM,544500,300000,55.10
20,3288,VMART,EQ,67280,46282,68.79
20,3289,VMM,EQ,8285305,3833998,46.27
20,3290,VMOBILE,SM,11200,10400,92.86
20,3291,VMSTMT,EQ,25350,17333,68.37
20,3292,VOEPL,EQ,111664,59067,52.90
20,3293,VOGL,EQ,20555985,8324739,40.50
20,3294,VOITHPAPR,EQ,189,184,97.35
20,3295,VOLERCAR,SM,32000,4800,15.00
20,3296,VOLTAMP,EQ,26698,13248,49.62
20,3297,VOLTAS,EQ,819033,375406,45.84
20,3298,VPRPL,EQ,1388778,458738,33.03
20,3299,VR,SM,400,400,100.00
20,3300,VRAJ,EQ,11216,7403,66.00
20,3301,VRLLOG,EQ,83373,52729,63.24
20,3302,VSCL,SM,6000,6000,100.00
20,3303,VSSL,EQ,71289,31197,43.76
20,3304,VSTIND,EQ,87161,55840,64.07
20,3305,VSTL,EQ,18277,14654,80.18
20,3306,VSTTILLERS,EQ,3982,2561,64.31
20,3307,VTL,EQ,143998,74250,51.56
20,3308,VTMLTD,EQ,2878,1799,62.51
20,3309,WAAREEENER,EQ,335895,152342,45.35
20,3310,WAAREEINDO,EQ,52149,32471,62.27
20,3311,WAAREERTL,EQ,78934,39039,49.46
20,3312,WABAG,EQ,157426,68560,43.55
20,3313,WAKEFIT,EQ,722263,316919,43.88
20,3314,WALCHANNAG,EQ,752985,262896,34.91
20,3315,WALPAR,SM,14000,14000,100.00
20,3316,WANBURY,EQ,103951,43633,41.97
20,3317,WARDINMOBI,EQ,211281,150186,71.08
20,3318,WATERBASE,EQ,30587,16450,53.78
20,3319,WCIL,EQ,95413,70951,74.36
20,3320,WEALTH,EQ,964,844,87.55
20,3321,WEBELSOLAR,EQ,1637073,815366,49.81
20,3322,WEIZMANIND,EQ,1221,887,72.65
20,3323,WEL,EQ,1428171,813939,56.99
20,3324,WELCORP,EQ,1053885,453158,43.00
20,3325,WELENT,EQ,285056,144343,50.64
20,3326,WELSPLSOL,EQ,788167,412194,52.30
20,3327,WELSPUNLIV,EQ,3413743,1249059,36.59
20,3328,WENDT,EQ,9265,4473,48.28
20,3329,WESTLIFE,EQ,37260,19335,51.89
20,3330,WEWIN,EQ,888,629,70.83
20,3331,WEWORK,EQ,82239,47202,57.40
20,3332,WHBRADY,EQ,96,95,98.96
20,3333,WHEELS,EQ,3912924,501932,12.83
20,3334,WHIRLPOOL,EQ,322780,188203,58.31
20,3335,WHITEFORCE,SM,3200,3200,100.00
20,3336,WILLAMAGOR,EQ,2699,2027,75.10
20,3337,WINDLAS,EQ,113115,48877,43.21
20,3338,WINDMACHIN,EQ,27781,19432,69.95
20,3339,WINSOL,SM,2000,2000,100.00
20,3340,WIPL,EQ,105,68,64.76
20,3341,WIPRO,EQ,6948945,3605095,51.88
20,3342,WOCKPHARMA,EQ,1343981,341170,25.39
20,3343,WOL3D,SM,2000,2000,100.00
20,3344,WOMANCART,ST,12400,11600,93.55
20,3345,WONDERLA,EQ,43440,26167,60.24
20,3346,WORTHPERI,EQ,2963,2040,68.85
20,3347,WPIL,EQ,20429,15141,74.12
20,3348,WSI,EQ,54961,36242,65.94
20,3349,WSTCSTPAPR,EQ,353728,146892,41.53
20,3350,WTICAB,SM,16500,15000,90.91
20,3351,XCHANGING,EQ,212407,107367,50.55
20,3352,XELPMOC,EQ,16538,15939,96.38
20,3353,XPROINDIA,EQ,161994,92835,57.31
20,3354,XTGLOBAL,EQ,32037,9864,30.79
20,3355,XTRANET,EQ,10431097,1105865,10.60
20,3356,YAAP,SM,12000,11000,91.67
20,3357,YASHO,EQ,39513,18226,46.13
20,3358,YASHOPTICS,SM,12800,12800,100.00
20,3359,YATHARTH,EQ,264267,106502,40.30
20,3360,YATRA,EQ,1684406,963905,57.23
20,3361,YCCL,SM,9000,9000,100.00
20,3362,YESBANK,EQ,38612501,19765861,51.19
20,3363,YOGI,EQ,376,362,96.28
20,3364,YUDIZ,SM,800,800,100.00
20,3365,YUKEN,EQ,23733,12517,52.74
20,3366,ZAGGLE,EQ,529099,243716,46.06
20,3367,ZEAL,SM,39000,27000,69.23
20,3368,ZEEL,EQ,16984775,4199649,24.73
20,3369,ZEEMEDIA,EQ,2288521,637843,27.87
20,3370,ZENITHDRUG,SM,57600,44800,77.78
20,3371,ZENITHEXPO,EQ,176,175,99.43
20,3372,ZENITHSTL,EQ,134814,80420,59.65
20,3373,ZENSARTECH,EQ,259747,118757,45.72
20,3374,ZENTEC,EQ,581636,170728,29.35
20,3375,ZFCVINDIA,EQ,77922,30032,38.54
20,3376,ZFSTEERING,EQ,10448,7389,70.72
20,3377,ZIMLAB,EQ,49305,27356,55.48
20,3378,ZODIAC,EQ,10361,6882,66.42
20,3379,ZODIACLOTH,EQ,4375,3523,80.53
20,3380,ZOTA,EQ,49560,26103,52.67
20,3381,ZSARACOM,EQ,55,38,69.09
20,3382,ZTECH,SM,38700,23400,60.47
20,3383,ZUARI,EQ,74087,39656,53.53
20,3384,ZUARIIND,EQ,33313,17990,54.00
20,3385,ZYDUSLIFE,EQ,2009363,1032001,51.36
20,3386,ZYDUSWELL,EQ,321731,116313,36.15
