Security Wise Delivery Position - Compulsory Rolling Settlement
10,MTO,16092026,1793935500,0003406
Trade Date <16-SEP-2026>,Settlement Type <N>
Record Type,Sr No,Name of Security,Quantity Traded,Deliverable Quantity(gross across client level),% of Deliverable Quantity to Traded Quantity
20,1,0MOFSL27,N3,14,14,100.00
20,2,1003SCL30A,NV,6,6,100.00
20,3,1015ECL29,NR,91,91,100.00
20,4,1015SCL28A,AL,6,6,100.00
20,5,1015SCL29,ZL,146,146,100.00
20,6,1025SCL34B,N1,3,3,100.00
20,7,1025SCL35A,N1,264,264,100.00
20,8,1025UCL26A,N1,10,10,100.00
20,9,1025UCL27A,NG,545,300,55.05
20,10,1030SFIL28,NM,58,58,100.00
20,11,1039UCL26,NE,70,70,100.00
20,12,105IIFL29,N7,90,90,100.00
20,13,1060ECL29,NS,198,198,100.00
20,14,1065NFL27,NC,115,115,100.00
20,15,1075SCL33,YK,82,82,100.00
20,16,1075SCL33A,N2,1,1,100.00
20,17,10IIFL28,N4,133,133,100.00
20,18,10IIFL28A,NE,210,210,100.00
20,19,10IIFL29,N6,159,159,100.00
20,20,10MWL29,N0,3,3,100.00
20,21,10UCL26,ND,10,10,100.00
20,22,111ESFB31,N0,2,2,100.00
20,23,115AFIL28A,N0,12,12,100.00
20,24,115VCCL28A,N0,5,5,100.00
20,25,11MCS27,N0,27,27,100.00
20,26,12AFIL27,N0,7,7,100.00
20,27,12AFIL28,N0,40,40,100.00
20,28,12VCCL29B,N0,1,1,100.00
20,29,182D070127,TB,200,100,50.00
20,30,182D210127,TB,4600,4600,100.00
20,31,182D221026,TB,100,100,100.00
20,32,20MICRONS,EQ,142761,67824,47.51
20,33,21STCENMGM,EQ,190,178,93.68
20,34,360ONE,EQ,635279,456431,71.85
20,35,364D080727,TB,200,100,50.00
20,36,364D231026,TB,1500,1500,100.00
20,37,364D291026,TB,1000,1000,100.00
20,38,3BBLACKBIO,EQ,24554,11045,44.98
20,39,3MINDIA,EQ,27574,2094,7.59
20,40,3PLAND,EQ,1449,1355,93.51
20,41,574GS2026,GS,28,27,96.43
20,42,5PAISA,EQ,33376,16712,50.07
20,43,610GS2031,GS,1400,1400,100.00
20,44,620GS2029,GS,700,400,57.14
20,45,633GS2035,GS,10,10,100.00
20,46,636GS2031,GS,30,30,100.00
20,47,63MOONS,EQ,268737,93690,34.86
20,48,648GS2035,GS,23,23,100.00
20,49,667GS2035,GS,1,1,100.00
20,50,667GS2050,GS,100,100,100.00
20,51,668GS2033,GS,10,10,100.00
20,52,668GS2040,GS,510,510,100.00
20,53,675GS2029,GS,200,200,100.00
20,54,676GS2061,GS,33732,33709,99.93
20,55,690GS2065,GS,2343,2343,100.00
20,56,692GS2039,GS,20,20,100.00
20,57,694GS2036,GS,378,200,52.91
20,58,695GS2061,GS,4109,4106,99.93
20,59,695KA28,SG,200,200,100.00
20,60,695MH31,SG,100,100,100.00
20,61,698HR31,SG,100,100,100.00
20,62,699GS2051,GS,11453,11453,100.00
20,63,702GS2027,GS,2415,2415,100.00
20,64,704GS2029,GS,7800,7800,100.00
20,65,706GS2028,GS,2575,2575,100.00
20,66,706GS2041,GS,5,5,100.00
20,67,709GS2054,GS,14611,14511,99.32
20,68,709GS2074,GS,4559,4559,100.00
20,69,710GS2029,GS,15218,12109,79.57
20,70,712BR34,SG,400,400,100.00
20,71,717GS2030,GS,8633,7633,88.42
20,72,718GS2033,GS,4075,4075,100.00
20,73,718GS2037,GS,20408,20004,98.02
20,74,719HUDCO28,N7,5,4,80.00
20,75,71MH33,SG,1000,1000,100.00
20,76,724GS2055,GS,12645,12645,100.00
20,77,724UP33,SG,100,100,100.00
20,78,725GS2063,GS,50489,49938,98.91
20,79,726GS2032,GS,10800,10800,100.00
20,80,726GS2033,GS,40,40,100.00
20,81,732GS2030,GS,200,200,100.00
20,82,733GS2026,GS,290,290,100.00
20,83,734GS2064,GS,193291,193243,99.98
20,84,735NHAI31,N9,182,182,100.00
20,85,735PFCL35,N1,100,100,100.00
20,86,736GS2052,GS,10175,10175,100.00
20,87,736PFCL28,N2,150,150,100.00
20,88,737GS2028,GS,6000,5000,83.33
20,89,737NTPC35C,NA,38,38,100.00
20,90,738GS2027,GS,11840,10838,91.54
20,91,738REC27TF,N2,22,11,50.00
20,92,739CG33,SG,100,100,100.00
20,93,73GS2053,GS,39164,39164,100.00
20,94,741GS2036,GS,6191,6191,100.00
20,95,743GS2076,GS,24843,23836,95.95
20,96,744AP33,SG,100,100,100.00
20,97,746GS2073,GS,1,1,100.00
20,98,747HR33,SG,100,100,100.00
20,99,749TN36,SG,700,700,100.00
20,100,74GS2062,GS,801,801,100.00
20,101,750GS2056,GS,953,953,100.00
20,102,751HR29,SG,100,100,100.00
20,103,751HUDCO28,N5,2,2,100.00
20,104,752TN33,SG,100,100,100.00
20,105,753IRFC30,NJ,1,1,100.00
20,106,754GS2036,GS,320564,315215,98.33
20,107,754PN34,SG,100,100,100.00
20,108,755GJ31,SG,200,200,100.00
20,109,755MH34,SG,100,100,100.00
20,110,762GJ28,SG,100,100,100.00
20,111,762UP33,SG,100,100,100.00
20,112,764HUDCO31,N8,10,5,50.00
20,113,764IRFC31,NO,255,255,100.00
20,114,764NABAR31,N2,126,125,99.21
20,115,767GA33,SG,100,100,100.00
20,116,769HUDCO31,N9,170,170,100.00
20,117,769NHAI31,NE,1139,1039,91.22
20,118,76NHAI31,NA,1064,795,74.72
20,119,771GS2066,GS,4090,4090,100.00
20,120,774IREDA31,N7,4,4,100.00
20,121,77MH33A,SG,900,900,100.00
20,122,797IGT31,NL,10,10,100.00
20,123,79NHIT35,N1,1650,1554,94.18
20,124,79NHIT40,N2,3468,3268,94.23
20,125,79NHIT47,N3,1842,1742,94.57
20,126,7PFCL31,N3,5,5,100.00
20,127,805NMC30,N2,43,43,100.00
20,128,805NMC31,N3,24,23,95.83
20,129,805NMC32,N4,23,23,100.00
20,130,805NMC33,N5,23,23,100.00
20,131,805NMC34,N6,23,23,100.00
20,132,807AP51,SG,100,100,100.00
20,133,810IRFC27,N2,226,216,95.58
20,134,812REC27,NI,111,111,100.00
20,135,81TCHF28,N8,4,4,100.00
20,136,820IIFL27,N9,10,10,100.00
20,137,824GS2027,GS,72,72,100.00
20,138,828GS2032,GS,4089,4089,100.00
20,139,829PFL29,N6,1,1,100.00
20,140,82HUDCO27,N2,10126,6478,63.97
20,141,82IGT31,NJ,45,45,100.00
20,142,830NHAI27,N2,14528,11889,81.84
20,143,837IIFL28,Y4,25,25,100.00
20,144,83GS2040,GS,1550,1550,100.00
20,145,840IRFC29,N8,180,90,50.00
20,146,842IIFL26,NL,256,256,100.00
20,147,843IHFL29,NC,754,754,100.00
20,148,848AEL29,NJ,447,447,100.00
20,149,84TCHF28,NA,118,118,100.00
20,150,862AEL31,NM,12,12,100.00
20,151,865IFL28,NZ,100,100,100.00
20,152,865IHFL27,N1,494,247,50.00
20,153,865IIFL28,NS,3,3,100.00
20,154,865IIFL31,Y6,100,100,100.00
20,155,865IRFC29,NA,3,2,66.67
20,156,865LTF26,NN,11,11,100.00
20,157,865SCL27,N4,3,3,100.00
20,158,86GS2028,GS,428,214,50.00
20,159,871REC28,N9,335,325,97.01
20,160,875AEL29,NK,100,100,100.00
20,161,875NHAI29,N6,1330,1124,84.51
20,162,875SFL27,ZF,10,10,100.00
20,163,876HUDCO28,ND,50,50,100.00
20,164,87LTF27,NH,1785,1113,62.35
20,165,880IREDA29,N5,40,40,100.00
20,166,885AEL28,NB,102,102,100.00
20,167,885IIFL29,Y8,8,8,100.00
20,168,885TCAPS29,NC,25,20,80.00
20,169,888ECL28,N1,546,546,100.00
20,170,888IRFC29,NE,4370,3670,83.98
20,171,888SCL25E,N4,12,12,100.00
20,172,889SCFL27,YC,188,188,100.00
20,173,889SCL28,NU,307,307,100.00
20,174,890AEL31,NN,482,480,99.59
20,175,890SFIL23A,NZ,50,50,100.00
20,176,891NTPC33,N6,169,169,100.00
20,177,892NHPC33,N6,150,150,100.00
20,178,892PFCL33,N8,126,115,91.27
20,179,893NHB29,N6,280,275,98.21
20,180,897GS2030,GS,3118,2857,91.63
20,181,897MOFSL29,N4,201,201,100.00
20,182,8SMC29,N1,507,507,100.00
20,183,901HUDCO34,NE,246,246,100.00
20,184,901NHB34,N6,115,115,100.00
20,185,903SFL28,YI,243,192,79.01
20,186,905LTF27,NF,70,70,100.00
20,187,910TCAP28,NA,139,93,66.91
20,188,915AEL28,NC,10,10,100.00
20,189,915APSBC31,N0,1,1,100.00
20,190,915SCL27,Z7,1,1,100.00
20,191,91D011026,TB,100,100,100.00
20,192,91D101226,TB,200,100,50.00
20,193,91D121126,TB,600,600,100.00
20,194,91D151026,TB,300,300,100.00
20,195,91D221026,TB,5000,5000,100.00
20,196,91MOFSL27,N2,25,25,100.00
20,197,920HFL30,N0,1,1,100.00
20,198,925ISF28,N0,6,6,100.00
20,199,925SCFL27,YA,8,8,100.00
20,200,925SCL2028,N8,318,318,100.00
20,201,92GS2030,GS,20239,19929,98.47
20,202,930AEL30,NF,50,50,100.00
20,203,930APMD29,N0,1,1,100.00
20,204,930SFL28,YP,15,15,100.00
20,205,932AEL27,N3,30,30,100.00
20,206,935LTF29,N5,45,35,77.78
20,207,935PFL33,N3,100,100,100.00
20,208,935TSI29,N0,1,1,100.00
20,209,943ECL28,NJ,120,120,100.00
20,210,948SCL27,YV,600,600,100.00
20,211,948SCL27D,N1,1,1,100.00
20,212,94SFL28,YL,160,160,100.00
20,213,956AEL29,N6,332,285,85.84
20,214,957IIFLS27,NA,40,40,100.00
20,215,965AEL27,N4,1260,1260,100.00
20,216,965SCL25C,N0,100,100,100.00
20,217,965SCL25F,NZ,6,6,100.00
20,218,965SCL28,AK,442,442,100.00
20,219,96IIFL28,N5,1838,1738,94.56
20,220,96IIFL28A,NF,2002,1727,86.26
20,221,970CAGL28,ND,112,102,91.07
20,222,971SCL28I,BC,30,20,66.67
20,223,975SCL29,N0,14,14,100.00
20,224,97MOFSL34,N7,50,50,100.00
20,225,97SFL29,YZ,4,4,100.00
20,226,985ECL28,NK,716,655,91.48
20,227,985SFIL28,NO,12,12,100.00
20,228,990SCL26B,Y7,10,10,100.00
20,229,990SCL27,YT,182,182,100.00
20,230,99AEL29,N7,604,490,81.13
20,231,9IIFL28A,NT,567,567,100.00
20,232,9PCPL28A,N0,14,14,100.00
20,233,9PFL31A,NA,1,1,100.00
20,234,9SCL27,N2,29,29,100.00
20,235,A2ZINFRA,EQ,255635,152145,59.52
20,236,AAATECH,EQ,230663,137445,59.59
20,237,AADHARHFC,EQ,157363,78119,49.64
20,238,AAKAAR,SM,1600,1600,100.00
20,239,AAKASH,EQ,60235,52630,87.37
20,240,AARADHYA,ST,27600,27600,100.00
20,241,AAREYDRUGS,EQ,483322,307630,63.65
20,242,AARON,EQ,14637,11225,76.69
20,243,AARTIDRUGS,EQ,137839,65239,47.33
20,244,AARTIIND,EQ,521378,206559,39.62
20,245,AARTIPHARM,EQ,378693,138918,36.68
20,246,AARVI,EQ,9027,6317,69.98
20,247,AASTHA,EQ,356386,147685,41.44
20,248,AATMAJ,SM,2000,2000,100.00
20,249,AAVAS,EQ,61560,25356,41.19
20,250,ABANSENT,EQ,4690,3026,64.52
20,251,ABB,EQ,115646,45289,39.16
20,252,ABBOTINDIA,EQ,5678,3040,53.54
20,253,ABCAPITAL,EQ,1287557,630805,48.99
20,254,ABCOTS,EQ,1377,885,64.27
20,255,ABDL,EQ,1453879,627990,43.19
20,256,ABFRL,EQ,8057945,4193638,52.04
20,257,ABGSEC,EQ,366,202,55.19
20,258,ABH,SM,942000,468000,49.68
20,259,ABHAPOWER,SM,1600,1600,100.00
20,260,ABLBL,EQ,535560,313176,58.48
20,261,ABMKNO,EQ,513,437,85.19
20,262,ABREL,EQ,167844,73438,43.75
20,263,ABSL10BANK,EQ,677,387,57.16
20,264,ABSLAMC,EQ,168606,68414,40.58
20,265,ABSLBANETF,EQ,59736,48365,80.96
20,266,ABSLLIQUID,EQ,2169,1522,70.17
20,267,ABSLMSCIN,EQ,322,292,90.68
20,268,ABSLNN50ET,EQ,6880,3718,54.04
20,269,ABSLPSE,EQ,102027,66704,65.38
20,270,ABSMARINE,SM,112500,69000,61.33
20,271,ACC,EQ,85875,46363,53.99
20,272,ACCELYA,EQ,5452,3534,64.82
20,273,ACCENTMIC,SM,60500,34000,56.20
20,274,ACCPL,ST,19200,14400,75.00
20,275,ACE,EQ,425403,162647,38.23
20,276,ACEINTEG,EQ,2250,1761,78.27
20,277,ACGL,EQ,449,321,71.49
20,278,ACI,EQ,236951,121931,51.46
20,279,ACL,EQ,14356,11682,81.37
20,280,ACMESOLAR,EQ,1349732,510785,37.84
20,281,ACUTAAS,EQ,243061,102472,42.16
20,282,ADANIENSOL,EQ,946914,412735,43.59
20,283,ADANIENT,EQ,764624,188726,24.68
20,284,ADANIGREEN,EQ,624972,191450,30.63
20,285,ADANIPORTS,EQ,1060410,553073,52.16
20,286,ADANIPOWER,EQ,12105905,4440013,36.68
20,287,ADDICTIVE,SM,9000,9000,100.00
20,288,ADDIND,EQ,52,49,94.23
20,289,ADFFOODS,EQ,159718,65633,41.09
20,290,ADISOFT,SM,90400,49600,54.87
20,291,ADL,EQ,618,353,57.12
20,292,ADOR,EQ,26973,14003,51.91
20,293,ADROITINFO,EQ,58562,52461,89.58
20,294,ADSL,EQ,114360,57650,50.41
20,295,ADVAIT,EQ,38672,14921,38.58
20,296,ADVANCE,EQ,358473,284368,79.33
20,297,ADVANIHOTR,EQ,31562,24067,76.25
20,298,ADVENTHTL,EQ,125781,59273,47.12
20,299,ADVENZYMES,EQ,179412,97395,54.29
20,300,ADVIKCA,EQ,461983,323746,70.08
20,301,AEGISLOG,EQ,1953104,410150,21.00
20,302,AEGISVOPAK,EQ,1920715,764205,39.79
20,303,AEL1212026,NO,234,234,100.00
20,304,AEL12126,NI,116,116,100.00
20,305,AEL17725,NA,10,9,90.00
20,306,AEPL,EQ,60080,45696,76.06
20,307,AEQUS,EQ,1712222,735008,42.93
20,308,AEROENTER,EQ,1723281,714678,41.47
20,309,AEROFLEX,EQ,4838168,1340889,27.71
20,310,AERON,SM,13000,8000,61.54
20,311,AERONEU,EQ,96688,24317,25.15
20,312,AEROPLANE,EQ,613769,280367,45.68
20,313,AESTHETIK,SM,25000,23000,92.00
20,314,AETHER,EQ,159140,42903,26.96
20,315,AFCONS,EQ,4434269,864324,19.49
20,316,AFFLE,EQ,124764,69593,55.78
20,317,AFFORDABLE,EQ,20433,13336,65.27
20,318,AFIL,EQ,371881,230727,62.04
20,319,AFSL,EQ,8483,7086,83.53
20,320,AGARIND,EQ,46733,26111,55.87
20,321,AGARWALEYE,EQ,242956,141286,58.15
20,322,AGARWALTUF,SM,44400,22800,51.35
20,323,AGI,EQ,159416,81662,51.23
20,324,AGIIL,EQ,972027,146049,15.03
20,325,AGL,EQ,2126782,987954,46.45
20,326,AGNI,SM,12500,7500,60.00
20,327,AGRITECH,EQ,1436,891,62.05
20,328,AGROPHOS,EQ,12920,11140,86.22
20,329,AHCL,EQ,46066495,8349399,18.12
20,330,AHLADA,EQ,45748,30548,66.77
20,331,AHLEAST,EQ,838,226,26.97
20,332,AHLUCONT,EQ,95786,49806,52.00
20,333,AIAENG,EQ,133043,82848,62.27
20,334,AIIL,EQ,188360,105565,56.04
20,335,AILIMITED,SM,3000,3000,100.00
20,336,AIMTRON,SM,72000,37600,52.22
20,337,AIRAN,EQ,226075,75656,33.47
20,338,AIROLAM,EQ,11084,11010,99.33
20,339,AISL,SM,45600,45600,100.00
20,340,AJANTPHARM,EQ,116329,87082,74.86
20,341,AJAXENGG,EQ,76170,40487,53.15
20,342,AJMERA,EQ,264603,103284,39.03
20,343,AJOONI,EQ,463516,363179,78.35
20,344,AKANKSHA,SM,24000,21000,87.50
20,345,AKASH,EQ,4395,4329,98.50
20,346,AKCAPIT,EQ,1051,773,73.55
20,347,AKG,EQ,3075,2862,93.07
20,348,AKIKO,SM,28800,28800,100.00
20,349,AKSHAR,EQ,548513,313329,57.12
20,350,AKUMS,EQ,235680,125128,53.09
20,351,ALANKIT,EQ,121612,96687,79.50
20,352,ALBERTDAVD,EQ,4783,4148,86.72
20,353,ALCODIS,SM,1250,625,50.00
20,354,ALEMBICLTD,EQ,707870,295828,41.79
20,355,ALFREDHE,EQ,7,7,100.00
20,356,ALGOQUANT,EQ,1160108,564797,48.68
20,357,ALICON,EQ,30853,18437,59.76
20,358,ALIVUS,EQ,153204,73556,48.01
20,359,ALKALI,EQ,17465,6614,37.87
20,360,ALKEM,EQ,304188,189506,62.30
20,361,ALKYLAMINE,EQ,65315,26438,40.48
20,362,ALLCARGO,EQ,13509692,5389426,39.89
20,363,ALLDIGI,EQ,2974,1889,63.52
20,364,ALLETEC,SM,12800,9200,71.88
20,365,ALLTIME,EQ,45105,21850,48.44
20,366,ALMONDZ,EQ,535197,299331,55.93
20,367,ALOKINDS,EQ,14625867,5847393,39.98
20,368,ALPA,EQ,14768,10852,73.48
20,369,ALPEXSOLAR,SM,41300,27100,65.62
20,370,ALPHA,EQ,1649953,822879,49.87
20,371,ALPHAETF,EQ,485775,222022,45.70
20,372,ALPINETEX,EQ,340439,193826,56.93
20,373,ALPL30IETF,EQ,206822,114567,55.39
20,374,ALUFLUOR,EQ,6704,4312,64.32
20,375,ALUWIND,SM,1500,1500,100.00
20,376,AMAGI,EQ,270114,141031,52.21
20,377,AMAL,EQ,17598,9182,52.18
20,378,AMARJOTHI,EQ,2026,1556,76.80
20,379,AMBAAUTO,SM,25000,25000,100.00
20,380,AMBER,EQ,142671,49603,34.77
20,381,AMBICAAGAR,EQ,5248,3959,75.44
20,382,AMBIKCO,EQ,11248,6837,60.78
20,383,AMBUJACEM,EQ,1033371,434968,42.09
20,384,AMCL,SM,22400,22000,98.21
20,385,AMDIND,EQ,424928,118869,27.97
20,386,AMEYA,SM,22000,18000,81.82
20,387,AMJLAND,EQ,1943,1295,66.65
20,388,AMNPLST,EQ,2735,2018,73.78
20,389,AMRUTANJAN,EQ,54792,31173,56.89
20,390,ANANDRATHI,EQ,279080,150475,53.92
20,391,ANANTAM,IV,43835,41562,94.81
20,392,ANANTRAJ,EQ,2951237,838280,28.40
20,393,ANAWIL,SM,157600,95200,60.41
20,394,ANDHRAPAP,EQ,769224,253184,32.91
20,395,ANDHRSUGAR,EQ,311145,141497,45.48
20,396,ANDREWYU,EQ,59473,41650,70.03
20,397,ANGELONE,EQ,2878370,977345,33.95
20,398,ANIKINDS,EQ,17664,14462,81.87
20,399,ANLON,SM,1200,800,66.67
20,400,ANMOL,EQ,346560,135130,38.99
20,401,ANNAPURNA,EQ,23446,16813,71.71
20,402,ANONDITA,SM,65800,47200,71.73
20,403,ANSALBU,EQ,2850,2758,96.77
20,404,ANTELOPUS,EQ,4319113,296751,6.87
20,405,ANTGRAPHIC,EQ,115447,82892,71.80
20,406,ANTHEM,EQ,1023044,638684,62.43
20,407,ANUHPHR,EQ,141288,76963,54.47
20,408,ANUP,EQ,22345,9058,40.54
20,409,ANURAS,EQ,435775,263766,60.53
20,410,ANYA,SM,25000,25000,100.00
20,411,ANZEN,IV,175000,175000,100.00
20,412,AONEGOLD,EQ,802872,392791,48.92
20,413,AONELIQUID,EQ,40763,35270,86.52
20,414,AONENIFTY,EQ,165860,129767,78.24
20,415,AONESILVER,EQ,423225,273379,64.59
20,416,AONETMMQ50,EQ,46091,34000,73.77
20,417,AONETOTAL,EQ,461967,317576,68.74
20,418,APARINDS,EQ,108334,31626,29.19
20,419,APCL,EQ,5331,3556,66.70
20,420,APCOTEXIND,EQ,157464,79324,50.38
20,421,APEX,EQ,151673,58445,38.53
20,422,APEXECO,ST,9600,8800,91.67
20,423,APLAPOLLO,EQ,925656,485104,52.41
20,424,APLLTD,EQ,136463,65174,47.76
20,425,APOLLO,EQ,12109247,3342945,27.61
20,426,APOLLOHOSP,EQ,232987,151944,65.22
20,427,APOLLOPIPE,EQ,370429,172055,46.45
20,428,APOLLOTYRE,EQ,2697223,373616,13.85
20,429,APOLSINHOT,EQ,722,531,73.55
20,430,APOORVA,EQ,22,17,77.27
20,431,APRAMEYA,SM,16500,16500,100.00
20,432,APS,SM,17250,10750,62.32
20,433,APSISAERO,ST,6000,6000,100.00
20,434,APTUS,EQ,3168614,1934756,61.06
20,435,AQYLON,EQ,608668,422905,69.48
20,436,ARABIAN,SM,6000,6000,100.00
20,437,ARCHIDPLY,EQ,11540,6733,58.34
20,438,ARCHIES,EQ,3618,1951,53.92
20,439,ARCIIL,SM,2000,2000,100.00
20,440,ARCL,EQ,19792,18400,92.97
20,441,ARDEE,EQ,3672515,1279329,34.84
20,442,ARE&M,EQ,408549,219376,53.70
20,443,ARENTERP,EQ,486,234,48.15
20,444,ARFIN,EQ,725579,92586,12.76
20,445,ARHAM,SM,56000,46000,82.14
20,446,ARIHANT,EQ,969,629,64.91
20,447,ARIHANTACA,SM,16000,16000,100.00
20,448,ARIHANTCAP,EQ,579106,279661,48.29
20,449,ARIHANTSUP,EQ,2643,2120,80.21
20,450,ARIS,EQ,605692,306647,50.63
20,451,ARKADE,EQ,113779,49110,43.16
20,452,ARMANFIN,EQ,67060,31871,47.53
20,453,AROGRANITE,EQ,13812,8478,61.38
20,454,ARROWGREEN,EQ,311513,132113,42.41
20,455,ARSSBL,EQ,261121,102577,39.28
20,456,ARTEMISMED,EQ,533825,247132,46.29
20,457,ARTNIRMAN,EQ,917,618,67.39
20,458,ARUNAYA,SM,4000,2000,50.00
20,459,ARVEE,EQ,3355,1942,57.88
20,460,ARVIND,EQ,980782,430612,43.90
20,461,ARVINDFASN,EQ,249848,136135,54.49
20,462,ARVINDPORT,SM,21000,19500,92.86
20,463,ARVSMART,EQ,106214,62219,58.58
20,464,ARYAMAN,EQ,170,155,91.18
20,465,ASAHIINDIA,EQ,147987,63060,42.61
20,466,ASAL,EQ,13551,7939,58.59
20,467,ASALCBR,EQ,40568,21547,53.11
20,468,ASHALOG,SM,5000,3000,60.00
20,469,ASHAPURMIN,EQ,340216,171861,50.52
20,470,ASHIANA,EQ,47881,23576,49.24
20,471,ASHIMASYN,EQ,28662,23386,81.59
20,472,ASHOKA,EQ,768105,342358,44.57
20,473,ASHOKAMET,EQ,149476,96101,64.29
20,474,ASHOKLEY,EQ,10320454,4677220,45.32
20,475,ASHUTOSH,ST,214800,190800,88.83
20,476,ASHWINI,SM,1000,1000,100.00
20,477,ASIANENE,EQ,736572,244695,33.22
20,478,ASIANHOTNR,EQ,33702,16505,48.97
20,479,ASIANPAINT,EQ,591671,342177,57.83
20,480,ASIANTILES,EQ,994691,331656,33.34
20,481,ASIANTNE,EQ,11228,10208,90.92
20,482,ASKAUTOLTD,EQ,209278,93668,44.76
20,483,ASPINWALL,EQ,2282,1569,68.76
20,484,ASPIRE,SM,26000,12000,46.15
20,485,ASSAMENT,EQ,1,1,100.00
20,486,ASTAR,EQ,197,99,50.25
20,487,ASTEC,EQ,34108,12597,36.93
20,488,ASTERDM,EQ,982120,507363,51.66
20,489,ASTRAL,EQ,523897,306910,58.58
20,490,ASTRAMICRO,EQ,418082,175730,42.03
20,491,ASTRAZEN,EQ,17007,8874,52.18
20,492,ATALREAL,EQ,6944853,2237897,32.22
20,493,ATAM,EQ,168740,67456,39.98
20,494,ATCENERGY,ST,9600,9600,100.00
20,495,ATGL,EQ,838761,203897,24.31
20,496,ATHERENERG,EQ,3578038,1079691,30.18
20,497,ATL,EQ,233170,106971,45.88
20,498,ATLANTAA,EQ,27184,18854,69.36
20,499,ATLANTAELE,EQ,78831,32345,41.03
20,500,ATLASCYCLE,EQ,10762,6586,61.20
20,501,ATLPP,E1,1933,1180,61.05
20,502,ATMASTCO,SM,5200,4400,84.62
20,503,ATUL,EQ,17089,8783,51.40
20,504,ATULAUTO,EQ,63313,26479,41.82
20,505,AUBANK,EQ,1013402,603868,59.59
20,506,AUGMONT,EQ,732796,237323,32.39
20,507,AURIONPRO,EQ,96488,44862,46.49
20,508,AUROIMPEX,SM,4800,4800,100.00
20,509,AUROPHARMA,EQ,522849,248750,47.58
20,510,AURUM,EQ,89898,55526,61.77
20,511,AURUS,EQ,24491,21201,86.57
20,512,AUSL,SM,4000,4000,100.00
20,513,AUSOMENT,EQ,5638,4921,87.28
20,514,AUSTENG,EQ,2381,2145,90.09
20,515,AUTOAXLES,EQ,2634,1805,68.53
20,516,AUTOBEES,EQ,210833,99793,47.33
20,517,AUTOIETF,EQ,382894,191015,49.89
20,518,AUTOIND,EQ,255516,133344,52.19
20,519,AVADHSUGAR,EQ,99568,36597,36.76
20,520,AVALON,EQ,935133,263773,28.21
20,521,AVANA,ST,14000,10000,71.43
20,522,AVANCE,EQ,4352430,2597230,59.67
20,523,AVANTEL,EQ,1229880,494997,40.25
20,524,AVANTIFEED,EQ,188352,85066,45.16
20,525,AVATAR,ST,6000,6000,100.00
20,526,AVIANSH,SM,2000,2000,100.00
20,527,AVIENCE,SM,37200,22800,61.29
20,528,AVL,EQ,133409,56057,42.02
20,529,AVONMORE,EQ,280829,172751,61.51
20,530,AVPINFRA,SM,41600,30400,73.08
20,531,AVROIND,EQ,207019,147608,71.30
20,532,AVTNPL,EQ,126738,56199,44.34
20,533,AWFIS,EQ,621355,196428,31.61
20,534,AWHCL,EQ,191949,87455,45.56
20,535,AWL,EQ,844193,373474,44.24
20,536,AXISBANK,EQ,5799541,3716814,64.09
20,537,AXISCADES,EQ,158521,71580,45.15
20,538,AXITA,EQ,495132,256888,51.88
20,539,AXTEL,EQ,4299,3773,87.76
20,540,AYE,EQ,728043,289496,39.76
20,541,AYMSYNTEX,EQ,318398,156388,49.12
20,542,AZAD,EQ,683850,264614,38.69
20,543,AZADIND,EQ,28956,3105,10.72
20,544,BABAFP,SM,24000,19200,80.00
20,545,BAGFILMS,EQ,30908,25663,83.03
20,546,BAGMANE,RR,1975285,1675514,84.82
20,547,BAHETI,SM,43125,24750,57.39
20,548,BAIDFIN,EQ,55486,46447,83.71
20,549,BAJAJ-AUTO,EQ,305528,174528,57.12
20,550,BAJAJCON,EQ,490370,220562,44.98
20,551,BAJAJELEC,EQ,93301,41135,44.09
20,552,BAJAJFINSV,EQ,613789,368408,60.02
20,553,BAJAJHCARE,EQ,95502,42602,44.61
20,554,BAJAJHFL,EQ,2504935,1183238,47.24
20,555,BAJAJHIND,EQ,16263903,4158142,25.57
20,556,BAJAJHLDNG,EQ,25570,14007,54.78
20,557,BAJAJINDEF,EQ,13163,9108,69.19
20,558,BAJAJST,EQ,10917,6691,61.29
20,559,BAJEL,EQ,121724,46309,38.04
20,560,BAJFINANCE,EQ,4190272,2965900,70.78
20,561,BALAJEE,EQ,24774,17685,71.39
20,562,BALAJIPHOS,SM,1000,1000,100.00
20,563,BALAJITELE,EQ,211758,84451,39.88
20,564,BALAMINES,EQ,165267,48901,29.59
20,565,BALAXI,EQ,19590,14482,73.93
20,566,BALCO,SM,4800,4800,100.00
20,567,BALKRISHNA,EQ,6336,3332,52.59
20,568,BALKRISIND,EQ,151993,92602,60.93
20,569,BALMLAWRIE,EQ,158413,75110,47.41
20,570,BALPHARMA,EQ,125428,44363,35.37
20,571,BALRAMCHIN,EQ,936692,185780,19.83
20,572,BALUFORGE,EQ,1000368,414796,41.46
20,573,BANARBEADS,EQ,1067,913,85.57
20,574,BANARISUG,EQ,3218,1598,49.66
20,575,BANCOINDIA,EQ,144353,70067,48.54
20,576,BANDHANBNK,EQ,8261916,3501140,42.38
20,577,BANG,EQ,13063,6650,50.91
20,578,BANK10ADD,EQ,80293,27093,33.74
20,579,BANK10BETF,EQ,1871,1378,73.65
20,580,BANKA,EQ,285,175,61.40
20,581,BANKADD,EQ,98870,93061,94.12
20,582,BANKBARODA,EQ,5789637,2906699,50.21
20,583,BANKBEES,EQ,324940,183926,56.60
20,584,BANKBETA,EQ,84054,74192,88.27
20,585,BANKBETF,EQ,58830,50886,86.50
20,586,BANKETF,EQ,7305,1329,18.19
20,587,BANKIETF,EQ,491834,362670,73.74
20,588,BANKINDIA,EQ,5030108,2193831,43.61
20,589,BANKNIFTY1,EQ,282711,209441,74.08
20,590,BANKPSU,EQ,4267,2933,68.74
20,591,BANSALWIRE,EQ,96192,44796,46.57
20,592,BANSWRAS,EQ,16707,9550,57.16
20,593,BARFLEX,SM,16000,8000,50.00
20,594,BASF,EQ,15289,6465,42.29
20,595,BASILIC,SM,165000,147600,89.45
20,596,BATAINDIA,EQ,159770,71910,45.01
20,597,BATLIBOI,EQ,38877,21667,55.73
20,598,BAWEJA,SM,5600,4800,85.71
20,599,BAYERCROP,EQ,13378,7312,54.66
20,600,BBETF0432,EQ,374,335,89.57
20,601,BBL,EQ,22867,10907,47.70
20,602,BBNPNBETF,EQ,1205,1023,84.90
20,603,BBNPPGOLD,EQ,7036,4098,58.24
20,604,BBOX,EQ,526729,183875,34.91
20,605,BBTC,EQ,36098,15049,41.69
20,606,BBTCL,EQ,1138,976,85.76
20,607,BCG,EQ,5047851,2372330,47.00
20,608,BCLIND,EQ,758362,316620,41.75
20,609,BCONCEPTS,EQ,8925,6411,71.83
20,610,BCPL,EQ,3186,2450,76.90
20,611,BDL,EQ,1708626,507937,29.73
20,612,BEACON,SM,3000,3000,100.00
20,613,BEARDSELL,EQ,25008,16704,66.79
20,614,BECTORFOOD,EQ,2203845,971167,44.07
20,615,BEDMUTHA,EQ,16552,12090,73.04
20,616,BEEKAY,EQ,2215,1656,74.76
20,617,BEL,EQ,10138395,5324747,52.52
20,618,BELLACASA,EQ,14860,9572,64.41
20,619,BELRISE,EQ,2897775,1349122,46.56
20,620,BEML,EQ,422730,172740,40.86
20,621,BENARAS,EQ,284,206,72.54
20,622,BENGALASM,EQ,302,236,78.15
20,623,BEPL,EQ,1288886,506936,39.33
20,624,BERGEPAINT,EQ,163379,59575,36.46
20,625,BESTAGRO,EQ,601821,289320,48.07
20,626,BETA,EQ,13984,7300,52.20
20,627,BEWLTD,SM,12500,10500,84.00
20,628,BFINVEST,EQ,14710,6862,46.65
20,629,BFSI,EQ,149842,83277,55.58
20,630,BFUTILITIE,EQ,31854,10964,34.42
20,631,BHADORA,ST,18000,14400,80.00
20,632,BHAGCHEM,EQ,89444,59607,66.64
20,633,BHAGYANGR,EQ,328669,173811,52.88
20,634,BHANDARI,EQ,150895,149298,98.94
20,635,BHARATCOAL,EQ,3804118,1719866,45.21
20,636,BHARATFORG,EQ,638432,334895,52.46
20,637,BHARATRAS,EQ,16438,7752,47.16
20,638,BHARATSE,EQ,108419,46009,42.44
20,639,BHARATWIRE,EQ,118340,37110,31.36
20,640,BHARTIARTL,EQ,2925053,2097199,71.70
20,641,BHARTIHEXA,EQ,52156,29851,57.23
20,642,BHEL,EQ,7088021,3513106,49.56
20,643,BIGBLOC,EQ,45536,32280,70.89
20,644,BIKAJI,EQ,69639,27370,39.30
20,645,BIKEWO,ST,76000,70000,92.11
20,646,BIL,EQ,12435,5904,47.48
20,647,BIMETAL,EQ,819,541,66.06
20,648,BIOCON,EQ,1763053,712817,40.43
20,649,BIOFILCHEM,EQ,11768,7767,66.00
20,650,BIOPOL,SM,51600,40800,79.07
20,651,BIRET,RR,563994,483552,85.74
20,652,BIRLACABLE,EQ,734776,298975,40.69
20,653,BIRLACORPN,EQ,86521,47099,54.44
20,654,BIRLAMONEY,EQ,29866,18411,61.65
20,655,BIRLANU,EQ,11149,5736,51.45
20,656,BLACKBUCK,EQ,892263,356350,39.94
20,657,BLAL,EQ,12181,8054,66.12
20,658,BLBLIMITED,EQ,218177,113925,52.22
20,659,BLEL,EQ,591112,156009,26.39
20,660,BLIL,EQ,49188,36719,74.65
20,661,BLKASHYAP,EQ,373401,194592,52.11
20,662,BLS,EQ,913859,390539,42.74
20,663,BLSE,EQ,420165,186364,44.35
20,664,BLUECLOUDS,EQ,1424515,580332,40.74
20,665,BLUECOAST,EQ,829,820,98.91
20,666,BLUEDART,EQ,10147,4322,42.59
20,667,BLUEJET,EQ,1113127,493116,44.30
20,668,BLUEPEBBLE,SM,1200,800,66.67
20,669,BLUESTARCO,EQ,525657,234839,44.68
20,670,BLUESTONE,EQ,806703,214999,26.65
20,671,BLUEWATER,ST,12000,8000,66.67
20,672,BLUSPRING,EQ,576465,184688,32.04
20,673,BMWVENTLTD,EQ,652482,308686,47.31
20,674,BNAGROCHEM,EQ,659,443,67.22
20,675,BNKETFAXIS,EQ,558,190,34.05
20,676,BODALCHEM,EQ,1821210,659732,36.22
20,677,BOHRAIND,EQ,640,613,95.78
20,678,BOMDYEING,EQ,514540,192632,37.44
20,679,BONLON,EQ,3542,3284,92.72
20,680,BORANA,EQ,38658,22560,58.36
20,681,BOROLTD,EQ,131207,60697,46.26
20,682,BORORENEW,EQ,710811,344728,48.50
20,683,BOROSCI,EQ,58547,31059,53.05
20,684,BOSCH-HCIL,EQ,20673,10097,48.84
20,685,BOSCHLTD,EQ,34806,17240,49.53
20,686,BOSS,SM,8000,8000,100.00
20,687,BPCL,EQ,4428358,2674072,60.39
20,688,BPL,EQ,41913,27280,65.09
20,689,BPLPHARMA,EQ,515,349,67.77
20,690,BRACEPORT,SM,3200,3200,100.00
20,691,BRAHMINFRA,EQ,5582,3834,68.69
20,692,BRANDMAN,SM,4800,3200,66.67
20,693,BRIGADE,EQ,264994,82897,31.28
20,694,BRIGHOTEL,EQ,101442,76665,75.58
20,695,BRIGHTBR,EQ,585,482,82.39
20,696,BRITANNIA,EQ,250873,155196,61.86
20,697,BRNL,EQ,29812,22914,76.86
20,698,BROOKS,EQ,51525,33948,65.89
20,699,BSE,EQ,2894042,1232831,42.60
20,700,BSE500IETF,EQ,84303,33957,40.28
20,701,BSHSL,EQ,11809,9435,79.90
20,702,BSL,EQ,1724,1442,83.64
20,703,BSLGOLDETF,EQ,312123,255572,81.88
20,704,BSLNIFTY,EQ,964485,773517,80.20
20,705,BSLSENETFG,EQ,3679,3557,96.68
20,706,BSOFT,EQ,1260023,464060,36.83
20,707,BTML,EQ,106229,72292,68.05
20,708,BUILDPRO,EQ,43132,26613,61.70
20,709,BULKCORP,ST,1200,1200,100.00
20,710,BUTTERFLY,EQ,14048,9698,69.03
20,711,BVCL,EQ,13663,11724,85.81
20,712,C2C,SM,99600,70350,70.63
20,713,CADSYS,SM,1500,1500,100.00
20,714,CAMLINFINE,EQ,379806,185591,48.86
20,715,CAMPUS,EQ,442078,175088,39.61
20,716,CAMS,EQ,848314,453443,53.45
20,717,CANARYS,SM,32000,28000,87.50
20,718,CANBK,EQ,13945737,7648128,54.84
20,719,CANFINHOME,EQ,289578,197442,68.18
20,720,CANHLIFE,EQ,545308,232027,42.55
20,721,CANTABIL,EQ,227852,100884,44.28
20,722,CAPACITE,EQ,290665,124248,42.75
20,723,CAPILLARY,EQ,514440,444186,86.34
20,724,CAPINVIT,IV,164675,157210,95.47
20,725,CAPITALSFB,EQ,6767,3833,56.64
20,726,CAPLIPOINT,EQ,212393,74708,35.17
20,727,CARBORUNIV,EQ,96977,54482,56.18
20,728,CARERATING,EQ,28271,16189,57.26
20,729,CARRARO,EQ,65060,35746,54.94
20,730,CARTRADE,EQ,416850,155401,37.28
20,731,CARYSIL,EQ,74682,35347,47.33
20,732,CASHIETF,EQ,105529,54621,51.76
20,733,CASTROLIND,EQ,1359799,844190,62.08
20,734,CBAZAAR,SM,96000,80000,83.33
20,735,CCAVENUE,EQ,10593710,4159512,39.26
20,736,CCCL,EQ,170456,124625,73.11
20,737,CCHHL,EQ,10753,9512,88.46
20,738,CCL,EQ,103629,44180,42.63
20,739,CDSL,EQ,1055453,348861,33.05
20,740,CEATLTD,EQ,48579,23272,47.91
20,741,CEDAAR,ST,34000,31000,91.18
20,742,CEIGALL,EQ,393782,173912,44.16
20,743,CEINSYS,EQ,58089,30209,52.00
20,744,CELEBRITY,EQ,10862,8704,80.13
20,745,CELLECOR,SM,81000,66000,81.48
20,746,CELLO,EQ,212024,111981,52.82
20,747,CELLPOINT,SM,4800,4800,100.00
20,748,CEMNTGROWW,EQ,171688,102768,59.86
20,749,CEMPRO,EQ,553547,220914,39.91
20,750,CENTENKA,EQ,51388,26423,51.42
20,751,CENTEXT,EQ,633227,470299,74.27
20,752,CENTRALBK,EQ,6327271,3210521,50.74
20,753,CENTRUM,EQ,150400,96219,63.98
20,754,CENTUM,EQ,90062,31303,34.76
20,755,CENTURYPLY,EQ,144990,56301,38.83
20,756,CERA,EQ,9354,4269,45.64
20,757,CESC,EQ,1662713,761806,45.82
20,758,CEWATER,EQ,95434,55363,58.01
20,759,CFEL,EQ,66304,38324,57.80
20,760,CGCL,EQ,7620738,2011029,26.39
20,761,CGPOWER,EQ,1882336,789911,41.96
20,762,CGRAPHICS,SM,19200,15200,79.17
20,763,CGVAK,EQ,1989,1303,65.51
20,764,CHALET,EQ,83424,46564,55.82
20,765,CHAMBLFERT,EQ,603060,350790,58.17
20,766,CHAMUNDA,SM,12000,9000,75.00
20,767,CHANDAN,SM,53600,44000,82.09
20,768,CHAVDA,SM,15000,9000,60.00
20,769,CHEMBOND,EQ,20839,10630,51.01
20,770,CHEMCRUX,EQ,3017,2323,77.00
20,771,CHEMFAB,EQ,2640,1862,70.53
20,772,CHEMICAL,EQ,294836,128379,43.54
20,773,CHEMPLASTS,EQ,170758,79406,46.50
20,774,CHENNPETRO,EQ,1363010,351861,25.81
20,775,CHEVIOT,EQ,1194,951,79.65
20,776,CHOICEGOLD,EQ,10121,9809,96.92
20,777,CHOICEIN,EQ,204754,77003,37.61
20,778,CHOLAFIN,EQ,1312956,853592,65.01
20,779,CHOLAHLDNG,EQ,85920,45180,52.58
20,780,CIEINDIA,EQ,270941,141974,52.40
20,781,CIFCZC28A,N5,134,134,100.00
20,782,CIFL,EQ,375881,275462,73.28
20,783,CINELINE,EQ,27119,19431,71.65
20,784,CINEVISTA,EQ,27038,18724,69.25
20,785,CIPLA,EQ,911572,613359,67.29
20,786,CITIUSINVT,IV,36998,34710,93.82
20,787,CKKRETAIL,SM,800,800,100.00
20,788,CLASSICEIL,SM,243200,232000,95.39
20,789,CLAYCRAFT,SM,18600,16200,87.10
20,790,CLEAN,EQ,348006,139281,40.02
20,791,CLEANMAX,EQ,205827,95480,46.39
20,792,CLEDUCATE,EQ,9973,8404,84.27
20,793,CLSEL,EQ,200647,49675,24.76
20,794,CLSL,ST,4000,4000,100.00
20,795,CMLL,EQ,380398,234845,61.74
20,796,CMNL,SM,3000,1500,50.00
20,797,CMPDI,EQ,1289252,518539,40.22
20,798,CMRGREEN,EQ,351172,194385,55.35
20,799,CMRSL,SM,800,800,100.00
20,800,CMSINFO,EQ,5544781,1008587,18.19
20,801,CNL,EQ,27962,13307,47.59
20,802,COALINDIA,EQ,7049685,5013158,71.11
20,803,COASTCORP,EQ,73502,42629,58.00
20,804,COCHINSHIP,EQ,1223182,250381,20.47
20,805,COCKERILL,EQ,18330,6422,35.04
20,806,COFFEEDAY,EQ,521794,275696,52.84
20,807,COFORGE,EQ,3593943,1925665,53.58
20,808,COHANCE,EQ,320413,140961,43.99
20,809,COLPAL,EQ,1465224,527054,35.97
20,810,COMFINTE,EQ,146074,100126,68.54
20,811,COMMOIETF,EQ,42166,32506,77.09
20,812,COMPEAU,EQ,894,835,93.40
20,813,COMPUSOFT,EQ,16485,10421,63.22
20,814,COMSYN,EQ,839631,357264,42.55
20,815,CONCOR,EQ,443499,153829,34.69
20,816,CONCORDBIO,EQ,105795,45477,42.99
20,817,CONFIPET,EQ,2646137,947114,35.79
20,818,CONNPLEX,SM,70400,49600,70.45
20,819,CONS,EQ,12069,6243,51.73
20,820,CONSUMAXIS,EQ,723,315,43.57
20,821,CONSUMBEES,EQ,136732,48227,35.27
20,822,CONSUMER,EQ,183784,137622,74.88
20,823,CONSUMIETF,EQ,20296,14161,69.77
20,824,CONTROLPR,EQ,39907,20985,52.58
20,825,COOLCAPS,SM,70000,62500,89.29
20,826,CORALFINAC,EQ,7438,3997,53.74
20,827,CORDELIA,EQ,2468400,1362932,55.22
20,828,CORDSCABLE,EQ,340527,126178,37.05
20,829,COROMANDEL,EQ,88917,61065,68.68
20,830,CORONA,EQ,28735,13664,47.55
20,831,COSMOFIRST,EQ,56751,16545,29.15
20,832,CPCAP,EQ,42512,24912,58.60
20,833,CPEDU,EQ,3045,2882,94.65
20,834,CPL,EQ,19954,11334,56.80
20,835,CPPLUS,EQ,315432,204281,64.76
20,836,CPS,SM,600,600,100.00
20,837,CPSEETF,EQ,567759,361451,63.66
20,838,CRAFTSMAN,EQ,56874,26188,46.05
20,839,CRAMC,EQ,435060,238305,54.78
20,840,CRAVATEX,EQ,311,301,96.78
20,841,CRAYONS,SM,5000,5000,100.00
20,842,CREATIVEYE,EQ,4303,4187,97.30
20,843,CREDENT,SM,86400,68400,79.17
20,844,CREDITACC,EQ,188841,94090,49.82
20,845,CREST,EQ,14808,14404,97.27
20,846,CRESTO,EQ,13052,11797,90.38
20,847,CRISIL,EQ,72153,51306,71.11
20,848,CRIZAC,EQ,212621,106114,49.91
20,849,CROMPTON,EQ,3565510,1974947,55.39
20,850,CROWN,EQ,9902,6687,67.53
20,851,CSBBANK,EQ,8547841,851219,9.96
20,852,CSLFINANCE,EQ,76689,39721,51.79
20,853,CSM,EQ,6076531,630354,10.37
20,854,CSSL,SM,2000,2000,100.00
20,855,CUB,EQ,2169990,943105,43.46
20,856,CUBEINVIT,IV,165734,156154,94.22
20,857,CUBEXTUB,EQ,23653,15804,66.82
20,858,CUDML,SM,10000,9000,90.00
20,859,CUMMINSIND,EQ,399690,241670,60.46
20,860,CUPID,EQ,8678314,3096136,35.68
20,861,CURAA,EQ,162,148,91.36
20,862,CURIS,ST,21000,17000,80.95
20,863,CURRENT,SM,17600,17600,100.00
20,864,CYIENT,EQ,488288,223106,45.69
20,865,CYIENTDLM,EQ,855768,322586,37.70
20,866,DABUR,EQ,1792878,952254,53.11
20,867,DALBHARAT,EQ,58268,34050,58.44
20,868,DALMIASUG,EQ,145925,59113,40.51
20,869,DAMCAPITAL,EQ,231257,110416,47.75
20,870,DANGEE,EQ,38911,33839,86.97
20,871,DANISH,SM,67350,40650,60.36
20,872,DATAMATICS,EQ,69650,23104,33.17
20,873,DATAPATTNS,EQ,1076930,208035,19.32
20,874,DAVANGERE,EQ,19163359,10450273,54.53
20,875,DBCORP,EQ,46883,28186,60.12
20,876,DBEIL,EQ,121766,87305,71.70
20,877,DBL,EQ,309785,116585,37.63
20,878,DBOL,EQ,85045,42795,50.32
20,879,DBREALTY,EQ,1376448,792009,57.54
20,880,DCAL,EQ,183948,79482,43.21
20,881,DCBBANK,EQ,912819,401820,44.02
20,882,DCG,ST,37200,37200,100.00
20,883,DCI,EQ,376664,101263,26.88
20,884,DCM,EQ,16150,16021,99.20
20,885,DCMFINSERV,EQ,18394,10421,56.65
20,886,DCMNVL,EQ,8488,6787,79.96
20,887,DCMSHRIRAM,EQ,45772,22842,49.90
20,888,DCMSIL,EQ,65734,34530,52.53
20,889,DCMSRIND,EQ,247070,115332,46.68
20,890,DCW,EQ,851390,380499,44.69
20,891,DCXINDIA,EQ,768094,365328,47.56
20,892,DDEVPLSTIK,EQ,86381,41384,47.91
20,893,DECCANCE,EQ,26043,13802,53.00
20,894,DECCANTRAN,SM,2400,2400,100.00
20,895,DECNGOLD,EQ,1128957,473909,41.98
20,896,DEEDEV,EQ,309277,164037,53.04
20,897,DEEM,ST,3000,3000,100.00
20,898,DEEP,EQ,33346,15944,47.81
20,899,DEEPA,EQ,3436863,886063,25.78
20,900,DEEPAKFERT,EQ,173758,73271,42.17
20,901,DEEPAKNTR,EQ,443065,301570,68.06
20,902,DEEPINDS,EQ,707797,256761,36.28
20,903,DEFENCE,EQ,472845,314553,66.52
20,904,DELAPLEX,SM,4200,2400,57.14
20,905,DELHIVERY,EQ,3025177,1918997,63.43
20,906,DELTACORP,EQ,2596609,1234561,47.55
20,907,DELTAMAGNT,EQ,7247,4480,61.82
20,908,DEN,EQ,231818,166554,71.85
20,909,DENEERS,SM,10200,7200,70.59
20,910,DENORA,EQ,1735,1305,75.22
20,911,DENTA,EQ,300277,53629,17.86
20,912,DENTALKART,SM,38250,32500,84.97
20,913,DEVIT,EQ,23973,14897,62.14
20,914,DEVX,EQ,110612,73567,66.51
20,915,DEVYANI,EQ,1326172,698748,52.69
20,916,DGCONTENT,EQ,3051,2530,82.92
20,917,DHAMPURSUG,EQ,665496,271506,40.80
20,918,DHANBANK,EQ,511194,316332,61.88
20,919,DHANLAXMI,SM,8000,6000,75.00
20,920,DHANSA,SM,4000,4000,100.00
20,921,DHANUKA,EQ,38687,15584,40.28
20,922,DHARARAIL,ST,1000,1000,100.00
20,923,DHARIWAL,SM,1014000,789000,77.81
20,924,DHARMAJ,EQ,48933,34821,71.16
20,925,DHATRE,EQ,31101,22308,71.73
20,926,DHOOTTRANS,EQ,6172314,1695977,27.48
20,927,DHRUV,EQ,10601,7213,68.04
20,928,DHTL,SM,800,800,100.00
20,929,DHUNINV,EQ,429,232,54.08
20,930,DIAMINESQ,EQ,7064,3986,56.43
20,931,DIAMONDYD,EQ,6122,3138,51.26
20,932,DICIND,EQ,3625,2158,59.53
20,933,DIFFNKG,EQ,112103,53744,47.94
20,934,DIGIDRIVE,EQ,39847,18809,47.20
20,935,DIGIKORE,SM,21200,16800,79.25
20,936,DIGISPICE,EQ,136926,51470,37.59
20,937,DIGITIDE,EQ,188492,71373,37.87
20,938,DISAQ,EQ,96,59,61.46
20,939,DISHTV,EQ,3311191,2037484,61.53
20,940,DIVGIITTS,EQ,143879,56217,39.07
20,941,DIVIDEND,EQ,4182,3093,73.96
20,942,DIVINEHIRA,ST,24000,19200,80.00
20,943,DIVISLAB,EQ,878300,608440,69.27
20,944,DIVOPPBEES,EQ,32131,17753,55.25
20,945,DIXON,EQ,540673,261908,48.44
20,946,DJML,EQ,95259,43846,46.03
20,947,DKEGL,SM,6000,4500,75.00
20,948,DLF,EQ,2223983,794187,35.71
20,949,DLINKINDIA,EQ,56870,25582,44.98
20,950,DMART,EQ,464459,315562,67.94
20,951,DMCC,EQ,87873,54643,62.18
20,952,DNAMEDIA,EQ,83926,35212,41.96
20,953,DODLA,EQ,13702,7029,51.30
20,954,DOLATALGO,EQ,127563,70845,55.54
20,955,DOLLAR,EQ,66963,33084,49.41
20,956,DOLLEX,EQ,26844,19923,74.22
20,957,DOLPHIN,EQ,35409,17584,49.66
20,958,DOMS,EQ,20224,9595,47.44
20,959,DONEAR,EQ,10670,7985,74.84
20,960,DPABHUSHAN,EQ,17595,9139,51.94
20,961,DPEL,SM,49500,27000,54.55
20,962,DRAGARWQ,EQ,3151,2672,84.80
20,963,DRCSYSTEMS,EQ,41584,30681,73.78
20,964,DREAMFOLKS,EQ,61208,24408,39.88
20,965,DREDGECORP,EQ,45490,18755,41.23
20,966,DRONE,SM,14000,11500,82.14
20,967,DRREDDY,EQ,1120896,671359,59.89
20,968,DSSL,EQ,22429,10466,46.66
20,969,DTL,SM,1200,1200,100.00
20,970,DUCOL,SM,11200,11200,100.00
20,971,DUCON,EQ,1986175,966045,48.64
20,972,DURLAX,SM,100000,62000,62.00
20,973,DVL,EQ,15512,5659,36.48
20,974,DWARKESH,EQ,2115991,568123,26.85
20,975,DYCL,EQ,387406,144344,37.26
20,976,DYNAMATECH,EQ,28785,12123,42.12
20,977,DYNAMIC,ST,14500,11500,79.31
20,978,DYNPRO,EQ,9782,7035,71.92
20,979,E2ERAIL,SM,254400,66400,26.10
20,980,EASEMYTRIP,EQ,14917947,4176872,28.00
20,981,EASTWEST,EQ,10315,9004,87.29
20,982,EBANK10,EQ,940,624,66.38
20,983,EBANKNIFTY,EQ,422,411,97.39
20,984,EBBETF0430,EQ,7059,6105,86.49
20,985,EBBETF0431,EQ,5837,5066,86.79
20,986,EBBETF0433,EQ,4937,3142,63.64
20,987,EBGNG,EQ,1024574,409984,40.02
20,988,ECAPINSURE,EQ,41645,22944,55.09
20,989,ECLERX,EQ,182677,76942,42.12
20,990,ECOLINE,ST,5000,5000,100.00
20,991,ECORECO,EQ,11414,7065,61.90
20,992,ECOSMOBLTY,EQ,45900,26871,58.54
20,993,EDELWEISS,EQ,6116820,2310899,37.78
20,994,EEPL,ST,12000,11000,91.67
20,995,EFACTOR,SM,6400,4400,68.75
20,996,EFCIL,EQ,196331,87860,44.75
20,997,EFFWA,SM,5600,5600,100.00
20,998,EFORCE,SM,31200,19200,61.54
20,999,EGOLD,EQ,43760,37378,85.42
20,1000,EICHERMOT,EQ,316258,194544,61.51
20,1001,EIDPARRY,EQ,314736,149894,47.63
20,1002,EIEL,EQ,495754,174666,35.23
20,1003,EIHAHOTELS,EQ,17383,8903,51.22
20,1004,EIHOTEL,EQ,671193,226965,33.82
20,1005,EIMCOELECO,EQ,58309,26856,46.06
20,1006,EKC,EQ,186889,103575,55.42
20,1007,EKI,EQ,23169,15417,66.54
20,1008,ELANTAS,EQ,3194,975,30.53
20,1009,ELCIDIN,EQ,24,11,45.83
20,1010,ELDEHSG,EQ,890,559,62.81
20,1011,ELECON,EQ,162968,77818,47.75
20,1012,ELECTCAST,EQ,1233179,602342,48.84
20,1013,ELECTHERM,EQ,6788,3449,50.81
20,1014,ELGIEQUIP,EQ,533822,256358,48.02
20,1015,ELGIRUBCO,EQ,36113,16690,46.22
20,1016,ELGNZ,SM,9000,8000,88.89
20,1017,ELIN,EQ,185837,81499,43.86
20,1018,ELIQUID,EQ,10860,8981,82.70
20,1019,ELITECON,EQ,2875950,1838875,63.94
20,1020,ELLEN,EQ,2421472,752066,31.06
20,1021,ELM250,EQ,58374,30294,51.90
20,1022,ELMDIV,EQ,535,533,99.63
20,1023,ELPROINTL,EQ,7268,7032,96.75
20,1024,EMAMILTD,EQ,1443979,793265,54.94
20,1025,EMAMIREAL,EQ,8902,6677,75.01
20,1026,EMAPARTNER,SM,45000,27000,60.00
20,1027,EMBASSY,RR,554410,493932,89.09
20,1028,EMBDL,EQ,1630746,722809,44.32
20,1029,EMCURE,EQ,248066,161374,65.05
20,1030,EMETAL,EQ,5130,5076,98.95
20,1031,EMIL,EQ,2115907,677336,32.01
20,1032,EMKAY,EQ,15157,9231,60.90
20,1033,EMKAYTOOLS,SM,1650,1050,63.64
20,1034,EMMIL,SM,10500,10000,95.24
20,1035,EMMVEE,EQ,1366386,562547,41.17
20,1036,EMPIND,EQ,1254,942,75.12
20,1037,EMPOWER,EQ,43769639,21510629,49.15
20,1038,EMSLIMITED,EQ,241061,99221,41.16
20,1039,EMUDHRA,EQ,30254888,1681391,5.56
20,1040,EMULTIMQ,EQ,135756,36547,26.92
20,1041,ENCOMPAS,SM,42000,41200,98.10
20,1042,ENDURANCE,EQ,72279,51993,71.93
20,1043,ENERGY,EQ,512476,423087,82.56
20,1044,ENERGYAXIS,EQ,85128,45736,53.73
20,1045,ENERGYDEV,EQ,33641,26944,80.09
20,1046,ENEXT50,EQ,236,163,69.07
20,1047,ENFUSE,SM,1200,1200,100.00
20,1048,ENGINERSIN,EQ,2212377,818805,37.01
20,1049,ENIFTY,EQ,16917,16181,95.65
20,1050,ENIL,EQ,7608,3667,48.20
20,1051,ENKEIWHEL,EQ,247,216,87.45
20,1052,ENRIN,EQ,332338,184065,55.38
20,1053,ENSER,SM,5000,5000,100.00
20,1054,ENTERO,EQ,236406,106225,44.93
20,1055,ENVIRO,SM,29000,16000,55.17
20,1056,EPACK,EQ,354381,137185,38.71
20,1057,EPACKPEB,EQ,428491,135191,31.55
20,1058,EPIGRAL,EQ,21627,11618,53.72
20,1059,EPL,EQ,1925799,911304,47.32
20,1060,EPWINDIA,ST,4800,4800,100.00
20,1061,EQUAL200,EQ,29398,15923,54.16
20,1062,EQUAL50,EQ,1416,1242,87.71
20,1063,EQUAL50ADD,EQ,36479,30654,84.03
20,1064,EQUITASBNK,EQ,2177983,1316563,60.45
20,1065,ERIS,EQ,15100,6172,40.87
20,1066,ESABINDIA,EQ,3839,1614,42.04
20,1067,ESCONET,ST,6000,6000,100.00
20,1068,ESCORTS,EQ,63932,32108,50.22
20,1069,ESDS,EQ,1728190,620679,35.91
20,1070,ESENSEX,EQ,72,69,95.83
20,1071,ESFL,SM,9360,7200,76.92
20,1072,ESG,EQ,1627,941,57.84
20,1073,ESILVER,EQ,663442,612747,92.36
20,1074,ESPRIT,SM,3200,1600,50.00
20,1075,ESSARSHPNG,EQ,227399,134526,59.16
20,1076,ESSENTIA,EQ,1782429,1152256,64.65
20,1077,ESTER,EQ,40282,20051,49.78
20,1078,ETERNAL,EQ,11286053,5153853,45.67
20,1079,ETHOSLTD,EQ,47503,24155,50.85
20,1080,ETML,SM,22800,20400,89.47
20,1081,EUREKAFORB,EQ,218699,127953,58.51
20,1082,EUROBOND,EQ,1652,1480,89.59
20,1083,EUROPRATIK,EQ,153538,36929,24.05
20,1084,EVEREADY,EQ,61719,27793,45.03
20,1085,EVIETF,EQ,59450,30596,51.47
20,1086,EVINDIA,EQ,129716,85834,66.17
20,1087,EXCELINDUS,EQ,12959,4264,32.90
20,1088,EXCELLENT,ST,1600,1600,100.00
20,1089,EXCELSOFT,EQ,2760983,707630,25.63
20,1090,EXICOM,EQ,1815871,635274,34.98
20,1091,EXIDEIND,EQ,2177347,1015844,46.66
20,1092,EXIMROUTES,SM,10400,10400,100.00
20,1093,EXPLEOSOL,EQ,44424,22309,50.22
20,1094,EXXARO,EQ,128126,114557,89.41
20,1095,FABTECH,EQ,55594,30321,54.54
20,1096,FACT,EQ,76634,19295,25.18
20,1097,FALCONTECH,SM,28800,28800,100.00
20,1098,FASCINATE,SM,15200,15200,100.00
20,1099,FAZE3Q,EQ,33939,21410,63.08
20,1100,FCL,EQ,29438708,7872738,26.74
20,1101,FCSSOFT,EQ,1385664,888834,64.14
20,1102,FDC,EQ,238731,117113,49.06
20,1103,FEDDERSHOL,EQ,4985896,1274167,25.56
20,1104,FEDERALBNK,EQ,2857474,1736303,60.76
20,1105,FEDFINA,EQ,854914,455715,53.31
20,1106,FELIX,SM,66000,30500,46.21
20,1107,FERMENTA,EQ,111404,62920,56.48
20,1108,FIBERWEB,EQ,22525,14245,63.24
20,1109,FIDEL,SM,5000,5000,100.00
20,1110,FIEMIND,EQ,64556,33494,51.88
20,1111,FILATEX,EQ,4978051,1646746,33.08
20,1112,FILATFASH,EQ,11830382,10413295,88.02
20,1113,FINBUD,SM,17000,17000,100.00
20,1114,FINCABLES,EQ,1264308,292414,23.13
20,1115,FINEORG,EQ,36658,21898,59.74
20,1116,FINIETF,EQ,202174,95419,47.20
20,1117,FINKURVE,EQ,420501,96807,23.02
20,1118,FINOPB,EQ,504308,112967,22.40
20,1119,FINPIPE,EQ,388076,195211,50.30
20,1120,FIRSTCRY,EQ,5950243,971755,16.33
20,1121,FISCHER,EQ,366426,176977,48.30
20,1122,FIVESTAR,EQ,549733,238719,43.42
20,1123,FLAIR,EQ,67634,30928,45.73
20,1124,FLEXIADD,EQ,133274,118674,89.05
20,1125,FLUOROCHEM,EQ,104607,60999,58.31
20,1126,FLYSBS,SM,151400,100000,66.05
20,1127,FMCGADD,EQ,27665,12720,45.98
20,1128,FMCGIETF,EQ,1672884,974027,58.22
20,1129,FMGOETZE,EQ,286717,78400,27.34
20,1130,FMNL,EQ,4137,3997,96.62
20,1131,FONEBOX,SM,27000,17000,62.96
20,1132,FOODSIN,EQ,138960,70266,50.57
20,1133,FORCAS,ST,27200,25600,94.12
20,1134,FORCEMOT,EQ,56841,20678,36.38
20,1135,FORGEAUTO,SM,6000,4800,80.00
20,1136,FORTIS,EQ,1094839,633528,57.86
20,1137,FOSECOIND,EQ,178685,28436,15.91
20,1138,FRACTAL,EQ,166944,83193,49.83
20,1139,FREDUN,EQ,306726,135993,44.34
20,1140,FRESHARA,ST,30000,30000,100.00
20,1141,FROG,SM,82800,48400,58.45
20,1142,FRONTSP,EQ,22377,11246,50.26
20,1143,FSL,EQ,4437986,706858,15.93
20,1144,FUSION,EQ,528710,238135,45.04
20,1145,FWSTC,SM,1200,1200,100.00
20,1146,GABRIEL,EQ,275589,150411,54.58
20,1147,GAEL,EQ,1060772,535280,50.46
20,1148,GAIL,EQ,3949470,2501177,63.33
20,1149,GAJA,EQ,551950,199928,36.22
20,1150,GAJANAND,SM,3000,3000,100.00
20,1151,GALAPREC,EQ,30901,17477,56.56
20,1152,GALAXYSURF,EQ,26358,12983,49.26
20,1153,GALLANTT,EQ,147112,81956,55.71
20,1154,GANDHAR,EQ,888416,344531,38.78
20,1155,GANDHITUBE,EQ,9851,5756,58.43
20,1156,GANECOS,EQ,45692,14333,31.37
20,1157,GANESHCP,EQ,61120,33283,54.46
20,1158,GANESHHOU,EQ,25380,15900,62.65
20,1159,GANESHIN,ST,41600,40800,98.08
20,1160,GANGABATH,SM,12000,9000,75.00
20,1161,GANGAFORGE,EQ,1340813,939801,70.09
20,1162,GANGESSECU,EQ,403,340,84.37
20,1163,GARFIBRES,EQ,44337,20522,46.29
20,1164,GARUDA,EQ,449765,156683,34.84
20,1165,GATEWAY,EQ,366855,186716,50.90
20,1166,GAUDIUMIVF,EQ,135695,81898,60.35
20,1167,GAYAHWS,EQ,205869,143655,69.78
20,1168,GAYAPROJ,EQ,1543449,846636,54.85
20,1169,GCHOTELS,ST,54000,48600,90.00
20,1170,GCSL,EQ,1045600,319151,30.52
20,1171,GEEKAYWIRE,EQ,540043,278646,51.60
20,1172,GEMAROMA,EQ,65058,29792,45.79
20,1173,GENCON,EQ,364890,87023,23.85
20,1174,GENESYS,EQ,1018076,219653,21.58
20,1175,GENUSPAPER,EQ,117821,92454,78.47
20,1176,GENUSPOWER,EQ,1972232,879082,44.57
20,1177,GENXAI,SM,7200,4800,66.67
20,1178,GEOJITFSL,EQ,227487,103504,45.50
20,1179,GESHIP,EQ,736615,406730,55.22
20,1180,GFLLIMITED,EQ,50994,28220,55.34
20,1181,GGBL,SM,31200,22200,71.15
20,1182,GHCL,EQ,128473,68348,53.20
20,1183,GHCLTEXTIL,EQ,550150,259036,47.08
20,1184,GICHSGFIN,EQ,64056,34848,54.40
20,1185,GICRE,EQ,328457,169903,51.73
20,1186,GILLANDERS,EQ,3145,3065,97.46
20,1187,GILLETTE,EQ,7886,4653,59.00
20,1188,GILT10BETA,EQ,464,436,93.97
20,1189,GILT5BETA,EQ,838,813,97.02
20,1190,GILT5YBEES,EQ,141028,102304,72.54
20,1191,GIPCL,EQ,490068,250706,51.16
20,1192,GIRIRAJ,SM,13000,13000,100.00
20,1193,GJL,ST,4800,4800,100.00
20,1194,GKB,EQ,916,906,98.91
20,1195,GKENERGY,EQ,358279,199544,55.70
20,1196,GKSL,EQ,505195,253600,50.20
20,1197,GKWLIMITED,EQ,251,194,77.29
20,1198,GLAND,EQ,748751,464467,62.03
20,1199,GLASSWALL,EQ,50839300,14081253,27.70
20,1200,GLAXO,EQ,85460,47323,55.37
20,1201,GLENMARK,EQ,677704,313621,46.28
20,1202,GLFL,EQ,5706,5171,90.62
20,1203,GLOBAL,EQ,214392,89524,41.76
20,1204,GLOBALE,EQ,284,158,55.63
20,1205,GLOBALVECT,EQ,9529,7204,75.60
20,1206,GLOBE,EQ,179969,162704,90.41
20,1207,GLOBECIVIL,EQ,61442,26560,43.23
20,1208,GLOBUSSPR,EQ,57697,26028,45.11
20,1209,GLOSTERLTD,EQ,465,405,87.10
20,1210,GLOTTIS,EQ,34936,18863,53.99
20,1211,GMBREW,EQ,29171,12617,43.25
20,1212,GMDCLTD,EQ,801915,296105,36.92
20,1213,GML,SM,6000,4000,66.67
20,1214,GMMPFAUDLR,EQ,586784,253776,43.25
20,1215,GMRAIRPORT,EQ,8814802,4757667,53.97
20,1216,GMRP&UI,EQ,2290502,677316,29.57
20,1217,GNA,EQ,210288,93485,44.46
20,1218,GNFC,EQ,367982,138954,37.76
20,1219,GNRL,EQ,92414,44146,47.77
20,1220,GOACARBON,EQ,37318,12957,34.72
20,1221,GOCLCORP,EQ,199597,96201,48.20
20,1222,GOCOLORS,EQ,79421,30290,38.14
20,1223,GODAVARIB,EQ,9406369,265865,2.83
20,1224,GODFRYPHLP,EQ,167013,50950,30.51
20,1225,GODIGIT,EQ,155492,90881,58.45
20,1226,GODREJAGRO,EQ,125139,46176,36.90
20,1227,GODREJCP,EQ,1427742,835295,58.50
20,1228,GODREJIND,EQ,463606,62673,13.52
20,1229,GODREJPROP,EQ,783588,264359,33.74
20,1230,GOKEX,EQ,273049,125623,46.01
20,1231,GOKUL,EQ,157381,31832,20.23
20,1232,GOKULAGRO,EQ,222970,99855,44.78
20,1233,GOLD1,EQ,3393728,2110711,62.19
20,1234,GOLD360,EQ,130306,80475,61.76
20,1235,GOLDADD,EQ,3004420,2279824,75.88
20,1236,GOLDAXIS,EQ,1451503,1164589,80.23
20,1237,GOLDBEES,EQ,13858810,6818306,49.20
20,1238,GOLDBETA,EQ,386720,260687,67.41
20,1239,GOLDBND,EQ,14446,10201,70.61
20,1240,GOLDCASE,EQ,6622272,2533672,38.26
20,1241,GOLDETF,EQ,1182514,634333,53.64
20,1242,GOLDIAM,EQ,408492,155407,38.04
20,1243,GOLDIETF,EQ,2824470,1777479,62.93
20,1244,GOLDSTAR,SM,112500,101250,90.00
20,1245,GOODLUCK,EQ,533794,205784,38.55
20,1246,GOODYEAR,EQ,3200,2271,70.97
20,1247,GOPAL,EQ,117717,58404,49.61
20,1248,GOYALALUM,EQ,32092,20426,63.65
20,1249,GOYALSALT,SM,2400,2400,100.00
20,1250,GPECO,SM,4800,3800,79.17
20,1251,GPIL,EQ,1238726,574873,46.41
20,1252,GPPL,EQ,1409967,766963,54.40
20,1253,GPTHEALTH,EQ,135814,66429,48.91
20,1254,GPTINFRA,EQ,114845,54387,47.36
20,1255,GRANDOAK,EQ,1703,1166,68.47
20,1256,GRANULES,EQ,2651978,1418384,53.48
20,1257,GRAPHISAD,SM,6000,6000,100.00
20,1258,GRAPHITE,EQ,3021853,592850,19.62
20,1259,GRASIM,EQ,859973,579172,67.35
20,1260,GRAUWEIL,EQ,517563,233488,45.11
20,1261,GRAVISSHO,EQ,94415,56727,60.08
20,1262,GRAVITA,EQ,100063,48852,48.82
20,1263,GRCL,SM,250,250,100.00
20,1264,GREAVESCOT,EQ,949927,431305,45.40
20,1265,GREENCHEF,SM,13600,11200,82.35
20,1266,GREENLAM,EQ,29337,17945,61.17
20,1267,GREENLEAF,ST,6000,6000,100.00
20,1268,GREENPANEL,EQ,620970,468034,75.37
20,1269,GREENPLY,EQ,99357,47146,47.45
20,1270,GREENPOWER,EQ,2506910,1257245,50.15
20,1271,GRINDWELL,EQ,21384,12558,58.73
20,1272,GRINFRA,EQ,25372,15696,61.86
20,1273,GRMOVER,EQ,1077928,350629,32.53
20,1274,GROBTEA,EQ,13,13,100.00
20,1275,GROWW,EQ,147977809,112965719,76.34
20,1276,GROWWCAPM,EQ,832378,585434,70.33
20,1277,GROWWCHEM,EQ,48615,16981,34.93
20,1278,GROWWDEFNC,EQ,460123,249502,54.23
20,1279,GROWWEV,EQ,298822,172106,57.59
20,1280,GROWWGOLD,EQ,1752135,954707,54.49
20,1281,GROWWHOSPI,EQ,332991,154617,46.43
20,1282,GROWWLIQID,EQ,243164,172546,70.96
20,1283,GROWWLOVOL,EQ,14072,10516,74.73
20,1284,GROWWMC150,EQ,399,210,52.63
20,1285,GROWWMETAL,EQ,453032,220865,48.75
20,1286,GROWWMOM50,EQ,155290,123634,79.61
20,1287,GROWWN200,EQ,53232,28994,54.47
20,1288,GROWWNET,EQ,1809603,1098834,60.72
20,1289,GROWWNIFTY,EQ,752550,401889,53.40
20,1290,GROWWNXT50,EQ,7750,2744,35.41
20,1291,GROWWPOWER,EQ,1833790,980803,53.49
20,1292,GROWWPSE,EQ,3791,3216,84.83
20,1293,GROWWPSUBK,EQ,5330,2068,38.80
20,1294,GROWWRAIL,EQ,720691,380171,52.75
20,1295,GROWWRLTY,EQ,366826,277872,75.75
20,1296,GROWWSC250,EQ,283009,121652,42.99
20,1297,GROWWSLVR,EQ,1498334,661182,44.13
20,1298,GRPLTD,EQ,2182,1201,55.04
20,1299,GRSE,EQ,428399,143823,33.57
20,1300,GRWRHITECH,EQ,63165,35485,56.18
20,1301,GSEC10ABSL,EQ,16,10,62.50
20,1302,GSEC10IETF,EQ,203235,190082,93.53
20,1303,GSEC10YEAR,EQ,1875,1831,97.65
20,1304,GSEC5IETF,EQ,3276,1830,55.86
20,1305,GSFC,EQ,1062067,453083,42.66
20,1306,GSLSU,EQ,34366,18999,55.28
20,1307,GSMFOILS,SM,269000,209500,77.88
20,1308,GSPCROP,EQ,504025,106505,21.13
20,1309,GSS,EQ,28633,19408,67.78
20,1310,GSTL,SM,25000,21000,84.00
20,1311,GTECJAINX,EQ,5433,5220,96.08
20,1312,GTL,EQ,144365,97598,67.61
20,1313,GTLINFRA,EQ,25238570,13291607,52.66
20,1314,GTPL,EQ,49981,31450,62.92
20,1315,GUFICBIO,EQ,112795,74691,66.22
20,1316,GUJALKALI,EQ,88806,31280,35.22
20,1317,GUJAPOLLO,EQ,50739,45836,90.34
20,1318,GUJENERGY,EQ,1082398,506275,46.77
20,1319,GUJRAFFIA,EQ,2348,2108,89.78
20,1320,GUJTHEM,EQ,394301,180647,45.81
20,1321,GULFOILLUB,EQ,25186,12825,50.92
20,1322,GULPOLY,EQ,135723,58788,43.31
20,1323,GVPIL,EQ,128227,59078,46.07
20,1324,GVT&D,EQ,717611,374701,52.22
20,1325,GYFTR,EQ,19937,14394,72.20
20,1326,HAL,EQ,679509,311941,45.91
20,1327,HALDER,EQ,21626,5330,24.65
20,1328,HALEOSLABS,EQ,2124,1920,90.40
20,1329,HAMPTON,EQ,314251,309890,98.61
20,1330,HAPPSTMNDS,EQ,953262,287290,30.14
20,1331,HAPPY,SM,72000,50000,69.44
20,1332,HAPPYFORGE,EQ,168189,94546,56.21
20,1333,HARDWYN,EQ,2829919,2057565,72.71
20,1334,HARIOMPIPE,EQ,104808,50983,48.64
20,1335,HARRMALAYA,EQ,4508,2946,65.35
20,1336,HARSHA,EQ,189658,112332,59.23
20,1337,HATHWAY,EQ,1263943,530706,41.99
20,1338,HATSUN,EQ,88440,32556,36.81
20,1339,HAVELLS,EQ,726459,452066,62.23
20,1340,HAVISHA,EQ,18072,16028,88.69
20,1341,HAWKINCOOK,EQ,1644,1242,75.55
20,1342,HAZOOR,EQ,194145,124717,64.24
20,1343,HBESD,EQ,319,282,88.40
20,1344,HBLENGINE,EQ,831268,316485,38.07
20,1345,HBPOR,EQ,1402,1163,82.95
20,1346,HBSL,EQ,1508,1228,81.43
20,1347,HCC,EQ,21826373,7027380,32.20
20,1348,HCG,EQ,241632,143517,59.39
20,1349,HCL-INSYS,EQ,104971,82314,78.42
20,1350,HCLTECH,EQ,3049093,1304259,42.78
20,1351,HDBFS,EQ,294552,186132,63.19
20,1352,HDFCAMC,EQ,482108,283512,58.81
20,1353,HDFCBANK,EQ,27476943,17639763,64.20
20,1354,HDFCBSE500,EQ,1443873,1408629,97.56
20,1355,HDFCGOLD,EQ,2989552,1788588,59.83
20,1356,HDFCGROWTH,EQ,6856,3350,48.86
20,1357,HDFCLIFE,EQ,3970025,2019506,50.87
20,1358,HDFCLIQUID,EQ,24738,20269,81.93
20,1359,HDFCLOWVOL,EQ,3347,1663,49.69
20,1360,HDFCMID150,EQ,527369,263356,49.94
20,1361,HDFCMOMENT,EQ,136259,83092,60.98
20,1362,HDFCNEXT50,EQ,128348,52732,41.09
20,1363,HDFCNIF100,EQ,38353,27853,72.62
20,1364,HDFCNIFBAN,EQ,45470,26094,57.39
20,1365,HDFCNIFIT,EQ,125151,58764,46.95
20,1366,HDFCNIFTY,EQ,1280964,1208914,94.38
20,1367,HDFCNIMEG,EQ,141137,99701,70.64
20,1368,HDFCPSUBK,EQ,21240,14206,66.88
20,1369,HDFCPVTBAN,EQ,134447,100575,74.81
20,1370,HDFCQUAL,EQ,4138,1631,39.42
20,1371,HDFCSENSEX,EQ,59228,50971,86.06
20,1372,HDFCSILVER,EQ,2201761,931408,42.30
20,1373,HDFCSML250,EQ,3533603,2312040,65.43
20,1374,HDFCVALUE,EQ,12694,5135,40.45
20,1375,HEADSUP,EQ,92166,88544,96.07
20,1376,HEALTHADD,EQ,20520,10459,50.97
20,1377,HEALTHAXIS,EQ,5023,3994,79.51
20,1378,HEALTHCARE,EQ,21058,14671,69.67
20,1379,HEALTHIETF,EQ,108076,57118,52.85
20,1380,HEALTHX,EQ,3534,2751,77.84
20,1381,HEALTHY,EQ,358358,187176,52.23
20,1382,HECPROJECT,EQ,13832,9533,68.92
20,1383,HEIDELBERG,EQ,291016,139413,47.91
20,1384,HEMIPROP,EQ,160025,76244,47.65
20,1385,HERANBA,EQ,36171,20287,56.09
20,1386,HERITGFOOD,EQ,775192,273751,35.31
20,1387,HEROMOTOCO,EQ,525693,240843,45.81
20,1388,HESTERBIO,EQ,4571,2384,52.15
20,1389,HEXATRADEX,EQ,1415,1206,85.23
20,1390,HEXT,EQ,162429,62367,38.40
20,1391,HGINFRA,EQ,54377,30282,55.69
20,1392,HGM,EQ,2412,1970,81.67
20,1393,HGS,EQ,9360,5547,59.26
20,1394,HIGREEN,SM,6400,4800,75.00
20,1395,HIKAL,EQ,1817632,451324,24.83
20,1396,HILINFRA,EQ,78958,46467,58.85
20,1397,HILTON,EQ,72492,50376,69.49
20,1398,HIMATSEIDE,EQ,353499,169855,48.05
20,1399,HINDADH,EQ,3121,2714,86.96
20,1400,HINDALCO,EQ,3439776,2106326,61.23
20,1401,HINDALUMI,EQ,2229,1797,80.62
20,1402,HINDCOMPOS,EQ,2149,1260,58.63
20,1403,HINDCON,EQ,15512,9930,64.01
20,1404,HINDCOPPER,EQ,7244772,3397442,46.90
20,1405,HINDOILEXP,EQ,971364,340365,35.04
20,1406,HINDPETRO,EQ,3786470,2217481,58.56
20,1407,HINDUNILVR,EQ,1013304,502573,49.60
20,1408,HINDWAREAP,EQ,80014,46286,57.85
20,1409,HINDZINC,EQ,2902624,1340379,46.18
20,1410,HIRECT,EQ,53206,21856,41.08
20,1411,HISARMETAL,EQ,203,28,13.79
20,1412,HITECH,EQ,444665,198543,44.65
20,1413,HLEGLAS,EQ,1168248,238054,20.38
20,1414,HLVLTD,EQ,815269,529555,64.95
20,1415,HMAAGRO,EQ,11554697,2037614,17.63
20,1416,HNDFDS,EQ,85796,52542,61.24
20,1417,HNGSNGBEES,EQ,57841,42300,73.13
20,1418,HOACFOODS,ST,2250,2250,100.00
20,1419,HOLMARC,SM,7500,6000,80.00
20,1420,HOMEFIRST,EQ,144222,51309,35.58
20,1421,HONASA,EQ,736639,332829,45.18
20,1422,HONAUT,EQ,2373,1099,46.31
20,1423,HONDAPOWER,EQ,1842,1120,60.80
20,1424,HORIZONIND,EQ,2695151,1636056,60.70
20,1425,HPAL,EQ,52106,35791,68.69
20,1426,HPIL,EQ,417,341,81.77
20,1427,HPL,EQ,116910,60185,51.48
20,1428,HPTL,SM,10200,8400,82.35
20,1429,HRYNSHP,EQ,68,67,98.53
20,1430,HSBCGOLD,EQ,240672,233949,97.21
20,1431,HSCL,EQ,4620164,1455015,31.49
20,1432,HTEL,EQ,3861012,1738693,45.03
20,1433,HTMEDIA,EQ,246224,168871,68.58
20,1434,HUBTOWN,EQ,380751,194230,51.01
20,1435,HUDCO,EQ,985174,412282,41.85
20,1436,HUHTAMAKI,EQ,188067,64151,34.11
20,1437,HVAX,SM,5850,5550,94.87
20,1438,HYBRIDETF,EQ,21981,14038,63.86
20,1439,HYUNDAI,EQ,733017,351000,47.88
20,1440,IBLFL,SM,2000,2000,100.00
20,1441,IBULLSLTD,EQ,62047779,37828823,60.97
20,1442,ICELCO,SM,16800,12000,71.43
20,1443,ICEMAKE,EQ,43401,26481,61.01
20,1444,ICICIAMC,EQ,293518,172272,58.69
20,1445,ICICIB22,EQ,8025440,7385746,92.03
20,1446,ICICIBANK,EQ,9625762,6243478,64.86
20,1447,ICICIGI,EQ,449383,266996,59.41
20,1448,ICICIPRULI,EQ,767677,255319,33.26
20,1449,ICIL,EQ,478937,190720,39.82
20,1450,ICRA,EQ,16982,9366,55.15
20,1451,IDBI,EQ,12983831,5705331,43.94
20,1452,IDEA,EQ,307898731,86425984,28.07
20,1453,IDEAFORGE,EQ,284863,116764,40.99
20,1454,IDEALTECHO,SM,1000,1000,100.00
20,1455,IDFCFIRSTB,EQ,14275478,8986765,62.95
20,1456,IDFNIFTYET,EQ,1148,624,54.36
20,1457,IEML,ST,40500,40500,100.00
20,1458,IEX,EQ,3302102,1187392,35.96
20,1459,IFBAGRO,EQ,3154,1944,61.64
20,1460,IFBIND,EQ,17335,7738,44.64
20,1461,IFCI,EQ,114066406,15637193,13.71
20,1462,IFGLEXPOR,EQ,16938,7281,42.99
20,1463,IGARASHI,EQ,509069,86407,16.97
20,1464,IGCL,EQ,120978,52097,43.06
20,1465,IGIL,EQ,205329,114322,55.68
20,1466,IGL,EQ,1025294,519349,50.65
20,1467,IGPL,EQ,55598,22890,41.17
20,1468,IIFL,EQ,1242412,628420,50.58
20,1469,IIFL,T0,5000,5000,100.00
20,1470,IIFL21425,NY,10,10,100.00
20,1471,IIFLCAPS,EQ,527710,387193,73.37
20,1472,IIFLZC28,NG,10,10,100.00
20,1473,IIFLZC28A,NU,245,245,100.00
20,1474,IIFLZC28B,Y1,100,100,100.00
20,1475,IIFLZC28C,N6,63,53,84.13
20,1476,IITL,EQ,197944,109624,55.38
20,1477,IKIO,EQ,500954,201466,40.22
20,1478,IKS,EQ,129237,75772,58.63
20,1479,IMAGICAA,EQ,2106560,759167,36.04
20,1480,IMC1,N1,250,250,100.00
20,1481,IMC1,N3,30,30,100.00
20,1482,IMFA,EQ,104558,53136,50.82
20,1483,IMPAL,EQ,2141,1612,75.29
20,1484,INA,EQ,989571,510791,51.62
20,1485,INCREDIBLE,EQ,2468,2051,83.10
20,1486,INDBANK,EQ,80099,44404,55.44
20,1487,INDGN,EQ,205000,108200,52.78
20,1488,INDHOTEL,EQ,1037515,650294,62.68
20,1489,INDIACEM,EQ,62151,25674,41.31
20,1490,INDIAMART,EQ,365133,70669,19.35
20,1491,INDIANB,EQ,773817,410674,53.07
20,1492,INDIANCARD,EQ,463,374,80.78
20,1493,INDIANHUME,EQ,22793,10531,46.20
20,1494,INDIASHLTR,EQ,67155,39193,58.36
20,1495,INDIGO,EQ,529301,251707,47.55
20,1496,INDIGOPNTS,EQ,80470,39661,49.29
20,1497,INDIGRID,IV,376721,333598,88.55
20,1498,INDIQUBE,EQ,59017,32915,55.77
20,1499,INDNIPPON,EQ,189869,91440,48.16
20,1500,INDOBORAX,EQ,112370,42491,37.81
20,1501,INDOCO,EQ,644188,144466,22.43
20,1502,INDOFARM,EQ,109186,54006,49.46
20,1503,INDOKEM,EQ,9015,5691,63.13
20,1504,INDOMIM,EQ,2684652,1187191,44.22
20,1505,INDORAMA,EQ,3645127,548764,15.05
20,1506,INDOSTAR,EQ,120640,72776,60.32
20,1507,INDOTECH,EQ,47402,32669,68.92
20,1508,INDOTHAI,EQ,134685,134685,100.00
20,1509,INDOUS,EQ,3838,3506,91.35
20,1510,INDOWIND,EQ,47572,34436,72.39
20,1511,INDPRUD,EQ,17,15,88.24
20,1512,INDRAMEDCO,EQ,171771,94803,55.19
20,1513,INDSWFTLAB,EQ,1637019,446598,27.28
20,1514,INDTERRAIN,EQ,254442,114102,44.84
20,1515,INDUSINDBK,EQ,1727406,1012745,58.63
20,1516,INDUSINVIT,IV,107606,82395,76.57
20,1517,INDUSTOWER,EQ,4050806,2533778,62.55
20,1518,INFINIUM,SM,2500,2500,100.00
20,1519,INFLUX,SM,17400,15000,86.21
20,1520,INFOBEAN,EQ,182718,68232,37.34
20,1521,INFOLLION,SM,2000,1200,60.00
20,1522,INFOMEDIA,EQ,9690,8542,88.15
20,1523,INFRA,EQ,24111,23927,99.24
20,1524,INFRABEES,EQ,12156,6474,53.26
20,1525,INFRAIETF,EQ,122117,89461,73.26
20,1526,INFY,EQ,6230590,3380850,54.26
20,1527,INGERRAND,EQ,33772,16235,48.07
20,1528,INM,SM,600,600,100.00
20,1529,INNOMET,ST,40800,40200,98.53
20,1530,INNOVACAP,EQ,119085,46546,39.09
20,1531,INNOVANA,EQ,21908,1451,6.62
20,1532,INNOVISION,EQ,12512,7475,59.74
20,1533,INOXGREEN,EQ,1578858,611420,38.73
20,1534,INOXINDIA,EQ,707394,374151,52.89
20,1535,INOXWIND,EQ,5543694,1897326,34.22
20,1536,INSECTICID,EQ,15018,7635,50.84
20,1537,INSPIRISYS,EQ,5842,5208,89.15
20,1538,INSUREIETF,EQ,479614,356252,74.28
20,1539,INTELLECT,EQ,272239,145185,53.33
20,1540,INTENTECH,EQ,10622,7373,69.41
20,1541,INTERARCH,EQ,46273,24767,53.52
20,1542,INTERNET,EQ,260561,196214,75.30
20,1543,INTLCONV,EQ,23067,12785,55.43
20,1544,INVENTURE,EQ,415952,372689,89.60
20,1545,INVICTA,SM,8000,4800,60.00
20,1546,IOB,EQ,1804893,757949,41.99
20,1547,IOC,EQ,10071835,5577374,55.38
20,1548,IOLCP,EQ,8624277,1705446,19.77
20,1549,IONEXCHANG,EQ,344615,158328,45.94
20,1550,IPCALAB,EQ,337123,168592,50.01
20,1551,IPHL,SM,9600,8400,87.50
20,1552,IPL,EQ,28419705,989218,3.48
20,1553,IPRINGLTD,EQ,965,770,79.79
20,1554,IRB,EQ,9930904,3633208,36.58
20,1555,IRBINVIT,IV,300318,240220,79.99
20,1556,IRCON,EQ,1405153,571608,40.68
20,1557,IRCTC,EQ,1329707,555392,41.77
20,1558,IREDA,EQ,3083062,1190731,38.62
20,1559,IRFC,EQ,9834178,3890419,39.56
20,1560,IRIS,EQ,22712,12542,55.22
20,1561,IRISDOREME,EQ,724226,420526,58.07
20,1562,IRMENERGY,EQ,59978,28951,48.27
20,1563,ISFT,EQ,127841,21602,16.90
20,1564,ISGEC,EQ,36890,19908,53.97
20,1565,ISHANCH,EQ,32446,23213,71.54
20,1566,ISTLTD,EQ,170,150,88.24
20,1567,IT,EQ,240611,108743,45.19
20,1568,ITADD,EQ,13383,7027,52.51
20,1569,ITALIANE,SM,2000,2000,100.00
20,1570,ITAXIS,EQ,865,379,43.82
20,1571,ITBEES,EQ,8243115,3842096,46.61
20,1572,ITBETA,EQ,757,653,86.26
20,1573,ITC,EQ,15199856,7081623,46.59
20,1574,ITCHOTELS,EQ,1635546,850014,51.97
20,1575,ITDC,EQ,97137,25090,25.83
20,1576,ITETF,EQ,268691,137861,51.31
20,1577,ITI,EQ,182220,72356,39.71
20,1578,ITIETF,EQ,371540,164696,44.33
20,1579,ITL,EQ,206,173,83.98
20,1580,IVALUE,EQ,273584,147118,53.77
20,1581,IVC,EQ,493527,343450,69.59
20,1582,IVZBANKNF,EQ,11194,11091,99.08
20,1583,IVZINGOLD,EQ,9928,7050,71.01
20,1584,IVZINNIFTY,EQ,343,304,88.63
20,1585,IVZSENSEX,EQ,7635,6708,87.86
20,1586,IWARE,ST,27000,21000,77.78
20,1587,IWP,EQ,3659,3497,95.57
20,1588,IXIGO,EQ,568386,223122,39.26
20,1589,IZMO,EQ,82400,33779,40.99
20,1590,J&KBANK,EQ,3250203,1485275,45.70
20,1591,JAGRAN,EQ,169560,108276,63.86
20,1592,JAGSNPHARM,EQ,56466,24939,44.17
20,1593,JAIBALAJI,EQ,814949,453536,55.65
20,1594,JAICORPLTD,EQ,240050,85165,35.48
20,1595,JAINIK,ST,86400,86400,100.00
20,1596,JAINREC,EQ,477646,161424,33.80
20,1597,JAIPURKURT,EQ,7292,5827,79.91
20,1598,JAKHARIA,ST,60000,60000,100.00
20,1599,JALAN,ST,3000,3000,100.00
20,1600,JAMNAAUTO,EQ,2491533,983191,39.46
20,1601,JARO,EQ,115000,23570,20.50
20,1602,JASH,EQ,114592,62565,54.60
20,1603,JAYAGROGN,EQ,36723,17542,47.77
20,1604,JAYBARMARU,EQ,244009,101296,41.51
20,1605,JAYBEE,SM,18500,15500,83.78
20,1606,JAYESH,SM,10000,9000,90.00
20,1607,JAYKAY,EQ,273295,125748,46.01
20,1608,JAYNECOIND,EQ,2439408,1204236,49.37
20,1609,JAYSREETEA,EQ,32419,16972,52.35
20,1610,JBMA,EQ,281220,104017,36.99
20,1611,JENBURPH,EQ,571,473,82.84
20,1612,JETFREIGHT,EQ,68397,34948,51.10
20,1613,JGCHEM,EQ,277514,101858,36.70
20,1614,JHS,EQ,131649,108470,82.39
20,1615,JINDALPHOT,EQ,9876,6762,68.47
20,1616,JINDALPOLY,EQ,423769,58596,13.83
20,1617,JINDALSAW,EQ,2433275,1056352,43.41
20,1618,JINDALSTEL,EQ,457237,155691,34.05
20,1619,JINDRILL,EQ,273892,85861,31.35
20,1620,JINDWORLD,EQ,6160770,1426243,23.15
20,1621,JIOFIN,EQ,11926382,5884227,49.34
20,1622,JISLDVREQS,EQ,19622,7824,39.87
20,1623,JISLJALEQS,EQ,1129976,565048,50.01
20,1624,JITFINFRA,EQ,23711,14408,60.77
20,1625,JIWANRAM,SM,12000,12000,100.00
20,1626,JKCEMENT,EQ,61980,25149,40.58
20,1627,JKIL,EQ,50757,29316,57.76
20,1628,JKIPL,EQ,11597,9399,81.05
20,1629,JKLAKSHMI,EQ,56959,29460,51.72
20,1630,JKPAPER,EQ,708260,258638,36.52
20,1631,JKTYRE,EQ,475097,205709,43.30
20,1632,JLHL,EQ,117281,68357,58.28
20,1633,JMA,EQ,10829,5412,49.98
20,1634,JMFINANCIL,EQ,2236471,929797,41.57
20,1635,JNKINDIA,EQ,305381,162621,53.25
20,1636,JNPR,EQ,995377,315361,31.68
20,1637,JOCIL,EQ,2416,1262,52.24
20,1638,JPOLYINVST,EQ,3276,1668,50.92
20,1639,JPPOWER,EQ,40588771,14131024,34.82
20,1640,JSFB,EQ,604934,263000,43.48
20,1641,JSL,EQ,1372384,812052,59.17
20,1642,JSLL,EQ,485564,209883,43.22
20,1643,JSWCEMENT,EQ,1308484,875494,66.91
20,1644,JSWDULUX,EQ,10726,4481,41.78
20,1645,JSWENERGY,EQ,1951623,1405966,72.04
20,1646,JSWHL,EQ,2885,907,31.44
20,1647,JSWINFRA,EQ,2646886,1434545,54.20
20,1648,JSWSTEEL,EQ,1803781,1145273,63.49
20,1649,JTEKTINDIA,EQ,72080,31294,43.42
20,1650,JTLIND,EQ,3752609,998406,26.61
20,1651,JUBLCPL,EQ,4036,2874,71.21
20,1652,JUBLFOOD,EQ,426648,166451,39.01
20,1653,JUBLINGREA,EQ,257245,149953,58.29
20,1654,JUBLPHARMA,EQ,154099,67341,43.70
20,1655,JUNIORBEES,EQ,302310,176711,58.45
20,1656,JUNIPER,EQ,451284,254309,56.35
20,1657,JUSTDIAL,EQ,106509,41774,39.22
20,1658,JWL,EQ,792229,345334,43.59
20,1659,JYOTHYLAB,EQ,505369,231325,45.77
20,1660,JYOTICNC,EQ,970603,499059,51.42
20,1661,JYOTIGLOBL,SM,4000,4000,100.00
20,1662,JYOTIRES,EQ,9126,5264,57.68
20,1663,JYOTISTRUC,EQ,8024275,4555247,56.77
20,1664,K2INFRA,ST,12600,12000,95.24
20,1665,KABRAEXTRU,EQ,651043,260314,39.98
20,1666,KAJARIACER,EQ,156466,82073,52.45
20,1667,KAKATCEM,EQ,1636,1232,75.31
20,1668,KALAMANDIR,EQ,467817,245191,52.41
20,1669,KALANA,SM,10000,8000,80.00
20,1670,KALPATARU,EQ,27592,11945,43.29
20,1671,KALYANKJIL,EQ,7484433,1833188,24.49
20,1672,KAMAHOLD,EQ,3365,2254,66.98
20,1673,KAMANWALA,EQ,15,15,100.00
20,1674,KAMATHOTEL,EQ,71866,35214,49.00
20,1675,KAMOPAINTS,EQ,153248,90424,59.01
20,1676,KANANIIND,EQ,170523,121885,71.48
20,1677,KANCHI,EQ,690,536,77.68
20,1678,KANCOTEA,EQ,11,6,54.55
20,1679,KANDARP,SM,7000,4000,57.14
20,1680,KANOHAR,EQ,21611638,8511200,39.38
20,1681,KANPRPLA,EQ,27577,13479,48.88
20,1682,KANSAINER,EQ,277695,164542,59.25
20,1683,KAPSTON,EQ,43954,18629,42.38
20,1684,KARMAENG,EQ,111633,21351,19.13
20,1685,KARNIKA,SM,33000,31000,93.94
20,1686,KARURVYSYA,EQ,2316768,1098529,47.42
20,1687,KATARIA,SM,13800,13200,95.65
20,1688,KAVDEFENCE,EQ,1471028,607692,41.31
20,1689,KAYNES,EQ,723071,221206,30.59
20,1690,KCEIL,SM,33500,28000,83.58
20,1691,KCK,ST,172500,165000,95.65
20,1692,KCP,EQ,56006,32940,58.82
20,1693,KDDL,EQ,30057,16571,55.13
20,1694,KDGREEN,EQ,35148,13427,38.20
20,1695,KDL,SM,11700,5850,50.00
20,1696,KEC,EQ,812676,271352,33.39
20,1697,KECL,EQ,80550,36681,45.54
20,1698,KEEPLEARN,EQ,44368,37211,83.87
20,1699,KEI,EQ,306662,113199,36.91
20,1700,KELLTONTEC,EQ,2802031,1075500,38.38
20,1701,KEN,SM,2400,2400,100.00
20,1702,KENNAMET,EQ,62456,28236,45.21
20,1703,KERNEX,EQ,213622,112599,52.71
20,1704,KEYFINSERV,EQ,760,533,70.13
20,1705,KFINTECH,EQ,388510,141481,36.42
20,1706,KHAICHEM,EQ,158837,76243,48.00
20,1707,KHAITANLTD,EQ,3814,2901,76.06
20,1708,KHANDSE,EQ,1408,1300,92.33
20,1709,KHFM,SM,1550,1550,100.00
20,1710,KICL,EQ,5039,3849,76.38
20,1711,KIMS,EQ,310465,168439,54.25
20,1712,KINGFA,EQ,18912,9669,51.13
20,1713,KIOCL,EQ,180378,101365,56.20
20,1714,KIRANVYPAR,EQ,3730,2696,72.28
20,1715,KIRIINDUS,EQ,797157,320069,40.15
20,1716,KIRLFER,EQ,140176,80646,57.53
20,1717,KIRLOSBROS,EQ,31065,12993,41.83
20,1718,KIRLOSENG,EQ,473446,232933,49.20
20,1719,KIRLOSIND,EQ,15231,3857,25.32
20,1720,KIRLPNU,EQ,142430,76168,53.48
20,1721,KISSHT,EQ,1873189,824231,44.00
20,1722,KITEX,EQ,409195,163838,40.04
20,1723,KJMCFIN,EQ,670,655,97.76
20,1724,KKCL,EQ,33495,21378,63.82
20,1725,KLBRENG-B,EQ,181219,74797,41.27
20,1726,KLL,SM,13600,12000,88.24
20,1727,KMCSHIL,EQ,9088731,472963,5.20
20,1728,KMEW,EQ,240945,90414,37.52
20,1729,KMSUGAR,EQ,111052,61987,55.82
20,1730,KNACK,EQ,805422,260117,32.30
20,1731,KNAGRI,EQ,9108,5504,60.43
20,1732,KNRCON,EQ,1757894,739372,42.06
20,1733,KODYTECH,ST,9200,8300,90.22
20,1734,KOHINOOR,EQ,318617,121449,38.12
20,1735,KOKUYOCMLN,EQ,27445,20074,73.14
20,1736,KOLTEPATIL,EQ,50440,21128,41.89
20,1737,KONSTELEC,ST,1000,1000,100.00
20,1738,KOPRAN,EQ,14226630,945614,6.65
20,1739,KORE,ST,8500,8250,97.06
20,1740,KOTAKBANK,EQ,10898426,7839973,71.94
20,1741,KOTHARIPET,EQ,66598,36672,55.06
20,1742,KOTHARIPRO,EQ,9143,7643,83.59
20,1743,KOTIC,EQ,26388,14188,53.77
20,1744,KOVAI,EQ,4040,2383,58.99
20,1745,KPEL,EQ,208889,90364,43.26
20,1746,KPIGREEN,EQ,657223,271263,41.27
20,1747,KPIL,EQ,100752,48791,48.43
20,1748,KPITTECH,EQ,831708,249411,29.99
20,1749,KPL,EQ,82018,31268,38.12
20,1750,KPRMILL,EQ,162171,79738,49.17
20,1751,KRBL,EQ,386919,169606,43.84
20,1752,KREBSBIO,EQ,5062,4375,86.43
20,1753,KRIDHANINF,EQ,63697,53533,84.04
20,1754,KRISHANA,EQ,1194736,587378,49.16
20,1755,KRISHCA,SM,17500,12500,71.43
20,1756,KRISHIVAL,EQ,6512,4592,70.52
20,1757,KRISHNADEF,EQ,99852,44324,44.39
20,1758,KRITI,EQ,9680,7119,73.54
20,1759,KRITIKA,EQ,114539,77462,67.63
20,1760,KRITINUT,EQ,9859,8430,85.51
20,1761,KRMAYURVED,SM,221000,140000,63.35
20,1762,KRN,EQ,278536,152080,54.60
20,1763,KROSS,EQ,554517,226416,40.83
20,1764,KRSNAA,EQ,42893,19482,45.42
20,1765,KRT,RR,1863820,1778182,95.41
20,1766,KRYSTAL,EQ,174712,52448,30.02
20,1767,KSB,EQ,144252,89048,61.73
20,1768,KSCL,EQ,57444,26361,45.89
20,1769,KSE,EQ,9240,6350,68.72
20,1770,KSHINTL,EQ,397791,141226,35.50
20,1771,KSHITIJPOL,EQ,2313639,1453920,62.84
20,1772,KSL,EQ,108914,42260,38.80
20,1773,KSOLVES,EQ,35656,21781,61.09
20,1774,KSR,EQ,86153,49735,57.73
20,1775,KTKBANK,EQ,2085928,1082918,51.92
20,1776,KUANTUM,EQ,49275,31063,63.04
20,1777,KUSUMGAR,EQ,146373,67835,46.34
20,1778,KWIL,EQ,17948121,6156689,34.30
20,1779,LADDERUP,EQ,10098,6419,63.57
20,1780,LAGNAM,EQ,977,671,68.68
20,1781,LAHOTIOV,EQ,1636,1202,73.47
20,1782,LAKSHMIMIL,EQ,10,8,80.00
20,1783,LAKSHYA,SM,4000,4000,100.00
20,1784,LAL,EQ,438065,420150,95.91
20,1785,LALITHAA,EQ,147338,147338,100.00
20,1786,LALPATHLAB,EQ,1560989,247330,15.84
20,1787,LAMBODHARA,EQ,98400,36907,37.51
20,1788,LAMOSAIC,ST,29400,25800,87.76
20,1789,LANCER,EQ,243216,183608,75.49
20,1790,LANDMARK,EQ,111985,41485,37.05
20,1791,LANDSMILL,EQ,1288942,787654,61.11
20,1792,LAOPALA,EQ,336735,199509,59.25
20,1793,LARGEMID50,EQ,1217,918,75.43
20,1794,LASERPOWER,EQ,505982,226051,44.68
20,1795,LATENTVIEW,EQ,2075787,352710,16.99
20,1796,LATTEYS,EQ,20896,15001,71.79
20,1797,LAURUSLABS,EQ,2871410,1499001,52.20
20,1798,LAXMICOT,EQ,27323,23768,86.99
20,1799,LAXMIDENTL,EQ,50757,18467,36.38
20,1800,LAXMIINDIA,EQ,198799,84086,42.30
20,1801,LCCINFOTEC,EQ,39224,37155,94.73
20,1802,LCL,EQ,495678,233392,47.09
20,1803,LEAPIND,EQ,2218348,725809,32.72
20,1804,LEMERITE,EQ,207689,151235,72.82
20,1805,LEMONTREE,EQ,1729566,813429,47.03
20,1806,LENSKART,EQ,6968307,4451639,63.88
20,1807,LEXUS,EQ,19072,16759,87.87
20,1808,LFIC,EQ,11464,9807,85.55
20,1809,LGBBROSLTD,EQ,38929,23958,61.54
20,1810,LGEINDIA,EQ,196075,98286,50.13
20,1811,LGHL,EQ,49456,11114,22.47
20,1812,LIBAS,EQ,193790,129068,66.60
20,1813,LIBERTSHOE,EQ,28444,20338,71.50
20,1814,LICHSGFIN,EQ,3693410,1774356,48.04
20,1815,LICI,EQ,7015226,4139775,59.01
20,1816,LICMFGOLD,EQ,315886,219032,69.34
20,1817,LICNETFGSC,EQ,1880,1622,86.28
20,1818,LICNETFN50,EQ,275,174,63.27
20,1819,LICNFNHGP,EQ,296,257,86.82
20,1820,LICNMID100,EQ,22005,11681,53.08
20,1821,LIKHITHA,EQ,378760,101685,26.85
20,1822,LINC,EQ,29059,21112,72.65
20,1823,LINCOLN,EQ,33110,19297,58.28
20,1824,LINDEINDIA,EQ,12044,5502,45.68
20,1825,LIQGRWBEES,EQ,95816,75583,78.88
20,1826,LIQUID,EQ,154680,115031,74.37
20,1827,LIQUID1,EQ,739768,403772,54.58
20,1828,LIQUIDADD,EQ,308661,205975,66.73
20,1829,LIQUIDBEES,EQ,3811884,3192904,83.76
20,1830,LIQUIDBETA,EQ,132,132,100.00
20,1831,LIQUIDBETF,EQ,123415,108617,88.01
20,1832,LIQUIDCASE,EQ,21585579,16323937,75.62
20,1833,LIQUIDETF,EQ,159105,131246,82.49
20,1834,LIQUIDIETF,EQ,191381,126288,65.99
20,1835,LIQUIDPLUS,EQ,571866,493954,86.38
20,1836,LIQUIDSBI,EQ,1823,1823,100.00
20,1837,LIQUIDSHRI,EQ,1086,888,81.77
20,1838,LKPSEC,EQ,35001,33802,96.57
20,1839,LLOYDSENGG,EQ,4340426,1740345,40.10
20,1840,LLOYDSENT,EQ,1910226,973874,50.98
20,1841,LLOYDSME,EQ,293730,124213,42.29
20,1842,LMW,EQ,7595,3901,51.36
20,1843,LODHA,EQ,1204027,510288,42.38
20,1844,LOKESHMACH,EQ,55160,28567,51.79
20,1845,LORDSCHLO,EQ,6679,3279,49.09
20,1846,LOTUSCHO,EQ,2698,2124,78.72
20,1847,LOTUSEYE,EQ,10389,7868,75.73
20,1848,LOVABLE,EQ,16767,9102,54.29
20,1849,LOWVOL,EQ,1505,903,60.00
20,1850,LOWVOL1,EQ,111209,70480,63.38
20,1851,LOWVOLIETF,EQ,1400208,1079960,77.13
20,1852,LOYALTEX,EQ,156,155,99.36
20,1853,LPDC,EQ,12980,8838,68.09
20,1854,LRRPL,SM,6000,6000,100.00
20,1855,LT,EQ,2038640,1392097,68.29
20,1856,LTF,EQ,1797290,663553,36.92
20,1857,LTFOODS,EQ,320057,138323,43.22
20,1858,LTGILTBEES,EQ,794995,641792,80.73
20,1859,LTGILTCASE,EQ,180779,178136,98.54
20,1860,LTM,EQ,229957,68299,29.70
20,1861,LTTS,EQ,46682,24554,52.60
20,1862,LUMAXIND,EQ,11706,5632,48.11
20,1863,LUMAXTECH,EQ,110575,41847,37.84
20,1864,LUMINO,EQ,9172632,1975520,21.54
20,1865,LUPIN,EQ,789895,458810,58.08
20,1866,LUXIND,EQ,36476,21867,59.95
20,1867,LXCHEM,EQ,1325333,490945,37.04
20,1868,M&M,EQ,2390779,1406184,58.82
20,1869,M&MFIN,EQ,1115347,595792,53.42
20,1870,MAANALU,EQ,73650,43521,59.09
20,1871,MACOBSTECH,SM,42400,41600,98.11
20,1872,MACPOWER,EQ,53070,21070,39.70
20,1873,MADHAV,EQ,378,354,93.65
20,1874,MADHAVIPL,EQ,103376,62946,60.89
20,1875,MADHURKNIT,SM,1153200,974400,84.50
20,1876,MADHUSUDAN,ST,12000,10000,83.33
20,1877,MADRASFERT,EQ,48477,22470,46.35
20,1878,MAFANG,EQ,741752,350126,47.20
20,1879,MAFATIND,EQ,21676,13688,63.15
20,1880,MAGADSUGAR,EQ,25481,11894,46.68
20,1881,MAGNUM,EQ,102635,50082,48.80
20,1882,MAGSON,SM,1000,1000,100.00
20,1883,MAHABANK,EQ,18702078,7094636,37.94
20,1884,MAHAPEXLTD,EQ,24489,17828,72.80
20,1885,MAHEPC,EQ,10621,6593,62.08
20,1886,MAHESHWARI,EQ,8631,7420,85.97
20,1887,MAHKTECH,EQ,1007198,691137,68.62
20,1888,MAHLIFE,EQ,77651,37025,47.68
20,1889,MAHLOG,EQ,122831,57756,47.02
20,1890,MAHSCOOTER,EQ,3273,1380,42.16
20,1891,MAHSEAMLES,EQ,217121,83769,38.58
20,1892,MAITHANALL,EQ,70638,33458,47.37
20,1893,MAITREYA,SM,2400,1600,66.67
20,1894,MAKEINDIA,EQ,39316,29482,74.99
20,1895,MAKERSL,EQ,376,358,95.21
20,1896,MAL,SM,6400,4800,75.00
20,1897,MALLCOM,EQ,1187,911,76.75
20,1898,MALUPAPER,EQ,28875,13194,45.69
20,1899,MAMATA,EQ,56046,19077,34.04
20,1900,MANAKALUCO,EQ,82635,49519,59.92
20,1901,MANAKCOAT,EQ,382017,163812,42.88
20,1902,MANAKSIA,EQ,102935,56946,55.32
20,1903,MANALIPETC,EQ,2637453,647103,24.54
20,1904,MANAPPURAM,EQ,3120709,1563255,50.09
20,1905,MANBA,EQ,93447,34448,36.86
20,1906,MANCREDIT,EQ,135509,21517,15.88
20,1907,MANDEEP,SM,2000,2000,100.00
20,1908,MANGALAM,EQ,56939,41356,72.63
20,1909,MANGLMCEM,EQ,54115,32490,60.04
20,1910,MANILAM,SM,6000,4000,66.67
20,1911,MANINDS,EQ,2075576,580383,27.96
20,1912,MANINFRA,EQ,2441811,770870,31.57
20,1913,MANIPALHOS,EQ,1278055,739877,57.89
20,1914,MANKIND,EQ,650768,491519,75.53
20,1915,MANOMAY,EQ,129033,28482,22.07
20,1916,MANORAMA,EQ,264064,118515,44.88
20,1917,MANORG,EQ,9573,6319,66.01
20,1918,MANUFGBEES,EQ,4901,3487,71.15
20,1919,MANUGRAPH,EQ,19649,12985,66.08
20,1920,MANYAVAR,EQ,245299,104742,42.70
20,1921,MAPMYINDIA,EQ,93593,38528,41.17
20,1922,MARALOVER,EQ,31966,15808,49.45
20,1923,MARATHON,EQ,97373,58744,60.33
20,1924,MARC,SM,31200,26400,84.62
20,1925,MARCO,SM,6000,4500,75.00
20,1926,MARICO,EQ,3237626,1668358,51.53
20,1927,MARINE,EQ,1225207,447563,36.53
20,1928,MARINETRAN,ST,4000,4000,100.00
20,1929,MARKOLINES,EQ,451228,61692,13.67
20,1930,MARKSANS,EQ,2264075,928834,41.02
20,1931,MARSONS,EQ,2019696,393833,19.50
20,1932,MARUSHIKA,SM,12000,10800,90.00
20,1933,MARUTI,EQ,312876,170965,54.64
20,1934,MASFIN,EQ,143175,76163,53.20
20,1935,MASKINVEST,EQ,169,152,89.94
20,1936,MASON,SM,6500,5000,76.92
20,1937,MASPTOP50,EQ,739743,353172,47.74
20,1938,MASTEK,EQ,87363,40411,46.26
20,1939,MASTER,SM,8500,5000,58.82
20,1940,MASTERTR,EQ,496413,82308,16.58
20,1941,MATRIMONY,EQ,40915,24006,58.67
20,1942,MAWANASUG,EQ,292895,152471,52.06
20,1943,MAXESTATES,EQ,132037,92920,70.37
20,1944,MAXHEALTH,EQ,1600620,888494,55.51
20,1945,MAXIND,EQ,88956,53701,60.37
20,1946,MAXPOSURE,SM,42000,38000,90.48
20,1947,MAXVOLT,SM,72800,65200,89.56
20,1948,MAYURUNIQ,EQ,113517,54740,48.22
20,1949,MAZDOCK,EQ,545318,164957,30.25
20,1950,MBAPL,EQ,1546425,789203,51.03
20,1951,MBEL,EQ,122018,50009,40.98
20,1952,MBLINFRA,EQ,26480,19646,74.19
20,1953,MCCHRLS-B,EQ,5283,5282,99.98
20,1954,MCL,EQ,52469,31698,60.41
20,1955,MCLEODRUSS,EQ,413950,239262,57.80
20,1956,MCLOUD,EQ,1055531,491322,46.55
20,1957,MCON,SM,10000,9000,90.00
20,1958,MCX,EQ,1971522,671598,34.06
20,1959,MEDANTA,EQ,227556,131701,57.88
20,1960,MEDIASSIST,EQ,118389,59054,49.88
20,1961,MEDICAMEQ,EQ,248996,89611,35.99
20,1962,MEDICAPQ,EQ,21492,17036,79.27
20,1963,MEDICO,EQ,139644,78548,56.25
20,1964,MEDIORG,SM,2000,2000,100.00
20,1965,MEDISTEP,SM,9000,6000,66.67
20,1966,MEDPLUS,EQ,114156,68769,60.24
20,1967,MEESHO,EQ,9379846,4406724,46.98
20,1968,MEGAFLEX,SM,1000,1000,100.00
20,1969,MEGASTAR,EQ,988,639,64.68
20,1970,MEGATHERM,SM,18000,13600,75.56
20,1971,MEIL,EQ,44664,20871,46.73
20,1972,MERCANTILE,EQ,5962,4494,75.38
20,1973,MERCURYEV,EQ,1101352,370816,33.67
20,1974,METAL,EQ,2201316,1335842,60.68
20,1975,METALIC,ST,116800,96000,82.19
20,1976,METALIETF,EQ,4879226,2022105,41.44
20,1977,METROBRAND,EQ,24415,12552,51.41
20,1978,METROGLOBL,EQ,1378,1352,98.11
20,1979,METROPOLIS,EQ,368661,218573,59.29
20,1980,MFML,EQ,700,700,100.00
20,1981,MFSL,EQ,929997,525826,56.54
20,1982,MGEL,EQ,226843,185656,81.84
20,1983,MGL,EQ,99105,46862,47.29
20,1984,MGSL,SM,27600,21600,78.26
20,1985,MHHL,SM,4500,4500,100.00
20,1986,MHRIL,EQ,103937,44672,42.98
20,1987,MID150,EQ,73931,66018,89.30
20,1988,MID150BEES,EQ,1289248,771172,59.82
20,1989,MID150CASE,EQ,2486914,1590405,63.95
20,1990,MIDBANKADD,EQ,220246,156814,71.20
20,1991,MIDCAP,EQ,479334,285819,59.63
20,1992,MIDCAPADD,EQ,14535,5483,37.72
20,1993,MIDCAPBETA,EQ,42932,35433,82.53
20,1994,MIDCAPETF,EQ,3919731,2623929,66.94
20,1995,MIDCAPIETF,EQ,1018692,506151,49.69
20,1996,MIDHANI,EQ,1623475,554012,34.13
20,1997,MIDQ50ADD,EQ,40535,26531,65.45
20,1998,MIDSELIETF,EQ,219935,103282,46.96
20,1999,MIDSMALL,EQ,663597,509638,76.80
20,2000,MIDWESTLTD,EQ,14345,6284,43.81
20,2001,MIIL,EQ,140872,47044,33.39
20,2002,MILKYMIST,EQ,13428031,4782128,35.61
20,2003,MILTON,SM,4400,4400,100.00
20,2004,MINDACORP,EQ,171805,93955,54.69
20,2005,MINDSPACE,RR,236993,198892,83.92
20,2006,MINDTECK,EQ,20656,9861,47.74
20,2007,MIRZAINT,EQ,83103,44028,52.98
20,2008,MITCON,EQ,3757,3398,90.44
20,2009,MITTAL,EQ,1461130,1040333,71.20
20,2010,MKEXIM,EQ,14202,12361,87.04
20,2011,MKPL,EQ,128524,104028,80.94
20,2012,MLKFOOD,EQ,2562,2103,82.08
20,2013,MMEL,SM,2000,2000,100.00
20,2014,MMFL,EQ,109301,49874,45.63
20,2015,MMP,EQ,64179,25345,39.49
20,2016,MMTC,EQ,1176490,383771,32.62
20,2017,MMWL,EQ,23806,18229,76.57
20,2018,MNC,EQ,94848,48428,51.06
20,2019,MOALPHA50,EQ,141639,70246,49.60
20,2020,MOBANK10,EQ,2068,981,47.44
20,2021,MOBIKWIK,EQ,10303576,1762562,17.11
20,2022,MOCAPITAL,EQ,1181704,691837,58.55
20,2023,MODEFENCE,EQ,3266265,1437173,44.00
20,2024,MODINATUR,EQ,6152,4907,79.76
20,2025,MODIRUBBER,EQ,1276,817,64.03
20,2026,MODIS,EQ,33729,15593,46.23
20,2027,MODTHREAD,EQ,1215,1142,93.99
20,2028,MOENERGY,EQ,88248,69965,79.28
20,2029,MOGOLD,EQ,31256,11588,37.07
20,2030,MOGSEC,EQ,9755,9610,98.51
20,2031,MOHEALTH,EQ,56997,30089,52.79
20,2032,MOHITE,EQ,79733,56754,71.18
20,2033,MOHITIND,EQ,4201,2280,54.27
20,2034,MOIL,EQ,726299,312774,43.06
20,2035,MOINFRA,EQ,2209,2151,97.37
20,2036,MOIPO,EQ,27647,16355,59.16
20,2037,MOKSH,EQ,71948,46518,64.66
20,2038,MOL,EQ,825563,267236,32.37
20,2039,MOLBIO,EQ,8096253,583119,7.20
20,2040,MOLDTKPAC,EQ,40145,21297,53.05
20,2041,MOLOWVOL,EQ,28354,17326,61.11
20,2042,MOM100,EQ,394657,188050,47.65
20,2043,MOM30IETF,EQ,658877,353586,53.66
20,2044,MOM50,EQ,6122,4361,71.23
20,2045,MOMENTUM,EQ,80126,33004,41.19
20,2046,MOMENTUM30,EQ,24629,11525,46.79
20,2047,MOMENTUM50,EQ,791696,562846,71.09
20,2048,MOMETAL,EQ,32836,32224,98.14
20,2049,MOMGF,EQ,1032,772,74.81
20,2050,MOMIDMTM,EQ,34693,20528,59.17
20,2051,MOMMIDCAP,EQ,868783,763990,87.94
20,2052,MOMNC,EQ,11631,9920,85.29
20,2053,MOMOMENTUM,EQ,61164,26006,42.52
20,2054,MON100,EQ,688291,394552,57.32
20,2055,MON50EQUAL,EQ,3713,2108,56.77
20,2056,MONARCH,EQ,269952,128955,47.77
20,2057,MONEXT50,EQ,9193,6804,74.01
20,2058,MONEYBOXX,EQ,16118,16114,99.98
20,2059,MONIFTY100,EQ,38426,34429,89.60
20,2060,MONIFTY500,EQ,593770,430758,72.55
20,2061,MONOLITH,SM,157750,75500,47.86
20,2062,MONOPHARMA,SM,4000,4000,100.00
20,2063,MONQ50,EQ,1389811,427221,30.74
20,2064,MONTECARLO,EQ,50125,25411,50.70
20,2065,MOOILGAS,EQ,5392,2713,50.32
20,2066,MOPSE,EQ,3381,3375,99.82
20,2067,MOQUALITY,EQ,4136,3918,94.73
20,2068,MOREALTY,EQ,410066,168330,41.05
20,2069,MOREPENLAB,EQ,39424210,8774248,22.26
20,2070,MOS,ST,404000,344000,85.15
20,2071,MOSCHIP,EQ,1644416,578501,35.18
20,2072,MOSERVICE,EQ,2127,2026,95.25
20,2073,MOSILVER,EQ,37189,18179,48.88
20,2074,MOSMALL250,EQ,2922112,1555327,53.23
20,2075,MOTHERSON,EQ,8769455,5089255,58.03
20,2076,MOTILALOFS,EQ,771004,336865,43.69
20,2077,MOTISONS,EQ,93614476,10144655,10.84
20,2078,MOTOGENFIN,EQ,8559,6304,73.65
20,2079,MOTOUR,EQ,10952,10125,92.45
20,2080,MOVALUE,EQ,42339,24363,57.54
20,2081,MOXSH,SM,3200,3200,100.00
20,2082,MPEL,ST,4800,4800,100.00
20,2083,MPEL-RE,ST,57600,57600,100.00
20,2084,MPHASIS,EQ,158994,66072,41.56
20,2085,MPSLTD,EQ,14772,7165,48.50
20,2086,MRF,EQ,4959,2615,52.73
20,2087,MRIL,ST,115200,113600,98.61
20,2088,MRPL,EQ,7293502,1849514,25.36
20,2089,MSCI360,EQ,3079,3079,100.00
20,2090,MSCIADD,EQ,314,157,50.00
20,2091,MSCIINDIA,EQ,15530,14181,91.31
20,2092,MSL,EQ,1487,1151,77.40
20,2093,MSPL,EQ,561971,292057,51.97
20,2094,MSTCLTD,EQ,248850,103022,41.40
20,2095,MSUMI,EQ,30692547,12312804,40.12
20,2096,MTNL,EQ,597123,222927,37.33
20,2097,MUFIN,EQ,724979,343911,47.44
20,2098,MUFTI,EQ,43535,25366,58.27
20,2099,MUKANDLTD,EQ,134607,63278,47.01
20,2100,MUKKA,EQ,1355601,784736,57.89
20,2101,MULTICAP,EQ,127049,99258,78.13
20,2102,MUNISH,SM,37200,34800,93.55
20,2103,MUNJALAU,EQ,297064,112124,37.74
20,2104,MUNJALSHOW,EQ,15812,8233,52.07
20,2105,MURUDCERA,EQ,11479,9930,86.51
20,2106,MUTHOOTCAP,EQ,34493,18350,53.20
20,2107,MUTHOOTFIN,EQ,632020,272827,43.17
20,2108,MUTHOOTMF,EQ,216959,103139,47.54
20,2109,MVELECTRO,EQ,4327351,353781,8.18
20,2110,MVGJL,EQ,672307,178277,26.52
20,2111,MVKAGRO,SM,371400,239100,64.38
20,2112,MWL,EQ,1184673,470196,39.69
20,2113,NACLIND,EQ,774178,254456,32.87
20,2114,NAGREEKCAP,EQ,65647,35461,54.02
20,2115,NAGREEKEXP,EQ,31177,22223,71.28
20,2116,NAHARCAP,EQ,1758,1423,80.94
20,2117,NAHARINDUS,EQ,36593,27062,73.95
20,2118,NAHARPOLY,EQ,6869,5463,79.53
20,2119,NAHARSPING,EQ,17468,9791,56.05
20,2120,NAM-INDIA,EQ,1222983,638366,52.20
20,2121,NAMAN,SM,4000,4000,100.00
20,2122,NAMOEWASTE,ST,60000,52000,86.67
20,2123,NARMADA,EQ,216587,97096,44.83
20,2124,NATCOPHARM,EQ,492595,250779,50.91
20,2125,NATHBIOGEN,EQ,3309,2818,85.16
20,2126,NATIONALUM,EQ,3670150,1916271,52.21
20,2127,NATIONSTD,EQ,22636,10873,48.03
20,2128,NAUKRI,EQ,788281,451365,57.26
20,2129,NAVA,EQ,290194,113288,39.04
20,2130,NAVINFLUOR,EQ,99485,48401,48.65
20,2131,NAVKARCORP,EQ,1883621,1382564,73.40
20,2132,NAVNETEDUL,EQ,58197,30412,52.26
20,2133,NAZARA,EQ,1068058,570450,53.41
20,2134,NBCC,EQ,5850166,1734553,29.65
20,2135,NBIFIN,EQ,5174,5130,99.15
20,2136,NCC,EQ,1955001,940775,48.12
20,2137,NCLIND,EQ,38821,23969,61.74
20,2138,NDGL,EQ,71,62,87.32
20,2139,NDL,EQ,1436754,1000193,69.61
20,2140,NDLVENTURE,EQ,36791,24795,67.39
20,2141,NDRAUTO,EQ,16270,8749,53.77
20,2142,NDTV,EQ,40111,19650,48.99
20,2143,NECLIFE,EQ,225810,155086,68.68
20,2144,NEELAM,SM,12000,12000,100.00
20,2145,NELCAST,EQ,66256,30780,46.46
20,2146,NELCO,EQ,223586,72853,32.58
20,2147,NEOCHEM,SM,162000,160800,99.26
20,2148,NEOGEN,EQ,239255,103058,43.07
20,2149,NEPHROCARE,SM,12400,7600,61.29
20,2150,NEPHROPLUS,EQ,144067,73049,50.70
20,2151,NEPTUNE,SM,1000,1000,100.00
20,2152,NESCO,EQ,26040,11960,45.93
20,2153,NESTLEIND,EQ,1631890,843495,51.69
20,2154,NETF,EQ,1490,1045,70.13
20,2155,NETWEB,EQ,1768403,355526,20.10
20,2156,NETWORK18,EQ,4777743,2123963,44.46
20,2157,NEULANDLAB,EQ,50785,17810,35.07
20,2158,NEWGEN,EQ,531343,161211,30.34
20,2159,NEWJAISA,ST,19500,16500,84.62
20,2160,NEXT30ADD,EQ,4260,1433,33.64
20,2161,NEXT50,EQ,24081,13652,56.69
20,2162,NEXT50ADD,EQ,17831,10377,58.20
20,2163,NEXT50BETA,EQ,150745,86471,57.36
20,2164,NEXT50ETF,EQ,11289,6620,58.64
20,2165,NEXT50IETF,EQ,732507,359531,49.08
20,2166,NEXTMEDIA,EQ,14112,11300,80.07
20,2167,NFL,EQ,545072,213264,39.13
20,2168,NFPSAMPOOR,SM,4000,4000,100.00
20,2169,NGIL,EQ,8245,5190,62.95
20,2170,NGLFINE,EQ,11725,5995,51.13
20,2171,NH,EQ,401015,206550,51.51
20,2172,NHIT,IV,25000,25000,100.00
20,2173,NHPC,EQ,9639495,4733197,49.10
20,2174,NIACL,EQ,3069621,568592,18.52
20,2175,NIBE,EQ,51046,25272,49.51
20,2176,NIBL,EQ,6036,5772,95.63
20,2177,NICCOPAR,EQ,1639,1636,99.82
20,2178,NIDAN,SM,3000,3000,100.00
20,2179,NIF100BEES,EQ,270971,156173,57.63
20,2180,NIF100IETF,EQ,85738,37938,44.25
20,2181,NIF500BETA,EQ,31278,31141,99.56
20,2182,NIFTY1,EQ,53512,25324,47.32
20,2183,NIFTY100EW,EQ,148048,97346,65.75
20,2184,NIFTYADD,EQ,10290,4698,45.66
20,2185,NIFTYAXIS,EQ,24717,12874,52.09
20,2186,NIFTYBEES,EQ,6249520,3178294,50.86
20,2187,NIFTYBETA,EQ,32014,23021,71.91
20,2188,NIFTYBETF,EQ,3109,1932,62.14
20,2189,NIFTYCASE,EQ,586025,426284,72.74
20,2190,NIFTYETF,EQ,123040,54573,44.35
20,2191,NIFTYIETF,EQ,511272,289827,56.69
20,2192,NIFTYJBLK,EQ,164395,102328,62.25
20,2193,NIFTYQLITY,EQ,26136,20952,80.17
20,2194,NIITLTD,EQ,351938,128887,36.62
20,2195,NIITMTS,EQ,88940,44634,50.18
20,2196,NIKITA,SM,3600,3600,100.00
20,2197,NILAINFRA,EQ,155759,118736,76.23
20,2198,NILASPACES,EQ,1928596,882441,45.76
20,2199,NILE,EQ,1356,698,51.47
20,2200,NILKAMAL,EQ,41077,16010,38.98
20,2201,NIMBSPROJ,EQ,42855,9870,23.03
20,2202,NINSYS,EQ,4210,2304,54.73
20,2203,NIPPOBATRY,EQ,1173,836,71.27
20,2204,NIRAJ,EQ,13411,13067,97.43
20,2205,NIRLON,EQ,1923,1529,79.51
20,2206,NIRMAN,SM,14700,11100,75.51
20,2207,NITCO,EQ,684232,332210,48.55
20,2208,NITINSPIN,EQ,122404,67615,55.24
20,2209,NITIRAJ,EQ,4246,3627,85.42
20,2210,NITTAGELA,EQ,11261,6842,60.76
20,2211,NIVABUPA,EQ,1090983,498780,45.72
20,2212,NKIND,EQ,1193,892,74.77
20,2213,NLCINDIA,EQ,3109419,1983999,63.81
20,2214,NMDC,EQ,9502607,4717634,49.65
20,2215,NMSTEEL,SM,9600,8000,83.33
20,2216,NOCIL,EQ,1428895,234387,16.40
20,2217,NOIDATOLL,EQ,42388,28554,67.36
20,2218,NORBTEAEXP,EQ,1286,1034,80.40
20,2219,NORTHARC,EQ,749709,354828,47.33
20,2220,NOVAAGRI,EQ,44964,33737,75.03
20,2221,NOVARTIND,EQ,122942,51620,41.99
20,2222,NPBET,EQ,148,115,77.70
20,2223,NPST,EQ,3028115,299170,9.88
20,2224,NRAIL,EQ,31432,10720,34.11
20,2225,NRBBEARING,EQ,506012,219890,43.46
20,2226,NRVANDANA,SM,39000,27000,69.23
20,2227,NSIL,EQ,1168,792,67.81
20,2228,NSLNISP,EQ,4104940,2108994,51.38
20,2229,NTCIND,EQ,1147,902,78.64
20,2230,NTPC,EQ,6556304,4102135,62.57
20,2231,NTPCGREEN,EQ,1822934,777918,42.67
20,2232,NUCLEUS,EQ,9512,4943,51.97
20,2233,NUVAMA,EQ,295864,135835,45.91
20,2234,NUVOCO,EQ,297862,139960,46.99
20,2235,NV20,EQ,122989,72210,58.71
20,2236,NV20BEES,EQ,94023,66168,70.37
20,2237,NV20IETF,EQ,227362,155421,68.36
20,2238,NXST,RR,542167,492396,90.82
20,2239,NYKAA,EQ,4960142,2152900,43.40
20,2240,OAL,EQ,28836,11048,38.31
20,2241,OBCL,EQ,18956,15972,84.26
20,2242,OBEROIRLTY,EQ,599621,367875,61.35
20,2243,OBSCP,SM,116000,67200,57.93
20,2244,ODIGMA,EQ,5887,5547,94.22
20,2245,ODYCORP,EQ,12042,10423,86.56
20,2246,OFSS,EQ,245645,113996,46.41
20,2247,OIL,EQ,1295800,704695,54.38
20,2248,OILIETF,EQ,804626,636270,79.08
20,2249,OLAELEC,EQ,42359603,10817595,25.54
20,2250,OLECTRA,EQ,265014,96583,36.44
20,2251,OLIL,SM,35200,24000,68.18
20,2252,OMAXAUTO,EQ,50833,29063,57.17
20,2253,OMAXE,EQ,726110,275331,37.92
20,2254,OMINFRAL,EQ,39905,20209,50.64
20,2255,OMNI,EQ,284946,101949,35.78
20,2256,OMPOWER,EQ,96074,55519,57.79
20,2257,ONDOOR,SM,12900,7500,58.14
20,2258,ONEGLOBAL,EQ,8604,4831,56.15
20,2259,ONEPOINT,EQ,1943119,714782,36.79
20,2260,ONESOURCE,EQ,143256,57923,40.43
20,2261,ONGC,EQ,8748123,5184061,59.26
20,2262,ONIDA,EQ,264250,137025,51.85
20,2263,ONIXSOLAR,EQ,361158,259103,71.74
20,2264,ONWARDTEC,EQ,16389,10508,64.12
20,2265,ONYX,ST,166000,166000,100.00
20,2266,OPTIEMUS,EQ,419440,240076,57.24
20,2267,OPTIFIN,EQ,45848,31608,68.94
20,2268,OPTIMYSTIX,SM,19200,16000,83.33
20,2269,OPTIVALUE,ST,57600,54400,94.44
20,2270,ORCHASP,EQ,529798,395190,74.59
20,2271,ORCHPHARMA,EQ,54989,31088,56.53
20,2272,ORIANA,SM,39975,25950,64.92
20,2273,ORICONENT,EQ,43753,37456,85.61
20,2274,ORIENTALTL,EQ,62041,49195,79.29
20,2275,ORIENTBELL,EQ,47962,24915,51.95
20,2276,ORIENTCEM,EQ,731583,328771,44.94
20,2277,ORIENTCER,EQ,53183,30788,57.89
20,2278,ORIENTELEC,EQ,119138,58062,48.74
20,2279,ORIENTHOT,EQ,1125124,530928,47.19
20,2280,ORIENTPPR,EQ,267446,147095,55.00
20,2281,ORIENTTECH,EQ,241264,89481,37.09
20,2282,ORIRAIL,EQ,131322,71670,54.58
20,2283,ORISSAMINE,EQ,12535,5711,45.56
20,2284,ORKLAINDIA,EQ,81754,61196,74.85
20,2285,ORTINGLOBE,EQ,11645,7713,66.23
20,2286,OSELDEVICE,SM,14600,10400,71.23
20,2287,OSWALAGRO,EQ,30937,22255,71.94
20,2288,OSWALGREEN,EQ,294796,159233,54.01
20,2289,OSWALPUMPS,EQ,273819,132184,48.27
20,2290,OSWALSEEDS,EQ,531007,327878,61.75
20,2291,OWAIS,ST,4300,4300,100.00
20,2292,PACEDIGITK,EQ,657267,315900,48.06
20,2293,PACIFICI,EQ,1179,1179,100.00
20,2294,PAGEIND,EQ,33484,21569,64.42
20,2295,PAISALO,EQ,20996365,8126503,38.70
20,2296,PAKKA,EQ,49342,24977,50.62
20,2297,PALASHSECU,EQ,14,14,100.00
20,2298,PALREDTEC,EQ,2041,2011,98.53
20,2299,PANACEABIO,EQ,107394,46668,43.45
20,2300,PANAMAPET,EQ,187471,63554,33.90
20,2301,PANCHMAHQ,EQ,180,151,83.89
20,2302,PANORAMA,EQ,417500,190625,45.66
20,2303,PANSARI,EQ,828,528,63.77
20,2304,PARACABLES,EQ,1483208,584593,39.41
20,2305,PARADEEP,EQ,1898179,855028,45.04
20,2306,PARAGMILK,EQ,2510039,1144872,45.61
20,2307,PARAGON,SM,18000,12000,66.67
20,2308,PARAMATRIX,SM,3600,3600,100.00
20,2309,PARAMOUNT,SM,27600,20400,73.91
20,2310,PARAS,EQ,1223719,282631,23.10
20,2311,PARASPETRO,EQ,49817,34267,68.79
20,2312,PARIN,SM,4000,3250,81.25
20,2313,PARKHOSPS,EQ,858138,505133,58.86
20,2314,PARKHOTELS,EQ,132228,82745,62.58
20,2315,PARNAXLAB,EQ,2002,1860,92.91
20,2316,PARTH,SM,11600,10000,86.21
20,2317,PARTYCRUS,SM,5000,5000,100.00
20,2318,PASHUPATI,EQ,222499,111765,50.23
20,2319,PASUPTAC,EQ,159716,89496,56.03
20,2320,PATANJALI,EQ,28837966,6991189,24.24
20,2321,PATELENG,EQ,1973986,955541,48.41
20,2322,PATELRMART,EQ,144620,89412,61.83
20,2323,PATILAUTOM,SM,184800,101400,54.87
20,2324,PAUSHAKLTD,EQ,64217,37220,57.96
20,2325,PAVNAIND,EQ,134895,78197,57.97
20,2326,PAYTM,EQ,15413025,5141339,33.36
20,2327,PCBL,EQ,859081,327964,38.18
20,2328,PCCL,SM,20800,14800,71.15
20,2329,PCJEWELLER,EQ,526445213,102176063,19.41
20,2330,PDMJEPAPER,EQ,368391,105417,28.62
20,2331,PDSL,EQ,79653,48476,60.86
20,2332,PEARLPOLY,EQ,19450,17982,92.45
20,2333,PELATRO,SM,6600,4800,72.73
20,2334,PENIND,EQ,496686,244307,49.19
20,2335,PENINLAND,EQ,151536,103063,68.01
20,2336,PENTAGON,ST,11000,11000,100.00
20,2337,PERMAGN,EQ,3090,2339,75.70
20,2338,PERNIASPOP,EQ,183715,54814,29.84
20,2339,PERSISTENT,EQ,412053,212138,51.48
20,2340,PETRONET,EQ,692663,444300,64.14
20,2341,PFC,EQ,6079360,3755830,61.78
20,2342,PFIZER,EQ,37281,15435,41.40
20,2343,PFOCUS,EQ,2349306,548310,23.34
20,2344,PFS,EQ,390809,245652,62.86
20,2345,PGEL,EQ,768516,237564,30.91
20,2346,PGHH,EQ,8431,4117,48.83
20,2347,PGHL,EQ,13561,6888,50.79
20,2348,PGIL,EQ,439780,111993,25.47
20,2349,PGINVIT,IV,1216520,1118964,91.98
20,2350,PHANTOMFX,SM,93300,76800,82.32
20,2351,PHARMABEES,EQ,3991876,2303408,57.70
20,2352,PHOENIXLTD,EQ,473466,296344,62.59
20,2353,PHOENXINTL,EQ,1778,1536,86.39
20,2354,PHOGLOBAL,SM,4000,4000,100.00
20,2355,PICCADIL,EQ,178214,72620,40.75
20,2356,PIDILITIND,EQ,573360,361377,63.03
20,2357,PIGL,EQ,75040,39506,52.65
20,2358,PIIND,EQ,160599,79108,49.26
20,2359,PILANIINVS,EQ,3729,2909,78.01
20,2360,PILITA,EQ,13479,12622,93.64
20,2361,PINELABS,EQ,112454490,26307231,23.39
20,2362,PIONEEREMB,EQ,14083,10805,76.72
20,2363,PIRAMALFIN,EQ,405982,301861,74.35
20,2364,PITTIENG,EQ,136519,70396,51.56
20,2365,PIXTRANS,EQ,9230,4568,49.49
20,2366,PKTEA,EQ,5082,2545,50.08
20,2367,PLADAINFO,SM,6000,6000,100.00
20,2368,PLASTIBLEN,EQ,12425,6135,49.38
20,2369,PLATIND,EQ,26600,12929,48.61
20,2370,PLAZACABLE,EQ,101173,58845,58.16
20,2371,PML,EQ,180,180,100.00
20,2372,PNB,EQ,18494065,9133277,49.38
20,2373,PNBGILTS,EQ,627422,240971,38.41
20,2374,PNBHOUSING,EQ,988137,536263,54.27
20,2375,PNC,EQ,3026,2453,81.06
20,2376,PNCINFRA,EQ,18753186,5755980,30.69
20,2377,PNGJL,EQ,278105,141749,50.97
20,2378,PNGSREVA,EQ,133694,49771,37.23
20,2379,POCL,EQ,1247116,270029,21.65
20,2380,PODDARMENT,EQ,1675,1126,67.22
20,2381,POEL,EQ,21498,12436,57.85
20,2382,POKARNA,EQ,70556,30127,42.70
20,2383,POLICYBZR,EQ,2054206,761651,37.08
20,2384,POLYCAB,EQ,246715,108684,44.05
20,2385,POLYMED,EQ,116363,60931,52.36
20,2386,POLYPLEX,EQ,57907,37321,64.45
20,2387,POLYSIL,SM,1000,1000,100.00
20,2388,POLYSPIN,EQ,50,50,100.00
20,2389,PONNIERODE,EQ,23272,10996,47.25
20,2390,POONAWALLA,EQ,679052,280914,41.37
20,2391,POSITRON,SM,4800,3600,75.00
20,2392,POWERGRID,EQ,7132902,4230608,59.31
20,2393,POWERICA,EQ,112963,47251,41.83
20,2394,POWERINDIA,EQ,93574,38886,41.56
20,2395,POWERMECH,EQ,41657,17938,43.06
20,2396,PPLPHARMA,EQ,2966781,1402914,47.29
20,2397,PPSL,SM,105000,78000,74.29
20,2398,PRABHA,EQ,175244,97125,55.42
20,2399,PRAENG,EQ,29615,25268,85.32
20,2400,PRAJIND,EQ,414802,134519,32.43
20,2401,PRAKASH,EQ,357885,158381,44.25
20,2402,PRAKASHSTL,EQ,127516,94244,73.91
20,2403,PRAMARA,SM,66000,52000,78.79
20,2404,PRAMODINI,SM,778800,451200,57.94
20,2405,PRANAV,EQ,19882781,5092334,25.61
20,2406,PRASOLCHEM,EQ,2214873,1118676,50.51
20,2407,PRATHAM,SM,2000,2000,100.00
20,2408,PRAVEG,EQ,29166,19024,65.23
20,2409,PRAXIS,EQ,84702,73493,86.77
20,2410,PRECAM,EQ,126306,69704,55.19
20,2411,PRECISION,ST,6000,6000,100.00
20,2412,PRECOT,EQ,586,338,57.68
20,2413,PRECWIRE,EQ,436969,150898,34.53
20,2414,PREMCO,EQ,1105,1083,98.01
20,2415,PREMEXPLN,EQ,188663,139926,74.17
20,2416,PREMIERENE,EQ,3795481,1548412,40.80
20,2417,PREMIERPOL,EQ,260231,99617,38.28
20,2418,PREMIUM,SM,3000,3000,100.00
20,2419,PRESSTONIC,SM,14400,6400,44.44
20,2420,PRESTIGE,EQ,498204,213963,42.95
20,2421,PRICOLLTD,EQ,291807,132819,45.52
20,2422,PRIMECAB,ST,52800,52800,100.00
20,2423,PRIMESECU,EQ,18774,12784,68.09
20,2424,PRIMO,EQ,203469,71693,35.24
20,2425,PRINCEPIPE,EQ,103383,49031,47.43
20,2426,PRISMX,EQ,78577,72381,92.11
20,2427,PRITI,EQ,11013,9141,83.00
20,2428,PRITIKA,SM,22000,22000,100.00
20,2429,PRIVISCL,EQ,61992,33667,54.31
20,2430,PRIZOR,ST,400,400,100.00
20,2431,PRLIND,SM,55000,32000,58.18
20,2432,PROFX,SM,1600,1600,100.00
20,2433,PROPSHOP,SM,30000,26000,86.67
20,2434,PROSTARM,EQ,202291,66347,32.80
20,2435,PROTEAN,EQ,257806,153559,59.56
20,2436,PROV,SM,480,480,100.00
20,2437,PROZONER,EQ,332568,142973,42.99
20,2438,PRSMJOHNSN,EQ,529992,242354,45.73
20,2439,PRUDENT,EQ,14577,7712,52.91
20,2440,PSB,EQ,895874,474427,52.96
20,2441,PSPPROJECT,EQ,37931,19046,50.21
20,2442,PSRAJ,SM,17500,17500,100.00
20,2443,PSUBANK,EQ,251844,202869,80.55
20,2444,PSUBANKADD,EQ,29062,13633,46.91
20,2445,PSUBNKBEES,EQ,803010,440316,54.83
20,2446,PSUBNKIETF,EQ,51646,29508,57.14
20,2447,PTC,EQ,1795094,1050379,58.51
20,2448,PTCIL,EQ,25652,8237,32.11
20,2449,PTL,EQ,25279,19155,75.77
20,2450,PULZ,SM,14000,12000,85.71
20,2451,PUNJABCHEM,EQ,5860,3327,56.77
20,2452,PURPLEUTED,ST,20000,18250,91.25
20,2453,PURVA,EQ,368141,83417,22.66
20,2454,PURVFLEXI,SM,2400,2400,100.00
20,2455,PUSHPA,SM,56000,3000,5.36
20,2456,PVP,EQ,342199,297500,86.94
20,2457,PVRINOX,EQ,456245,171730,37.64
20,2458,PVSL,EQ,10100,6573,65.08
20,2459,PVTBANIETF,EQ,1508749,1037504,68.77
20,2460,PVTBANK,EQ,11177,11124,99.53
20,2461,PVTBANKADD,EQ,146716,114637,78.14
20,2462,PVTBKGROWW,EQ,18943,9784,51.65
20,2463,PWL,EQ,6610404,2314025,35.01
20,2464,PYRAMID,EQ,43737,30347,69.39
20,2465,QGOLDHALF,EQ,236584,44841,18.95
20,2466,QLINE,SM,141600,67200,47.46
20,2467,QNIFTY,EQ,2924,1541,52.70
20,2468,QPOWER,EQ,493456,234403,47.50
20,2469,QUADFUTURE,EQ,1127715,222614,19.74
20,2470,QUAL30IETF,EQ,123139,75254,61.11
20,2471,QUALIANCE,ST,11000,11000,100.00
20,2472,QUALITY30,EQ,2463,2105,85.46
20,2473,QUESS,EQ,373895,178110,47.64
20,2474,QUESTLAB,SM,43200,39600,91.67
20,2475,QUICKHEAL,EQ,346174,161798,46.74
20,2476,QUINT,EQ,41492,39277,94.66
20,2477,RACE,EQ,36959,8048,21.78
20,2478,RACLGEAR,EQ,258873,67970,26.26
20,2479,RADAAN,EQ,9341,7738,82.84
20,2480,RADIANTCMS,EQ,649686,236269,36.37
20,2481,RADICO,EQ,278614,179549,64.44
20,2482,RADIOCITY,EQ,19490,18583,95.35
20,2483,RAILTEL,EQ,487737,173279,35.53
20,2484,RAIN,EQ,4448597,1752940,39.40
20,2485,RAINBOW,EQ,55338,26513,47.91
20,2486,RAJINDLTD,SM,9000,7500,83.33
20,2487,RAJMET,EQ,123405,94241,76.37
20,2488,RAJPALAYAM,EQ,2946,2894,98.23
20,2489,RAJPUTANA,SM,3000,3000,100.00
20,2490,RAJRATAN,EQ,109075,50743,46.52
20,2491,RAJSREESUG,EQ,75840,46103,60.79
20,2492,RAJTV,EQ,52656,34827,66.14
20,2493,RALLIS,EQ,662039,278245,42.03
20,2494,RAMANEWS,EQ,13260,11466,86.47
20,2495,RAMAPHO,EQ,46737,29879,63.93
20,2496,RAMBHAJO,EQ,333413,112035,33.60
20,2497,RAMCOCEM,EQ,270752,174296,64.37
20,2498,RAMCOIND,EQ,125109,51863,41.45
20,2499,RAMCOSYS,EQ,62642,31834,50.82
20,2500,RAMKY,EQ,39434,19173,48.62
20,2501,RAMRAT,EQ,107130,48924,45.67
20,2502,RANASUG,EQ,327889,242586,73.98
20,2503,RANEHOLDIN,EQ,7491,4452,59.43
20,2504,RAPIDFLEET,SM,6600,600,9.09
20,2505,RAPPID,SM,14400,12000,83.33
20,2506,RATEGAIN,EQ,140820,75966,53.95
20,2507,RATNAMANI,EQ,33844,14660,43.32
20,2508,RATNAVEER,EQ,11887521,4620080,38.86
20,2509,RAYMOND,EQ,12662239,993379,7.85
20,2510,RAYMONDLSL,EQ,162589,85533,52.61
20,2511,RAYMONDREL,EQ,510026,208469,40.87
20,2512,RBA,EQ,2492691,1077592,43.23
20,2513,RBLBANK,EQ,2607366,1270107,48.71
20,2514,RBMINFRA,SM,11400,9000,78.95
20,2515,RCDL,SM,36000,30000,83.33
20,2516,RCDL-RE,ST,1092000,1092000,100.00
20,2517,RCF,EQ,1035985,418976,40.44
20,2518,READYMIX,SM,2000,2000,100.00
20,2519,RECLTD,EQ,4651938,2864194,61.57
20,2520,REDINGTON,EQ,5640367,2332989,41.36
20,2521,REDTAPE,EQ,2138900,321606,15.04
20,2522,REFEX,EQ,260006,130100,50.04
20,2523,REFRACTORY,SM,5000,5000,100.00
20,2524,REGAAL,EQ,120947,61131,50.54
20,2525,REGENCERAM,EQ,2640,2203,83.45
20,2526,RELAXO,EQ,255746,164152,64.19
20,2527,RELCHEMQ,EQ,42380,17603,41.54
20,2528,RELIABLE,EQ,57475,47343,82.37
20,2529,RELIANCE,EQ,10023997,6124329,61.10
20,2530,RELIGARE,EQ,443966,225768,50.85
20,2531,RELTD,EQ,58078,31113,53.57
20,2532,REMSONSIND,EQ,72102,23160,32.12
20,2533,REMUS,SM,7400,5100,68.92
20,2534,RENUKA,EQ,12297730,3683627,29.95
20,2535,REPCOHOME,EQ,69215,36753,53.10
20,2536,REPRO,EQ,20159,9773,48.48
20,2537,RESPONIND,EQ,394977,100108,25.35
20,2538,RETAIL,EQ,3489,2831,81.14
20,2539,REXPRO,SM,2000,2000,100.00
20,2540,RFBL,ST,3000,3000,100.00
20,2541,RGL,EQ,585544,214056,36.56
20,2542,RHETAN,EQ,118798,118798,100.00
20,2543,RHIM,EQ,123204,69315,56.26
20,2544,RHL,EQ,807,718,88.97
20,2545,RICOAUTO,EQ,903568,354952,39.28
20,2546,RIIL,EQ,38754,13156,33.95
20,2547,RIIT,IV,99586,89675,90.05
20,2548,RILINFRA,SM,5200,4200,80.77
20,2549,RIR,EQ,1024742,300435,29.32
20,2550,RISHABH,EQ,371434,173254,46.64
20,2551,RITCO,EQ,80345,35910,44.69
20,2552,RITES,EQ,282038,118885,42.15
20,2553,RKDL,EQ,17578,14298,81.34
20,2554,RKEC,EQ,42803,30229,70.62
20,2555,RKFORGE,EQ,507925,225942,44.48
20,2556,RKSWAMY,EQ,32265,22169,68.71
20,2557,RMC,EQ,40032,19039,47.56
20,2558,RML,EQ,72986,30402,41.65
20,2559,RNFI,SM,18600,9600,51.61
20,2560,RNPL,SM,8400,7200,85.71
20,2561,ROCKINGDCE,SM,19000,9500,50.00
20,2562,ROHLTD,EQ,12894,7565,58.67
20,2563,ROLEXRINGS,EQ,952108,332644,34.94
20,2564,ROML,EQ,1543,941,60.99
20,2565,ROSSARI,EQ,57741,26899,46.59
20,2566,ROSSELLIND,EQ,18235,10928,59.93
20,2567,ROSSTECH,EQ,3386100,410795,12.13
20,2568,ROTO,EQ,267153,113005,42.30
20,2569,ROUTE,EQ,283400,105263,37.14
20,2570,ROXHITECH,SM,16000,11200,70.00
20,2571,ROYALARC,SM,4800,4800,100.00
20,2572,RPEL,EQ,244936,93302,38.09
20,2573,RPGLIFE,EQ,14164,4396,31.04
20,2574,RPOWER,EQ,18909477,5894694,31.17
20,2575,RPPINFRA,EQ,98351,60000,61.01
20,2576,RPSGVENT,EQ,13165,7401,56.22
20,2577,RPTECH,EQ,308029,120749,39.20
20,2578,RRECL,EQ,707,688,97.31
20,2579,RRIL,EQ,10727,9255,86.28
20,2580,RRKABEL,EQ,456841,194263,42.52
20,2581,RSL,EQ,510807,177467,34.74
20,2582,RSSOFTWARE,EQ,27506,24135,87.74
20,2583,RSYSTEMS,EQ,140217,64866,46.26
20,2584,RTL,SM,26000,18000,69.23
20,2585,RTNINDIA,EQ,2671333,1338502,50.11
20,2586,RTNPOWER,EQ,29119691,9288979,31.90
20,2587,RTSPOWR,EQ,2735,1224,44.75
20,2588,RUBFILA,EQ,70501,49795,70.63
20,2589,RUBICON,EQ,415964,206266,49.59
20,2590,RUBYMILLS,EQ,90742,48014,52.91
20,2591,RUCHINFRA,EQ,73373,48167,65.65
20,2592,RUCHIRA,EQ,23506,13042,55.48
20,2593,RUDRA,EQ,59486,35526,59.72
20,2594,RULKA,SM,4500,3000,66.67
20,2595,RUPA,EQ,117220,58551,49.95
20,2596,RUSHIL,EQ,380720,200080,52.55
20,2597,RUSTOMJEE,EQ,33205,20844,62.77
20,2598,RVHL,EQ,2490,1783,71.61
20,2599,RVNL,EQ,4733889,1549785,32.74
20,2600,RVTH,EQ,854,791,92.62
20,2601,S&SPOWER,EQ,2830,2045,72.26
20,2602,SAAKSHI,ST,24600,20400,82.93
20,2603,SAATVIKGL,EQ,1244363,143213,11.51
20,2604,SACHEEROME,SM,39600,23100,58.33
20,2605,SADBHAV,EQ,137386,89854,65.40
20,2606,SADBHIN,EQ,162598,132141,81.27
20,2607,SADHAV,SM,5400,4800,88.89
20,2608,SAFARI,EQ,31277,15429,49.33
20,2609,SAFEENTP,SM,60000,47000,78.33
20,2610,SAGARDEEP,EQ,1209,772,63.85
20,2611,SAGCEM,EQ,59078,40109,67.89
20,2612,SAGILITY,EQ,11752528,4503867,38.32
20,2613,SAHAJSOLAR,SM,7600,4000,52.63
20,2614,SAHANA,SM,24900,13650,54.82
20,2615,SAHASRA,SM,107600,88000,81.78
20,2616,SAHLIBHFI,EQ,18065,8896,49.24
20,2617,SAHYADRI,EQ,8746,5630,64.37
20,2618,SAICAPI,EQ,832,701,84.25
20,2619,SAIFL,SM,232000,136000,58.62
20,2620,SAIL,EQ,9871840,3235625,32.78
20,2621,SAILIFE,EQ,801004,422767,52.78
20,2622,SAIPARENT,EQ,101958,51345,50.36
20,2623,SAJHOTELS,ST,6000,4000,66.67
20,2624,SAKAR,EQ,164430,87390,53.15
20,2625,SAKHTISUG,EQ,116936,54139,46.30
20,2626,SAKSOFT,EQ,225685,98516,43.65
20,2627,SAKUMA,EQ,511864,361600,70.64
20,2628,SALASAR,EQ,5331409,2530063,47.46
20,2629,SALONA,EQ,1163,904,77.73
20,2630,SALSTEEL,EQ,575115,193683,33.68
20,2631,SALZERELEC,EQ,196809,58496,29.72
20,2632,SAMBANDAM,EQ,400,400,100.00
20,2633,SAMBHAAV,EQ,13015,9322,71.63
20,2634,SAMBHV,EQ,2221545,877465,39.50
20,2635,SAMHI,EQ,4543499,709885,15.62
20,2636,SAMMAANCAP,EQ,4885236,1997935,40.90
20,2637,SAMPANN,EQ,7222,6107,84.56
20,2638,SANATHAN,EQ,95303,44354,46.54
20,2639,SANDESH,EQ,1115,649,58.21
20,2640,SANDHAR,EQ,313788,167403,53.35
20,2641,SANDUMA,EQ,619561,299035,48.27
20,2642,SANGAMIND,EQ,9376,5009,53.42
20,2643,SANGANI,SM,10500,10500,100.00
20,2644,SANGHVIMOV,EQ,277691,152598,54.95
20,2645,SANOFI,EQ,18139,10284,56.70
20,2646,SANOFICONR,EQ,1967,1036,52.67
20,2647,SANSERA,EQ,229404,127933,55.77
20,2648,SANSTAR,EQ,194156,91186,46.97
20,2649,SAPPHIRE,EQ,241465,96289,39.88
20,2650,SAPPL,EQ,575,417,72.52
20,2651,SARDAEN,EQ,279078,119303,42.75
20,2652,SAREGAMA,EQ,380888,146972,38.59
20,2653,SARLAPOLY,EQ,78562,47116,59.97
20,2654,SARTELE,SM,106000,85000,80.19
20,2655,SARVESHWAR,EQ,1724587,969057,56.19
20,2656,SASKEN,EQ,27960,12727,45.52
20,2657,SATECH,SM,24000,18000,75.00
20,2658,SATIA,EQ,101252,63619,62.83
20,2659,SATIN,EQ,208980,119285,57.08
20,2660,SATIPOLY,ST,500,500,100.00
20,2661,SATKARTAR,SM,29600,17600,59.46
20,2662,SATTVAENGG,SM,9600,6400,66.67
20,2663,SAURASHCEM,EQ,122216,72371,59.22
20,2664,SAVY,SM,4800,4800,100.00
20,2665,SAWALIYA,SM,7200,7200,100.00
20,2666,SAYAJIHOTL,EQ,104,73,70.19
20,2667,SAYAJIIND,EQ,1049,1048,99.90
20,2668,SBC,EQ,9128975,3525174,38.62
20,2669,SBCL,EQ,529492,204252,38.58
20,2670,SBFC,EQ,611434,310176,50.73
20,2671,SBGLP,EQ,39935,17716,44.36
20,2672,SBIBPB,EQ,57633,37644,65.32
20,2673,SBICARD,EQ,1306832,666446,51.00
20,2674,SBIETFCON,EQ,5383,4245,78.86
20,2675,SBIETFIT,EQ,2435,1639,67.31
20,2676,SBIETFPB,EQ,9739,8911,91.50
20,2677,SBIETFQLTY,EQ,1690,1558,92.19
20,2678,SBIFUNDS,EQ,941906,518239,55.02
20,2679,SBILIFE,EQ,835034,594016,71.14
20,2680,SBILIQETF,EQ,247158,233778,94.59
20,2681,SBIMIDMOM,EQ,7808,5661,72.50
20,2682,SBIN,EQ,8609956,4578029,53.17
20,2683,SBINEQWETF,EQ,74112,40106,54.12
20,2684,SBINMID150,EQ,15025,11975,79.70
20,2685,SBISILVER,EQ,859266,273881,31.87
20,2686,SBISMLETF,EQ,58946,36568,62.04
20,2687,SBIVALETF,EQ,12811,7160,55.89
20,2688,SCHAEFFLER,EQ,33996,17343,51.01
20,2689,SCHAND,EQ,41303,28587,69.21
20,2690,SCHNEIDER,EQ,304100,171107,56.27
20,2691,SCI,EQ,1491512,578927,38.81
20,2692,SCILAL,EQ,180889,113410,62.70
20,2693,SCL01825,N6,26,26,100.00
20,2694,SCODATUBES,EQ,232154,125677,54.14
20,2695,SDBL,EQ,474100,236507,49.89
20,2696,SDREAMS,SM,12000,8000,66.67
20,2697,SEAMECLTD,EQ,84964,45342,53.37
20,2698,SECMARK,EQ,9748,3177,32.59
20,2699,SECURKLOUD,EQ,57998,49921,86.07
20,2700,SEDEMAC,EQ,279820,80024,28.60
20,2701,SEIL,EQ,377063,208251,55.23
20,2702,SEJALLTD,EQ,112760,108374,96.11
20,2703,SEKURITIND,EQ,17097,12574,73.55
20,2704,SEL,SM,4200,3000,71.43
20,2705,SELECTIPO,EQ,63204,33012,52.23
20,2706,SEMAC,EQ,202,174,86.14
20,2707,SENCO,EQ,473765,202335,42.71
20,2708,SENORES,EQ,222954,113740,51.02
20,2709,SENSEXADD,EQ,496,242,48.79
20,2710,SENSEXAXIS,EQ,3236,1551,47.93
20,2711,SENSEXBETA,EQ,3936,2193,55.72
20,2712,SENSEXETF,EQ,13863,6963,50.23
20,2713,SENSEXIETF,EQ,65446,61087,93.34
20,2714,SEPC,EQ,6615229,2984247,45.11
20,2715,SERVICE,SM,2000,2000,100.00
20,2716,SERVOTECH,EQ,897042,289843,32.31
20,2717,SESHAPAPER,EQ,35200,17374,49.36
20,2718,SETF10GILT,EQ,6229,5263,84.49
20,2719,SETFGOLD,EQ,3186743,1871283,58.72
20,2720,SETFNIF50,EQ,674626,450972,66.85
20,2721,SETFNIFBK,EQ,12979,7120,54.86
20,2722,SETFNN50,EQ,39694,28116,70.83
20,2723,SETL,EQ,64549,64549,100.00
20,2724,SFL,EQ,158561,79002,49.82
20,2725,SFML,SM,1600,1600,100.00
20,2726,SGBAPR28I,GB,222,188,84.68
20,2727,SGBAUG27,GB,42,38,90.48
20,2728,SGBAUG28V,GB,531,389,73.26
20,2729,SGBAUG29V,GB,104,69,66.35
20,2730,SGBAUG30,GB,458,291,63.54
20,2731,SGBD29VIII,GB,130,116,89.23
20,2732,SGBDC27VII,GB,3,2,66.67
20,2733,SGBDE30III,GB,472,334,70.76
20,2734,SGBDE31III,GB,1001,801,80.02
20,2735,SGBDEC26,GB,2,2,100.00
20,2736,SGBFEB27,GB,10,10,100.00
20,2737,SGBFEB29XI,GB,94,52,55.32
20,2738,SGBFEB32IV,GB,1248,841,67.39
20,2739,SGBJ28VIII,GB,2,2,100.00
20,2740,SGBJAN27,GB,5,5,100.00
20,2741,SGBJAN29IX,GB,210,166,79.05
20,2742,SGBJAN29X,GB,153,131,85.62
20,2743,SGBJAN30IX,GB,92,57,61.96
20,2744,SGBJU29III,GB,38,38,100.00
20,2745,SGBJUL28IV,GB,112,80,71.43
20,2746,SGBJUL29IV,GB,357,191,53.50
20,2747,SGBJUN27,GB,3,3,100.00
20,2748,SGBJUN28,GB,107,101,94.39
20,2749,SGBJUN29II,GB,34,29,85.29
20,2750,SGBJUN30,GB,86,69,80.23
20,2751,SGBJUN31I,GB,696,419,60.20
20,2752,SGBMAR28X,GB,21,18,85.71
20,2753,SGBMAR30X,GB,179,136,75.98
20,2754,SGBMAR31IV,GB,193,157,81.35
20,2755,SGBMAY28,GB,26,19,73.08
20,2756,SGBMAY29I,GB,199,172,86.43
20,2757,SGBMR29XII,GB,198,153,77.27
20,2758,SGBN28VIII,GB,603,579,96.02
20,2759,SGBNOV26,GB,16,16,100.00
20,2760,SGBNV29VII,GB,306,250,81.70
20,2761,SGBOC28VII,GB,619,591,95.48
20,2762,SGBOCT27,GB,85,85,100.00
20,2763,SGBOCT27VI,GB,167,167,100.00
20,2764,SGBSEP27,GB,95,87,91.58
20,2765,SGBSEP28VI,GB,438,355,81.05
20,2766,SGBSEP29VI,GB,265,233,87.92
20,2767,SGBSEP31II,GB,1082,686,63.40
20,2768,SGFIN,EQ,226905,114829,50.61
20,2769,SGIL,EQ,5232,2867,54.80
20,2770,SGL,EQ,5093,4848,95.19
20,2771,SGLRES,EQ,14193,8819,62.14
20,2772,SGMART,EQ,699054,309823,44.32
20,2773,SGRL,EQ,14381,7216,50.18
20,2774,SHADOWFAX,EQ,2089926,1101084,52.69
20,2775,SHAH,EQ,822276,502509,61.11
20,2776,SHAILY,EQ,129716,65246,50.30
20,2777,SHAKTIPUMP,EQ,711934,280772,39.44
20,2778,SHALBY,EQ,244848,146675,59.90
20,2779,SHANKARA,EQ,42998,32060,74.56
20,2780,SHANKESH,EQ,5412485,1441113,26.63
20,2781,SHANTHALA,SM,9600,3600,37.50
20,2782,SHANTI,EQ,17273,14171,82.04
20,2783,SHANTIGEAR,EQ,212317,95051,44.77
20,2784,SHANTIGOLD,EQ,1104713,388537,35.17
20,2785,SHANTIINOR,ST,240000,217600,90.67
20,2786,SHARDACROP,EQ,127529,74584,58.48
20,2787,SHARDAMOTR,EQ,82323,47543,57.75
20,2788,SHAREINDIA,EQ,1855814,454147,24.47
20,2789,SHARIABEES,EQ,5901,2594,43.96
20,2790,SHBAJRG,EQ,1514,1161,76.68
20,2791,SHEEL,ST,26000,26000,100.00
20,2792,SHEETAL,SM,5500,4000,72.73
20,2793,SHERA,SM,51000,31000,60.78
20,2794,SHERVANI,EQ,33,32,96.97
20,2795,SHETHJI,SM,19000,15000,78.95
20,2796,SHIGAN,SM,3000,3000,100.00
20,2797,SHILCTECH,EQ,12222,5567,45.55
20,2798,SHILGRAVQ,EQ,811,641,79.04
20,2799,SHILPAMED,EQ,1187365,438907,36.96
20,2800,SHINDL,EQ,128760,29734,23.09
20,2801,SHIPROCKET,EQ,9635180,3880728,40.28
20,2802,SHIVAAGRO,EQ,1518,1169,77.01
20,2803,SHIVACEM,EQ,89358,72591,81.24
20,2804,SHIVALIK,EQ,289347,116411,40.23
20,2805,SHIVAMAUTO,EQ,28408,22916,80.67
20,2806,SHIVAMILLS,EQ,379,365,96.31
20,2807,SHIVASHRIT,SM,24000,23000,95.83
20,2808,SHIVATEX,EQ,17665,11238,63.62
20,2809,SHIVAUM,EQ,1900,1597,84.05
20,2810,SHK,EQ,600690,409414,68.16
20,2811,SHKSIL,SM,4000,4000,100.00
20,2812,SHOPERSTOP,EQ,70172,14987,21.36
20,2813,SHRADDHA,EQ,3646,2837,77.81
20,2814,SHRADHA,EQ,107995,29945,27.73
20,2815,SHREDIGCEM,EQ,85455,34072,39.87
20,2816,SHREECEM,EQ,21233,11909,56.09
20,2817,SHREEDHAR,ST,60000,56000,93.33
20,2818,SHREEJISPG,EQ,809303,293695,36.29
20,2819,SHREEKARNI,SM,22200,19950,89.86
20,2820,SHREEOSFM,SM,7000,4000,57.14
20,2821,SHREEPUSHK,EQ,123748,44955,36.33
20,2822,SHREERAMA,EQ,53787,37500,69.72
20,2823,SHREYANIND,EQ,2846,1869,65.67
20,2824,SHRIAHIMSA,SM,20400,18000,88.24
20,2825,SHRIKANHA,SM,11200,6400,57.14
20,2826,SHRIKRISH,EQ,23,16,69.57
20,2827,SHRINGARMS,EQ,236182,103071,43.64
20,2828,SHRIPISTON,EQ,62702,32115,51.22
20,2829,SHRIRAMFIN,EQ,7221528,4999715,69.23
20,2830,SHRIRAMPPS,EQ,363848,188303,51.75
20,2831,SHRITECH,SM,4000,4000,100.00
20,2832,SHRJAGP,EQ,298,222,74.50
20,2833,SHUBHSHREE,SM,900,600,66.67
20,2834,SHUKRAPHAR,EQ,2286024,741552,32.44
20,2835,SHYAMDHANI,ST,6000,6000,100.00
20,2836,SHYAMMETL,EQ,155947,72014,46.18
20,2837,SHYAMTEL,EQ,2765,2589,93.63
20,2838,SICAGEN,EQ,13515,10963,81.12
20,2839,SIDDHICOTS,SM,9600,9600,100.00
20,2840,SIEL,EQ,60,55,91.67
20,2841,SIEMENS,EQ,132688,36323,27.37
20,2842,SIGACHI,EQ,5298985,1739901,32.83
20,2843,SIGMA,EQ,306226,122498,40.00
20,2844,SIGNATURE,EQ,185649,14744,7.94
20,2845,SIGNORIA,ST,2000,2000,100.00
20,2846,SIGNPOST,EQ,64789,19264,29.73
20,2847,SIKA,EQ,62044,17652,28.45
20,2848,SIL,EQ,80915,50982,63.01
20,2849,SILGO,EQ,40113,24039,59.93
20,2850,SILINV,EQ,1033,899,87.03
20,2851,SILKFLEX,SM,7000,6000,85.71
20,2852,SILKY,SM,3200,1600,50.00
20,2853,SILVER,EQ,736262,334564,45.44
20,2854,SILVER001,EQ,2914,2256,77.42
20,2855,SILVER1,EQ,18529177,9789812,52.83
20,2856,SILVER360,EQ,32081,11663,36.35
20,2857,SILVERADD,EQ,4462291,3324147,74.49
20,2858,SILVERAG,EQ,249835,127818,51.16
20,2859,SILVERAXIS,EQ,2272938,2008884,88.38
20,2860,SILVERBEES,EQ,14593538,6783113,46.48
20,2861,SILVERBETA,EQ,428878,158619,36.98
20,2862,SILVERBND,EQ,31333,20485,65.38
20,2863,SILVERCASE,EQ,9484959,5355056,56.46
20,2864,SILVERIETF,EQ,1819854,627034,34.46
20,2865,SILVERTUC,EQ,370310,134842,36.41
20,2866,SIMCA,ST,4800,4800,100.00
20,2867,SIMPLEXINF,EQ,165011,137116,83.10
20,2868,SIMPLXREA,EQ,2,2,100.00
20,2869,SINCLAIR,EQ,22330,14779,66.18
20,2870,SINDHUTRAD,EQ,608340,232438,38.21
20,2871,SINGERIND,EQ,110528,59559,53.89
20,2872,SINTERCOM,EQ,2902,2624,90.42
20,2873,SIRCA,EQ,225976,98656,43.66
20,2874,SIS,EQ,461513,178116,38.59
20,2875,SIYSIL,EQ,41973,18192,43.34
20,2876,SJLOGISTIC,SM,23250,20250,87.10
20,2877,SJS,EQ,97320,45977,47.24
20,2878,SJVN,EQ,1560643,567996,36.39
20,2879,SKFINDIA,EQ,61886,41306,66.75
20,2880,SKFINDUS,EQ,51270,18442,35.97
20,2881,SKIPPER,EQ,661514,271303,41.01
20,2882,SKMEGGPROD,EQ,247841,111896,45.15
20,2883,SKP,SM,38000,17500,46.05
20,2884,SKYGOLD,EQ,704650,283842,40.28
20,2885,SKYTECH,SM,9600,9600,100.00
20,2886,SKYWAYS,EQ,1867585,531464,28.46
20,2887,SLONE,ST,400,400,100.00
20,2888,SMALL250,EQ,1668162,1433100,85.91
20,2889,SMALLADD,EQ,292045,233663,80.01
20,2890,SMALLCAP,EQ,4252598,1923920,45.24
20,2891,SMALLGROWW,EQ,7786,6429,82.57
20,2892,SMALLIETF,EQ,104207,41847,40.16
20,2893,SMARTEN,ST,14400,13200,91.67
20,2894,SMARTWORKS,EQ,69624,39657,56.96
20,2895,SMCGLOBAL,EQ,959934,450282,46.91
20,2896,SML100CASE,EQ,4609641,2591433,56.22
20,2897,SMLMAH,EQ,83297,33955,40.76
20,2898,SMLT,EQ,16782,13244,78.92
20,2899,SMSPHARMA,EQ,802591,201625,25.12
20,2900,SMVD,SM,4040,4040,100.00
20,2901,SNEHAA,SM,8000,8000,100.00
20,2902,SNOWMAN,EQ,128926,76676,59.47
20,2903,SNXT30BEES,EQ,31627,18306,57.88
20,2904,SNXT50BETA,EQ,1859,980,52.72
20,2905,SOBHA,EQ,77935,36398,46.70
20,2906,SOCL,SM,8000,8000,100.00
20,2907,SOFTTECH,EQ,9640,7325,75.99
20,2908,SOLARA,EQ,730185,280507,38.42
20,2909,SOLARINDS,EQ,525092,142448,27.13
20,2910,SOLARWORLD,EQ,273416,108163,39.56
20,2911,SOLEX,EQ,20235,10238,50.60
20,2912,SOMANYCERA,EQ,103578,57108,55.14
20,2913,SOMATEX,EQ,3656,1829,50.03
20,2914,SOMICONVEY,EQ,28525,22043,77.28
20,2915,SONACOMS,EQ,2589871,1313160,50.70
20,2916,SONAL,EQ,145,145,100.00
20,2917,SONAMAC,SM,3000,2000,66.67
20,2918,SONATSOFTW,EQ,2111366,245193,11.61
20,2919,SONUINFRA,ST,64500,58500,90.70
20,2920,SOTL,EQ,213789,73524,34.39
20,2921,SOUTHBANK,EQ,9001848,3663729,40.70
20,2922,SOUTHWEST,EQ,286651,128109,44.69
20,2923,SPAL,EQ,65492,28903,44.13
20,2924,SPANDANA,EQ,152012,78034,51.33
20,2925,SPARC,EQ,673294,328394,48.77
20,2926,SPCENET,EQ,474492,360375,75.95
20,2927,SPCL,SM,13800,7800,56.52
20,2928,SPEB,SM,2000,2000,100.00
20,2929,SPENCERS,EQ,18839,13843,73.48
20,2930,SPIC,EQ,460572,179706,39.02
20,2931,SPLIL,EQ,7018,5167,73.62
20,2932,SPLPETRO,EQ,175117,90655,51.77
20,2933,SPMLINFRA,EQ,122560,47992,39.16
20,2934,SPORTKING,EQ,252465,130204,51.57
20,2935,SPRL,SM,12000,12000,100.00
20,2936,SPUNWEB,SM,3600,3600,100.00
20,2937,SRD,EQ,45265,37464,82.77
20,2938,SRF,EQ,159810,84816,53.07
20,2939,SRGHFL,EQ,350276,213436,60.93
20,2940,SRHHYPOLTD,EQ,17233,8968,52.04
20,2941,SRIVASAVI,ST,6000,5000,83.33
20,2942,SRM,EQ,91640,39386,42.98
20,2943,SRTL,EQ,15004,13924,92.80
20,2944,SSDL,EQ,11507,8143,70.77
20,2945,SSEGL,SM,128400,58200,45.33
20,2946,SSFL,ST,9500,9500,100.00
20,2947,SSWL,EQ,1772756,691761,39.02
20,2948,STANLEY,EQ,88725,56610,63.80
20,2949,STAR,EQ,398309,209464,52.59
20,2950,STARCEMENT,EQ,254340,155773,61.25
20,2951,STARHEALTH,EQ,589994,328370,55.66
20,2952,STARPAPER,EQ,10208,7335,71.86
20,2953,STARTECK,EQ,21,11,52.38
20,2954,STCINDIA,EQ,11187,7269,64.98
20,2955,STEELCAS,EQ,290998,169003,58.08
20,2956,STEELCITY,EQ,6573,5040,76.68
20,2957,STEELXIND,EQ,6088018,2187995,35.94
20,2958,STEL,EQ,4630,4154,89.72
20,2959,STLNETWORK,EQ,15347153,6862312,44.71
20,2960,STLSTRINF,EQ,135722,58813,43.33
20,2961,STOVEKRAFT,EQ,109498,58683,53.59
20,2962,STRIDERS,SM,11200,11200,100.00
20,2963,STUDDS,EQ,50715,33560,66.17
20,2964,STUDIOLSD,SM,14000,14000,100.00
20,2965,STYL,EQ,106890,54670,51.15
20,2966,STYLAMIND,EQ,33962,18020,53.06
20,2967,STYLEBAAZA,EQ,712655,466604,65.47
20,2968,STYRENIX,EQ,32782,18353,55.98
20,2969,SUBAHOTELS,SM,28800,16800,58.33
20,2970,SUBEXLTD,EQ,15276187,3388511,22.18
20,2971,SUBROS,EQ,30494,14615,47.93
20,2972,SUDARCOLOR,EQ,2703,1917,70.92
20,2973,SUDARSCHEM,EQ,166126,63670,38.33
20,2974,SUDEEPPHRM,EQ,535162,261468,48.86
20,2975,SUKHJITS,EQ,44293,37078,83.71
20,2976,SULA,EQ,3167897,340822,10.76
20,2977,SUMAX,ST,194400,193200,99.38
20,2978,SUMEDHA,EQ,4562,4562,100.00
20,2979,SUMEETINDS,EQ,1666510,1178950,70.74
20,2980,SUMICHEM,EQ,183439,84656,46.15
20,2981,SUMIT,EQ,29732,18840,63.37
20,2982,SUMMITSEC,EQ,1752,1172,66.89
20,2983,SUNCLAY,EQ,13674,7200,52.65
20,2984,SUNDARAM,EQ,113701,103190,90.76
20,2985,SUNDARMFIN,EQ,51662,32070,62.08
20,2986,SUNDRMFAST,EQ,533381,310496,58.21
20,2987,SUNDROP,EQ,8010,5909,73.77
20,2988,SUNFLAG,EQ,213617,81518,38.16
20,2989,SUNLITE,SM,70500,32400,45.96
20,2990,SUNLOC,EQ,22,10,45.45
20,2991,SUNPHARMA,EQ,1370607,958942,69.96
20,2992,SUNRAKSHAK,EQ,9439,6040,63.99
20,2993,SUNREST,SM,8000,6400,80.00
20,2994,SUNSHIEL,EQ,2087,1261,60.42
20,2995,SUNSHINE,EQ,3704081,614152,16.58
20,2996,SUNTECH,SM,6400,4800,75.00
20,2997,SUNTECK,EQ,216291,103942,48.06
20,2998,SUNTV,EQ,302447,160707,53.14
20,2999,SUPERHOUSE,EQ,5235,2991,57.13
20,3000,SUPRAJIT,EQ,328298,77558,23.62
20,3001,SUPREME,EQ,23688,13713,57.89
20,3002,SUPREMEIND,EQ,84649,41114,48.57
20,3003,SUPREMEINF,EQ,29915,22004,73.56
20,3004,SUPREMEPWR,SM,108500,65000,59.91
20,3005,SUPRIYA,EQ,191677,77424,40.39
20,3006,SURAJEST,EQ,45106,23470,52.03
20,3007,SURAJLTD,EQ,50,37,74.00
20,3008,SURAKSHA,EQ,98905,54862,55.47
20,3009,SURANASOL,EQ,16353,13434,82.15
20,3010,SURANAT&P,EQ,29453,27678,93.97
20,3011,SURANI,SM,200,200,100.00
20,3012,SURYALA,EQ,99,98,98.99
20,3013,SURYALAXMI,EQ,2635,2135,81.02
20,3014,SURYAROSNI,EQ,306174,153605,50.17
20,3015,SURYODAY,EQ,146412,64877,44.31
20,3016,SUVEN,EQ,521311,193164,37.05
20,3017,SUVIDHAA,EQ,152084,87252,57.37
20,3018,SUYOG,EQ,17252,9186,53.25
20,3019,SUZLON,EQ,65021879,33330768,51.26
20,3020,SVGLOBAL,EQ,582,579,99.48
20,3021,SVLL,EQ,1647,1315,79.84
20,3022,SVPGLOB,EQ,25916,18758,72.38
20,3023,SWANCORP,EQ,1192992,329259,27.60
20,3024,SWARAJENG,EQ,10589,7037,66.46
20,3025,SWARNSAR,EQ,11771,9325,79.22
20,3026,SWASTIK,ST,2400,2400,100.00
20,3027,SWELECTES,EQ,9475,4549,48.01
20,3028,SWIGGY,EQ,9369276,4261794,45.49
20,3029,SWSOLAR,EQ,977482,374977,38.36
20,3030,SYMBIOTEC,EQ,766135,215433,28.12
20,3031,SYMPHONY,EQ,57599,25616,44.47
20,3032,SYNCOMF,EQ,10523823,3551484,33.75
20,3033,SYNGENE,EQ,267759,141012,52.66
20,3034,SYNOPTICS,ST,14400,13200,91.67
20,3035,SYRMA,EQ,1682259,493030,29.31
20,3036,SYSTANGO,SM,24000,14800,61.67
20,3037,TAALTECH,EQ,14013,5288,37.74
20,3038,TAC,ST,42600,41000,96.24
20,3039,TAINWALCHM,EQ,2499,2170,86.83
20,3040,TAJGVK,EQ,50327,23334,46.36
20,3041,TAKE,EQ,1099505,692105,62.95
20,3042,TALBROAUTO,EQ,207967,89451,43.01
20,3043,TANAA,EQ,5701,3285,57.62
20,3044,TANKUP,ST,250,250,100.00
20,3045,TANLA,EQ,529075,162461,30.71
20,3046,TAPIFRUIT,SM,750,750,100.00
20,3047,TARACHAND,EQ,33440,16820,50.30
20,3048,TARAPUR,EQ,27522,18358,66.70
20,3049,TARC,EQ,437372,266117,60.84
20,3050,TARIL,EQ,972056,393585,40.49
20,3051,TARMAT,EQ,15351,5825,37.95
20,3052,TARSONS,EQ,107349,49075,45.72
20,3053,TASTYBITE,EQ,2439,1259,51.62
20,3054,TATACAP,EQ,1218761,628647,51.58
20,3055,TATACHEM,EQ,25483055,2447814,9.61
20,3056,TATACOMM,EQ,317034,138766,43.77
20,3057,TATACONSUM,EQ,1573391,796006,50.59
20,3058,TATAELXSI,EQ,185990,69791,37.52
20,3059,TATAGOLD,EQ,32001501,13466173,42.08
20,3060,TATAINVEST,EQ,4857618,422250,8.69
20,3061,TATAPOWER,EQ,2900501,1314284,45.31
20,3062,TATASTEEL,EQ,29476234,13720281,46.55
20,3063,TATATECH,EQ,942325,280166,29.73
20,3064,TATSILV,EQ,38004670,16152738,42.50
20,3065,TATVA,EQ,109010,39244,36.00
20,3066,TAURIAN,ST,75200,64000,85.11
20,3067,TBI,SM,39600,27000,68.18
20,3068,TBOTEK,EQ,84932,45473,53.54
20,3069,TBZ,EQ,1564537,566881,36.23
20,3070,TCC,EQ,1749386,262236,14.99
20,3071,TCI,EQ,19650,12085,61.50
20,3072,TCIEXP,EQ,21265,9930,46.70
20,3073,TCIFINANCE,EQ,14981,13254,88.47
20,3074,TCL,SM,48800,34400,70.49
20,3075,TCPLPACK,EQ,10088,4664,46.23
20,3076,TCS,EQ,2763709,1175082,42.52
20,3077,TDPOWERSYS,EQ,4260675,1382876,32.46
20,3078,TEAMGTY,EQ,57,29,50.88
20,3079,TEAMLEASE,EQ,5297,2688,50.75
20,3080,TEAMTECH,ST,70000,60000,85.71
20,3081,TECH,EQ,12044,7758,64.41
20,3082,TECHD,SM,28800,16200,56.25
20,3083,TECHERA,SM,76000,45600,60.00
20,3084,TECHLABS,SM,7625,5500,72.13
20,3085,TECHM,EQ,1472713,792244,53.79
20,3086,TECHNOCRAF,EQ,1424369,341071,23.95
20,3087,TECHNOE,EQ,168316,72835,43.27
20,3088,TECHNVISN,EQ,185,170,91.89
20,3089,TECILCHEM,EQ,7584,5112,67.41
20,3090,TEGA,EQ,225032,100622,44.71
20,3091,TEJA,SM,9000,4200,46.67
20,3092,TEJASNET,EQ,2655014,568976,21.43
20,3093,TEMBO,EQ,967666,373390,38.59
20,3094,TEMPSENS,EQ,2755719,456967,16.58
20,3095,TENNIND,EQ,398376,190024,47.70
20,3096,TERAI,EQ,463,352,76.03
20,3097,TERASOFT,EQ,22024,13048,59.24
20,3098,TEXINFRA,EQ,173127,94618,54.65
20,3099,TEXMOPIPES,EQ,315498,172745,54.75
20,3100,TEXRAIL,EQ,1327822,560151,42.19
20,3101,TFCILTD,EQ,11711599,3869093,33.04
20,3102,TFL,EQ,6356,3012,47.39
20,3103,TGBHOTELS,EQ,17863,10914,61.10
20,3104,TGL,ST,400,400,100.00
20,3105,TGVSL,EQ,119527,63728,53.32
20,3106,THACKER,EQ,7,7,100.00
20,3107,THAKDEV,EQ,24,24,100.00
20,3108,THANGAMAYL,EQ,93434,45966,49.20
20,3109,THEINVEST,EQ,9717,5258,54.11
20,3110,THEJO,EQ,4749,2399,50.52
20,3111,THELEELA,EQ,232426,123763,53.25
20,3112,THEMISMED,EQ,61249,25247,41.22
20,3113,THERMAX,EQ,245768,134070,54.55
20,3114,THESL,ST,3000,3000,100.00
20,3115,THOMASCOOK,EQ,653944,335898,51.36
20,3116,THOMASCOTT,EQ,95963,57083,59.48
20,3117,THYROCARE,EQ,263200,143754,54.62
20,3118,TI,EQ,568346,210595,37.05
20,3119,TIGERLOGS,EQ,73876,39085,52.91
20,3120,TIIL,EQ,37713,16536,43.85
20,3121,TIINDIA,EQ,188014,81392,43.29
20,3122,TIMETECHNO,EQ,1790244,798400,44.60
20,3123,TIMEX,EQ,290955,112438,38.64
20,3124,TIMKEN,EQ,40328,18534,45.96
20,3125,TINNARUBR,EQ,59516,25300,42.51
20,3126,TIPSFILMS,EQ,1619,1209,74.68
20,3127,TIPSMUSIC,EQ,215227,114311,53.11
20,3128,TIRUMALCHM,EQ,283261,166307,58.71
20,3129,TITAGARH,EQ,789709,199594,25.27
20,3130,TITAN,EQ,376036,245290,65.23
20,3131,TMB,EQ,261381,133733,51.16
20,3132,TMCV,EQ,5085378,2602612,51.18
20,3133,TMPV,EQ,12264774,6142239,50.08
20,3134,TNIDETF,EQ,69596,50262,72.22
20,3135,TNPETRO,EQ,947867,232456,24.52
20,3136,TNPL,EQ,219131,112801,51.48
20,3137,TNTELE,EQ,5379,4675,86.91
20,3138,TOKYOPLAST,EQ,2231,2158,96.73
20,3139,TOLINS,EQ,61099,37473,61.33
20,3140,TOP100CASE,EQ,1220250,797386,65.35
20,3141,TOP10ADD,EQ,237280,159498,67.22
20,3142,TOP15IETF,EQ,66956,31059,46.39
20,3143,TOP20,EQ,15770,13111,83.14
20,3144,TORNTPHARM,EQ,647806,439236,67.80
20,3145,TORNTPOWER,EQ,389154,223884,57.53
20,3146,TOUCHWOOD,EQ,347,284,81.84
20,3147,TOYAMSL,EQ,3386208,346544,10.23
20,3148,TPLPLASTEH,EQ,147167,40358,27.42
20,3149,TRACXN,EQ,87218,57665,66.12
20,3150,TRANSCOR,EQ,2364,1219,51.57
20,3151,TRANSRAILL,EQ,495771,173844,35.07
20,3152,TRANSTEEL,SM,67000,45000,67.16
20,3153,TRAVELFOOD,EQ,28959,14465,49.95
20,3154,TREEHOUSE,EQ,21285,17206,80.84
20,3155,TREJHARA,EQ,10881,8065,74.12
20,3156,TREL,EQ,136134,103718,76.19
20,3157,TRENT,EQ,620165,291930,47.07
20,3158,TRF,EQ,13547,8064,59.53
20,3159,TRIDENT,EQ,3380565,1734926,51.32
20,3160,TRIDHYA,ST,9000,9000,100.00
20,3161,TRIGYN,EQ,43446,22714,52.28
20,3162,TRITONV,EQ,2116,1460,69.00
20,3163,TRITURBINE,EQ,440380,229841,52.19
20,3164,TRIVENI,EQ,1811638,1017314,56.15
20,3165,TROM,SM,4200,3000,71.43
20,3166,TRU,EQ,97881,54520,55.70
20,3167,TRUALT,EQ,454451,229867,50.58
20,3168,TRUST,SM,1800,1800,100.00
20,3169,TSC,ST,32000,30000,93.75
20,3170,TSFINV,EQ,67235,35589,52.93
20,3171,TTKHLTCARE,EQ,18487,9527,51.53
20,3172,TTKPRESTIG,EQ,60787,20117,33.09
20,3173,TTL,EQ,45020,41500,92.18
20,3174,TTML,EQ,1878014,646882,34.45
20,3175,TUNWAL,SM,30000,16000,53.33
20,3176,TURTLEMINT,EQ,380515,163112,42.87
20,3177,TUTIALKA,EQ,9553,7630,79.87
20,3178,TVSELECT,EQ,23955,9667,40.35
20,3179,TVSHLTD,EQ,6360,2167,34.07
20,3180,TVSMOTOR,EQ,439422,252843,57.54
20,3181,TVSSCS,EQ,545154,226283,41.51
20,3182,TVSSRICHAK,EQ,20198,8404,41.61
20,3183,TVTODAY,EQ,35794,24339,68.00
20,3184,TWCGOLDETF,EQ,2550,2058,80.71
20,3185,UBL,EQ,73909,35852,48.51
20,3186,UCL,ST,2000,2000,100.00
20,3187,UCOBANK,EQ,4352333,1846609,42.43
20,3188,UDAYJEW,EQ,12332,7375,59.80
20,3189,UDS,EQ,193396,93478,48.34
20,3190,UEL,EQ,18722,16507,88.17
20,3191,UFLEX,EQ,235420,109518,46.52
20,3192,UFO,EQ,28591,18399,64.35
20,3193,UGARSUGAR,EQ,935629,498929,53.33
20,3194,UGROCAP,EQ,229146,118939,51.91
20,3195,UHTL,ST,264000,242000,91.67
20,3196,UJJIVANSFB,EQ,8507406,3681793,43.28
20,3197,ULTRACEMCO,EQ,236781,126802,53.55
20,3198,ULTRAMAR,EQ,45196,28613,63.31
20,3199,UMA,SM,4000,4000,100.00
20,3200,UMESLTD,EQ,363161,329614,90.76
20,3201,UMIYA-MRO,EQ,24746,20775,83.95
20,3202,UNICHEMLAB,EQ,65501,29817,45.52
20,3203,UNIDT,EQ,35350,19350,54.74
20,3204,UNIECOM,EQ,181226,95519,52.71
20,3205,UNIENTER,EQ,2263,2083,92.05
20,3206,UNIHEALTH,SM,15000,9000,60.00
20,3207,UNIINFO,EQ,145,132,91.03
20,3208,UNIMECH,EQ,459813,161394,35.10
20,3209,UNIONBANK,EQ,9588072,4939646,51.52
20,3210,UNIONGOLD,EQ,4578,2663,58.17
20,3211,UNIPARTS,EQ,262807,112248,42.71
20,3212,UNITDSPR,EQ,235642,121135,51.41
20,3213,UNITECH,EQ,14237019,10123186,71.10
20,3214,UNITEDPOLY,EQ,143829,74970,52.12
20,3215,UNITEDTEA,EQ,1123,854,76.05
20,3216,UNIVCABLES,EQ,131254,48692,37.10
20,3217,UNOMINDA,EQ,367236,159732,43.50
20,3218,UPHOT,EQ,28,28,100.00
20,3219,UPL,EQ,3044986,2002585,65.77
20,3220,URBAN,SM,7200,4800,66.67
20,3221,URBANCO,EQ,10721087,3612304,33.69
20,3222,URJA,EQ,593625,350915,59.11
20,3223,USASEEDS,SM,856,856,100.00
20,3224,USHAFIN,SM,36800,35200,95.65
20,3225,USHAMART,EQ,1054481,611159,57.96
20,3226,USK,EQ,13276,11478,86.46
20,3227,UTIAMC,EQ,111844,61591,55.07
20,3228,UTKAL,SM,22000,22000,100.00
20,3229,UTKARSHBNK,EQ,13856543,6377606,46.03
20,3230,UTLSOLAR,EQ,398209,230420,57.86
20,3231,UTSSAV,SM,124200,74400,59.90
20,3232,UTTAMSUGAR,EQ,243694,88260,36.22
20,3233,V2RETAIL,EQ,1524680,821154,53.86
20,3234,VADILALIND,EQ,13274,6857,51.66
20,3235,VADILENT,EQ,10,10,100.00
20,3236,VAIBHAVGBL,EQ,196654,105119,53.45
20,3237,VAISHALI,EQ,142834,86009,60.22
20,3238,VAKRANGEE,EQ,1288190,692850,53.78
20,3239,VAL30IETF,EQ,181031,85746,47.37
20,3240,VALUE,EQ,8072,7258,89.92
20,3241,VALUE360,SM,159600,157200,98.50
20,3242,VALUEAXIS,EQ,107751,57414,53.28
20,3243,VAML,EQ,5420442,3065935,56.56
20,3244,VARDMNPOLY,EQ,76615,73588,96.05
20,3245,VARROC,EQ,438002,164801,37.63
20,3246,VASCONEQ,EQ,259421,147056,56.69
20,3247,VASUPRADA,EQ,4,4,100.00
20,3248,VASWANI,EQ,19948,13490,67.63
20,3249,VBL,EQ,3489901,2020636,57.90
20,3250,VDEAL,SM,34200,25200,73.68
20,3251,VEDAVAAG,EQ,62223,41000,65.89
20,3252,VEDL,EQ,5794228,2840164,49.02
20,3253,VEDPOWER,EQ,13474724,7257146,53.86
20,3254,VEEDOL,EQ,5836,3511,60.16
20,3255,VEEKAYEM,SM,500,500,100.00
20,3256,VENKEYS,EQ,89813,37764,42.05
20,3257,VENTIVE,EQ,29156,18630,63.90
20,3258,VENUSPIPES,EQ,218549,82157,37.59
20,3259,VERANDA,EQ,158113,76023,48.08
20,3260,VERITAAS,SM,3600,3600,100.00
20,3261,VERTIS,IV,5400000,5400000,100.00
20,3262,VERTOZ,EQ,28774,23516,81.73
20,3263,VESUVIUS,EQ,111670,66132,59.22
20,3264,VGCL,EQ,1558,1469,94.29
20,3265,VGINFOTECH,SM,61000,53000,86.89
20,3266,VGL,EQ,900280,95107,10.56
20,3267,VGUARD,EQ,442903,243402,54.96
20,3268,VHL,EQ,328,269,82.01
20,3269,VICTORYEV,SM,24000,24000,100.00
20,3270,VIDHIING,EQ,39645,16050,40.48
20,3271,VIDYAWIRES,EQ,1005103,474799,47.24
20,3272,VIESL,SM,23200,17600,75.86
20,3273,VIGOR,SM,14400,14400,100.00
20,3274,VIJAYA,EQ,157498,78606,49.91
20,3275,VIJAYPD,SM,2000,2000,100.00
20,3276,VIJSOLX,EQ,111,87,78.38
20,3277,VIKASECO,EQ,1728712,1161078,67.16
20,3278,VIKASLIFE,EQ,2174274,1172419,53.92
20,3279,VIKRAMSOLR,EQ,2212887,703295,31.78
20,3280,VIKRAN,EQ,926679,384629,41.51
20,3281,VILAS,SM,45500,28500,62.64
20,3282,VILINBIO,SM,4000,4000,100.00
20,3283,VIMTALABS,EQ,286652,125236,43.69
20,3284,VINATIORGA,EQ,38547,20161,52.30
20,3285,VINCOFE,EQ,1939984,592842,30.56
20,3286,VINDHYATEL,EQ,71256,26073,36.59
20,3287,VINEETLAB,EQ,82550,44992,54.50
20,3288,VINNY,EQ,238913,202076,84.58
20,3289,VINSYS,ST,4000,4000,100.00
20,3290,VINYAS,SM,7500,5300,70.67
20,3291,VINYLINDIA,EQ,4098,2463,60.10
20,3292,VIPCLOTHNG,EQ,14347,9355,65.21
20,3293,VIPIND,EQ,263461,108916,41.34
20,3294,VIRAT,EQ,6298,4556,72.34
20,3295,VIRINCHI,EQ,67481,54366,80.56
20,3296,VISACHROME,EQ,69916,52853,75.59
20,3297,VISAKAIND,EQ,144251,79133,54.86
20,3298,VISAMAN,SM,1000,1000,100.00
20,3299,VISHAL,EQ,24153,17023,70.48
20,3300,VISHNU,EQ,112259,53394,47.56
20,3301,VISHNUINFR,SM,7500,4000,53.33
20,3302,VISHWARAJ,EQ,224472,123111,54.84
20,3303,VISL,EQ,15541357,6714003,43.20
20,3304,VITAL,EQ,562,562,100.00
20,3305,VIVIANA,EQ,32589,20837,63.94
20,3306,VIVIDEL,SM,49440,24240,49.03
20,3307,VIVIDHA,EQ,54437,41133,75.56
20,3308,VIVOBIOT,EQ,7197,5903,82.02
20,3309,VIYASH,EQ,6370548,4064457,63.80
20,3310,VLEGOV,EQ,60043,47155,78.54
20,3311,VLSFINANCE,EQ,7848,4141,52.77
20,3312,VMARCIND,SM,184500,106500,57.72
20,3313,VMART,EQ,51736,20856,40.31
20,3314,VMM,EQ,9534655,5476768,57.44
20,3315,VMOBILE,SM,4000,4000,100.00
20,3316,VMSTMT,EQ,298770,238528,79.84
20,3317,VOEPL,EQ,76478,40033,52.35
20,3318,VOGL,EQ,17539688,6179729,35.23
20,3319,VOITHPAPR,EQ,237,134,56.54
20,3320,VOLERCAR,SM,10400,7200,69.23
20,3321,VOLTAMP,EQ,28298,15052,53.19
20,3322,VOLTAS,EQ,466652,246563,52.84
20,3323,VPRPL,EQ,1042177,482361,46.28
20,3324,VRAJ,EQ,8978,5311,59.16
20,3325,VRLLOG,EQ,182706,108464,59.37
20,3326,VSSL,EQ,383814,170038,44.30
20,3327,VSTIND,EQ,107670,61342,56.97
20,3328,VSTL,EQ,6766,3667,54.20
20,3329,VSTTILLERS,EQ,7744,4828,62.35
20,3330,VTL,EQ,547052,172637,31.56
20,3331,VTMLTD,EQ,388226,169042,43.54
20,3332,WAAREEENER,EQ,624441,241465,38.67
20,3333,WAAREEINDO,EQ,74425,41520,55.79
20,3334,WAAREERTL,EQ,159892,76382,47.77
20,3335,WABAG,EQ,874393,349374,39.96
20,3336,WAKEFIT,EQ,424569,205719,48.45
20,3337,WALCHANNAG,EQ,815156,399208,48.97
20,3338,WANBURY,EQ,160579,86148,53.65
20,3339,WARDINMOBI,EQ,165552,124937,75.47
20,3340,WATERBASE,EQ,17196,15496,90.11
20,3341,WCIL,EQ,283914,119748,42.18
20,3342,WEALTH,EQ,2584,2303,89.13
20,3343,WEBELSOLAR,EQ,1827286,845310,46.26
20,3344,WEIZMANIND,EQ,2564,1542,60.14
20,3345,WEL,EQ,430709,132663,30.80
20,3346,WELCORP,EQ,2931474,845581,28.84
20,3347,WELENT,EQ,590693,261852,44.33
20,3348,WELSPLSOL,EQ,988521,474007,47.95
20,3349,WELSPUNLIV,EQ,3113066,1069551,34.36
20,3350,WENDT,EQ,16389,6252,38.15
20,3351,WESTLIFE,EQ,40195,15971,39.73
20,3352,WEWIN,EQ,507,486,95.86
20,3353,WEWORK,EQ,97214,47765,49.13
20,3354,WHBRADY,EQ,2,2,100.00
20,3355,WHEELS,EQ,240307,65166,27.12
20,3356,WHIRLPOOL,EQ,364148,186933,51.33
20,3357,WILLAMAGOR,EQ,152,103,67.76
20,3358,WINDLAS,EQ,113547,63065,55.54
20,3359,WINDMACHIN,EQ,78486,40878,52.08
20,3360,WINSOL,SM,9200,6400,69.57
20,3361,WIPL,EQ,953,636,66.74
20,3362,WIPRO,EQ,11030339,5526969,50.11
20,3363,WOCKPHARMA,EQ,1262973,465047,36.82
20,3364,WOMANCART,ST,12400,8800,70.97
20,3365,WONDERLA,EQ,54569,28306,51.87
20,3366,WORTHPERI,EQ,11083,9794,88.37
20,3367,WPIL,EQ,30844,17624,57.14
20,3368,WSI,EQ,169308,105129,62.09
20,3369,WSTCSTPAPR,EQ,293983,130567,44.41
20,3370,WTICAB,SM,10000,8000,80.00
20,3371,XCHANGING,EQ,91818,50044,54.50
20,3372,XELPMOC,EQ,11202,7911,70.62
20,3373,XPROINDIA,EQ,31096,17907,57.59
20,3374,XTGLOBAL,EQ,21078,14422,68.42
20,3375,XTRANET,EQ,2262758,572177,25.29
20,3376,YAAP,SM,4000,3000,75.00
20,3377,YASHO,EQ,43034,14598,33.92
20,3378,YASHOPTICS,SM,17600,16800,95.45
20,3379,YATHARTH,EQ,259279,111772,43.11
20,3380,YATRA,EQ,1663021,836687,50.31
20,3381,YESBANK,EQ,205410106,73224748,35.65
20,3382,YOGI,EQ,1164,1164,100.00
20,3383,YUDIZ,SM,2400,2400,100.00
20,3384,YUKEN,EQ,66940,30648,45.78
20,3385,ZAGGLE,EQ,782986,266688,34.06
20,3386,ZEAL,SM,3600,3000,83.33
20,3387,ZEEL,EQ,35791324,6803595,19.01
20,3388,ZEELEARN,EQ,294285,217328,73.85
20,3389,ZEEMEDIA,EQ,1396432,671075,48.06
20,3390,ZENITHDRUG,SM,190400,188800,99.16
20,3391,ZENITHEXPO,EQ,38,34,89.47
20,3392,ZENITHSTL,EQ,63088,51008,80.85
20,3393,ZENSARTECH,EQ,10541488,635234,6.03
20,3394,ZENTEC,EQ,424705,160576,37.81
20,3395,ZFCVINDIA,EQ,26952,13463,49.95
20,3396,ZFSTEERING,EQ,6030,2413,40.02
20,3397,ZIMLAB,EQ,104649,47997,45.86
20,3398,ZODIAC,EQ,10443,7681,73.55
20,3399,ZODIACLOTH,EQ,4026,3089,76.73
20,3400,ZOTA,EQ,31804,19873,62.49
20,3401,ZSARACOM,EQ,56,42,75.00
20,3402,ZTECH,SM,22500,17700,78.67
20,3403,ZUARI,EQ,73779,35492,48.11
20,3404,ZUARIIND,EQ,157037,83449,53.14
20,3405,ZYDUSLIFE,EQ,689380,393274,57.05
20,3406,ZYDUSWELL,EQ,164461,91849,55.85
