Security Wise Delivery Position - Compulsory Rolling Settlement
10,MTO,17092026,1471321884,0003390
Trade Date <17-SEP-2026>,Settlement Type <N>
Record Type,Sr No,Name of Security,Quantity Traded,Deliverable Quantity(gross across client level),% of Deliverable Quantity to Traded Quantity
20,1,1003ISFL28,N4,155,155,100.00
20,2,1003SFIL28,NX,24,24,100.00
20,3,1015ECL29,NR,1728,1728,100.00
20,4,1015SCFL29,YY,25,25,100.00
20,5,1015SCL28A,AL,12,2,16.67
20,6,1025SCL34,Z8,1,1,100.00
20,7,1025UCL27A,NG,55,55,100.00
20,8,1025VCCL28,N0,6,6,100.00
20,9,1039UCL26,NE,66,66,100.00
20,10,1040UCL27B,N1,2,2,100.00
20,11,1050ASPL27,N0,1,1,100.00
20,12,1050UCL28,NH,80,80,100.00
20,13,105IIFL29,N7,51,51,100.00
20,14,1075SCFL34,Z6,10,10,100.00
20,15,1075WCA28,N0,1,1,100.00
20,16,10IIFL28,N4,407,407,100.00
20,17,10IIFL29,N6,300,300,100.00
20,18,10IIFLSF27,NB,2,1,50.00
20,19,10ISFL26,N3,120,117,97.50
20,20,10UCL26,ND,65,65,100.00
20,21,113ESFB31,N0,2,2,100.00
20,22,115AFIL28A,N0,8,8,100.00
20,23,115VCCL31A,N0,10,10,100.00
20,24,125VCCL31,N0,3,3,100.00
20,25,12AFIL27,N0,10,10,100.00
20,26,12AFIL27A,N0,5,5,100.00
20,27,12VCCL27,N0,1,1,100.00
20,28,12VCCL29B,N0,2,2,100.00
20,29,182D070127,TB,100,100,100.00
20,30,182D110327,TB,1200,600,50.00
20,31,20MICRONS,EQ,56895,25090,44.10
20,32,21STCENMGM,EQ,4772,4610,96.61
20,33,360ONE,EQ,442034,243187,55.02
20,34,364D150727,TB,200,100,50.00
20,35,364D231026,TB,1000,1000,100.00
20,36,364D250227,TB,200,100,50.00
20,37,364D280527,TB,400,200,50.00
20,38,3BBLACKBIO,EQ,5794,3334,57.54
20,39,3MINDIA,EQ,2039,753,36.93
20,40,3PLAND,EQ,1763,1391,78.90
20,41,5PAISA,EQ,21052,10244,48.66
20,42,603GS2029,GS,1300,1300,100.00
20,43,610GS2031,GS,1,1,100.00
20,44,619GS2034,GS,2,2,100.00
20,45,620GS2029,GS,1000,1000,100.00
20,46,633GS2035,GS,1,1,100.00
20,47,636GS2031,GS,2650,2650,100.00
20,48,63MOONS,EQ,268694,98330,36.60
20,49,648GS2035,GS,515,515,100.00
20,50,654GS2032,GS,2000000,2000000,100.00
20,51,657GS2033A,GS,500,500,100.00
20,52,667GS2035,GS,1000000,1000000,100.00
20,53,668GS2040,GS,1100,1000,90.91
20,54,676GS2061,GS,10238,10237,99.99
20,55,679GS2031,GS,330,330,100.00
20,56,68GS2060,GS,2,1,50.00
20,57,690GS2065,GS,6182,5571,90.12
20,58,692GS2039,GS,80,80,100.00
20,59,694GS2036,GS,1374,1374,100.00
20,60,695GS2061,GS,7104,7104,100.00
20,61,699GS2051,GS,2400,2400,100.00
20,62,699TN32,SG,100,100,100.00
20,63,702GS2027,GS,400,400,100.00
20,64,702PN30,SG,100,100,100.00
20,65,706GS2028,GS,5000,5000,100.00
20,66,709GS2054,GS,8160,8160,100.00
20,67,709GS2074,GS,45035,40729,90.44
20,68,710GS2029,GS,1000200,1000200,100.00
20,69,717GS2030,GS,12000,12000,100.00
20,70,718GS2033,GS,2663,2663,100.00
20,71,718GS2037,GS,1511504,1511504,100.00
20,72,71GS2034,GS,6176,5176,83.81
20,73,724GS2055,GS,6491,6491,100.00
20,74,725GS2063,GS,138600,122920,88.69
20,75,726GS2032,GS,11389,11389,100.00
20,76,726GS2033,GS,500,500,100.00
20,77,728AP32,SG,1000,1000,100.00
20,78,732GS2030,GS,100,100,100.00
20,79,734GS2064,GS,23088,18088,78.34
20,80,735NHAI31,N9,10,10,100.00
20,81,736GS2052,GS,516,511,99.03
20,82,737GS2028,GS,300,300,100.00
20,83,737NTPC35C,NA,38,38,100.00
20,84,738GS2027,GS,23216,23166,99.78
20,85,739AP29,SG,100,100,100.00
20,86,73GS2053,GS,12611,12611,100.00
20,87,740IIFCL33,N1,200,200,100.00
20,88,742AS34,SG,300,200,66.67
20,89,743GS2076,GS,7812,5512,70.56
20,90,746GS2073,GS,1001,1001,100.00
20,91,74GS2062,GS,1,1,100.00
20,92,750GS2056,GS,1150,950,82.61
20,93,751HUDCO28,N5,1,1,100.00
20,94,753IRFC30,NJ,1,1,100.00
20,95,754GS2036,GS,529768,503334,95.01
20,96,754MH37,SG,100,100,100.00
20,97,754TS33,SG,1100,1100,100.00
20,98,757GJ32,SG,100,100,100.00
20,99,757GS2033,GS,1,1,100.00
20,100,760PFCL35,N3,78,78,100.00
20,101,762NTPC35F,ND,349,349,100.00
20,102,763GS2056,GS,5080,3180,62.60
20,103,764HUDCO31,N8,3,3,100.00
20,104,764IRFC31,NO,659,650,98.63
20,105,764MP34,SG,1100,1100,100.00
20,106,764NABAR31,N2,1026,1026,100.00
20,107,767AS33,SG,100,100,100.00
20,108,769HUDCO31,N9,10,10,100.00
20,109,769IGT28,NH,25,25,100.00
20,110,769NHAI31,NE,2440,2141,87.75
20,111,76NHAI31,NA,785,663,84.46
20,112,771GJ34,SG,500,500,100.00
20,113,771GS2066,GS,10806,10806,100.00
20,114,775AP29,SG,100,100,100.00
20,115,781RJ49,SG,200,200,100.00
20,116,783KL49,SG,100,100,100.00
20,117,788MP33,SG,100,100,100.00
20,118,78ABCL33,N1,3,3,100.00
20,119,795GS2032,GS,953,953,100.00
20,120,797IGT31,NL,202,200,99.01
20,121,797TS43,SG,100,100,100.00
20,122,79NHIT35,N1,1065,995,93.43
20,123,79NHIT40,N2,965,865,89.64
20,124,79NHIT47,N3,881,806,91.49
20,125,805NMC29,N1,23,23,100.00
20,126,805NMC31,N3,3,3,100.00
20,127,805NMC33,N5,1,1,100.00
20,128,805NMC35,N7,23,23,100.00
20,129,805NMC36,N8,23,23,100.00
20,130,807MH49,SG,100,100,100.00
20,131,810IRFC27,N2,265,265,100.00
20,132,81TCHF28,N8,53,53,100.00
20,133,820IIFL27,N9,1155,1155,100.00
20,134,824GS2027,GS,25,25,100.00
20,135,824GS2033,GS,50,50,100.00
20,136,826GS2027,GS,10,10,100.00
20,137,828GS2032,GS,2400,2000,83.33
20,138,82HUDCO27,N2,201,200,99.50
20,139,82IGT31,NJ,218,209,95.87
20,140,830NHAI27,N2,5788,5581,96.42
20,141,830PFCL27,N5,182,182,100.00
20,142,840CIFCL28,N4,50,50,100.00
20,143,842IIFL26,NL,45,45,100.00
20,144,84TCHF28,NA,2,2,100.00
20,145,850IIFL27,NA,100,100,100.00
20,146,860AEL28,NH,20,20,100.00
20,147,862AEL31,NM,11,11,100.00
20,148,865IIFL28,NS,180,160,88.89
20,149,865IIFL31,Y6,39,39,100.00
20,150,865IRFC29,NA,52,51,98.08
20,151,865LTF26,NN,145,128,88.28
20,152,871REC28,N9,495,495,100.00
20,153,873NTPC28,N5,1,1,100.00
20,154,875MOF27,N0,1,1,100.00
20,155,875NHAI29,N6,197,185,93.91
20,156,876HUDCO28,ND,723,715,98.89
20,157,879NHPC28,N5,49,49,100.00
20,158,888ECL28,N1,195,195,100.00
20,159,888IRFC29,NE,470,470,100.00
20,160,888NHB29,N5,134,134,100.00
20,161,888SCL25E,N4,18,18,100.00
20,162,890AEL31,NN,323,322,99.69
20,163,890SFIL23A,NZ,34,34,100.00
20,164,891IIFCL34,N4,2501,2500,99.96
20,165,891NTPC33,N6,911,736,80.79
20,166,892NHPC33,N6,305,305,100.00
20,167,892PFCL33,N8,143,143,100.00
20,168,897GS2030,GS,10600,10600,100.00
20,169,897MOFSL29,N4,10,10,100.00
20,170,8SMC29,N1,79,79,100.00
20,171,8SMC30,N2,290,290,100.00
20,172,901HUDCO34,NE,386,286,74.09
20,173,901NHB34,N6,30,30,100.00
20,174,903SFL28,YI,455,455,100.00
20,175,905LTF27,NF,3631,3276,90.22
20,176,910TCAP28,NA,242,201,83.06
20,177,915AEL28,NC,582,582,100.00
20,178,915APSBC31,N0,1,1,100.00
20,179,91D011026,TB,3000,3000,100.00
20,180,91D031226,TB,2500,1200,48.00
20,181,91D081026,TB,1000,1000,100.00
20,182,91D151026,TB,100,100,100.00
20,183,91D240926,TB,800,800,100.00
20,184,91D291026,TB,600,600,100.00
20,185,91MOFSL27,N2,10,10,100.00
20,186,920HFL30,N0,1,1,100.00
20,187,920ISF28,N0,68,68,100.00
20,188,925IHFL29,N1,300,300,100.00
20,189,925ISF28,N0,5,5,100.00
20,190,92GS2030,GS,1820,1820,100.00
20,191,92SFIL28,ND,6,6,100.00
20,192,930AEL30,NF,280,275,98.21
20,193,930APMD28,N0,4,4,100.00
20,194,930APMD29,N0,4,4,100.00
20,195,930APMD30,N0,10,10,100.00
20,196,930SFL28,YP,310,310,100.00
20,197,935LTF29,N5,85,80,94.12
20,198,935TSI30,N0,10,10,100.00
20,199,935TSIIC28,N0,3,3,100.00
20,200,93MOFSL34,N6,200,200,100.00
20,201,943ECL28,NJ,12,12,100.00
20,202,948SCL27D,N1,1,1,100.00
20,203,94SFL28,YL,90,90,100.00
20,204,950ISF27C,N0,10,10,100.00
20,205,956AEL29,N6,10,10,100.00
20,206,957ICCL25,YW,25,25,100.00
20,207,965AEL27,N4,40,40,100.00
20,208,965SCL25F,NZ,1246,998,80.10
20,209,96IIFL28,N5,584,483,82.71
20,210,96IIFL28A,NF,1171,983,83.95
20,211,970CAGL28,ND,166,166,100.00
20,212,971SCL28I,BC,12,11,91.67
20,213,975BNAL28,N0,10,10,100.00
20,214,975SCL29,N0,27,27,100.00
20,215,97MOFSL34,N7,270,180,66.67
20,216,985ECL28,NK,6,6,100.00
20,217,990SCL26B,Y7,5,5,100.00
20,218,995SCL2035,NM,24,24,100.00
20,219,99AEL29,N7,338,337,99.70
20,220,9AEL30,NE,20,20,100.00
20,221,9IIFL28A,NT,158,158,100.00
20,222,9PCPL28A,N0,16,16,100.00
20,223,9PFL31A,NA,1,1,100.00
20,224,A2ZINFRA,EQ,128009,80030,62.52
20,225,AAATECH,EQ,203794,77808,38.18
20,226,AADHARHFC,EQ,221612,137720,62.14
20,227,AAKAAR,SM,8000,8000,100.00
20,228,AAKASH,EQ,45636,33053,72.43
20,229,AARADHYA,ST,70800,70800,100.00
20,230,AAREYDRUGS,EQ,178022,122933,69.05
20,231,AARON,EQ,3825,2551,66.69
20,232,AARTIDRUGS,EQ,120340,54987,45.69
20,233,AARTIIND,EQ,315130,105167,33.37
20,234,AARTIPHARM,EQ,244047,96854,39.69
20,235,AARVI,EQ,6902,5492,79.57
20,236,AASTHA,EQ,223352,79562,35.62
20,237,AAVAS,EQ,36253,17247,47.57
20,238,ABANSENT,EQ,14334,11827,82.51
20,239,ABB,EQ,207124,97508,47.08
20,240,ABBOTINDIA,EQ,5141,2517,48.96
20,241,ABCAPITAL,EQ,2783223,1209460,43.46
20,242,ABCOTS,EQ,17379,9744,56.07
20,243,ABDL,EQ,560511,178592,31.86
20,244,ABFRL,EQ,2416858,928222,38.41
20,245,ABGSEC,EQ,39,37,94.87
20,246,ABH,SM,511200,312000,61.03
20,247,ABHAPOWER,SM,1600,1600,100.00
20,248,ABLBL,EQ,1289753,859833,66.67
20,249,ABMKNO,EQ,452,368,81.42
20,250,ABREL,EQ,85481,46562,54.47
20,251,ABSL10BANK,EQ,2339,478,20.44
20,252,ABSLAMC,EQ,206442,97724,47.34
20,253,ABSLBANETF,EQ,29639,25699,86.71
20,254,ABSLLIQUID,EQ,12180,11796,96.85
20,255,ABSLMSCIN,EQ,249,249,100.00
20,256,ABSLNN50ET,EQ,71455,37435,52.39
20,257,ABSLPSE,EQ,98835,64124,64.88
20,258,ABSMARINE,SM,80500,61500,76.40
20,259,ACC,EQ,67608,33021,48.84
20,260,ACCELYA,EQ,4835,3549,73.40
20,261,ACCENTMIC,SM,64000,48500,75.78
20,262,ACCPL,ST,38400,38400,100.00
20,263,ACE,EQ,685925,301681,43.98
20,264,ACEINTEG,EQ,1662,1085,65.28
20,265,ACGL,EQ,343,229,66.76
20,266,ACI,EQ,272058,115229,42.35
20,267,ACL,EQ,19853,14647,73.78
20,268,ACMESOLAR,EQ,1167673,374407,32.06
20,269,ACUTAAS,EQ,182520,94764,51.92
20,270,ADANIENSOL,EQ,1185354,620372,52.34
20,271,ADANIENT,EQ,588066,150181,25.54
20,272,ADANIGREEN,EQ,717317,214227,29.87
20,273,ADANIPORTS,EQ,791353,413777,52.29
20,274,ADANIPOWER,EQ,8794789,2640400,30.02
20,275,ADDICTIVE,SM,8000,7000,87.50
20,276,ADDIND,EQ,31,24,77.42
20,277,ADFFOODS,EQ,147251,77183,52.42
20,278,ADISOFT,SM,49600,32800,66.13
20,279,ADL,EQ,233,131,56.22
20,280,ADOR,EQ,26842,13573,50.57
20,281,ADROITINFO,EQ,20188,14576,72.20
20,282,ADSL,EQ,110089,40806,37.07
20,283,ADVAIT,EQ,21137,8904,42.13
20,284,ADVANCE,EQ,433813,302793,69.80
20,285,ADVANIHOTR,EQ,21911,19013,86.77
20,286,ADVENTHTL,EQ,108071,51020,47.21
20,287,ADVENZYMES,EQ,162477,110706,68.14
20,288,ADVIKCA,EQ,265847,195168,73.41
20,289,AEGISLOG,EQ,463629,140198,30.24
20,290,AEGISVOPAK,EQ,6087355,1460032,23.98
20,291,AEL1212026,NO,102,102,100.00
20,292,AEL12126,NI,6,6,100.00
20,293,AEL170725A,NG,155,155,100.00
20,294,AEL17725,NA,97,97,100.00
20,295,AEPL,EQ,34015,27553,81.00
20,296,AEQUS,EQ,3205408,1389044,43.33
20,297,AEROENTER,EQ,2191657,907754,41.42
20,298,AEROFLEX,EQ,2061953,656581,31.84
20,299,AERON,SM,7000,4000,57.14
20,300,AERONEU,EQ,11693,8289,70.89
20,301,AEROPLANE,EQ,119536,67881,56.79
20,302,AESTHETIK,SM,31000,30000,96.77
20,303,AETHER,EQ,134986,60245,44.63
20,304,AFCONS,EQ,8753901,1946290,22.23
20,305,AFFLE,EQ,83893,50795,60.55
20,306,AFFORDABLE,EQ,20592,11925,57.91
20,307,AFIL,EQ,221546,176380,79.61
20,308,AFSL,EQ,858,686,79.95
20,309,AGARIND,EQ,22218,10146,45.67
20,310,AGARWALEYE,EQ,157311,88556,56.29
20,311,AGARWALTUF,SM,93600,66000,70.51
20,312,AGI,EQ,78178,39866,50.99
20,313,AGIIL,EQ,335928,76505,22.77
20,314,AGL,EQ,2074548,1136734,54.79
20,315,AGNI,SM,25000,17500,70.00
20,316,AGRITECH,EQ,3472,1867,53.77
20,317,AGROPHOS,EQ,9662,6537,67.66
20,318,AHCL,EQ,49745313,9831682,19.76
20,319,AHLADA,EQ,41709,31563,75.67
20,320,AHLEAST,EQ,690,673,97.54
20,321,AHLUCONT,EQ,95504,43388,45.43
20,322,AIAENG,EQ,69100,29612,42.85
20,323,AIIL,EQ,130987,57276,43.73
20,324,AILIMITED,SM,6000,6000,100.00
20,325,AIMTRON,SM,122000,96000,78.69
20,326,AIRAN,EQ,104304,60093,57.61
20,327,AIROLAM,EQ,2352,1814,77.13
20,328,AJANTPHARM,EQ,97948,62487,63.80
20,329,AJAXENGG,EQ,29873,19566,65.50
20,330,AJMERA,EQ,279348,122307,43.78
20,331,AJOONI,EQ,297590,232576,78.15
20,332,AKANKSHA,SM,6000,5000,83.33
20,333,AKASH,EQ,417,392,94.00
20,334,AKCAPIT,EQ,888,694,78.15
20,335,AKG,EQ,26194,18737,71.53
20,336,AKIKO,SM,4800,3200,66.67
20,337,AKSHAR,EQ,436267,264376,60.60
20,338,AKUMS,EQ,216030,120626,55.84
20,339,ALANKIT,EQ,172109,128195,74.48
20,340,ALBERTDAVD,EQ,3661,2574,70.31
20,341,ALCODIS,SM,3125,1875,60.00
20,342,ALEMBICLTD,EQ,1416945,452768,31.95
20,343,ALFREDHE,EQ,1,1,100.00
20,344,ALGOQUANT,EQ,2084788,505227,24.23
20,345,ALICON,EQ,16078,6578,40.91
20,346,ALIVUS,EQ,72107,40698,56.44
20,347,ALKALI,EQ,6095,3878,63.63
20,348,ALKEM,EQ,231871,134787,58.13
20,349,ALKYLAMINE,EQ,26620,10040,37.72
20,350,ALLCARGO,EQ,7560793,2742876,36.28
20,351,ALLDIGI,EQ,8045,6250,77.69
20,352,ALLETEC,SM,4800,3600,75.00
20,353,ALLTIME,EQ,32467,11785,36.30
20,354,ALMONDZ,EQ,410059,258057,62.93
20,355,ALOKINDS,EQ,42844998,17028576,39.74
20,356,ALPA,EQ,24990,14242,56.99
20,357,ALPEXSOLAR,SM,52000,26300,50.58
20,358,ALPHA,EQ,786376,537068,68.30
20,359,ALPHAETF,EQ,738021,385831,52.28
20,360,ALPINETEX,EQ,117350,53670,45.73
20,361,ALPL30IETF,EQ,894010,752352,84.15
20,362,ALUFLUOR,EQ,2082,1449,69.60
20,363,ALUWIND,SM,66000,49500,75.00
20,364,AMAGI,EQ,368321,234098,63.56
20,365,AMAL,EQ,32741,22375,68.34
20,366,AMARJOTHI,EQ,1920,1527,79.53
20,367,AMBANIORGO,SM,8000,6000,75.00
20,368,AMBER,EQ,89317,19097,21.38
20,369,AMBICAAGAR,EQ,4346,3514,80.86
20,370,AMBIKCO,EQ,5724,3671,64.13
20,371,AMBUJACEM,EQ,1224906,634572,51.81
20,372,AMCL,SM,4000,4000,100.00
20,373,AMDIND,EQ,116979,43097,36.84
20,374,AMEYA,SM,6000,6000,100.00
20,375,AMIABLE,SM,3200,3200,100.00
20,376,AMJLAND,EQ,4662,4456,95.58
20,377,AMNPLST,EQ,1151,1009,87.66
20,378,AMRUTANJAN,EQ,12042,8333,69.20
20,379,ANANDRATHI,EQ,140743,80512,57.20
20,380,ANANTAM,IV,41760,41372,99.07
20,381,ANANTRAJ,EQ,1898147,427229,22.51
20,382,ANAWIL,SM,65200,48800,74.85
20,383,ANDHRAPAP,EQ,941028,445263,47.32
20,384,ANDHRSUGAR,EQ,163448,79771,48.81
20,385,ANDREWYU,EQ,88717,43206,48.70
20,386,ANGELONE,EQ,1881558,570280,30.31
20,387,ANIKINDS,EQ,6453,4855,75.24
20,388,ANLON,SM,8800,7600,86.36
20,389,ANNAPURNA,EQ,17463,11229,64.30
20,390,ANNU,EQ,2867305,1315300,45.87
20,391,ANONDITA,SM,105800,63600,60.11
20,392,ANSALBU,EQ,138,137,99.28
20,393,ANTELOPUS,EQ,1030058,131080,12.73
20,394,ANTGRAPHIC,EQ,116313,90246,77.59
20,395,ANTHEM,EQ,460389,233289,50.67
20,396,ANUHPHR,EQ,322234,121198,37.61
20,397,ANUP,EQ,19786,10470,52.92
20,398,ANURAS,EQ,277685,133980,48.25
20,399,ANYA,SM,20000,20000,100.00
20,400,AONEGOLD,EQ,439629,181507,41.29
20,401,AONELIQUID,EQ,14434,8921,61.81
20,402,AONENIFTY,EQ,87123,74688,85.73
20,403,AONESILVER,EQ,354829,198140,55.84
20,404,AONETMMQ50,EQ,69955,43275,61.86
20,405,AONETOTAL,EQ,105305,75644,71.83
20,406,APARINDS,EQ,195609,85820,43.87
20,407,APCL,EQ,6783,4906,72.33
20,408,APCOTEXIND,EQ,78910,46368,58.76
20,409,APEX,EQ,49573,18772,37.87
20,410,APEXECO,ST,11200,8800,78.57
20,411,APLAPOLLO,EQ,335858,136391,40.61
20,412,APLLTD,EQ,392626,84791,21.60
20,413,APOLLO,EQ,5478975,1271818,23.21
20,414,APOLLOHOSP,EQ,191301,126532,66.14
20,415,APOLLOPIPE,EQ,316591,140564,44.40
20,416,APOLLOTYRE,EQ,887926,495649,55.82
20,417,APOLSINHOT,EQ,372,329,88.44
20,418,APOORVA,EQ,192,182,94.79
20,419,APRAMEYA,SM,6500,6000,92.31
20,420,APS,SM,7000,5500,78.57
20,421,APSISAERO,ST,4800,4800,100.00
20,422,APTUS,EQ,1187149,685544,57.75
20,423,AQYLON,EQ,442716,262714,59.34
20,424,ARCHIDPLY,EQ,4107,2395,58.32
20,425,ARCHIES,EQ,2882,2115,73.39
20,426,ARCIIL,SM,15000,11000,73.33
20,427,ARCIL,EQ,31012257,17444773,56.25
20,428,ARCL,EQ,2875,1881,65.43
20,429,ARDEE,EQ,3049502,1115257,36.57
20,430,ARE&M,EQ,610101,327432,53.67
20,431,ARENTERP,EQ,1452,630,43.39
20,432,ARFIN,EQ,1169295,364740,31.19
20,433,ARHAM,SM,40000,22000,55.00
20,434,ARIHANT,EQ,9571,8279,86.50
20,435,ARIHANTACA,SM,31600,31600,100.00
20,436,ARIHANTCAP,EQ,174109,84905,48.77
20,437,ARIHANTSUP,EQ,4549,3825,84.08
20,438,ARIS,EQ,3458491,1459545,42.20
20,439,ARKADE,EQ,465763,101593,21.81
20,440,ARMANFIN,EQ,20680,9261,44.78
20,441,ARMOUR,ST,6000,6000,100.00
20,442,AROGRANITE,EQ,3094,2095,67.71
20,443,ARROWGREEN,EQ,57165,28369,49.63
20,444,ARSSBL,EQ,145422,72215,49.66
20,445,ARTEMISMED,EQ,283121,120667,42.62
20,446,ARTNIRMAN,EQ,553,540,97.65
20,447,ARVEE,EQ,3058,1599,52.29
20,448,ARVIND,EQ,826176,363097,43.95
20,449,ARVINDFASN,EQ,160096,86465,54.01
20,450,ARVINDPORT,SM,57000,54000,94.74
20,451,ARVSMART,EQ,32980,17005,51.56
20,452,ARYAMAN,EQ,38,38,100.00
20,453,ASAHIINDIA,EQ,44007,21285,48.37
20,454,ASAL,EQ,6067,3293,54.28
20,455,ASALCBR,EQ,12411,6750,54.39
20,456,ASCOM,SM,3000,3000,100.00
20,457,ASHALOG,SM,4000,4000,100.00
20,458,ASHAPURMIN,EQ,229538,96377,41.99
20,459,ASHIANA,EQ,30671,20194,65.84
20,460,ASHIMASYN,EQ,185375,168619,90.96
20,461,ASHOKA,EQ,515340,227323,44.11
20,462,ASHOKAMET,EQ,123392,65324,52.94
20,463,ASHOKLEY,EQ,8725516,3411438,39.10
20,464,ASHUTOSH,ST,142800,130800,91.60
20,465,ASHWINI,SM,3000,3000,100.00
20,466,ASIANENE,EQ,272757,99712,36.56
20,467,ASIANHOTNR,EQ,8769,5532,63.09
20,468,ASIANPAINT,EQ,486007,299291,61.58
20,469,ASIANTILES,EQ,1588966,638076,40.16
20,470,ASIANTNE,EQ,11943,7931,66.41
20,471,ASKAUTOLTD,EQ,154115,66033,42.85
20,472,ASPINWALL,EQ,25,17,68.00
20,473,ASSAMENT,EQ,7,6,85.71
20,474,ASTAR,EQ,1394,981,70.37
20,475,ASTEC,EQ,994540,79707,8.01
20,476,ASTERDM,EQ,634636,343004,54.05
20,477,ASTRAL,EQ,473351,254570,53.78
20,478,ASTRAMICRO,EQ,186113,111342,59.82
20,479,ASTRAZEN,EQ,2004,834,41.62
20,480,ATALREAL,EQ,11339363,4283137,37.77
20,481,ATAM,EQ,40892,23480,57.42
20,482,ATCENERGY,ST,1200,1200,100.00
20,483,ATGL,EQ,373871,110359,29.52
20,484,ATHERENERG,EQ,2513489,684450,27.23
20,485,ATL,EQ,139820,48050,34.37
20,486,ATLANTAA,EQ,20250,17046,84.18
20,487,ATLANTAELE,EQ,91935,40438,43.99
20,488,ATLASCYCLE,EQ,14880,9178,61.68
20,489,ATLPP,E1,7784,7037,90.40
20,490,ATMASTCO,SM,20000,16000,80.00
20,491,ATUL,EQ,26048,15655,60.10
20,492,ATULAUTO,EQ,52150,26394,50.61
20,493,AUBANK,EQ,770876,401954,52.14
20,494,AUGMONT,EQ,441991,164501,37.22
20,495,AURIONPRO,EQ,83799,45671,54.50
20,496,AUROIMPEX,SM,4800,4800,100.00
20,497,AUROPHARMA,EQ,758827,320038,42.18
20,498,AURUM,EQ,67079,51136,76.23
20,499,AURUS,EQ,24075,16804,69.80
20,500,AUSOMENT,EQ,259,211,81.47
20,501,AUSTENG,EQ,4765,2556,53.64
20,502,AUTOAXLES,EQ,5723,4432,77.44
20,503,AUTOBEES,EQ,144505,61126,42.30
20,504,AUTOIETF,EQ,752124,570608,75.87
20,505,AUTOIND,EQ,100703,54097,53.72
20,506,AVADHSUGAR,EQ,55363,28576,51.62
20,507,AVALON,EQ,364163,117275,32.20
20,508,AVANA,ST,10000,10000,100.00
20,509,AVANCE,EQ,4211615,2230715,52.97
20,510,AVANTEL,EQ,714144,311572,43.63
20,511,AVANTIFEED,EQ,197289,79069,40.08
20,512,AVATAR,ST,2000,2000,100.00
20,513,AVIANSH,SM,2000,2000,100.00
20,514,AVIENCE,SM,49200,30000,60.98
20,515,AVL,EQ,68801,33971,49.38
20,516,AVONMORE,EQ,703372,414120,58.88
20,517,AVPINFRA,SM,17600,10400,59.09
20,518,AVROIND,EQ,106822,61584,57.65
20,519,AVTNPL,EQ,54208,25402,46.86
20,520,AWFIS,EQ,363518,150052,41.28
20,521,AWHCL,EQ,5932053,184658,3.11
20,522,AWL,EQ,2242291,469114,20.92
20,523,AXISBANK,EQ,4413665,2525022,57.21
20,524,AXISCADES,EQ,443978,201487,45.38
20,525,AXITA,EQ,347239,110643,31.86
20,526,AXTEL,EQ,10817,8134,75.20
20,527,AYE,EQ,727376,280261,38.53
20,528,AYMSYNTEX,EQ,97359,51718,53.12
20,529,AZAD,EQ,423182,162570,38.42
20,530,AZADIND,EQ,13237,3811,28.79
20,531,BABAFP,SM,3200,3200,100.00
20,532,BAGDIGITAL,SM,11200,4800,42.86
20,533,BAGFILMS,EQ,20056,12470,62.18
20,534,BAGMANE,RR,1138404,1005669,88.34
20,535,BAHETI,SM,33750,26625,78.89
20,536,BAIDFIN,EQ,64450,56739,88.04
20,537,BAJAJ-AUTO,EQ,129351,61710,47.71
20,538,BAJAJCON,EQ,304161,144241,47.42
20,539,BAJAJELEC,EQ,51365,24104,46.93
20,540,BAJAJFINSV,EQ,460650,235918,51.21
20,541,BAJAJHCARE,EQ,140433,60862,43.34
20,542,BAJAJHFL,EQ,1561540,787447,50.43
20,543,BAJAJHIND,EQ,12639678,3322823,26.29
20,544,BAJAJHLDNG,EQ,29620,16293,55.01
20,545,BAJAJINDEF,EQ,9241,6515,70.50
20,546,BAJAJST,EQ,2569,1524,59.32
20,547,BAJEL,EQ,129667,61396,47.35
20,548,BAJFINANCE,EQ,4816547,2797889,58.09
20,549,BALAJEE,EQ,37507,23606,62.94
20,550,BALAJIPHOS,SM,6000,6000,100.00
20,551,BALAJITELE,EQ,500126,201368,40.26
20,552,BALAMINES,EQ,86181,30240,35.09
20,553,BALAXI,EQ,24054,16100,66.93
20,554,BALKRISHNA,EQ,5403,3627,67.13
20,555,BALKRISIND,EQ,216828,141797,65.40
20,556,BALMLAWRIE,EQ,73935,39533,53.47
20,557,BALPHARMA,EQ,40561,19485,48.04
20,558,BALRAMCHIN,EQ,715266,146789,20.52
20,559,BALUFORGE,EQ,836714,290776,34.75
20,560,BANARBEADS,EQ,1036,768,74.13
20,561,BANARISUG,EQ,1049,300,28.60
20,562,BANCOINDIA,EQ,68674,34188,49.78
20,563,BANDHANBNK,EQ,4150818,1910476,46.03
20,564,BANG,EQ,21817,11663,53.46
20,565,BANK10ADD,EQ,4466,3010,67.40
20,566,BANK10BETF,EQ,12244,9900,80.86
20,567,BANKA,EQ,801,671,83.77
20,568,BANKADD,EQ,4145,1454,35.08
20,569,BANKBARODA,EQ,4576908,1787855,39.06
20,570,BANKBEES,EQ,514509,261015,50.73
20,571,BANKBETA,EQ,1751884,1732533,98.90
20,572,BANKBETF,EQ,4493,2849,63.41
20,573,BANKETF,EQ,22817,4999,21.91
20,574,BANKIETF,EQ,2307654,1785262,77.36
20,575,BANKINDIA,EQ,9976048,5322494,53.35
20,576,BANKNIFTY1,EQ,1798682,1733597,96.38
20,577,BANKPSU,EQ,17015,4780,28.09
20,578,BANSALWIRE,EQ,50724,27302,53.82
20,579,BANSWRAS,EQ,37647,28946,76.89
20,580,BARFLEX,SM,12000,6000,50.00
20,581,BASF,EQ,16853,8552,50.74
20,582,BASILIC,SM,10500,6600,62.86
20,583,BATAINDIA,EQ,74321,37615,50.61
20,584,BATLIBOI,EQ,91874,58585,63.77
20,585,BAYERCROP,EQ,15646,8456,54.05
20,586,BBETF0432,EQ,998,972,97.39
20,587,BBL,EQ,11869,6438,54.24
20,588,BBNPNBETF,EQ,3324,3235,97.32
20,589,BBNPPGOLD,EQ,2777,1470,52.93
20,590,BBOX,EQ,299744,104897,35.00
20,591,BBTC,EQ,29801,17340,58.19
20,592,BBTCL,EQ,11723,8762,74.74
20,593,BCG,EQ,4853153,2014949,41.52
20,594,BCLIND,EQ,411663,198230,48.15
20,595,BCONCEPTS,EQ,5383,4261,79.16
20,596,BCPL,EQ,3529,2855,80.90
20,597,BDL,EQ,677240,173759,25.66
20,598,BEARDSELL,EQ,15138,11037,72.91
20,599,BECTORFOOD,EQ,795197,300854,37.83
20,600,BEDMUTHA,EQ,3110,2931,94.24
20,601,BEEKAY,EQ,1515,1053,69.50
20,602,BEL,EQ,7820077,3674207,46.98
20,603,BELLACASA,EQ,12720,7732,60.79
20,604,BELRISE,EQ,1753104,680566,38.82
20,605,BEML,EQ,340871,91424,26.82
20,606,BENARAS,EQ,60,40,66.67
20,607,BENGALASM,EQ,97,83,85.57
20,608,BEPL,EQ,1163018,598294,51.44
20,609,BERGEPAINT,EQ,443456,260202,58.68
20,610,BESTAGRO,EQ,276646,164197,59.35
20,611,BETA,EQ,12237,7102,58.04
20,612,BEWLTD,SM,70000,67500,96.43
20,613,BFINVEST,EQ,6998,4290,61.30
20,614,BFSI,EQ,77632,46562,59.98
20,615,BFUTILITIE,EQ,36882,13819,37.47
20,616,BHADORA,ST,16800,15600,92.86
20,617,BHAGCHEM,EQ,21308,13319,62.51
20,618,BHAGYANGR,EQ,66357,54662,82.38
20,619,BHANDARI,EQ,147723,135896,91.99
20,620,BHARATCOAL,EQ,2923304,1528270,52.28
20,621,BHARATFORG,EQ,522135,233300,44.68
20,622,BHARATRAS,EQ,5205,2185,41.98
20,623,BHARATSE,EQ,129883,36907,28.42
20,624,BHARATWIRE,EQ,195420,126103,64.53
20,625,BHARTIARTL,EQ,4368285,2831487,64.82
20,626,BHARTIHEXA,EQ,82494,50451,61.16
20,627,BHEL,EQ,8684564,2586703,29.79
20,628,BIGBLOC,EQ,27779,17869,64.33
20,629,BIKAJI,EQ,51835,25648,49.48
20,630,BIKEWO,ST,112000,104000,92.86
20,631,BIL,EQ,7093,4260,60.06
20,632,BIMETAL,EQ,171,142,83.04
20,633,BIOCON,EQ,3043285,1730882,56.88
20,634,BIOFILCHEM,EQ,16709,8680,51.95
20,635,BIOPOL,SM,19200,15600,81.25
20,636,BIRET,RR,257357,202456,78.67
20,637,BIRLACABLE,EQ,431704,211480,48.99
20,638,BIRLACORPN,EQ,39164,21615,55.19
20,639,BIRLAMONEY,EQ,17513,11324,64.66
20,640,BIRLANU,EQ,4372,2784,63.68
20,641,BLACKBUCK,EQ,549356,265219,48.28
20,642,BLAL,EQ,9540,7098,74.40
20,643,BLBLIMITED,EQ,202164,155461,76.90
20,644,BLEL,EQ,530677,139294,26.25
20,645,BLIL,EQ,64913,50709,78.12
20,646,BLKASHYAP,EQ,468020,289221,61.80
20,647,BLS,EQ,413806,174154,42.09
20,648,BLSE,EQ,116886,65332,55.89
20,649,BLUECLOUDS,EQ,543486,276367,50.85
20,650,BLUECOAST,EQ,1021,902,88.34
20,651,BLUEDART,EQ,7139,3580,50.15
20,652,BLUEJET,EQ,546795,314605,57.54
20,653,BLUEPEBBLE,SM,1600,1200,75.00
20,654,BLUESTARCO,EQ,517440,210119,40.61
20,655,BLUESTONE,EQ,638636,120516,18.87
20,656,BLUEWATER,ST,10000,10000,100.00
20,657,BLUSPRING,EQ,356061,161735,45.42
20,658,BMETRICS,SM,2400,2400,100.00
20,659,BMLL,SM,23000,17000,73.91
20,660,BMWVENTLTD,EQ,139313,98766,70.90
20,661,BNAGROCHEM,EQ,757,568,75.03
20,662,BNKETFAXIS,EQ,592,223,37.67
20,663,BODALCHEM,EQ,2362229,995487,42.14
20,664,BOHRAIND,EQ,12551,4534,36.12
20,665,BOMDYEING,EQ,290843,107119,36.83
20,666,BONLON,EQ,19642,13206,67.23
20,667,BORANA,EQ,29492,21357,72.42
20,668,BOROLTD,EQ,111949,45221,40.39
20,669,BORORENEW,EQ,947704,451777,47.67
20,670,BOROSCI,EQ,34041,18423,54.12
20,671,BOSCH-HCIL,EQ,9583,6161,64.29
20,672,BOSCHLTD,EQ,17379,7503,43.17
20,673,BOSS,ST,4000,4000,100.00
20,674,BPCL,EQ,3005596,1488847,49.54
20,675,BPL,EQ,28147,18832,66.91
20,676,BPLPHARMA,EQ,32,26,81.25
20,677,BRACEPORT,SM,6400,4800,75.00
20,678,BRAHMINFRA,EQ,12592,9017,71.61
20,679,BRANDMAN,SM,1600,1600,100.00
20,680,BRIGADE,EQ,260372,128435,49.33
20,681,BRIGHOTEL,EQ,121720,78939,64.85
20,682,BRIGHTBR,EQ,472,452,95.76
20,683,BRITANNIA,EQ,308669,183556,59.47
20,684,BRNL,EQ,13206,9998,75.71
20,685,BROOKS,EQ,27597,21381,77.48
20,686,BSE,EQ,2770028,939357,33.91
20,687,BSE500IETF,EQ,79176,58171,73.47
20,688,BSHSL,EQ,5728,3285,57.35
20,689,BSL,EQ,641,629,98.13
20,690,BSLGOLDETF,EQ,290109,231084,79.65
20,691,BSLNIFTY,EQ,989867,720026,72.74
20,692,BSLSENETFG,EQ,17545,9376,53.44
20,693,BSOFT,EQ,1029959,451552,43.84
20,694,BTML,EQ,1256315,349891,27.85
20,695,BUILDPRO,EQ,18237,13033,71.46
20,696,BULKCORP,ST,1200,1200,100.00
20,697,BUTTERFLY,EQ,9658,5722,59.25
20,698,BVCL,EQ,11268,8844,78.49
20,699,C2C,SM,58650,32550,55.50
20,700,CAMLINFINE,EQ,1064616,524203,49.24
20,701,CAMPUS,EQ,269576,119786,44.43
20,702,CAMS,EQ,1304374,683743,52.42
20,703,CANARYS,SM,60000,40000,66.67
20,704,CANBK,EQ,11099833,3256560,29.34
20,705,CANFINHOME,EQ,186251,136135,73.09
20,706,CANHLIFE,EQ,363145,178715,49.21
20,707,CANTABIL,EQ,147281,69161,46.96
20,708,CAPACITE,EQ,206508,92695,44.89
20,709,CAPILLARY,EQ,121509,69972,57.59
20,710,CAPINVIT,IV,153603,128948,83.95
20,711,CAPITALSFB,EQ,15202,8834,58.11
20,712,CAPLIPOINT,EQ,68353,21076,30.83
20,713,CARBORUNIV,EQ,226913,123678,54.50
20,714,CARERATING,EQ,22029,9676,43.92
20,715,CARRARO,EQ,357858,313368,87.57
20,716,CARTRADE,EQ,196278,59536,30.33
20,717,CARYSIL,EQ,41001,24533,59.84
20,718,CASHIETF,EQ,228889,199050,86.96
20,719,CASTROLIND,EQ,4924285,2795237,56.76
20,720,CBAZAAR,SM,8000,8000,100.00
20,721,CCAVENUE,EQ,46480923,12242576,26.34
20,722,CCCL,EQ,223283,165516,74.13
20,723,CCHHL,EQ,13409,10822,80.71
20,724,CCL,EQ,112984,66780,59.11
20,725,CDSL,EQ,1823018,482757,26.48
20,726,CEATLTD,EQ,117834,54307,46.09
20,727,CEDAAR,ST,12000,11000,91.67
20,728,CEIGALL,EQ,283457,155609,54.90
20,729,CEINSYS,EQ,95879,21249,22.16
20,730,CELEBRITY,EQ,9287,6983,75.19
20,731,CELLECOR,SM,534000,486000,91.01
20,732,CELLO,EQ,146537,74055,50.54
20,733,CEMNTGROWW,EQ,68805,57077,82.95
20,734,CEMPRO,EQ,131962,69078,52.35
20,735,CENTENKA,EQ,30676,16997,55.41
20,736,CENTEXT,EQ,213144,128106,60.10
20,737,CENTRALBK,EQ,4138533,1683543,40.68
20,738,CENTRUM,EQ,115717,60593,52.36
20,739,CENTUM,EQ,62333,24655,39.55
20,740,CENTURYPLY,EQ,9957,4214,42.32
20,741,CERA,EQ,3685,2302,62.47
20,742,CESC,EQ,1220274,683059,55.98
20,743,CEWATER,EQ,42259,21340,50.50
20,744,CGCL,EQ,2591024,927566,35.80
20,745,CGPOWER,EQ,2342568,448670,19.15
20,746,CGRAPHICS,SM,10400,8800,84.62
20,747,CGVAK,EQ,271,182,67.16
20,748,CHALET,EQ,28195,8713,30.90
20,749,CHAMBLFERT,EQ,261042,124128,47.55
20,750,CHAMUNDA,SM,6000,6000,100.00
20,751,CHANDAN,SM,36800,25600,69.57
20,752,CHAVDA,SM,9000,7000,77.78
20,753,CHEMBOND,EQ,10490,5453,51.98
20,754,CHEMCRUX,EQ,1924,1572,81.70
20,755,CHEMFAB,EQ,2925,2230,76.24
20,756,CHEMICAL,EQ,271437,157551,58.04
20,757,CHEMPLASTS,EQ,164603,75645,45.96
20,758,CHENNPETRO,EQ,1890830,454003,24.01
20,759,CHETANA,SM,3200,3200,100.00
20,760,CHEVIOT,EQ,611,471,77.09
20,761,CHOICEGOLD,EQ,4383,2194,50.06
20,762,CHOICEIN,EQ,500717,60480,12.08
20,763,CHOLAFIN,EQ,1802374,1169318,64.88
20,764,CHOLAHLDNG,EQ,250938,136153,54.26
20,765,CIEINDIA,EQ,280016,170185,60.78
20,766,CIFL,EQ,422331,324379,76.81
20,767,CINELINE,EQ,22444,15050,67.06
20,768,CINEVISTA,EQ,12684,8325,65.63
20,769,CIPLA,EQ,730653,424081,58.04
20,770,CITIUSINVT,IV,19986,17812,89.12
20,771,CKKRETAIL,SM,116000,40000,34.48
20,772,CLASSICEIL,SM,1600,1600,100.00
20,773,CLAYCRAFT,SM,56400,48600,86.17
20,774,CLEAN,EQ,138156,50022,36.21
20,775,CLEANMAX,EQ,131355,49033,37.33
20,776,CLEDUCATE,EQ,7972,6553,82.20
20,777,CLSEL,EQ,57992,26928,46.43
20,778,CLSL,ST,6000,6000,100.00
20,779,CMLL,EQ,201349,105807,52.55
20,780,CMNL,SM,1500,750,50.00
20,781,CMPDI,EQ,1543775,775064,50.21
20,782,CMRGREEN,EQ,158680,73890,46.57
20,783,CMRSL,SM,800,800,100.00
20,784,CMSINFO,EQ,818063,357787,43.74
20,785,CNL,EQ,9593,4176,43.53
20,786,COALINDIA,EQ,3329425,2164661,65.02
20,787,COASTCORP,EQ,161397,93780,58.11
20,788,COCHINSHIP,EQ,778679,204463,26.26
20,789,COCKERILL,EQ,4903,2233,45.54
20,790,COFFEEDAY,EQ,365413,261705,71.62
20,791,COFORGE,EQ,1305465,561809,43.04
20,792,COHANCE,EQ,1164491,623436,53.54
20,793,COLPAL,EQ,416358,215425,51.74
20,794,COMFINTE,EQ,124549,102180,82.04
20,795,COMMOIETF,EQ,23268,10993,47.25
20,796,COMPEAU,EQ,541,513,94.82
20,797,COMPUSOFT,EQ,21394,20537,95.99
20,798,COMSYN,EQ,117045,48749,41.65
20,799,CONCOR,EQ,791185,367486,46.45
20,800,CONCORDBIO,EQ,84587,49860,58.95
20,801,CONFIPET,EQ,1445669,569896,39.42
20,802,CONNPLEX,SM,51200,39200,76.56
20,803,CONS,EQ,16325,14994,91.85
20,804,CONSUMAXIS,EQ,260,115,44.23
20,805,CONSUMBEES,EQ,57414,32219,56.12
20,806,CONSUMER,EQ,90035,58787,65.29
20,807,CONSUMIETF,EQ,13540,7160,52.88
20,808,CONTI,SM,9999,9999,100.00
20,809,CONTROLPR,EQ,104231,43174,41.42
20,810,COOLCAPS,SM,157500,133750,84.92
20,811,CORALFINAC,EQ,7851,7629,97.17
20,812,CORDELIA,EQ,1309194,748140,57.15
20,813,CORDSCABLE,EQ,101846,45604,44.78
20,814,COROMANDEL,EQ,120177,70095,58.33
20,815,CORONA,EQ,13543,5551,40.99
20,816,COSMOFIRST,EQ,36388,18924,52.01
20,817,CPCAP,EQ,12304,8880,72.17
20,818,CPEDU,EQ,2021,1877,92.87
20,819,CPL,EQ,118614,9124,7.69
20,820,CPPLUS,EQ,432389,300916,69.59
20,821,CPSEETF,EQ,481374,275385,57.21
20,822,CRAFTSMAN,EQ,24056,10555,43.88
20,823,CRAMC,EQ,203836,106243,52.12
20,824,CRAVATEX,EQ,2104,1561,74.19
20,825,CRAYONS,SM,1000,1000,100.00
20,826,CREATIVEYE,EQ,19166,15648,81.64
20,827,CREDENT,SM,57000,41400,72.63
20,828,CREDITACC,EQ,175621,73950,42.11
20,829,CREST,EQ,1809,1581,87.40
20,830,CRESTO,EQ,4460,4150,93.05
20,831,CRISIL,EQ,19492,10084,51.73
20,832,CRIZAC,EQ,120353,69412,57.67
20,833,CROMPTON,EQ,1444471,802730,55.57
20,834,CROWN,EQ,5857,4628,79.02
20,835,CSBBANK,EQ,1959318,446104,22.77
20,836,CSLFINANCE,EQ,35051,11103,31.68
20,837,CSM,EQ,1734949,422569,24.36
20,838,CSSL,SM,1000,1000,100.00
20,839,CUB,EQ,2026127,550330,27.16
20,840,CUBEINVIT,IV,808926,791301,97.82
20,841,CUBEXTUB,EQ,244471,131511,53.79
20,842,CUMMINSIND,EQ,255287,147670,57.84
20,843,CUPID,EQ,5922526,2032143,34.31
20,844,CURAA,EQ,784,296,37.76
20,845,CURIS,ST,8000,8000,100.00
20,846,CURRENT,SM,1600,1600,100.00
20,847,CYIENT,EQ,332526,155288,46.70
20,848,CYIENTDLM,EQ,1059462,279277,26.36
20,849,DABUR,EQ,1528427,849589,55.59
20,850,DALBHARAT,EQ,43925,22506,51.24
20,851,DALMIASUG,EQ,100692,40369,40.09
20,852,DAMCAPITAL,EQ,188242,106613,56.64
20,853,DANGEE,EQ,20661,19393,93.86
20,854,DANISH,SM,51450,43800,85.13
20,855,DATAMATICS,EQ,46308,20251,43.73
20,856,DATAPATTNS,EQ,763376,133376,17.47
20,857,DAVANGERE,EQ,6845783,3300999,48.22
20,858,DBCORP,EQ,49962,31297,62.64
20,859,DBEIL,EQ,955845,673082,70.42
20,860,DBL,EQ,98310,44446,45.21
20,861,DBOL,EQ,88246,44816,50.79
20,862,DBREALTY,EQ,596249,292170,49.00
20,863,DCAL,EQ,151115,62109,41.10
20,864,DCBBANK,EQ,911516,485826,53.30
20,865,DCG,ST,28800,26400,91.67
20,866,DCI,EQ,360736,112561,31.20
20,867,DCM,EQ,4988,4499,90.20
20,868,DCMFINSERV,EQ,18526,11232,60.63
20,869,DCMNVL,EQ,4858,3834,78.92
20,870,DCMSHRIRAM,EQ,36399,19252,52.89
20,871,DCMSIL,EQ,59054,38902,65.88
20,872,DCMSRIND,EQ,159937,92892,58.08
20,873,DCW,EQ,1193147,528051,44.26
20,874,DCXINDIA,EQ,231939,98326,42.39
20,875,DDEVPLSTIK,EQ,43806,20142,45.98
20,876,DECCANCE,EQ,6438,3313,51.46
20,877,DECCANTRAN,SM,4800,4800,100.00
20,878,DECNGOLD,EQ,812361,374939,46.15
20,879,DEEDEV,EQ,200827,115717,57.62
20,880,DEEM,ST,3000,3000,100.00
20,881,DEEP,EQ,56971,27187,47.72
20,882,DEEPA,EQ,1418179,375841,26.50
20,883,DEEPAKFERT,EQ,146116,67859,46.44
20,884,DEEPAKNTR,EQ,90904,46638,51.30
20,885,DEEPINDS,EQ,219051,90204,41.18
20,886,DEFENCE,EQ,270552,188581,69.70
20,887,DELAPLEX,SM,10200,7200,70.59
20,888,DELHIVERY,EQ,2714899,1602661,59.03
20,889,DELTACORP,EQ,1571230,634779,40.40
20,890,DELTAMAGNT,EQ,2414,2140,88.65
20,891,DEN,EQ,297043,184643,62.16
20,892,DENEERS,SM,13800,3600,26.09
20,893,DENORA,EQ,2752,1912,69.48
20,894,DENTA,EQ,124142,34875,28.09
20,895,DENTALKART,SM,32000,29000,90.63
20,896,DEVIT,EQ,7652,5407,70.66
20,897,DEVX,EQ,24692,13288,53.82
20,898,DEVYANI,EQ,1853364,1021775,55.13
20,899,DGCONTENT,EQ,3696,2255,61.01
20,900,DHAMPURSUG,EQ,487682,212679,43.61
20,901,DHANBANK,EQ,748677,416607,55.65
20,902,DHANLAXMI,SM,4000,4000,100.00
20,903,DHANSA,ST,12000,12000,100.00
20,904,DHANUKA,EQ,27903,22094,79.18
20,905,DHARARAIL,ST,1000,1000,100.00
20,906,DHARIWAL,SM,117000,99000,84.62
20,907,DHARMAJ,EQ,39925,34563,86.57
20,908,DHATRE,EQ,26732,22253,83.24
20,909,DHOOTTRANS,EQ,3305916,644886,19.51
20,910,DHRUV,EQ,7345,5187,70.62
20,911,DHUNINV,EQ,177,143,80.79
20,912,DIAMINESQ,EQ,1691,1119,66.17
20,913,DIAMONDYD,EQ,5714,3737,65.40
20,914,DICIND,EQ,11357,6930,61.02
20,915,DIFFNKG,EQ,67958,34023,50.06
20,916,DIGIDRIVE,EQ,9383,8325,88.72
20,917,DIGIKORE,SM,8400,5600,66.67
20,918,DIGISPICE,EQ,119422,87455,73.23
20,919,DIGITIDE,EQ,186290,98684,52.97
20,920,DISAQ,EQ,108,73,67.59
20,921,DISHTV,EQ,2655635,2280913,85.89
20,922,DIVGIITTS,EQ,57718,32060,55.55
20,923,DIVIDEND,EQ,3816,2645,69.31
20,924,DIVINEHIRA,ST,4800,4800,100.00
20,925,DIVISLAB,EQ,494167,323591,65.48
20,926,DIVOPPBEES,EQ,16908,8958,52.98
20,927,DIVYADHAN,ST,4000,4000,100.00
20,928,DIXON,EQ,267254,86092,32.21
20,929,DJML,EQ,63008,41427,65.75
20,930,DLF,EQ,2478290,972373,39.24
20,931,DLINKINDIA,EQ,50547,25681,50.81
20,932,DMART,EQ,381790,221480,58.01
20,933,DMCC,EQ,58131,24049,41.37
20,934,DNAMEDIA,EQ,124141,77821,62.69
20,935,DODLA,EQ,16501,10534,63.84
20,936,DOLATALGO,EQ,122905,60086,48.89
20,937,DOLLAR,EQ,53788,29093,54.09
20,938,DOLLEX,EQ,14097,11381,80.73
20,939,DOLPHIN,EQ,54699,24010,43.89
20,940,DOMS,EQ,36511,19955,54.65
20,941,DONEAR,EQ,4764,3532,74.14
20,942,DPABHUSHAN,EQ,6301,3102,49.23
20,943,DPEL,SM,30500,27000,88.52
20,944,DRAGARWQ,EQ,731,316,43.23
20,945,DRCSYSTEMS,EQ,33189,27402,82.56
20,946,DREAMFOLKS,EQ,32550,24017,73.78
20,947,DREDGECORP,EQ,40542,17911,44.18
20,948,DRONE,SM,7500,6000,80.00
20,949,DRREDDY,EQ,2311932,1117513,48.34
20,950,DSSL,EQ,36151,15104,41.78
20,951,DUCOL,SM,8000,7200,90.00
20,952,DUCON,EQ,20370565,14147414,69.45
20,953,DURLAX,SM,84000,42000,50.00
20,954,DVL,EQ,6063,3496,57.66
20,955,DWARKESH,EQ,1708233,473401,27.71
20,956,DYCL,EQ,333427,111766,33.52
20,957,DYNAMATECH,EQ,22275,8176,36.70
20,958,DYNAMIC,ST,20000,19000,95.00
20,959,DYNPRO,EQ,972,510,52.47
20,960,E2ERAIL,SM,57600,35200,61.11
20,961,EASEMYTRIP,EQ,10391902,3506588,33.74
20,962,EASTWEST,EQ,156787,107811,68.76
20,963,EBANK10,EQ,3478,3120,89.71
20,964,EBANKNIFTY,EQ,519,420,80.92
20,965,EBBETF0430,EQ,7020,5562,79.23
20,966,EBBETF0431,EQ,3663,3426,93.53
20,967,EBBETF0433,EQ,3052,1757,57.57
20,968,EBGNG,EQ,529510,208605,39.40
20,969,ECAPINSURE,EQ,27955,19083,68.26
20,970,ECLERX,EQ,233209,73746,31.62
20,971,ECOLINE,ST,16000,15000,93.75
20,972,ECORECO,EQ,5030,3300,65.61
20,973,ECOSMOBLTY,EQ,46834,25801,55.09
20,974,EDELWEISS,EQ,5586474,2587599,46.32
20,975,EEPL,ST,1000,1000,100.00
20,976,EFACTOR,SM,2800,1600,57.14
20,977,EFCIL,EQ,243092,140793,57.92
20,978,EFFWA,SM,10800,6400,59.26
20,979,EFORCE,SM,3600,3600,100.00
20,980,EGOLD,EQ,634380,499014,78.66
20,981,EICHERMOT,EQ,255852,150073,58.66
20,982,EIDPARRY,EQ,161641,74721,46.23
20,983,EIEL,EQ,1527032,688616,45.10
20,984,EIHAHOTELS,EQ,16981,11607,68.35
20,985,EIHOTEL,EQ,302712,135833,44.87
20,986,EIMCOELECO,EQ,17329,7258,41.88
20,987,EKC,EQ,78489,34582,44.06
20,988,EKI,EQ,22081,16473,74.60
20,989,ELANTAS,EQ,2711,1352,49.87
20,990,ELCIDIN,EQ,14,10,71.43
20,991,ELDEHSG,EQ,152,120,78.95
20,992,ELECON,EQ,137261,45927,33.46
20,993,ELECTCAST,EQ,1335023,710620,53.23
20,994,ELECTHERM,EQ,7800,4765,61.09
20,995,ELGIEQUIP,EQ,381647,184921,48.45
20,996,ELGIRUBCO,EQ,81747,54777,67.01
20,997,ELGNZ,SM,18000,10000,55.56
20,998,ELIN,EQ,135916,67341,49.55
20,999,ELIQUID,EQ,32327,27923,86.38
20,1000,ELITECON,EQ,642833,642833,100.00
20,1001,ELLEN,EQ,1292697,821185,63.52
20,1002,ELM250,EQ,32891,22759,69.20
20,1003,ELMDIV,EQ,1592,1557,97.80
20,1004,ELPROINTL,EQ,1210,998,82.48
20,1005,EMAMILTD,EQ,9467997,2548304,26.91
20,1006,EMAMIREAL,EQ,1930,1714,88.81
20,1007,EMAPARTNER,SM,23000,21000,91.30
20,1008,EMBASSY,RR,626311,565824,90.34
20,1009,EMBDL,EQ,3709144,1701626,45.88
20,1010,EMCURE,EQ,136884,73358,53.59
20,1011,EMETAL,EQ,7553,7515,99.50
20,1012,EMIL,EQ,1962550,1130933,57.63
20,1013,EMKAY,EQ,6217,3586,57.68
20,1014,EMKAYTOOLS,SM,1500,750,50.00
20,1015,EMMIL,SM,13500,12250,90.74
20,1016,EMMVEE,EQ,2271950,822680,36.21
20,1017,EMPIND,EQ,3890,2584,66.43
20,1018,EMPOWER,EQ,57786293,28678720,49.63
20,1019,EMSLIMITED,EQ,103263,40310,39.04
20,1020,EMUDHRA,EQ,4759356,433048,9.10
20,1021,EMULTIMQ,EQ,17658,10343,58.57
20,1022,ENCOMPAS,SM,16400,15200,92.68
20,1023,ENDURANCE,EQ,194228,113852,58.62
20,1024,ENERGY,EQ,237663,142814,60.09
20,1025,ENERGYAXIS,EQ,22143,16042,72.45
20,1026,ENERGYDEV,EQ,11022,8272,75.05
20,1027,ENEXT50,EQ,56,56,100.00
20,1028,ENFUSE,SM,600,600,100.00
20,1029,ENGINERSIN,EQ,1556919,545721,35.05
20,1030,ENIFTY,EQ,975,836,85.74
20,1031,ENIL,EQ,4332,3292,75.99
20,1032,ENKEIWHEL,EQ,1848,1633,88.37
20,1033,ENRIN,EQ,240035,89989,37.49
20,1034,ENSER,SM,40000,35000,87.50
20,1035,ENTERO,EQ,1233669,605795,49.11
20,1036,ENVIRO,SM,70000,38000,54.29
20,1037,EPACK,EQ,279105,98235,35.20
20,1038,EPACKPEB,EQ,315272,117749,37.35
20,1039,EPIGRAL,EQ,23453,11800,50.31
20,1040,EPL,EQ,2496141,1466052,58.73
20,1041,EPWINDIA,ST,4800,3600,75.00
20,1042,EQUAL200,EQ,41542,37184,89.51
20,1043,EQUAL50,EQ,528,267,50.57
20,1044,EQUAL50ADD,EQ,6248,4401,70.44
20,1045,EQUITASBNK,EQ,1530643,617417,40.34
20,1046,ERIS,EQ,44936,22953,51.08
20,1047,ESABINDIA,EQ,2521,1561,61.92
20,1048,ESCONET,ST,4800,4800,100.00
20,1049,ESCORTS,EQ,51122,30153,58.98
20,1050,ESDS,EQ,59604,59580,99.96
20,1051,ESENSEX,EQ,298,297,99.66
20,1052,ESFL,SM,17280,14040,81.25
20,1053,ESG,EQ,26115,19346,74.08
20,1054,ESILVER,EQ,87265,73592,84.33
20,1055,ESPRIT,SM,6400,6400,100.00
20,1056,ESSARSHPNG,EQ,191957,130986,68.24
20,1057,ESSENTIA,EQ,3370054,2037978,60.47
20,1058,ESTER,EQ,26887,15850,58.95
20,1059,ETERNAL,EQ,27543143,13921579,50.54
20,1060,ETHOSLTD,EQ,14831,7919,53.39
20,1061,ETML,SM,61200,61200,100.00
20,1062,EUREKAFORB,EQ,142731,69864,48.95
20,1063,EUROBOND,EQ,698,698,100.00
20,1064,EUROPRATIK,EQ,227748,63686,27.96
20,1065,EVEREADY,EQ,52844,26840,50.79
20,1066,EVIETF,EQ,143068,108066,75.53
20,1067,EVINDIA,EQ,121664,88407,72.66
20,1068,EXCELINDUS,EQ,19529,4881,24.99
20,1069,EXCELLENT,ST,3200,3200,100.00
20,1070,EXCELSOFT,EQ,566163,219480,38.77
20,1071,EXICOM,EQ,937220,314050,33.51
20,1072,EXIDEIND,EQ,1041144,406702,39.06
20,1073,EXIMROUTES,SM,800,800,100.00
20,1074,EXPLEOSOL,EQ,35973,21960,61.05
20,1075,EXXARO,EQ,640912,624974,97.51
20,1076,FABTECH,EQ,62523,25662,41.04
20,1077,FACT,EQ,147229,30264,20.56
20,1078,FALCONTECH,SM,25200,24000,95.24
20,1079,FASCINATE,SM,133600,133600,100.00
20,1080,FAZE3Q,EQ,23415,13686,58.45
20,1081,FCL,EQ,15008357,3750653,24.99
20,1082,FCSSOFT,EQ,847857,579659,68.37
20,1083,FDC,EQ,89270,42116,47.18
20,1084,FEDDERSHOL,EQ,3091043,1014002,32.80
20,1085,FEDERALBNK,EQ,5321222,2698456,50.71
20,1086,FEDFINA,EQ,479562,258694,53.94
20,1087,FELIX,SM,34000,16500,48.53
20,1088,FERMENTA,EQ,36048,17682,49.05
20,1089,FIBERWEB,EQ,7278,5318,73.07
20,1090,FIDEL,SM,13000,11000,84.62
20,1091,FIEMIND,EQ,113760,70738,62.18
20,1092,FILATEX,EQ,7738959,2477049,32.01
20,1093,FILATFASH,EQ,11475735,8382873,73.05
20,1094,FINBUD,SM,1000,1000,100.00
20,1095,FINCABLES,EQ,1123026,258304,23.00
20,1096,FINEORG,EQ,11277,4889,43.35
20,1097,FINIETF,EQ,250140,157258,62.87
20,1098,FINKURVE,EQ,46956,19420,41.36
20,1099,FINOPB,EQ,87730,32032,36.51
20,1100,FINPIPE,EQ,318438,147840,46.43
20,1101,FIRSTCRY,EQ,1804936,541411,30.00
20,1102,FISCHER,EQ,401729,226463,56.37
20,1103,FIVESTAR,EQ,351651,147167,41.85
20,1104,FLAIR,EQ,73615,36242,49.23
20,1105,FLEXIADD,EQ,124615,91896,73.74
20,1106,FLUOROCHEM,EQ,184050,99949,54.31
20,1107,FLYSBS,SM,37600,30400,80.85
20,1108,FMCGADD,EQ,37341,16691,44.70
20,1109,FMCGIETF,EQ,973192,511847,52.59
20,1110,FMGOETZE,EQ,134140,54545,40.66
20,1111,FMNL,EQ,67240,50076,74.47
20,1112,FOCE,SM,4800,4800,100.00
20,1113,FONEBOX,SM,6000,5000,83.33
20,1114,FOODSIN,EQ,38926,20642,53.03
20,1115,FORCAS,ST,20800,17600,84.62
20,1116,FORCEMOT,EQ,62698,24477,39.04
20,1117,FORGEAUTO,SM,2400,2400,100.00
20,1118,FORTIS,EQ,1175220,545163,46.39
20,1119,FOSECOIND,EQ,292524,33728,11.53
20,1120,FRACTAL,EQ,219334,121687,55.48
20,1121,FREDUN,EQ,130408,60689,46.54
20,1122,FRESHARA,ST,37200,29400,79.03
20,1123,FROG,SM,28000,23200,82.86
20,1124,FRONTSP,EQ,7310,4370,59.78
20,1125,FSL,EQ,1215172,393174,32.36
20,1126,FUSION,EQ,520634,274814,52.78
20,1127,FWSTC,SM,18600,15600,83.87
20,1128,GABRIEL,EQ,217680,123289,56.64
20,1129,GAEL,EQ,360816,186573,51.71
20,1130,GAIL,EQ,2741053,1493840,54.50
20,1131,GAJA,EQ,712798,241185,33.84
20,1132,GAJANAND,SM,18000,12000,66.67
20,1133,GALAPREC,EQ,10321,4377,42.41
20,1134,GALAXYSURF,EQ,36315,19334,53.24
20,1135,GALLANTT,EQ,46859,21191,45.22
20,1136,GANDHAR,EQ,661006,303619,45.93
20,1137,GANDHITUBE,EQ,2943,1879,63.85
20,1138,GANECOS,EQ,440384,145542,33.05
20,1139,GANESHCP,EQ,70600,37349,52.90
20,1140,GANESHHOU,EQ,22311,13520,60.60
20,1141,GANESHIN,ST,64000,63200,98.75
20,1142,GANGAFORGE,EQ,1480904,1097531,74.11
20,1143,GANGESSECU,EQ,227,109,48.02
20,1144,GARFIBRES,EQ,18980,10623,55.97
20,1145,GARUDA,EQ,219775,104636,47.61
20,1146,GATEWAY,EQ,628498,337811,53.75
20,1147,GAUDIUMIVF,EQ,147938,68092,46.03
20,1148,GAYAHWS,EQ,165932,149568,90.14
20,1149,GAYAPROJ,EQ,1567518,906813,57.85
20,1150,GCHOTELS,ST,21000,14400,68.57
20,1151,GCSL,EQ,611511,234745,38.39
20,1152,GEEKAYWIRE,EQ,955466,552469,57.82
20,1153,GEMAROMA,EQ,133788,95704,71.53
20,1154,GENCON,EQ,231830,11652,5.03
20,1155,GENESYS,EQ,1226611,245059,19.98
20,1156,GENUSPAPER,EQ,105777,65804,62.21
20,1157,GENUSPOWER,EQ,895382,432187,48.27
20,1158,GENXAI,SM,46800,39600,84.62
20,1159,GEOJITFSL,EQ,353025,108237,30.66
20,1160,GESHIP,EQ,831737,527129,63.38
20,1161,GFLLIMITED,EQ,63757,28838,45.23
20,1162,GGBL,SM,13200,7200,54.55
20,1163,GHCL,EQ,41977,23638,56.31
20,1164,GHCLTEXTIL,EQ,553850,312315,56.39
20,1165,GICHSGFIN,EQ,44942,30653,68.21
20,1166,GICRE,EQ,520254,214582,41.25
20,1167,GILLANDERS,EQ,3255,2841,87.28
20,1168,GILLETTE,EQ,26121,20517,78.55
20,1169,GILT10BETA,EQ,50,25,50.00
20,1170,GILT5BETA,EQ,269,259,96.28
20,1171,GILT5YBEES,EQ,114991,73207,63.66
20,1172,GIPCL,EQ,364892,195113,53.47
20,1173,GIRIRAJ,SM,4250,4000,94.12
20,1174,GJL,ST,800,800,100.00
20,1175,GKB,EQ,71,70,98.59
20,1176,GKENERGY,EQ,294732,155124,52.63
20,1177,GKSL,EQ,214009,89418,41.78
20,1178,GKWLIMITED,EQ,28,28,100.00
20,1179,GLAND,EQ,678985,420164,61.88
20,1180,GLASSWALL,EQ,64015769,5254203,8.21
20,1181,GLAXO,EQ,28739,17315,60.25
20,1182,GLENMARK,EQ,227416,101278,44.53
20,1183,GLFL,EQ,4382,3888,88.73
20,1184,GLOBAL,EQ,171103,85001,49.68
20,1185,GLOBALE,EQ,895,468,52.29
20,1186,GLOBALPET,SM,750,750,100.00
20,1187,GLOBALVECT,EQ,7754,4392,56.64
20,1188,GLOBE,EQ,461056,389422,84.46
20,1189,GLOBECIVIL,EQ,11844,6674,56.35
20,1190,GLOBUSSPR,EQ,37184,20698,55.66
20,1191,GLOSTERLTD,EQ,298,278,93.29
20,1192,GLOTTIS,EQ,24712,18327,74.16
20,1193,GMBREW,EQ,45315,23493,51.84
20,1194,GMDCLTD,EQ,687557,281119,40.89
20,1195,GMMPFAUDLR,EQ,547415,365655,66.80
20,1196,GMRAIRPORT,EQ,11555139,6576399,56.91
20,1197,GMRP&UI,EQ,514108,227829,44.32
20,1198,GNA,EQ,167558,80996,48.34
20,1199,GNFC,EQ,8250274,1164033,14.11
20,1200,GNRL,EQ,77728,42902,55.20
20,1201,GOACARBON,EQ,38420,20076,52.25
20,1202,GOCLCORP,EQ,1122429,363391,32.38
20,1203,GOCOLORS,EQ,41874,19728,47.11
20,1204,GODAVARIB,EQ,1431064,150396,10.51
20,1205,GODFRYPHLP,EQ,99720,28298,28.38
20,1206,GODIGIT,EQ,242318,74770,30.86
20,1207,GODREJAGRO,EQ,117590,61294,52.13
20,1208,GODREJCP,EQ,884594,497138,56.20
20,1209,GODREJIND,EQ,38932,16006,41.11
20,1210,GODREJPROP,EQ,570025,231909,40.68
20,1211,GOKEX,EQ,285928,149784,52.39
20,1212,GOKUL,EQ,161645,30595,18.93
20,1213,GOKULAGRO,EQ,140349,70056,49.92
20,1214,GOLD1,EQ,2124653,922743,43.43
20,1215,GOLD360,EQ,3813,1403,36.80
20,1216,GOLDADD,EQ,2316676,1104475,47.67
20,1217,GOLDAXIS,EQ,2563650,2065608,80.57
20,1218,GOLDBEES,EQ,22769280,12098031,53.13
20,1219,GOLDBETA,EQ,620720,435922,70.23
20,1220,GOLDBND,EQ,27534,26284,95.46
20,1221,GOLDCASE,EQ,7572400,3448079,45.53
20,1222,GOLDETF,EQ,821154,265153,32.29
20,1223,GOLDIAM,EQ,297405,97912,32.92
20,1224,GOLDIETF,EQ,6497359,4617520,71.07
20,1225,GOLDSTAR,SM,112500,101250,90.00
20,1226,GOODLUCK,EQ,344280,154317,44.82
20,1227,GOODYEAR,EQ,13069,9647,73.82
20,1228,GOPAL,EQ,108409,53265,49.13
20,1229,GOYALALUM,EQ,22014,13517,61.40
20,1230,GPECO,SM,7000,5200,74.29
20,1231,GPIL,EQ,1030313,502386,48.76
20,1232,GPPL,EQ,1050527,565813,53.86
20,1233,GPTHEALTH,EQ,67940,43400,63.88
20,1234,GPTINFRA,EQ,125495,68015,54.20
20,1235,GRANDOAK,EQ,1833,863,47.08
20,1236,GRANULES,EQ,915976,436081,47.61
20,1237,GRAPHISAD,SM,10800,9600,88.89
20,1238,GRAPHITE,EQ,2989509,785555,26.28
20,1239,GRASIM,EQ,738188,422740,57.27
20,1240,GRAUWEIL,EQ,1086236,674200,62.07
20,1241,GRAVITA,EQ,104871,55504,52.93
20,1242,GRCL,SM,1500,1500,100.00
20,1243,GREAVESCOT,EQ,1037598,641842,61.86
20,1244,GREENCHEF,SM,11200,8800,78.57
20,1245,GREENLAM,EQ,42452,15943,37.56
20,1246,GREENLEAF,ST,1000,1000,100.00
20,1247,GREENPANEL,EQ,1450006,1012797,69.85
20,1248,GREENPLY,EQ,267600,195614,73.10
20,1249,GREENPOWER,EQ,1776162,763218,42.97
20,1250,GRINDWELL,EQ,15176,8492,55.96
20,1251,GRINFRA,EQ,29503,6400,21.69
20,1252,GRMOVER,EQ,1105834,277497,25.09
20,1253,GROBTEA,EQ,51,25,49.02
20,1254,GROWW,EQ,23614294,12159184,51.49
20,1255,GROWWCAPM,EQ,735659,613423,83.38
20,1256,GROWWCHEM,EQ,30831,12276,39.82
20,1257,GROWWDEFNC,EQ,180595,91301,50.56
20,1258,GROWWEV,EQ,258717,115551,44.66
20,1259,GROWWGOLD,EQ,2353265,1017385,43.23
20,1260,GROWWHOSPI,EQ,187670,153329,81.70
20,1261,GROWWLIQID,EQ,154650,85878,55.53
20,1262,GROWWLOVOL,EQ,11111,5550,49.95
20,1263,GROWWMC150,EQ,149,145,97.32
20,1264,GROWWMETAL,EQ,407418,178568,43.83
20,1265,GROWWMOM50,EQ,71314,37680,52.84
20,1266,GROWWN200,EQ,14665,8901,60.70
20,1267,GROWWNET,EQ,426495,296331,69.48
20,1268,GROWWNIFTY,EQ,665258,355645,53.46
20,1269,GROWWNXT50,EQ,9931,5367,54.04
20,1270,GROWWPOWER,EQ,1714886,725148,42.29
20,1271,GROWWPSE,EQ,12155,6752,55.55
20,1272,GROWWPSUBK,EQ,3497,1984,56.73
20,1273,GROWWRAIL,EQ,521994,330871,63.39
20,1274,GROWWRLTY,EQ,280109,226020,80.69
20,1275,GROWWSC250,EQ,379744,225824,59.47
20,1276,GROWWSLVR,EQ,1344345,467265,34.76
20,1277,GRPLTD,EQ,439,329,74.94
20,1278,GRSE,EQ,269660,80540,29.87
20,1279,GRWRHITECH,EQ,78901,32874,41.66
20,1280,GSEC10ABSL,EQ,5,5,100.00
20,1281,GSEC10IETF,EQ,53,53,100.00
20,1282,GSEC10YEAR,EQ,5046,5023,99.54
20,1283,GSEC5IETF,EQ,2564,2391,93.25
20,1284,GSFC,EQ,1244753,308250,24.76
20,1285,GSLSU,EQ,41951,27386,65.28
20,1286,GSMFOILS,SM,13500,13500,100.00
20,1287,GSPCROP,EQ,341903,38675,11.31
20,1288,GSS,EQ,30930,27463,88.79
20,1289,GSTL,SM,3000,3000,100.00
20,1290,GTECJAINX,EQ,10615,7565,71.27
20,1291,GTL,EQ,86961,64602,74.29
20,1292,GTLINFRA,EQ,28492768,11289739,39.62
20,1293,GTPL,EQ,71405,49630,69.50
20,1294,GUFICBIO,EQ,34904,22425,64.25
20,1295,GUJALKALI,EQ,248407,101812,40.99
20,1296,GUJAPOLLO,EQ,27067,19512,72.09
20,1297,GUJENERGY,EQ,968254,464410,47.96
20,1298,GUJRAFFIA,EQ,11381,4805,42.22
20,1299,GUJTHEM,EQ,243862,119895,49.17
20,1300,GULFOILLUB,EQ,20716,11317,54.63
20,1301,GULPOLY,EQ,60537,30804,50.88
20,1302,GURUNANAK,SM,3200,3200,100.00
20,1303,GVPIL,EQ,136464,64131,46.99
20,1304,GVT&D,EQ,504355,213970,42.42
20,1305,GYFTR,EQ,12955,7521,58.05
20,1306,HAL,EQ,528884,185320,35.04
20,1307,HALDER,EQ,3156,2386,75.60
20,1308,HALEOSLABS,EQ,394,243,61.68
20,1309,HAMPTON,EQ,360061,347333,96.47
20,1310,HAPPSTMNDS,EQ,388729,139301,35.83
20,1311,HAPPY,SM,130000,104000,80.00
20,1312,HAPPYFORGE,EQ,56176,27453,48.87
20,1313,HARDWYN,EQ,367587,157704,42.90
20,1314,HARIOMPIPE,EQ,41104,24101,58.63
20,1315,HARRMALAYA,EQ,9047,6861,75.84
20,1316,HARSHA,EQ,45447,21963,48.33
20,1317,HATHWAY,EQ,1428469,650748,45.56
20,1318,HATSUN,EQ,46126,18173,39.40
20,1319,HAVELLS,EQ,579925,338841,58.43
20,1320,HAVISHA,EQ,14026,11018,78.55
20,1321,HAWKINCOOK,EQ,1500,901,60.07
20,1322,HAZOOR,EQ,146625,103785,70.78
20,1323,HBESD,EQ,17,13,76.47
20,1324,HBLENGINE,EQ,8034626,1309141,16.29
20,1325,HBPOR,EQ,2226,1297,58.27
20,1326,HBSL,EQ,1086,874,80.48
20,1327,HCC,EQ,22120270,6940280,31.38
20,1328,HCG,EQ,514056,465281,90.51
20,1329,HCL-INSYS,EQ,122940,69676,56.67
20,1330,HCLTECH,EQ,1386250,597123,43.07
20,1331,HDBFS,EQ,387681,230372,59.42
20,1332,HDFCAMC,EQ,492465,294746,59.85
20,1333,HDFCBANK,EQ,21543303,12964010,60.18
20,1334,HDFCBSE500,EQ,666863,610078,91.48
20,1335,HDFCGOLD,EQ,3431561,1971283,57.45
20,1336,HDFCGROWTH,EQ,7899,3448,43.65
20,1337,HDFCLIFE,EQ,9374431,3866103,41.24
20,1338,HDFCLIQUID,EQ,14392,7883,54.77
20,1339,HDFCLOWVOL,EQ,4264,3011,70.61
20,1340,HDFCMID150,EQ,671075,372274,55.47
20,1341,HDFCMOMENT,EQ,142609,71251,49.96
20,1342,HDFCNEXT50,EQ,93622,31704,33.86
20,1343,HDFCNIF100,EQ,26558,16907,63.66
20,1344,HDFCNIFBAN,EQ,19963,9037,45.27
20,1345,HDFCNIFIT,EQ,65039,24574,37.78
20,1346,HDFCNIFTY,EQ,91285,64218,70.35
20,1347,HDFCNIMEG,EQ,20678,17952,86.82
20,1348,HDFCPSUBK,EQ,10748,6021,56.02
20,1349,HDFCPVTBAN,EQ,225252,158086,70.18
20,1350,HDFCQUAL,EQ,8797,7088,80.57
20,1351,HDFCSENSEX,EQ,27969,14170,50.66
20,1352,HDFCSILVER,EQ,2385099,938166,39.33
20,1353,HDFCSML250,EQ,1665599,1278197,76.74
20,1354,HDFCVALUE,EQ,5105,2793,54.71
20,1355,HEADSUP,EQ,5999,5243,87.40
20,1356,HEALTHADD,EQ,11028,6294,57.07
20,1357,HEALTHAXIS,EQ,2855,1376,48.20
20,1358,HEALTHCARE,EQ,144250,126766,87.88
20,1359,HEALTHIETF,EQ,169749,111988,65.97
20,1360,HEALTHX,EQ,1388,1208,87.03
20,1361,HEALTHY,EQ,118781,73842,62.17
20,1362,HECPROJECT,EQ,10820,8350,77.17
20,1363,HEIDELBERG,EQ,69366,40294,58.09
20,1364,HEMIPROP,EQ,228607,124756,54.57
20,1365,HERANBA,EQ,15592,8165,52.37
20,1366,HERITGFOOD,EQ,351623,136493,38.82
20,1367,HEROMOTOCO,EQ,536484,300977,56.10
20,1368,HESTERBIO,EQ,5072,2146,42.31
20,1369,HEXATRADEX,EQ,263,163,61.98
20,1370,HEXT,EQ,107306,46385,43.23
20,1371,HGINFRA,EQ,60479,25950,42.91
20,1372,HGM,EQ,5019,4598,91.61
20,1373,HGS,EQ,20717,12452,60.11
20,1374,HIGREEN,SM,16000,13600,85.00
20,1375,HIKAL,EQ,647006,160128,24.75
20,1376,HILINFRA,EQ,203378,75801,37.27
20,1377,HILTON,EQ,195711,119462,61.04
20,1378,HIMATSEIDE,EQ,524957,348993,66.48
20,1379,HINDADH,EQ,1555,1398,89.90
20,1380,HINDALCO,EQ,2724042,1712352,62.86
20,1381,HINDALUMI,EQ,4653,3748,80.55
20,1382,HINDCOMPOS,EQ,5364,3214,59.92
20,1383,HINDCON,EQ,59869,39159,65.41
20,1384,HINDCOPPER,EQ,4690266,1794928,38.27
20,1385,HINDOILEXP,EQ,701322,250082,35.66
20,1386,HINDPETRO,EQ,2170850,1391729,64.11
20,1387,HINDUNILVR,EQ,1171388,765786,65.37
20,1388,HINDWAREAP,EQ,51983,30226,58.15
20,1389,HINDZINC,EQ,3019909,1718089,56.89
20,1390,HIRECT,EQ,27111,10421,38.44
20,1391,HISARMETAL,EQ,2683,2585,96.35
20,1392,HITECH,EQ,205046,99402,48.48
20,1393,HLEGLAS,EQ,279777,67161,24.01
20,1394,HLVLTD,EQ,167732,99149,59.11
20,1395,HMAAGRO,EQ,1986317,676991,34.08
20,1396,HNDFDS,EQ,79247,46306,58.43
20,1397,HNGSNGBEES,EQ,69972,46570,66.56
20,1398,HOACFOODS,ST,3750,3750,100.00
20,1399,HOLMARC,SM,750,750,100.00
20,1400,HOMEFIRST,EQ,175024,123554,70.59
20,1401,HONASA,EQ,530588,192062,36.20
20,1402,HONAUT,EQ,1049,400,38.13
20,1403,HONDAPOWER,EQ,1924,796,41.37
20,1404,HORIZONIND,EQ,1812188,1019776,56.27
20,1405,HPAL,EQ,37616,22750,60.48
20,1406,HPIL,EQ,292,258,88.36
20,1407,HPL,EQ,55484,27853,50.20
20,1408,HPTL,SM,15000,15000,100.00
20,1409,HRHNEXT,SM,7500,7500,100.00
20,1410,HRYNSHP,EQ,1654,1559,94.26
20,1411,HSBCGOLD,EQ,27776,22766,81.96
20,1412,HSCL,EQ,1154408,389364,33.73
20,1413,HTEL,EQ,3416086,1303710,38.16
20,1414,HTMEDIA,EQ,202958,162204,79.92
20,1415,HUBTOWN,EQ,279204,187700,67.23
20,1416,HUDCO,EQ,2067656,985969,47.69
20,1417,HUHTAMAKI,EQ,92484,42471,45.92
20,1418,HVAX,SM,1350,1200,88.89
20,1419,HYBRIDETF,EQ,19385,18561,95.75
20,1420,HYUNDAI,EQ,686888,320733,46.69
20,1421,IBLFL,SM,2000,2000,100.00
20,1422,IBULLSLTD,EQ,30372525,17385332,57.24
20,1423,ICELCO,SM,36000,28800,80.00
20,1424,ICEMAKE,EQ,39574,23961,60.55
20,1425,ICICIAMC,EQ,245387,103991,42.38
20,1426,ICICIB22,EQ,130930,71110,54.31
20,1427,ICICIBANK,EQ,7867524,5241775,66.63
20,1428,ICICIGI,EQ,728137,332801,45.71
20,1429,ICICIPRULI,EQ,2550650,996683,39.08
20,1430,ICIL,EQ,467590,231522,49.51
20,1431,ICRA,EQ,23752,16037,67.52
20,1432,IDBI,EQ,6835313,2678558,39.19
20,1433,IDEA,EQ,186454612,40757687,21.86
20,1434,IDEAFORGE,EQ,163153,72535,44.46
20,1435,IDEALTECHO,SM,10000,6000,60.00
20,1436,IDENTICAL,SM,2000,2000,100.00
20,1437,IDFCFIRSTB,EQ,16998554,9072783,53.37
20,1438,IDFNIFTYET,EQ,1001,865,86.41
20,1439,IEML,ST,65000,60500,93.08
20,1440,IEX,EQ,2083997,928092,44.53
20,1441,IFBAGRO,EQ,1829,1298,70.97
20,1442,IFBIND,EQ,39470,18664,47.29
20,1443,IFCI,EQ,176897944,22795457,12.89
20,1444,IFGLEXPOR,EQ,25285,9910,39.19
20,1445,IGARASHI,EQ,91945,21429,23.31
20,1446,IGCL,EQ,69026,33089,47.94
20,1447,IGIL,EQ,308581,200494,64.97
20,1448,IGL,EQ,876042,474024,54.11
20,1449,IGPL,EQ,69270,31939,46.11
20,1450,IIFL,EQ,2722029,1606245,59.01
20,1451,IIFL06326,YC,800,700,87.50
20,1452,IIFL21425,NY,6,6,100.00
20,1453,IIFLCAPS,EQ,138772,104558,75.35
20,1454,IIFLZC28A,NU,160,160,100.00
20,1455,IIFLZC28B,Y1,121,121,100.00
20,1456,IITL,EQ,92382,8353,9.04
20,1457,IKIO,EQ,193161,86181,44.62
20,1458,IKS,EQ,119965,70706,58.94
20,1459,IMAGICAA,EQ,1598718,511396,31.99
20,1460,IMC1,N1,330,330,100.00
20,1461,IMC1,N3,517,517,100.00
20,1462,IMFA,EQ,89810,38660,43.05
20,1463,IMPAL,EQ,1046,751,71.80
20,1464,INA,EQ,409068,188741,46.14
20,1465,INCREDIBLE,EQ,2277,1637,71.89
20,1466,INDBANK,EQ,31098,23245,74.75
20,1467,INDGN,EQ,272889,147212,53.95
20,1468,INDHOTEL,EQ,1698327,1020111,60.07
20,1469,INDIACEM,EQ,1540460,89948,5.84
20,1470,INDIAGLYCO,EQ,924594,396205,42.85
20,1471,INDIAMART,EQ,82888,37602,45.36
20,1472,INDIANB,EQ,539598,164635,30.51
20,1473,INDIANCARD,EQ,374,339,90.64
20,1474,INDIANHUME,EQ,39998,9614,24.04
20,1475,INDIASHLTR,EQ,90331,60744,67.25
20,1476,INDIFRA,SM,2000,2000,100.00
20,1477,INDIGO,EQ,509638,249680,48.99
20,1478,INDIGOPNTS,EQ,37930,19203,50.63
20,1479,INDIGRID,IV,378343,333840,88.24
20,1480,INDIQUBE,EQ,77034,42318,54.93
20,1481,INDNIPPON,EQ,83039,30604,36.85
20,1482,INDOBORAX,EQ,49008,17706,36.13
20,1483,INDOCO,EQ,288596,77823,26.97
20,1484,INDOFARM,EQ,148699,80032,53.82
20,1485,INDOKEM,EQ,28640,17859,62.36
20,1486,INDOMIM,EQ,2152019,703203,32.68
20,1487,INDORAMA,EQ,1774157,550258,31.02
20,1488,INDOSTAR,EQ,86324,48305,55.96
20,1489,INDOTECH,EQ,8711,5420,62.22
20,1490,INDOTHAI,EQ,4917046,2255051,45.86
20,1491,INDOUS,EQ,5325,3176,59.64
20,1492,INDOWIND,EQ,60616,34843,57.48
20,1493,INDPRUD,EQ,12,8,66.67
20,1494,INDRAMEDCO,EQ,161344,86250,53.46
20,1495,INDSWFTLAB,EQ,545009,179227,32.89
20,1496,INDTERRAIN,EQ,75171,64585,85.92
20,1497,INDUSINDBK,EQ,3973540,2291289,57.66
20,1498,INDUSINVIT,IV,71291,43889,61.56
20,1499,INDUSTOWER,EQ,3756136,2115299,56.32
20,1500,INFINIUM,SM,500,500,100.00
20,1501,INFLUX,SM,9600,6600,68.75
20,1502,INFOBEAN,EQ,155586,65377,42.02
20,1503,INFOLLION,SM,8800,5600,63.64
20,1504,INFOMEDIA,EQ,28410,24268,85.42
20,1505,INFRA,EQ,38972,28665,73.55
20,1506,INFRABEES,EQ,6160,2544,41.30
20,1507,INFRAIETF,EQ,356586,325212,91.20
20,1508,INFY,EQ,5469865,2572662,47.03
20,1509,INGERRAND,EQ,21488,10820,50.35
20,1510,INM,SM,7200,6600,91.67
20,1511,INNOMET,ST,13200,13200,100.00
20,1512,INNOVACAP,EQ,33762,16651,49.32
20,1513,INNOVANA,EQ,42632,16862,39.55
20,1514,INNOVISION,EQ,10819,6592,60.93
20,1515,INOXGREEN,EQ,388779,148816,38.28
20,1516,INOXINDIA,EQ,339125,120089,35.41
20,1517,INOXWIND,EQ,5711983,2111486,36.97
20,1518,INSECTICID,EQ,6994,3874,55.39
20,1519,INSPIRISYS,EQ,2811,2076,73.85
20,1520,INSUREIETF,EQ,1516024,961697,63.44
20,1521,INTEGRITY,SM,8400,8400,100.00
20,1522,INTELLECT,EQ,235066,120982,51.47
20,1523,INTENTECH,EQ,9506,8630,90.78
20,1524,INTERARCH,EQ,19650,10994,55.95
20,1525,INTERNET,EQ,96126,74849,77.87
20,1526,INTLCONV,EQ,18930,10170,53.72
20,1527,INVENTURE,EQ,770998,497593,64.54
20,1528,INVICTA,SM,3200,3200,100.00
20,1529,IOB,EQ,1111582,463682,41.71
20,1530,IOC,EQ,5640680,3449248,61.15
20,1531,IOLCP,EQ,3478408,1029556,29.60
20,1532,IONEXCHANG,EQ,260929,102022,39.10
20,1533,IPCALAB,EQ,555590,257023,46.26
20,1534,IPHL,SM,9600,9600,100.00
20,1535,IPL,EQ,827932,185496,22.40
20,1536,IPRINGLTD,EQ,3379,3011,89.11
20,1537,IRB,EQ,7312859,3893419,53.24
20,1538,IRBINVIT,IV,251849,211202,83.86
20,1539,IRCON,EQ,2796585,1067921,38.19
20,1540,IRCTC,EQ,413859,186943,45.17
20,1541,IREDA,EQ,2634033,1097971,41.68
20,1542,IRFC,EQ,6486276,2855269,44.02
20,1543,IRIS,EQ,10126,6849,67.64
20,1544,IRISDOREME,EQ,1031078,340400,33.01
20,1545,IRMENERGY,EQ,24570,11065,45.03
20,1546,ISFT,EQ,226945,64441,28.39
20,1547,ISGEC,EQ,30853,16360,53.03
20,1548,ISHAN,SM,48000,48000,100.00
20,1549,ISHANCH,EQ,124149,60304,48.57
20,1550,ISTLTD,EQ,1403,1287,91.73
20,1551,IT,EQ,160242,62724,39.14
20,1552,ITADD,EQ,2978,1775,59.60
20,1553,ITALIANE,SM,2000,2000,100.00
20,1554,ITAXIS,EQ,609,239,39.24
20,1555,ITBEES,EQ,8324681,2776683,33.35
20,1556,ITBETA,EQ,1071,935,87.30
20,1557,ITC,EQ,13365227,6295955,47.11
20,1558,ITCHOTELS,EQ,866754,420297,48.49
20,1559,ITDC,EQ,91658,17955,19.59
20,1560,ITETF,EQ,357330,104832,29.34
20,1561,ITI,EQ,128700,61381,47.69
20,1562,ITIETF,EQ,298904,114643,38.35
20,1563,ITL,EQ,411,248,60.34
20,1564,IVALUE,EQ,36434,22915,62.89
20,1565,IVC,EQ,264012,179137,67.85
20,1566,IVZBANKNF,EQ,962,960,99.79
20,1567,IVZINGOLD,EQ,47400,40811,86.10
20,1568,IVZINNIFTY,EQ,573,512,89.35
20,1569,IVZSENSEX,EQ,1385,1383,99.86
20,1570,IWARE,ST,43800,32400,73.97
20,1571,IWP,EQ,8869,7850,88.51
20,1572,IXIGO,EQ,904962,577570,63.82
20,1573,IZMO,EQ,273818,81559,29.79
20,1574,J&KBANK,EQ,1641221,645080,39.30
20,1575,JAGRAN,EQ,85935,52103,60.63
20,1576,JAGSNPHARM,EQ,43798,23301,53.20
20,1577,JAIBALAJI,EQ,311592,210642,67.60
20,1578,JAICORPLTD,EQ,241766,73155,30.26
20,1579,JAINIK,ST,61200,61200,100.00
20,1580,JAINREC,EQ,478999,207816,43.39
20,1581,JAIPURKURT,EQ,587,568,96.76
20,1582,JAKHARIA,ST,55200,55200,100.00
20,1583,JALAN,ST,3000,3000,100.00
20,1584,JAMNAAUTO,EQ,973266,394668,40.55
20,1585,JARO,EQ,148954,38709,25.99
20,1586,JASH,EQ,159181,77211,48.51
20,1587,JAYAGROGN,EQ,8582,4646,54.14
20,1588,JAYBARMARU,EQ,205988,97458,47.31
20,1589,JAYBEE,SM,34500,26000,75.36
20,1590,JAYESH,SM,21000,11000,52.38
20,1591,JAYKAY,EQ,204207,99493,48.72
20,1592,JAYNECOIND,EQ,1263615,642582,50.85
20,1593,JAYSREETEA,EQ,17993,8435,46.88
20,1594,JBMA,EQ,125831,42338,33.65
20,1595,JENBURPH,EQ,2628,2402,91.40
20,1596,JETFREIGHT,EQ,693518,309620,44.64
20,1597,JEYYAM,ST,18000,12000,66.67
20,1598,JGCHEM,EQ,246274,105906,43.00
20,1599,JHS,EQ,46544,30978,66.56
20,1600,JINDALPHOT,EQ,9513,5785,60.81
20,1601,JINDALPOLY,EQ,30797,11152,36.21
20,1602,JINDALSAW,EQ,1782236,704838,39.55
20,1603,JINDALSTEL,EQ,719206,269528,37.48
20,1604,JINDRILL,EQ,192134,77800,40.49
20,1605,JINDWORLD,EQ,4251821,594192,13.98
20,1606,JIOFIN,EQ,12303050,5003141,40.67
20,1607,JISLDVREQS,EQ,73635,34727,47.16
20,1608,JISLJALEQS,EQ,13543422,1515582,11.19
20,1609,JITFINFRA,EQ,9176,6367,69.39
20,1610,JIWANRAM,SM,12000,6000,50.00
20,1611,JKCEMENT,EQ,79376,40123,50.55
20,1612,JKIL,EQ,58033,44324,76.38
20,1613,JKIPL,EQ,2986,2065,69.16
20,1614,JKLAKSHMI,EQ,49669,27519,55.40
20,1615,JKPAPER,EQ,1832851,526584,28.73
20,1616,JKTYRE,EQ,310543,142733,45.96
20,1617,JLHL,EQ,148183,118525,79.99
20,1618,JMA,EQ,9935,7911,79.63
20,1619,JMFINANCIL,EQ,1550618,717877,46.30
20,1620,JNKINDIA,EQ,43671,20188,46.23
20,1621,JNPR,EQ,770412,278538,36.15
20,1622,JOCIL,EQ,6169,3912,63.41
20,1623,JPOLYINVST,EQ,2186,852,38.98
20,1624,JPPOWER,EQ,43904442,17717700,40.36
20,1625,JSFB,EQ,1866297,896823,48.05
20,1626,JSL,EQ,1286776,684884,53.22
20,1627,JSLL,EQ,252582,124394,49.25
20,1628,JSWCEMENT,EQ,915141,446166,48.75
20,1629,JSWDULUX,EQ,7492,3559,47.50
20,1630,JSWENERGY,EQ,1016989,533222,52.43
20,1631,JSWHL,EQ,3694,1394,37.74
20,1632,JSWINFRA,EQ,1990569,1117668,56.15
20,1633,JSWSTEEL,EQ,1351578,761187,56.32
20,1634,JTEKTINDIA,EQ,84316,44948,53.31
20,1635,JTLIND,EQ,2352512,945848,40.21
20,1636,JUBLCPL,EQ,13155,7734,58.79
20,1637,JUBLFOOD,EQ,817225,288076,35.25
20,1638,JUBLINGREA,EQ,115209,62166,53.96
20,1639,JUBLPHARMA,EQ,87805,38909,44.31
20,1640,JUNIORBEES,EQ,212891,112025,52.62
20,1641,JUNIPER,EQ,123941,54406,43.90
20,1642,JUSTDIAL,EQ,79512,34596,43.51
20,1643,JWL,EQ,562055,221747,39.45
20,1644,JYOTHYLAB,EQ,233311,122939,52.69
20,1645,JYOTICNC,EQ,491500,162745,33.11
20,1646,JYOTIGLOBL,SM,4000,4000,100.00
20,1647,JYOTIRES,EQ,2099,1251,59.60
20,1648,JYOTISTRUC,EQ,3317616,1211825,36.53
20,1649,K2INFRA,ST,22200,17400,78.38
20,1650,KABRAEXTRU,EQ,162222,79362,48.92
20,1651,KAJARIACER,EQ,78492,53976,68.77
20,1652,KAKATCEM,EQ,804,549,68.28
20,1653,KALAMANDIR,EQ,554742,351374,63.34
20,1654,KALANA,SM,2000,2000,100.00
20,1655,KALPATARU,EQ,29902,10625,35.53
20,1656,KALYANKJIL,EQ,5395166,1392583,25.81
20,1657,KAMAHOLD,EQ,3479,2111,60.68
20,1658,KAMANWALA,EQ,2130,2034,95.49
20,1659,KAMATHOTEL,EQ,55950,36783,65.74
20,1660,KAMOPAINTS,EQ,106639,74292,69.67
20,1661,KANANIIND,EQ,169039,111279,65.83
20,1662,KANCHI,EQ,74,72,97.30
20,1663,KANCOTEA,EQ,34,34,100.00
20,1664,KANDARP,SM,22000,10000,45.45
20,1665,KANOHAR,EQ,23002741,2767064,12.03
20,1666,KANPRPLA,EQ,14133,6500,45.99
20,1667,KANSAINER,EQ,135649,73253,54.00
20,1668,KAPSTON,EQ,50003,27605,55.21
20,1669,KARAMTARA,EQ,27433507,18101222,65.98
20,1670,KARMAENG,EQ,39008,20086,51.49
20,1671,KARNIKA,SM,26000,20000,76.92
20,1672,KARURVYSYA,EQ,725600,356670,49.16
20,1673,KATARIA,SM,17400,11400,65.52
20,1674,KAVDEFENCE,EQ,673182,363159,53.95
20,1675,KAYNES,EQ,1242077,193645,15.59
20,1676,KAYTEX,SM,1600,1600,100.00
20,1677,KCEIL,SM,7000,5000,71.43
20,1678,KCK,ST,90000,85000,94.44
20,1679,KCP,EQ,54504,32930,60.42
20,1680,KDDL,EQ,10099,6157,60.97
20,1681,KDGREEN,EQ,32704,12663,38.72
20,1682,KDL,SM,5700,4650,81.58
20,1683,KEC,EQ,453424,183106,40.38
20,1684,KECL,EQ,84728,38134,45.01
20,1685,KEEPLEARN,EQ,12300,10677,86.80
20,1686,KEI,EQ,218838,73103,33.41
20,1687,KELLTONTEC,EQ,1690878,641559,37.94
20,1688,KEN,SM,81600,67200,82.35
20,1689,KENNAMET,EQ,42230,12871,30.48
20,1690,KERNEX,EQ,142463,57796,40.57
20,1691,KEYFINSERV,EQ,93,93,100.00
20,1692,KFINTECH,EQ,357777,150963,42.19
20,1693,KHAICHEM,EQ,139399,74235,53.25
20,1694,KHAITANLTD,EQ,2221,861,38.77
20,1695,KHANDSE,EQ,516,411,79.65
20,1696,KICL,EQ,537,317,59.03
20,1697,KIMS,EQ,1082406,734639,67.87
20,1698,KINGFA,EQ,9494,5055,53.24
20,1699,KIOCL,EQ,90467,31074,34.35
20,1700,KIRANVYPAR,EQ,12978,11862,91.40
20,1701,KIRIINDUS,EQ,634854,234261,36.90
20,1702,KIRLFER,EQ,68163,46030,67.53
20,1703,KIRLOSBROS,EQ,28378,16016,56.44
20,1704,KIRLOSENG,EQ,663959,379617,57.17
20,1705,KIRLOSIND,EQ,6731,3408,50.63
20,1706,KIRLPNU,EQ,95454,50824,53.24
20,1707,KISSHT,EQ,2725240,1027868,37.72
20,1708,KITEX,EQ,348505,131707,37.79
20,1709,KJMCFIN,EQ,593,426,71.84
20,1710,KKCL,EQ,23705,12645,53.34
20,1711,KKJEWELS,SM,70000,68000,97.14
20,1712,KLBRENG-B,EQ,73999,37649,50.88
20,1713,KLL,SM,44000,36800,83.64
20,1714,KMCSHIL,EQ,5686607,507314,8.92
20,1715,KMEW,EQ,64061,21032,32.83
20,1716,KMSUGAR,EQ,104471,51900,49.68
20,1717,KNACK,EQ,595577,259519,43.57
20,1718,KNAGRI,EQ,17508,10726,61.26
20,1719,KNRCON,EQ,4429969,1307170,29.51
20,1720,KODYTECH,ST,46500,46500,100.00
20,1721,KOHINOOR,EQ,114143,36650,32.11
20,1722,KOKUYOCMLN,EQ,9761,6325,64.80
20,1723,KOLTEPATIL,EQ,41920,19018,45.37
20,1724,KONTOR,SM,7800,4200,53.85
20,1725,KOPRAN,EQ,3137443,515228,16.42
20,1726,KORE,ST,10500,10000,95.24
20,1727,KOTAKBANK,EQ,11475105,7727871,67.34
20,1728,KOTHARIPET,EQ,49247,31610,64.19
20,1729,KOTHARIPRO,EQ,6798,4190,61.64
20,1730,KOTIC,EQ,51566,13469,26.12
20,1731,KOVAI,EQ,3567,1859,52.12
20,1732,KPEL,EQ,130224,65510,50.31
20,1733,KPIGREEN,EQ,288223,132805,46.08
20,1734,KPIL,EQ,231336,123133,53.23
20,1735,KPITTECH,EQ,599882,155495,25.92
20,1736,KPL,EQ,21503,9275,43.13
20,1737,KPRMILL,EQ,198809,84647,42.58
20,1738,KRBL,EQ,248080,128284,51.71
20,1739,KREBSBIO,EQ,4118,2325,56.46
20,1740,KRIDHANINF,EQ,72421,49677,68.59
20,1741,KRISHANA,EQ,423003,213586,50.49
20,1742,KRISHCA,SM,13500,13500,100.00
20,1743,KRISHIVAL,EQ,32644,26697,81.78
20,1744,KRISHNADEF,EQ,54695,25899,47.35
20,1745,KRITI,EQ,16133,12928,80.13
20,1746,KRITIKA,EQ,70621,50136,70.99
20,1747,KRITINUT,EQ,3370,2786,82.67
20,1748,KRMAYURVED,SM,188000,129000,68.62
20,1749,KRN,EQ,676289,337210,49.86
20,1750,KROSS,EQ,1745433,646409,37.03
20,1751,KRSNAA,EQ,3267030,427796,13.09
20,1752,KRT,RR,410290,353897,86.26
20,1753,KRYSTAL,EQ,185098,80413,43.44
20,1754,KSB,EQ,62789,28963,46.13
20,1755,KSCL,EQ,53950,29389,54.47
20,1756,KSE,EQ,17970,13307,74.05
20,1757,KSHINTL,EQ,387798,159124,41.03
20,1758,KSHITIJPOL,EQ,9656251,5312794,55.02
20,1759,KSL,EQ,309254,102215,33.05
20,1760,KSOLVES,EQ,28119,15905,56.56
20,1761,KSR,EQ,93873,54235,57.77
20,1762,KTKBANK,EQ,1702377,811370,47.66
20,1763,KUANTUM,EQ,69765,35708,51.18
20,1764,KUSUMGAR,EQ,186226,142928,76.75
20,1765,KWIL,EQ,9862678,4471116,45.33
20,1766,LAGNAM,EQ,5718,5078,88.81
20,1767,LAHOTIOV,EQ,200,200,100.00
20,1768,LAKSHMIMIL,EQ,5,5,100.00
20,1769,LAKSHYA,SM,23200,16000,68.97
20,1770,LAL,EQ,33047,17999,54.46
20,1771,LALITHAA,EQ,5186628,2434352,46.94
20,1772,LALPATHLAB,EQ,354166,190774,53.87
20,1773,LAMBODHARA,EQ,8833,3289,37.24
20,1774,LAMOSAIC,ST,76800,73200,95.31
20,1775,LANCER,EQ,193860,151643,78.22
20,1776,LANDMARK,EQ,134708,53239,39.52
20,1777,LANDSMILL,EQ,1100551,920746,83.66
20,1778,LAOPALA,EQ,218566,106376,48.67
20,1779,LARGEMID50,EQ,1283,1259,98.13
20,1780,LASERPOWER,EQ,411450,183403,44.57
20,1781,LATENTVIEW,EQ,292457,128124,43.81
20,1782,LATTEYS,EQ,30603,18849,61.59
20,1783,LAURUSLABS,EQ,1645108,942372,57.28
20,1784,LAXMICOT,EQ,6581,4191,63.68
20,1785,LAXMIDENTL,EQ,28958,13399,46.27
20,1786,LAXMIINDIA,EQ,107146,46886,43.76
20,1787,LCCINFOTEC,EQ,29606,20217,68.29
20,1788,LCCPROJECT,EQ,22468435,14275242,63.53
20,1789,LCL,EQ,327586,85367,26.06
20,1790,LEAPIND,EQ,2323727,1101696,47.41
20,1791,LEMERITE,EQ,346174,285874,82.58
20,1792,LEMONTREE,EQ,1684840,764592,45.38
20,1793,LENSKART,EQ,5163552,3234302,62.64
20,1794,LEXUS,EQ,4906,3717,75.76
20,1795,LFIC,EQ,6724,3021,44.93
20,1796,LGBBROSLTD,EQ,30530,18467,60.49
20,1797,LGEINDIA,EQ,398578,242008,60.72
20,1798,LGHL,EQ,6600,1054,15.97
20,1799,LIBAS,EQ,205702,81051,39.40
20,1800,LIBERTSHOE,EQ,12325,8561,69.46
20,1801,LICHSGFIN,EQ,3377564,1763005,52.20
20,1802,LICI,EQ,7410477,4254166,57.41
20,1803,LICMFGOLD,EQ,151724,62859,41.43
20,1804,LICNETFGSC,EQ,2724,1418,52.06
20,1805,LICNETFN50,EQ,144,82,56.94
20,1806,LICNFNHGP,EQ,303,296,97.69
20,1807,LICNMID100,EQ,3565,1819,51.02
20,1808,LIKHITHA,EQ,42097,23229,55.18
20,1809,LINC,EQ,19380,13281,68.53
20,1810,LINCOLN,EQ,40723,11667,28.65
20,1811,LINDEINDIA,EQ,29616,9178,30.99
20,1812,LIQGRWBEES,EQ,440338,386455,87.76
20,1813,LIQUID,EQ,250770,155278,61.92
20,1814,LIQUID1,EQ,1080738,555900,51.44
20,1815,LIQUIDADD,EQ,284924,153009,53.70
20,1816,LIQUIDBEES,EQ,2962685,2598637,87.71
20,1817,LIQUIDBETA,EQ,541,511,94.45
20,1818,LIQUIDBETF,EQ,228189,187339,82.10
20,1819,LIQUIDCASE,EQ,25771011,21874280,84.88
20,1820,LIQUIDETF,EQ,71901,60958,84.78
20,1821,LIQUIDIETF,EQ,368412,319001,86.59
20,1822,LIQUIDPLUS,EQ,148108,113109,76.37
20,1823,LIQUIDSBI,EQ,14603,13715,93.92
20,1824,LIQUIDSHRI,EQ,11007,9623,87.43
20,1825,LKPSEC,EQ,728,671,92.17
20,1826,LLOYDS,SM,1000,1000,100.00
20,1827,LLOYDSENGG,EQ,2627679,1039748,39.57
20,1828,LLOYDSENT,EQ,1075798,531605,49.41
20,1829,LLOYDSME,EQ,200722,116412,58.00
20,1830,LMW,EQ,6056,3084,50.92
20,1831,LODHA,EQ,2157472,1295342,60.04
20,1832,LOKESHMACH,EQ,21296,11259,52.87
20,1833,LORDSCHLO,EQ,7275,4646,63.86
20,1834,LOTUSCHO,EQ,973,655,67.32
20,1835,LOTUSEYE,EQ,2719,2513,92.42
20,1836,LOVABLE,EQ,9100,7542,82.88
20,1837,LOWVOL,EQ,2030,1417,69.80
20,1838,LOWVOL1,EQ,3967,1849,46.61
20,1839,LOWVOLIETF,EQ,472478,232917,49.30
20,1840,LOYALTEX,EQ,123,119,96.75
20,1841,LPDC,EQ,21167,17763,83.92
20,1842,LRRPL,SM,1500,1500,100.00
20,1843,LT,EQ,1319415,669582,50.75
20,1844,LTF,EQ,3499657,1189565,33.99
20,1845,LTFOODS,EQ,232925,92542,39.73
20,1846,LTGILTBEES,EQ,340430,266698,78.34
20,1847,LTGILTCASE,EQ,152684,130605,85.54
20,1848,LTM,EQ,225747,69617,30.84
20,1849,LTTS,EQ,51724,23919,46.24
20,1850,LUMAXIND,EQ,6009,2883,47.98
20,1851,LUMAXTECH,EQ,153301,66700,43.51
20,1852,LUMINO,EQ,20758824,2740012,13.20
20,1853,LUPIN,EQ,525909,286812,54.54
20,1854,LUXIND,EQ,29567,18239,61.69
20,1855,LXCHEM,EQ,2486902,748227,30.09
20,1856,M&M,EQ,1875308,1036933,55.29
20,1857,M&MFIN,EQ,1682084,874474,51.99
20,1858,MAANALU,EQ,75997,49103,64.61
20,1859,MACOBSTECH,SM,49600,45600,91.94
20,1860,MACPOWER,EQ,94021,45209,48.08
20,1861,MADHAV,EQ,713,503,70.55
20,1862,MADHAVIPL,EQ,83118,49034,58.99
20,1863,MADHURKNIT,SM,844800,534000,63.21
20,1864,MADHUSUDAN,ST,29000,25000,86.21
20,1865,MADRASFERT,EQ,39547,18885,47.75
20,1866,MAFANG,EQ,651437,281756,43.25
20,1867,MAFATIND,EQ,14704,12060,82.02
20,1868,MAGADSUGAR,EQ,18567,7968,42.91
20,1869,MAGNUM,EQ,112587,63961,56.81
20,1870,MAGSON,SM,1000,1000,100.00
20,1871,MAHABANK,EQ,16454084,6036920,36.69
20,1872,MAHAPEXLTD,EQ,2454,1618,65.93
20,1873,MAHEPC,EQ,2687,1797,66.88
20,1874,MAHESHWARI,EQ,10004,9154,91.50
20,1875,MAHICKRA,SM,750,750,100.00
20,1876,MAHKTECH,EQ,1036306,542711,52.37
20,1877,MAHLIFE,EQ,157306,61453,39.07
20,1878,MAHLOG,EQ,34419,19575,56.87
20,1879,MAHSCOOTER,EQ,1641,945,57.59
20,1880,MAHSEAMLES,EQ,436705,178471,40.87
20,1881,MAITHANALL,EQ,163731,49590,30.29
20,1882,MAITREYA,SM,400,400,100.00
20,1883,MAKEINDIA,EQ,37857,21718,57.37
20,1884,MAKERSL,EQ,1424,1263,88.69
20,1885,MAL,ST,4800,4800,100.00
20,1886,MALLCOM,EQ,550,421,76.55
20,1887,MALUPAPER,EQ,23457,11967,51.02
20,1888,MAMATA,EQ,24366,13168,54.04
20,1889,MANAKALUCO,EQ,28922,17076,59.04
20,1890,MANAKCOAT,EQ,1267746,237787,18.76
20,1891,MANAKSIA,EQ,72388,27397,37.85
20,1892,MANALIPETC,EQ,892492,296519,33.22
20,1893,MANAPPURAM,EQ,2149995,865870,40.27
20,1894,MANBA,EQ,78718,27264,34.64
20,1895,MANCREDIT,EQ,179068,29294,16.36
20,1896,MANDEEP,SM,8000,8000,100.00
20,1897,MANGALAM,EQ,29244,19477,66.60
20,1898,MANGLMCEM,EQ,67186,32822,48.85
20,1899,MANILAM,SM,2000,2000,100.00
20,1900,MANINDS,EQ,1087714,357245,32.84
20,1901,MANINFRA,EQ,1602110,514179,32.09
20,1902,MANIPALHOS,EQ,615733,296929,48.22
20,1903,MANKIND,EQ,488064,337671,69.19
20,1904,MANOMAY,EQ,64820,7665,11.83
20,1905,MANORAMA,EQ,117554,50835,43.24
20,1906,MANORG,EQ,35097,27757,79.09
20,1907,MANUFGBEES,EQ,2092,1799,85.99
20,1908,MANUGRAPH,EQ,4111,3951,96.11
20,1909,MANYAVAR,EQ,131051,49389,37.69
20,1910,MAPMYINDIA,EQ,70478,28962,41.09
20,1911,MARALOVER,EQ,7533,5528,73.38
20,1912,MARATHON,EQ,36537,20671,56.58
20,1913,MARC,SM,44400,38400,86.49
20,1914,MARCO,SM,16500,10500,63.64
20,1915,MARICO,EQ,1761636,1084013,61.53
20,1916,MARINE,EQ,435723,188843,43.34
20,1917,MARKOLINES,EQ,215118,41389,19.24
20,1918,MARKSANS,EQ,1104335,456504,41.34
20,1919,MARSONS,EQ,1499002,412251,27.50
20,1920,MARUSHIKA,SM,31200,24000,76.92
20,1921,MARUTI,EQ,249064,98169,39.42
20,1922,MASFIN,EQ,421158,371115,88.12
20,1923,MASKINVEST,EQ,39,39,100.00
20,1924,MASON,SM,25000,18500,74.00
20,1925,MASPTOP50,EQ,1126886,485869,43.12
20,1926,MASTEK,EQ,54148,22606,41.75
20,1927,MASTERTR,EQ,446576,123570,27.67
20,1928,MATRIMONY,EQ,32549,19002,58.38
20,1929,MAWANASUG,EQ,80447,44655,55.51
20,1930,MAXESTATES,EQ,113120,54356,48.05
20,1931,MAXHEALTH,EQ,1117711,568403,50.85
20,1932,MAXIND,EQ,37038,26580,71.76
20,1933,MAXPOSURE,SM,23000,17000,73.91
20,1934,MAXVOLT,SM,62800,50400,80.25
20,1935,MAYURUNIQ,EQ,102554,51378,50.10
20,1936,MAZDOCK,EQ,1560226,493672,31.64
20,1937,MBAPL,EQ,1856013,909086,48.98
20,1938,MBEL,EQ,420146,189966,45.21
20,1939,MBLINFRA,EQ,36249,24499,67.59
20,1940,MCCHRLS-B,EQ,4694,4425,94.27
20,1941,MCL,EQ,27735,15501,55.89
20,1942,MCLEODRUSS,EQ,259354,149426,57.61
20,1943,MCLOUD,EQ,702570,306682,43.65
20,1944,MCON,SM,13000,12000,92.31
20,1945,MCX,EQ,1530935,614088,40.11
20,1946,MEDANTA,EQ,152324,72483,47.58
20,1947,MEDIASSIST,EQ,65756,29852,45.40
20,1948,MEDICAMEQ,EQ,128639,61303,47.66
20,1949,MEDICAPQ,EQ,15631,10195,65.22
20,1950,MEDICO,EQ,251738,131871,52.38
20,1951,MEDIORG,SM,14000,10000,71.43
20,1952,MEDPLUS,EQ,122132,79825,65.36
20,1953,MEESHO,EQ,7638011,4052543,53.06
20,1954,MEGASTAR,EQ,51986,51529,99.12
20,1955,MEGATHERM,SM,11600,9600,82.76
20,1956,MEIL,EQ,37480,17572,46.88
20,1957,MERCANTILE,EQ,155,137,88.39
20,1958,MERCURYEV,EQ,1438388,903615,62.82
20,1959,METAL,EQ,2934238,2363300,80.54
20,1960,METALIC,ST,73600,70400,95.65
20,1961,METALIETF,EQ,2907242,1468068,50.50
20,1962,METROBRAND,EQ,23902,12705,53.15
20,1963,METROGLOBL,EQ,299,213,71.24
20,1964,METROPOLIS,EQ,129759,60666,46.75
20,1965,MFML,EQ,60,53,88.33
20,1966,MFSL,EQ,958344,360229,37.59
20,1967,MGEL,EQ,2126371,1461613,68.74
20,1968,MGL,EQ,66861,36114,54.01
20,1969,MGSL,SM,7200,7200,100.00
20,1970,MHRIL,EQ,138980,55550,39.97
20,1971,MID150,EQ,635762,426772,67.13
20,1972,MID150BEES,EQ,467925,282858,60.45
20,1973,MID150CASE,EQ,778742,395473,50.78
20,1974,MIDBANKADD,EQ,6401,4306,67.27
20,1975,MIDCAP,EQ,133637,67096,50.21
20,1976,MIDCAPADD,EQ,18839,17109,90.82
20,1977,MIDCAPBETA,EQ,26478,23934,90.39
20,1978,MIDCAPETF,EQ,1380411,927541,67.19
20,1979,MIDCAPIETF,EQ,576797,259873,45.05
20,1980,MIDHANI,EQ,805297,314157,39.01
20,1981,MIDQ50ADD,EQ,8990,6305,70.13
20,1982,MIDSELIETF,EQ,408836,230426,56.36
20,1983,MIDSMALL,EQ,135992,88013,64.72
20,1984,MIDWESTLTD,EQ,54062,24231,44.82
20,1985,MIIL,EQ,156055,104350,66.87
20,1986,MILKYMIST,EQ,3974674,1231443,30.98
20,1987,MILTON,SM,8800,6600,75.00
20,1988,MINDACORP,EQ,191985,91556,47.69
20,1989,MINDSPACE,RR,181074,148434,81.97
20,1990,MINDTECK,EQ,16511,8927,54.07
20,1991,MIRZAINT,EQ,41813,29515,70.59
20,1992,MITCON,EQ,6598,6332,95.97
20,1993,MITTAL,EQ,1418772,946662,66.72
20,1994,MKEXIM,EQ,26545,17293,65.15
20,1995,MKPL,EQ,124924,97308,77.89
20,1996,MLKFOOD,EQ,8363,5808,69.45
20,1997,MMFL,EQ,70892,34931,49.27
20,1998,MMP,EQ,59161,33556,56.72
20,1999,MMTC,EQ,541027,188096,34.77
20,2000,MMWL,EQ,20551,8875,43.19
20,2001,MNC,EQ,18692,9825,52.56
20,2002,MOALPHA50,EQ,2418,1916,79.24
20,2003,MOBANK10,EQ,292,281,96.23
20,2004,MOBIKWIK,EQ,5392512,952811,17.67
20,2005,MOBILISE,SM,8000,8000,100.00
20,2006,MOCAPITAL,EQ,864265,655536,75.85
20,2007,MODEFENCE,EQ,1783984,827589,46.39
20,2008,MODINATUR,EQ,3975,3112,78.29
20,2009,MODIRUBBER,EQ,763,534,69.99
20,2010,MODIS,EQ,11294,6092,53.94
20,2011,MODTHREAD,EQ,3135,2209,70.46
20,2012,MOENERGY,EQ,65244,58504,89.67
20,2013,MOGOLD,EQ,15719,8286,52.71
20,2014,MOGSEC,EQ,670,522,77.91
20,2015,MOHEALTH,EQ,44591,36832,82.60
20,2016,MOHITE,EQ,105342,74644,70.86
20,2017,MOHITIND,EQ,14489,7581,52.32
20,2018,MOIL,EQ,473783,194036,40.95
20,2019,MOINFRA,EQ,855,775,90.64
20,2020,MOIPO,EQ,4203,4149,98.72
20,2021,MOKSH,EQ,36960,33349,90.23
20,2022,MOL,EQ,786510,294951,37.50
20,2023,MOLBIO,EQ,3801397,366416,9.64
20,2024,MOLDTKPAC,EQ,23019,14030,60.95
20,2025,MOLOWVOL,EQ,6873,5139,74.77
20,2026,MOM100,EQ,218093,137451,63.02
20,2027,MOM30IETF,EQ,432970,251570,58.10
20,2028,MOM50,EQ,2526,2002,79.26
20,2029,MOMENTUM,EQ,35933,25381,70.63
20,2030,MOMENTUM30,EQ,171221,57655,33.67
20,2031,MOMENTUM50,EQ,239860,123549,51.51
20,2032,MOMETAL,EQ,2261,1510,66.78
20,2033,MOMGF,EQ,1074,1070,99.63
20,2034,MOMIDMTM,EQ,79088,72966,92.26
20,2035,MOMMIDCAP,EQ,1344900,1242931,92.42
20,2036,MOMNC,EQ,2332,2316,99.31
20,2037,MOMOMENTUM,EQ,211558,187707,88.73
20,2038,MON100,EQ,1275524,740012,58.02
20,2039,MON50EQUAL,EQ,6362,5996,94.25
20,2040,MONARCH,EQ,59529,34545,58.03
20,2041,MONEXT50,EQ,2801,1547,55.23
20,2042,MONEYBOXX,EQ,10440,10435,99.95
20,2043,MONIFTY100,EQ,6165,5603,90.88
20,2044,MONIFTY500,EQ,505785,390857,77.28
20,2045,MONOLITH,SM,46000,30000,65.22
20,2046,MONQ50,EQ,2080987,609409,29.28
20,2047,MONTECARLO,EQ,60859,37922,62.31
20,2048,MOOILGAS,EQ,5229,4178,79.90
20,2049,MOPSE,EQ,1574,750,47.65
20,2050,MOQUALITY,EQ,378,242,64.02
20,2051,MOREALTY,EQ,330304,175222,53.05
20,2052,MOREPENLAB,EQ,27513682,5801174,21.08
20,2053,MOS,ST,1628000,1492000,91.65
20,2054,MOSCHIP,EQ,4542544,820311,18.06
20,2055,MOSERVICE,EQ,633,489,77.25
20,2056,MOSILVER,EQ,21273,6971,32.77
20,2057,MOSMALL250,EQ,713339,448432,62.86
20,2058,MOTHERSON,EQ,7026483,3484223,49.59
20,2059,MOTILALOFS,EQ,819010,350619,42.81
20,2060,MOTISONS,EQ,236263034,29895170,12.65
20,2061,MOTOGENFIN,EQ,19148,15533,81.12
20,2062,MOTOUR,EQ,9206,8414,91.40
20,2063,MOVALUE,EQ,34522,18967,54.94
20,2064,MOXSH,SM,1600,1600,100.00
20,2065,MPEL,ST,30400,28800,94.74
20,2066,MPEL-RE,ST,1369600,1366400,99.77
20,2067,MPHASIS,EQ,261279,112663,43.12
20,2068,MPIMANIPAL,EQ,8510549,3634297,42.70
20,2069,MPSLTD,EQ,11521,5516,47.88
20,2070,MRF,EQ,3594,1577,43.88
20,2071,MRIL,ST,24000,24000,100.00
20,2072,MRPL,EQ,6112954,1855282,30.35
20,2073,MSCI360,EQ,40209,25020,62.22
20,2074,MSCIADD,EQ,10146,5101,50.28
20,2075,MSCIINDIA,EQ,4050,3193,78.84
20,2076,MSL,EQ,530,530,100.00
20,2077,MSPL,EQ,244920,145232,59.30
20,2078,MSTCLTD,EQ,201147,70621,35.11
20,2079,MSUMI,EQ,4381154,1725234,39.38
20,2080,MTNL,EQ,714491,279239,39.08
20,2081,MUFIN,EQ,993231,189259,19.05
20,2082,MUFTI,EQ,225246,101987,45.28
20,2083,MUKANDLTD,EQ,25255,14248,56.42
20,2084,MULTICAP,EQ,48266,33775,69.98
20,2085,MUNISH,SM,6000,6000,100.00
20,2086,MUNJALAU,EQ,200811,77592,38.64
20,2087,MUNJALSHOW,EQ,15920,11794,74.08
20,2088,MURUDCERA,EQ,9301,8802,94.63
20,2089,MUTHOOTCAP,EQ,15434,7758,50.27
20,2090,MUTHOOTFIN,EQ,829940,459364,55.35
20,2091,MUTHOOTMF,EQ,75707,35524,46.92
20,2092,MVELECTRO,EQ,1164354,168942,14.51
20,2093,MVGJL,EQ,704297,252874,35.90
20,2094,MVKAGRO,SM,267300,200400,74.97
20,2095,MWL,EQ,370691,173948,46.93
20,2096,MYMUDRA,SM,6000,4800,80.00
20,2097,NACLIND,EQ,415405,181728,43.75
20,2098,NAGREEKCAP,EQ,66117,42270,63.93
20,2099,NAGREEKEXP,EQ,8627,6865,79.58
20,2100,NAHARCAP,EQ,283,263,92.93
20,2101,NAHARINDUS,EQ,40682,20754,51.02
20,2102,NAHARPOLY,EQ,10758,7412,68.90
20,2103,NAHARSPING,EQ,51178,32144,62.81
20,2104,NAM-INDIA,EQ,997028,506657,50.82
20,2105,NAMAN,SM,3200,3200,100.00
20,2106,NAMOEWASTE,ST,27200,23200,85.29
20,2107,NARMADA,EQ,82610,46829,56.69
20,2108,NATCOPHARM,EQ,340518,165576,48.62
20,2109,NATHBIOGEN,EQ,2669,2116,79.28
20,2110,NATIONALUM,EQ,3033265,1501675,49.51
20,2111,NATIONSTD,EQ,11705,9677,82.67
20,2112,NAUKRI,EQ,970996,654736,67.43
20,2113,NAVA,EQ,177138,93851,52.98
20,2114,NAVINFLUOR,EQ,106635,53649,50.31
20,2115,NAVKARCORP,EQ,606584,333187,54.93
20,2116,NAVNETEDUL,EQ,59741,29045,48.62
20,2117,NAZARA,EQ,1257748,914973,72.75
20,2118,NBCC,EQ,3284388,1060835,32.30
20,2119,NBIFIN,EQ,5719,5343,93.43
20,2120,NCC,EQ,2571140,1151022,44.77
20,2121,NCLIND,EQ,27273,19299,70.76
20,2122,NDGL,EQ,183,154,84.15
20,2123,NDL,EQ,566518,435830,76.93
20,2124,NDLVENTURE,EQ,2187,1736,79.38
20,2125,NDRAUTO,EQ,46693,20451,43.80
20,2126,NDRINVIT,IV,100000,100000,100.00
20,2127,NDTV,EQ,52161,34545,66.23
20,2128,NECLIFE,EQ,59549,37072,62.25
20,2129,NEELAM,SM,6000,6000,100.00
20,2130,NELCAST,EQ,119553,44739,37.42
20,2131,NELCO,EQ,197825,78789,39.83
20,2132,NEOCHEM,SM,16800,13200,78.57
20,2133,NEOGEN,EQ,605450,162301,26.81
20,2134,NEPHROCARE,SM,9600,7200,75.00
20,2135,NEPHROPLUS,EQ,40733,20981,51.51
20,2136,NEPTUNE,SM,2500,2500,100.00
20,2137,NESCO,EQ,18899,9783,51.76
20,2138,NESTLEIND,EQ,1082694,690361,63.76
20,2139,NETF,EQ,1110,877,79.01
20,2140,NETWEB,EQ,1120214,210133,18.76
20,2141,NETWORK18,EQ,4048889,1726418,42.64
20,2142,NEULANDLAB,EQ,18964,7471,39.40
20,2143,NEWGEN,EQ,398497,160974,40.40
20,2144,NEWJAISA,ST,40500,31500,77.78
20,2145,NEXT30ADD,EQ,1001,707,70.63
20,2146,NEXT50,EQ,26277,16401,62.42
20,2147,NEXT50ADD,EQ,23050,9241,40.09
20,2148,NEXT50BETA,EQ,178892,135125,75.53
20,2149,NEXT50ETF,EQ,7471,4581,61.32
20,2150,NEXT50IETF,EQ,369232,249714,67.63
20,2151,NEXTMEDIA,EQ,8346,8078,96.79
20,2152,NFL,EQ,555974,148870,26.78
20,2153,NFPSAMPOOR,SM,2000,2000,100.00
20,2154,NGIL,EQ,10763,10019,93.09
20,2155,NGLFINE,EQ,4269,2414,56.55
20,2156,NH,EQ,127928,76283,59.63
20,2157,NHIT,IV,75000,75000,100.00
20,2158,NHPC,EQ,11626579,8027022,69.04
20,2159,NIACL,EQ,34650793,1387654,4.00
20,2160,NIBE,EQ,25690,12788,49.78
20,2161,NIBL,EQ,22575,19256,85.30
20,2162,NICCOPAR,EQ,567,564,99.47
20,2163,NIDAN,SM,3000,3000,100.00
20,2164,NIF100BEES,EQ,135501,115976,85.59
20,2165,NIF100IETF,EQ,47616,23799,49.98
20,2166,NIF500BETA,EQ,3339,3336,99.91
20,2167,NIFTY1,EQ,56430,46571,82.53
20,2168,NIFTY100EW,EQ,37581,22268,59.25
20,2169,NIFTYADD,EQ,4220,2491,59.03
20,2170,NIFTYAXIS,EQ,9997,6811,68.13
20,2171,NIFTYBEES,EQ,4732947,2877038,60.79
20,2172,NIFTYBETA,EQ,25000,14755,59.02
20,2173,NIFTYBETF,EQ,1812,962,53.09
20,2174,NIFTYCASE,EQ,705543,486375,68.94
20,2175,NIFTYETF,EQ,120788,69976,57.93
20,2176,NIFTYIETF,EQ,254440,161348,63.41
20,2177,NIFTYJBLK,EQ,86852,68277,78.61
20,2178,NIFTYQLITY,EQ,121631,61974,50.95
20,2179,NIITLTD,EQ,139121,58517,42.06
20,2180,NIITMTS,EQ,53888,28804,53.45
20,2181,NILAINFRA,EQ,55420,39074,70.51
20,2182,NILASPACES,EQ,3067089,1405528,45.83
20,2183,NILE,EQ,735,451,61.36
20,2184,NILKAMAL,EQ,17635,6900,39.13
20,2185,NIMBSPROJ,EQ,27007,5298,19.62
20,2186,NINSYS,EQ,1274,1048,82.26
20,2187,NIPPOBATRY,EQ,2222,1924,86.59
20,2188,NIRAJ,EQ,27702,19863,71.70
20,2189,NIRLON,EQ,1233,701,56.85
20,2190,NIRMAN,SM,5700,4200,73.68
20,2191,NITCO,EQ,342602,179208,52.31
20,2192,NITINSPIN,EQ,63384,35790,56.47
20,2193,NITIRAJ,EQ,6661,6102,91.61
20,2194,NITTAGELA,EQ,9697,5711,58.89
20,2195,NIVABUPA,EQ,654127,301470,46.09
20,2196,NKIND,EQ,243,140,57.61
20,2197,NLCINDIA,EQ,1656457,791666,47.79
20,2198,NMDC,EQ,4385275,2040539,46.53
20,2199,NMSTEEL,SM,1600,1600,100.00
20,2200,NOCIL,EQ,2002880,409197,20.43
20,2201,NOIDATOLL,EQ,148592,78461,52.80
20,2202,NORBTEAEXP,EQ,1131,653,57.74
20,2203,NORTHARC,EQ,2358970,1035368,43.89
20,2204,NOVAAGRI,EQ,34060,24470,71.84
20,2205,NOVARTIND,EQ,153168,45455,29.68
20,2206,NPBET,EQ,386,375,97.15
20,2207,NPST,EQ,460726,66125,14.35
20,2208,NRAIL,EQ,11537,6603,57.23
20,2209,NRBBEARING,EQ,190344,96701,50.80
20,2210,NRVANDANA,SM,210000,111000,52.86
20,2211,NSIL,EQ,869,578,66.51
20,2212,NSLNISP,EQ,2893595,1254076,43.34
20,2213,NTCIND,EQ,1311,1177,89.78
20,2214,NTPC,EQ,5589949,3405285,60.92
20,2215,NTPCGREEN,EQ,969560,414989,42.80
20,2216,NUCLEUS,EQ,14834,10731,72.34
20,2217,NUVAMA,EQ,171066,89562,52.36
20,2218,NUVOCO,EQ,196546,109699,55.81
20,2219,NV20,EQ,45776,24235,52.94
20,2220,NV20BEES,EQ,15612,8002,51.26
20,2221,NV20IETF,EQ,337403,228105,67.61
20,2222,NXST,RR,356055,270784,76.05
20,2223,NXT-INFRA,IV,1300000,1150000,88.46
20,2224,NYKAA,EQ,5216273,2770047,53.10
20,2225,OAL,EQ,10254,5071,49.45
20,2226,OBCL,EQ,27171,13764,50.66
20,2227,OBEROIRLTY,EQ,413371,234876,56.82
20,2228,OBSCP,SM,36000,21600,60.00
20,2229,ODIGMA,EQ,41688,37700,90.43
20,2230,ODYCORP,EQ,37929,35094,92.53
20,2231,OFSS,EQ,132173,59119,44.73
20,2232,OIL,EQ,1708044,735410,43.06
20,2233,OILIETF,EQ,9119991,8617711,94.49
20,2234,OLAELEC,EQ,43408200,12830725,29.56
20,2235,OLECTRA,EQ,158165,55124,34.85
20,2236,OLIL,SM,32400,24400,75.31
20,2237,OMAXAUTO,EQ,71166,34647,48.68
20,2238,OMAXE,EQ,755723,204810,27.10
20,2239,OMINFRAL,EQ,44975,26967,59.96
20,2240,OMNI,EQ,550904,219448,39.83
20,2241,OMPOWER,EQ,136884,83994,61.36
20,2242,ONDOOR,SM,27000,22200,82.22
20,2243,ONEGLOBAL,EQ,5391,3476,64.48
20,2244,ONEPOINT,EQ,2680184,1266741,47.26
20,2245,ONESOURCE,EQ,121361,70636,58.20
20,2246,ONGC,EQ,11062410,6586415,59.54
20,2247,ONIDA,EQ,2565482,2029195,79.10
20,2248,ONIXSOLAR,EQ,7550,7550,100.00
20,2249,ONWARDTEC,EQ,72827,40864,56.11
20,2250,ONYX,ST,80000,80000,100.00
20,2251,OPTIEMUS,EQ,356119,176012,49.43
20,2252,OPTIFIN,EQ,65480,58391,89.17
20,2253,OPTIMYSTIX,SM,20800,19200,92.31
20,2254,OPTIVALUE,ST,36800,33600,91.30
20,2255,ORCHASP,EQ,1339545,896365,66.92
20,2256,ORCHPHARMA,EQ,138643,90440,65.23
20,2257,ORIANA,SM,103200,61050,59.16
20,2258,ORICONENT,EQ,12236,9421,76.99
20,2259,ORIENTALTL,EQ,41875,27241,65.05
20,2260,ORIENTBELL,EQ,15649,11305,72.24
20,2261,ORIENTCEM,EQ,753064,248151,32.95
20,2262,ORIENTCER,EQ,62071,47242,76.11
20,2263,ORIENTELEC,EQ,53644,24919,46.45
20,2264,ORIENTHOT,EQ,497650,241109,48.45
20,2265,ORIENTPPR,EQ,285003,129431,45.41
20,2266,ORIENTTECH,EQ,177246,61029,34.43
20,2267,ORIRAIL,EQ,43602,18836,43.20
20,2268,ORISSAMINE,EQ,5835,2701,46.29
20,2269,ORKLAINDIA,EQ,38840,24826,63.92
20,2270,ORTINGLOBE,EQ,4055,3078,75.91
20,2271,OSELDEVICE,SM,17400,12000,68.97
20,2272,OSWALAGRO,EQ,28868,18475,64.00
20,2273,OSWALGREEN,EQ,132784,80638,60.73
20,2274,OSWALPUMPS,EQ,309066,137448,44.47
20,2275,OSWALSEEDS,EQ,294234,158121,53.74
20,2276,OWAIS,ST,7000,6600,94.29
20,2277,PACEDIGITK,EQ,495495,271484,54.79
20,2278,PACIFICI,EQ,1,1,100.00
20,2279,PAGEIND,EQ,14284,5820,40.74
20,2280,PAISALO,EQ,26502335,7979310,30.11
20,2281,PAKKA,EQ,53227,33648,63.22
20,2282,PALASHSECU,EQ,607,500,82.37
20,2283,PALREDTEC,EQ,1252,1176,93.93
20,2284,PANACEABIO,EQ,72429,31783,43.88
20,2285,PANAMAPET,EQ,160464,71397,44.49
20,2286,PANORAMA,EQ,379760,184546,48.60
20,2287,PANSARI,EQ,23,15,65.22
20,2288,PARACABLES,EQ,1231134,611036,49.63
20,2289,PARADEEP,EQ,2608193,863140,33.09
20,2290,PARAGMILK,EQ,2697229,1217410,45.14
20,2291,PARAGON,SM,12000,9600,80.00
20,2292,PARAMOUNT,SM,8400,4800,57.14
20,2293,PARAS,EQ,1067428,205770,19.28
20,2294,PARASPETRO,EQ,66268,52689,79.51
20,2295,PARIN,SM,3250,2500,76.92
20,2296,PARKHOSPS,EQ,143934,69796,48.49
20,2297,PARKHOTELS,EQ,48133,26548,55.16
20,2298,PARNAXLAB,EQ,1113,1084,97.39
20,2299,PARTH,SM,10000,7200,72.00
20,2300,PASHUPATI,EQ,43534,19512,44.82
20,2301,PASUPTAC,EQ,215392,122614,56.93
20,2302,PATANJALI,EQ,3350516,1108878,33.10
20,2303,PATELENG,EQ,1174809,539464,45.92
20,2304,PATELRMART,EQ,72077,56539,78.44
20,2305,PATILAUTOM,SM,64200,42600,66.36
20,2306,PAUSHAKLTD,EQ,30465,14026,46.04
20,2307,PAVNAIND,EQ,102835,46631,45.35
20,2308,PAYTM,EQ,4085951,1808734,44.27
20,2309,PBMPOLY,EQ,278,278,100.00
20,2310,PCBL,EQ,1194557,539202,45.14
20,2311,PCCL,SM,16400,7200,43.90
20,2312,PCJEWELLER,EQ,225554471,50966637,22.60
20,2313,PDMJEPAPER,EQ,664472,153776,23.14
20,2314,PDSL,EQ,192977,162870,84.40
20,2315,PEARLPOLY,EQ,15864,15374,96.91
20,2316,PELATRO,SM,3900,2400,61.54
20,2317,PENIND,EQ,189396,102159,53.94
20,2318,PENINLAND,EQ,250907,170044,67.77
20,2319,PENTAGON,ST,1000,1000,100.00
20,2320,PERFECT,SZ,30000,30000,100.00
20,2321,PERMAGN,EQ,2968,2077,69.98
20,2322,PERNIASPOP,EQ,138870,72702,52.35
20,2323,PERSISTENT,EQ,233465,103623,44.38
20,2324,PETRONET,EQ,982394,647783,65.94
20,2325,PFC,EQ,6259408,4225353,67.50
20,2326,PFIZER,EQ,20865,11243,53.88
20,2327,PFOCUS,EQ,6593481,868429,13.17
20,2328,PFS,EQ,340040,189527,55.74
20,2329,PGEL,EQ,420677,105590,25.10
20,2330,PGHH,EQ,7139,2741,38.39
20,2331,PGHL,EQ,6064,3027,49.92
20,2332,PGIL,EQ,340483,129391,38.00
20,2333,PGINVIT,IV,932358,712340,76.40
20,2334,PHANTOMFX,SM,23700,12300,51.90
20,2335,PHARMABEES,EQ,3319130,2076547,62.56
20,2336,PHOENIXLTD,EQ,157063,64681,41.18
20,2337,PHOENXINTL,EQ,775,669,86.32
20,2338,PHOGLOBAL,SM,22000,16000,72.73
20,2339,PICCADIL,EQ,143208,71050,49.61
20,2340,PIDILITIND,EQ,354203,248625,70.19
20,2341,PIGL,EQ,28993,20496,70.69
20,2342,PIIND,EQ,136637,60866,44.55
20,2343,PILANIINVS,EQ,1593,1161,72.88
20,2344,PILITA,EQ,7198,5692,79.08
20,2345,PINELABS,EQ,47871043,8489408,17.73
20,2346,PIONEEREMB,EQ,4931,3348,67.90
20,2347,PIRAMALFIN,EQ,312441,161491,51.69
20,2348,PITTIENG,EQ,108599,46124,42.47
20,2349,PIXTRANS,EQ,4973,2270,45.65
20,2350,PKTEA,EQ,2604,1046,40.17
20,2351,PLADAINFO,SM,18000,12000,66.67
20,2352,PLASTIBLEN,EQ,14285,7741,54.19
20,2353,PLATIND,EQ,111701,76934,68.87
20,2354,PLAZACABLE,EQ,55735,36202,64.95
20,2355,PML,EQ,73,65,89.04
20,2356,PNB,EQ,15924714,4436919,27.86
20,2357,PNBGILTS,EQ,357651,158847,44.41
20,2358,PNBHOUSING,EQ,3985061,1951490,48.97
20,2359,PNC,EQ,157071,47891,30.49
20,2360,PNCINFRA,EQ,5631335,1262611,22.42
20,2361,PNGJL,EQ,193341,98485,50.94
20,2362,PNGSREVA,EQ,100511,43798,43.58
20,2363,POCL,EQ,372808,154784,41.52
20,2364,PODDARMENT,EQ,4566,2955,64.72
20,2365,POEL,EQ,29811,13667,45.85
20,2366,POKARNA,EQ,76059,39104,51.41
20,2367,POLICYBZR,EQ,6641203,2865257,43.14
20,2368,POLYCAB,EQ,261101,126132,48.31
20,2369,POLYMED,EQ,93343,34586,37.05
20,2370,POLYPLEX,EQ,22394,7173,32.03
20,2371,POLYSIL,SM,5000,4500,90.00
20,2372,POLYSPIN,EQ,55,55,100.00
20,2373,PONNIERODE,EQ,19966,11123,55.71
20,2374,POONAWALLA,EQ,567959,290912,51.22
20,2375,POSITRON,SM,11100,8700,78.38
20,2376,POWERGRID,EQ,6533662,4324080,66.18
20,2377,POWERICA,EQ,108526,56475,52.04
20,2378,POWERINDIA,EQ,98656,33565,34.02
20,2379,POWERMECH,EQ,22339,10207,45.69
20,2380,PPLPHARMA,EQ,2475167,1165808,47.10
20,2381,PPSL,SM,6000,6000,100.00
20,2382,PRABHA,EQ,125409,58404,46.57
20,2383,PRAENG,EQ,35511,16454,46.33
20,2384,PRAJIND,EQ,400316,184127,46.00
20,2385,PRAKASH,EQ,278545,167835,60.25
20,2386,PRAKASHSTL,EQ,68677,52862,76.97
20,2387,PRAMARA,SM,17500,11500,65.71
20,2388,PRAMODINI,SM,60000,38400,64.00
20,2389,PRANAV,EQ,13666426,2120632,15.52
20,2390,PRASOLCHEM,EQ,2205000,800896,36.32
20,2391,PRATHAM,SM,400,400,100.00
20,2392,PRAVEG,EQ,89732,56721,63.21
20,2393,PRAXIS,EQ,105578,72170,68.36
20,2394,PRECAM,EQ,143157,80940,56.54
20,2395,PRECISION,ST,8000,8000,100.00
20,2396,PRECOT,EQ,1764,1502,85.15
20,2397,PRECWIRE,EQ,490866,171097,34.86
20,2398,PREMCO,EQ,275,269,97.82
20,2399,PREMEXPLN,EQ,348670,252354,72.38
20,2400,PREMIERENE,EQ,927737,294814,31.78
20,2401,PREMIERPOL,EQ,121432,54470,44.86
20,2402,PRESSTONIC,SM,12000,8000,66.67
20,2403,PRESTIGE,EQ,598440,342487,57.23
20,2404,PRICOLLTD,EQ,167280,78048,46.66
20,2405,PRIMECAB,ST,68800,64000,93.02
20,2406,PRIMESECU,EQ,94994,67957,71.54
20,2407,PRIMO,EQ,44818,25742,57.44
20,2408,PRINCEPIPE,EQ,70149,35082,50.01
20,2409,PRISMX,EQ,34441,27291,79.24
20,2410,PRITI,EQ,6304,5566,88.29
20,2411,PRITIKA,SM,2000,2000,100.00
20,2412,PRIVISCL,EQ,35255,20035,56.83
20,2413,PRIZOR,ST,10000,10000,100.00
20,2414,PRLIND,SM,22000,17000,77.27
20,2415,PROFX,SM,32000,30400,95.00
20,2416,PROPSHOP,SM,4000,2000,50.00
20,2417,PROSTARM,EQ,153389,52697,34.36
20,2418,PROTEAN,EQ,84841,42019,49.53
20,2419,PROV,SM,2160,1440,66.67
20,2420,PROZONER,EQ,351530,228320,64.95
20,2421,PRSMJOHNSN,EQ,175995,76126,43.25
20,2422,PRUDENT,EQ,8056,4842,60.10
20,2423,PSB,EQ,1706094,1035140,60.67
20,2424,PSPPROJECT,EQ,49623,27255,54.92
20,2425,PSRAJ,SM,10000,10000,100.00
20,2426,PSUBANK,EQ,38641,17513,45.32
20,2427,PSUBANKADD,EQ,19080,3228,16.92
20,2428,PSUBNKBEES,EQ,1436668,847349,58.98
20,2429,PSUBNKIETF,EQ,43257,22859,52.84
20,2430,PTC,EQ,1571624,995522,63.34
20,2431,PTCIL,EQ,15271,4587,30.04
20,2432,PTL,EQ,19791,13520,68.31
20,2433,PULZ,SM,16000,12000,75.00
20,2434,PUNJABCHEM,EQ,2280,879,38.55
20,2435,PURPLEUTED,ST,20750,20250,97.59
20,2436,PURVA,EQ,1438254,114338,7.95
20,2437,PURVFLEXI,SM,800,800,100.00
20,2438,PUSHPA,SM,56000,5000,8.93
20,2439,PVP,EQ,1803277,837008,46.42
20,2440,PVRINOX,EQ,425001,156751,36.88
20,2441,PVSL,EQ,10987,7750,70.54
20,2442,PVTBANIETF,EQ,2030986,1599539,78.76
20,2443,PVTBANK,EQ,1080,1018,94.26
20,2444,PVTBANKADD,EQ,26754,13187,49.29
20,2445,PVTBKGROWW,EQ,3592,1943,54.09
20,2446,PWL,EQ,3147971,755393,24.00
20,2447,PYRAMID,EQ,16854,9421,55.90
20,2448,QFIL,SM,1000,1000,100.00
20,2449,QGOLDHALF,EQ,165964,78085,47.05
20,2450,QLINE,SM,62800,45600,72.61
20,2451,QNIFTY,EQ,11686,10037,85.89
20,2452,QPOWER,EQ,728624,367161,50.39
20,2453,QUADFUTURE,EQ,2251310,412869,18.34
20,2454,QUADPRO,SM,84000,72000,85.71
20,2455,QUAL30IETF,EQ,23099,12816,55.48
20,2456,QUALIANCE,ST,10000,10000,100.00
20,2457,QUALITY30,EQ,1924,1619,84.15
20,2458,QUESS,EQ,319184,159885,50.09
20,2459,QUESTLAB,SM,22800,14400,63.16
20,2460,QUICKHEAL,EQ,174302,83272,47.77
20,2461,QUICKTOUCH,SM,6500,6000,92.31
20,2462,QUINT,EQ,216505,116022,53.59
20,2463,RACE,EQ,62847,15086,24.00
20,2464,RACLGEAR,EQ,133875,34293,25.62
20,2465,RADAAN,EQ,27820,25800,92.74
20,2466,RADIANTCMS,EQ,704202,448801,63.73
20,2467,RADICO,EQ,155034,65753,42.41
20,2468,RADIOCITY,EQ,26879,22162,82.45
20,2469,RADIOWALLA,ST,4800,3200,66.67
20,2470,RAILTEL,EQ,1505311,278562,18.51
20,2471,RAIN,EQ,3466885,1475456,42.56
20,2472,RAINBOW,EQ,108213,40108,37.06
20,2473,RAJINDLTD,SM,4500,3000,66.67
20,2474,RAJMET,EQ,122407,94714,77.38
20,2475,RAJPALAYAM,EQ,747,705,94.38
20,2476,RAJPUTANA,SM,500,500,100.00
20,2477,RAJRATAN,EQ,239849,161032,67.14
20,2478,RAJSREESUG,EQ,27288,14652,53.69
20,2479,RAJTV,EQ,32088,25171,78.44
20,2480,RALLIS,EQ,588516,333735,56.71
20,2481,RAMANEWS,EQ,24768,15639,63.14
20,2482,RAMAPHO,EQ,14613,7209,49.33
20,2483,RAMBHAJO,EQ,421913,120317,28.52
20,2484,RAMCOCEM,EQ,96798,50143,51.80
20,2485,RAMCOIND,EQ,50789,29766,58.61
20,2486,RAMCOSYS,EQ,35499,14603,41.14
20,2487,RAMKY,EQ,35791,18058,50.45
20,2488,RAMRAT,EQ,326151,151368,46.41
20,2489,RANASUG,EQ,1120437,1075587,96.00
20,2490,RANEHOLDIN,EQ,5957,4062,68.19
20,2491,RAPIDFLEET,SM,10800,3000,27.78
20,2492,RAPPID,SM,24600,24000,97.56
20,2493,RATEGAIN,EQ,103532,47849,46.22
20,2494,RATNAMANI,EQ,39882,21317,53.45
20,2495,RATNAVEER,EQ,21339407,5497251,25.76
20,2496,RAYMOND,EQ,3634141,295143,8.12
20,2497,RAYMONDLSL,EQ,95210,45103,47.37
20,2498,RAYMONDREL,EQ,653981,214951,32.87
20,2499,RBA,EQ,2487096,1155930,46.48
20,2500,RBLBANK,EQ,2254458,1042713,46.25
20,2501,RBMINFRA,SM,24000,16000,66.67
20,2502,RCDL,SM,15000,12000,80.00
20,2503,RCDL-RE,ST,21000,21000,100.00
20,2504,RCF,EQ,1203731,401082,33.32
20,2505,READYMIX,SM,2000,2000,100.00
20,2506,RECLTD,EQ,3222931,1712943,53.15
20,2507,REDINGTON,EQ,7092777,2895651,40.83
20,2508,REDTAPE,EQ,777362,147527,18.98
20,2509,REFEX,EQ,496100,174955,35.27
20,2510,REFRACTORY,SM,7000,7000,100.00
20,2511,REGAAL,EQ,176752,110064,62.27
20,2512,REGENCERAM,EQ,3189,1883,59.05
20,2513,RELAXO,EQ,99274,39240,39.53
20,2514,RELCHEMQ,EQ,7300,3418,46.82
20,2515,RELIABLE,EQ,5899,4384,74.32
20,2516,RELIANCE,EQ,7752895,3921277,50.58
20,2517,RELIGARE,EQ,238764,116913,48.97
20,2518,RELTD,EQ,51287,26023,50.74
20,2519,REMSONSIND,EQ,38817,23925,61.64
20,2520,REMUS,SM,48100,39900,82.95
20,2521,RENTOMOJO,EQ,45889291,18533786,40.39
20,2522,RENUKA,EQ,7607455,2180903,28.67
20,2523,REPCOHOME,EQ,73126,46480,63.56
20,2524,REPRO,EQ,5286,3828,72.42
20,2525,RESPONIND,EQ,156159,49767,31.87
20,2526,RETAIL,EQ,3126,2321,74.25
20,2527,REXPRO,SM,12000,9000,75.00
20,2528,RGL,EQ,777575,292055,37.56
20,2529,RHETAN,EQ,246581,246581,100.00
20,2530,RHIM,EQ,66638,32977,49.49
20,2531,RHL,EQ,1964,1376,70.06
20,2532,RICOAUTO,EQ,701172,236738,33.76
20,2533,RIIL,EQ,29678,9245,31.15
20,2534,RIIT,IV,39962,35875,89.77
20,2535,RILINFRA,SM,3800,2200,57.89
20,2536,RIR,EQ,36391145,2136312,5.87
20,2537,RISHABH,EQ,225313,109357,48.54
20,2538,RITCO,EQ,34285,25204,73.51
20,2539,RITES,EQ,281095,96832,34.45
20,2540,RKDL,EQ,5824,5686,97.63
20,2541,RKEC,EQ,52286,39882,76.28
20,2542,RKFORGE,EQ,420271,192532,45.81
20,2543,RKSWAMY,EQ,16452,9089,55.25
20,2544,RMC,EQ,171578,58028,33.82
20,2545,RML,EQ,41572,16280,39.16
20,2546,RNFI,SM,13800,11400,82.61
20,2547,RNPL,SM,15600,13200,84.62
20,2548,ROCKINGDCE,SM,500,250,50.00
20,2549,ROHLTD,EQ,7531,3878,51.49
20,2550,ROLEXRINGS,EQ,620493,250199,40.32
20,2551,ROML,EQ,28,16,57.14
20,2552,ROSSARI,EQ,49511,29275,59.13
20,2553,ROSSELLIND,EQ,33538,20819,62.08
20,2554,ROSSTECH,EQ,758996,134382,17.71
20,2555,ROTO,EQ,667933,160619,24.05
20,2556,ROUTE,EQ,175473,37644,21.45
20,2557,ROXHITECH,SM,24000,22400,93.33
20,2558,RPEL,EQ,221802,70465,31.77
20,2559,RPGLIFE,EQ,18681,8724,46.70
20,2560,RPOWER,EQ,14286289,3463644,24.24
20,2561,RPPINFRA,EQ,42606,26598,62.43
20,2562,RPSGVENT,EQ,14068,7915,56.26
20,2563,RPTECH,EQ,154700,71302,46.09
20,2564,RRECL,EQ,53,32,60.38
20,2565,RRIL,EQ,50261,38253,76.11
20,2566,RRKABEL,EQ,290367,146861,50.58
20,2567,RSL,EQ,269803,106030,39.30
20,2568,RSSOFTWARE,EQ,9423,6792,72.08
20,2569,RSYSTEMS,EQ,131088,61425,46.86
20,2570,RTL,SM,4000,2000,50.00
20,2571,RTNINDIA,EQ,1807116,817113,45.22
20,2572,RTNPOWER,EQ,10973501,4739388,43.19
20,2573,RTSPOWR,EQ,123,118,95.93
20,2574,RUBFILA,EQ,53106,30450,57.34
20,2575,RUBICON,EQ,181529,100257,55.23
20,2576,RUBYMILLS,EQ,25178,6115,24.29
20,2577,RUCHINFRA,EQ,70536,54812,77.71
20,2578,RUCHIRA,EQ,39762,20110,50.58
20,2579,RUDRA,EQ,19030,14018,73.66
20,2580,RULKA,SM,2100,1800,85.71
20,2581,RUPA,EQ,108222,50916,47.05
20,2582,RUSHIL,EQ,3207179,1581492,49.31
20,2583,RUSTOMJEE,EQ,13704,7829,57.13
20,2584,RVHL,EQ,3771,2906,77.06
20,2585,RVNL,EQ,3554203,961874,27.06
20,2586,RVTH,EQ,204,195,95.59
20,2587,S&SPOWER,EQ,1890,1486,78.62
20,2588,SAAKSHI,ST,55200,54000,97.83
20,2589,SAATVIKGL,EQ,94033,29858,31.75
20,2590,SAB,EQ,1,1,100.00
20,2591,SACHEEROME,SM,43200,28200,65.28
20,2592,SADBHAV,EQ,119756,95712,79.92
20,2593,SADBHIN,EQ,162843,107935,66.28
20,2594,SADHAV,SM,6600,5400,81.82
20,2595,SAFARI,EQ,30289,15607,51.53
20,2596,SAFEENTP,SM,24500,20000,81.63
20,2597,SAGARDEEP,EQ,5082,3187,62.71
20,2598,SAGCEM,EQ,29756,14034,47.16
20,2599,SAGILITY,EQ,10163066,5186292,51.03
20,2600,SAHAJSOLAR,SM,13200,8800,66.67
20,2601,SAHANA,SM,19350,11400,58.91
20,2602,SAHASRA,SM,69200,42000,60.69
20,2603,SAHLIBHFI,EQ,9115,3715,40.76
20,2604,SAHYADRI,EQ,5407,3124,57.78
20,2605,SAICAPI,EQ,61,59,96.72
20,2606,SAIFL,SM,56000,56000,100.00
20,2607,SAIL,EQ,11246822,5236837,46.56
20,2608,SAILIFE,EQ,443745,267960,60.39
20,2609,SAIPARENT,EQ,23068,15784,68.42
20,2610,SAKAR,EQ,72715,42688,58.71
20,2611,SAKHTISUG,EQ,64020,31030,48.47
20,2612,SAKSOFT,EQ,179023,77296,43.18
20,2613,SAKUMA,EQ,681384,506305,74.31
20,2614,SALASAR,EQ,2278124,1438424,63.14
20,2615,SALONA,EQ,180,96,53.33
20,2616,SALSTEEL,EQ,243492,105729,43.42
20,2617,SALZERELEC,EQ,39715,16389,41.27
20,2618,SAMAY,ST,4000,4000,100.00
20,2619,SAMBANDAM,EQ,2802,2012,71.81
20,2620,SAMBHAAV,EQ,13902,11531,82.94
20,2621,SAMBHV,EQ,899777,372930,41.45
20,2622,SAMHI,EQ,1218576,539400,44.26
20,2623,SAMMAANCAP,EQ,4348828,2189837,50.35
20,2624,SAMPANN,EQ,35582,18042,50.71
20,2625,SANATHAN,EQ,43107,24143,56.01
20,2626,SANDESH,EQ,408,340,83.33
20,2627,SANDHAR,EQ,115625,59645,51.58
20,2628,SANDUMA,EQ,389388,176203,45.25
20,2629,SANGAMIND,EQ,18253,9865,54.05
20,2630,SANGANI,SM,3000,3000,100.00
20,2631,SANGHVIMOV,EQ,307857,171300,55.64
20,2632,SANOFI,EQ,15928,8033,50.43
20,2633,SANOFICONR,EQ,4821,1106,22.94
20,2634,SANSERA,EQ,130544,72307,55.39
20,2635,SANSTAR,EQ,348381,182792,52.47
20,2636,SAPPHIRE,EQ,1148165,259749,22.62
20,2637,SAPPL,EQ,949,890,93.78
20,2638,SARDAEN,EQ,829409,211525,25.50
20,2639,SAREGAMA,EQ,420340,187287,44.56
20,2640,SARLAPOLY,EQ,19034,12083,63.48
20,2641,SAROJA,SM,1600,1600,100.00
20,2642,SARTELE,SM,160500,119500,74.45
20,2643,SARVESHWAR,EQ,1262970,892989,70.71
20,2644,SASKEN,EQ,31022,16206,52.24
20,2645,SATECH,SM,14000,12000,85.71
20,2646,SATIA,EQ,92651,53875,58.15
20,2647,SATIN,EQ,86493,43509,50.30
20,2648,SATIPOLY,ST,2000,2000,100.00
20,2649,SATKARTAR,SM,30400,21600,71.05
20,2650,SATTVAENGG,SM,16000,16000,100.00
20,2651,SAURASHCEM,EQ,152309,91778,60.26
20,2652,SAVY,SM,12000,8400,70.00
20,2653,SAWALIYA,SM,27600,27600,100.00
20,2654,SAYAJIIND,EQ,3,3,100.00
20,2655,SBC,EQ,7597720,2539415,33.42
20,2656,SBCL,EQ,279880,108381,38.72
20,2657,SBFC,EQ,515860,246111,47.71
20,2658,SBGLP,EQ,684921,505544,73.81
20,2659,SBIBPB,EQ,86400,23379,27.06
20,2660,SBICARD,EQ,1811876,987620,54.51
20,2661,SBIETFCON,EQ,1963,1170,59.60
20,2662,SBIETFIT,EQ,5344,4115,77.00
20,2663,SBIETFPB,EQ,6642,6093,91.73
20,2664,SBIETFQLTY,EQ,1903,1616,84.92
20,2665,SBIFUNDS,EQ,1328674,652104,49.08
20,2666,SBILIFE,EQ,1760558,1001757,56.90
20,2667,SBILIQETF,EQ,96438,91001,94.36
20,2668,SBIMIDMOM,EQ,106166,103788,97.76
20,2669,SBIN,EQ,8624398,4582801,53.14
20,2670,SBINEQWETF,EQ,15561,8615,55.36
20,2671,SBINMID150,EQ,9273,9190,99.10
20,2672,SBISILVER,EQ,817072,384176,47.02
20,2673,SBISMLETF,EQ,10469,9257,88.42
20,2674,SBIVALETF,EQ,855,846,98.95
20,2675,SCHAEFFLER,EQ,87486,58542,66.92
20,2676,SCHAND,EQ,22948,12086,52.67
20,2677,SCHNEIDER,EQ,279345,155605,55.70
20,2678,SCI,EQ,1114004,367358,32.98
20,2679,SCILAL,EQ,207970,147397,70.87
20,2680,SCL01825,N6,4,4,100.00
20,2681,SCML,SM,2000,2000,100.00
20,2682,SCODATUBES,EQ,162632,88281,54.28
20,2683,SDBL,EQ,226418,96029,42.41
20,2684,SDREAMS,SM,1000,1000,100.00
20,2685,SEAMECLTD,EQ,34655,16741,48.31
20,2686,SECMARK,EQ,2421,1963,81.08
20,2687,SECURKLOUD,EQ,14293,10461,73.19
20,2688,SEDEMAC,EQ,285470,70394,24.66
20,2689,SEIL,EQ,91703,50203,54.75
20,2690,SEJALLTD,EQ,11757,7938,67.52
20,2691,SEKURITIND,EQ,14502,10877,75.00
20,2692,SEL,SM,1400,1400,100.00
20,2693,SELECTIPO,EQ,24630,16655,67.62
20,2694,SELLOWRAP,SM,3200,3200,100.00
20,2695,SEMAC,EQ,139,138,99.28
20,2696,SENCO,EQ,492434,227587,46.22
20,2697,SENORES,EQ,369889,163909,44.31
20,2698,SENSEXADD,EQ,414,196,47.34
20,2699,SENSEXAXIS,EQ,602,373,61.96
20,2700,SENSEXBETA,EQ,1761,1500,85.18
20,2701,SENSEXETF,EQ,20812,10174,48.89
20,2702,SENSEXIETF,EQ,5540,3176,57.33
20,2703,SEPC,EQ,5711817,2509276,43.93
20,2704,SERVICE,SM,2000,2000,100.00
20,2705,SERVOTECH,EQ,328484,156868,47.76
20,2706,SESHAPAPER,EQ,49766,22027,44.26
20,2707,SETF10GILT,EQ,1434,1256,87.59
20,2708,SETFGOLD,EQ,4118582,2836840,68.88
20,2709,SETFNIF50,EQ,487492,337694,69.27
20,2710,SETFNIFBK,EQ,260815,247903,95.05
20,2711,SETFNN50,EQ,13672,7718,56.45
20,2712,SETL,EQ,2842075,1091612,38.41
20,2713,SFL,EQ,68845,27853,40.46
20,2714,SFML,SM,3200,3200,100.00
20,2715,SGBAPR28I,GB,163,132,80.98
20,2716,SGBAUG27,GB,30,30,100.00
20,2717,SGBAUG28V,GB,511,420,82.19
20,2718,SGBAUG29V,GB,178,120,67.42
20,2719,SGBAUG30,GB,97,45,46.39
20,2720,SGBD29VIII,GB,187,119,63.64
20,2721,SGBDE30III,GB,231,186,80.52
20,2722,SGBDE31III,GB,798,581,72.81
20,2723,SGBFEB28IX,GB,3,3,100.00
20,2724,SGBFEB29XI,GB,48,36,75.00
20,2725,SGBFEB32IV,GB,813,586,72.08
20,2726,SGBJAN27,GB,6,5,83.33
20,2727,SGBJAN29IX,GB,155,142,91.61
20,2728,SGBJAN29X,GB,78,57,73.08
20,2729,SGBJAN30IX,GB,310,134,43.23
20,2730,SGBJU29III,GB,199,167,83.92
20,2731,SGBJUL28IV,GB,51,38,74.51
20,2732,SGBJUL29IV,GB,421,196,46.56
20,2733,SGBJUN27,GB,37,17,45.95
20,2734,SGBJUN28,GB,378,231,61.11
20,2735,SGBJUN29II,GB,263,194,73.76
20,2736,SGBJUN30,GB,117,92,78.63
20,2737,SGBJUN31I,GB,411,320,77.86
20,2738,SGBMAR28X,GB,42,27,64.29
20,2739,SGBMAR30X,GB,30,16,53.33
20,2740,SGBMAR31IV,GB,133,105,78.95
20,2741,SGBMAY28,GB,7,6,85.71
20,2742,SGBMAY29I,GB,494,369,74.70
20,2743,SGBMR29XII,GB,46,40,86.96
20,2744,SGBN28VIII,GB,152,150,98.68
20,2745,SGBNV29VII,GB,131,129,98.47
20,2746,SGBOC28VII,GB,193,187,96.89
20,2747,SGBOCT27,GB,9,9,100.00
20,2748,SGBOCT27VI,GB,7,7,100.00
20,2749,SGBSEP27,GB,64,55,85.94
20,2750,SGBSEP28VI,GB,139,116,83.45
20,2751,SGBSEP29VI,GB,206,173,83.98
20,2752,SGBSEP31II,GB,998,776,77.76
20,2753,SGFIN,EQ,161589,84247,52.14
20,2754,SGIL,EQ,4910,2707,55.13
20,2755,SGL,EQ,29470,16632,56.44
20,2756,SGLRES,EQ,53314,17971,33.71
20,2757,SGMART,EQ,219503,128214,58.41
20,2758,SGRL,EQ,6805,4205,61.79
20,2759,SHADOWFAX,EQ,1463627,803927,54.93
20,2760,SHAH,EQ,3004944,2274516,75.69
20,2761,SHAILY,EQ,78725,41439,52.64
20,2762,SHAIVAL,ST,7200,7200,100.00
20,2763,SHAKTIPUMP,EQ,505053,170479,33.75
20,2764,SHALBY,EQ,156178,81545,52.21
20,2765,SHANKARA,EQ,129256,115309,89.21
20,2766,SHANKESH,EQ,1886550,506183,26.83
20,2767,SHANTI,EQ,18255,8769,48.04
20,2768,SHANTIGEAR,EQ,65634,28007,42.67
20,2769,SHANTIGOLD,EQ,652411,268713,41.19
20,2770,SHANTIINOR,ST,120000,105600,88.00
20,2771,SHARDACROP,EQ,103362,55145,53.35
20,2772,SHARDAMOTR,EQ,63598,36441,57.30
20,2773,SHAREINDIA,EQ,28924428,2548307,8.81
20,2774,SHARIABEES,EQ,5890,2775,47.11
20,2775,SHBAJRG,EQ,5324,4149,77.93
20,2776,SHEEL,ST,2000,2000,100.00
20,2777,SHEETAL,SM,6000,5500,91.67
20,2778,SHERA,SM,21000,16000,76.19
20,2779,SHETHJI,SM,5000,5000,100.00
20,2780,SHIGAN,SM,4500,4500,100.00
20,2781,SHILCTECH,EQ,11854,6503,54.86
20,2782,SHILGRAVQ,EQ,1172,932,79.52
20,2783,SHILPAMED,EQ,819680,397903,48.54
20,2784,SHINDL,EQ,88869,6696,7.53
20,2785,SHIPROCKET,EQ,4468956,1769767,39.60
20,2786,SHIVAAGRO,EQ,130,130,100.00
20,2787,SHIVACEM,EQ,41715,33690,80.76
20,2788,SHIVALIK,EQ,112649,53203,47.23
20,2789,SHIVAMAUTO,EQ,13374,11390,85.17
20,2790,SHIVAMILLS,EQ,1076,965,89.68
20,2791,SHIVASHRIT,SM,30000,27000,90.00
20,2792,SHIVATEX,EQ,2812,2686,95.52
20,2793,SHIVAUM,EQ,439,368,83.83
20,2794,SHK,EQ,773894,247927,32.04
20,2795,SHKSIL,SM,12000,10000,83.33
20,2796,SHOPERSTOP,EQ,835711,69486,8.31
20,2797,SHRADDHA,EQ,5141,4125,80.24
20,2798,SHRADHA,EQ,3241,1978,61.03
20,2799,SHREDIGCEM,EQ,58327,27059,46.39
20,2800,SHREECEM,EQ,15117,7460,49.35
20,2801,SHREEDHAR,ST,72000,68000,94.44
20,2802,SHREEJISPG,EQ,1140193,532864,46.73
20,2803,SHREEKARNI,SM,2400,2100,87.50
20,2804,SHREEOSFM,SM,9000,5000,55.56
20,2805,SHREEPUSHK,EQ,69346,24968,36.00
20,2806,SHREERAMA,EQ,14020,9754,69.57
20,2807,SHREYANIND,EQ,5027,2910,57.89
20,2808,SHRIAHIMSA,SM,13200,8400,63.64
20,2809,SHRIKANHA,SM,4800,4800,100.00
20,2810,SHRIKRISH,EQ,527,523,99.24
20,2811,SHRINGARMS,EQ,131415,33879,25.78
20,2812,SHRIPISTON,EQ,47628,22846,47.97
20,2813,SHRIRAMFIN,EQ,4285999,2305113,53.78
20,2814,SHRIRAMPPS,EQ,255885,133933,52.34
20,2815,SHRITECH,SM,2000,2000,100.00
20,2816,SHRJAGP,EQ,325,221,68.00
20,2817,SHUBHSHREE,SM,1200,1200,100.00
20,2818,SHUKRAPHAR,EQ,2008697,761499,37.91
20,2819,SHYAMDHANI,ST,8000,8000,100.00
20,2820,SHYAMMETL,EQ,439035,130918,29.82
20,2821,SHYAMTEL,EQ,1777,1032,58.08
20,2822,SICAGEN,EQ,7334,6133,83.62
20,2823,SIDDHICOTS,SM,6000,6000,100.00
20,2824,SIDDHIKA,SM,500,500,100.00
20,2825,SIEMENS,EQ,373967,194195,51.93
20,2826,SIGACHI,EQ,12942255,4189521,32.37
20,2827,SIGMA,EQ,78093,42794,54.80
20,2828,SIGNATURE,EQ,647926,43945,6.78
20,2829,SIGNORIA,ST,2000,2000,100.00
20,2830,SIGNPOST,EQ,46904,21534,45.91
20,2831,SIKA,EQ,25819,11870,45.97
20,2832,SIL,EQ,112890,75325,66.72
20,2833,SILGO,EQ,12245,5902,48.20
20,2834,SILINV,EQ,462,336,72.73
20,2835,SILKFLEX,SM,8000,7000,87.50
20,2836,SILKY,SM,800,800,100.00
20,2837,SILVER,EQ,521415,208475,39.98
20,2838,SILVER001,EQ,15756,14188,90.05
20,2839,SILVER1,EQ,13186412,6393879,48.49
20,2840,SILVER360,EQ,5530,3342,60.43
20,2841,SILVERADD,EQ,4411434,2499659,56.66
20,2842,SILVERAG,EQ,296566,176005,59.35
20,2843,SILVERAXIS,EQ,265264,180284,67.96
20,2844,SILVERBEES,EQ,13737345,5439994,39.60
20,2845,SILVERBETA,EQ,763766,486374,63.68
20,2846,SILVERBND,EQ,5427,3245,59.79
20,2847,SILVERCASE,EQ,5225578,2379474,45.54
20,2848,SILVERIETF,EQ,2238306,1167413,52.16
20,2849,SILVERTUC,EQ,290398,123045,42.37
20,2850,SIMCA,ST,54600,54600,100.00
20,2851,SIMPLEXINF,EQ,123062,95990,78.00
20,2852,SIMPLXREA,EQ,6,6,100.00
20,2853,SINCLAIR,EQ,9862,7263,73.65
20,2854,SINDHUTRAD,EQ,909454,612725,67.37
20,2855,SINGERIND,EQ,32404,19583,60.43
20,2856,SINTERCOM,EQ,3794,3614,95.26
20,2857,SIRCA,EQ,609017,271785,44.63
20,2858,SIS,EQ,370623,224308,60.52
20,2859,SIYSIL,EQ,31946,18430,57.69
20,2860,SJLOGISTIC,SM,21250,16000,75.29
20,2861,SJS,EQ,68521,40361,58.90
20,2862,SJVN,EQ,1251682,586464,46.85
20,2863,SKFINDIA,EQ,44468,27912,62.77
20,2864,SKFINDUS,EQ,27140,13170,48.53
20,2865,SKIPPER,EQ,1109582,386937,34.87
20,2866,SKMEGGPROD,EQ,122879,57376,46.69
20,2867,SKP,SM,22000,10000,45.45
20,2868,SKYGOLD,EQ,443143,219982,49.64
20,2869,SKYTECH,SM,6400,6400,100.00
20,2870,SKYWAYS,EQ,2932070,970198,33.09
20,2871,SLONE,ST,1600,1600,100.00
20,2872,SMALL250,EQ,257569,143043,55.54
20,2873,SMALLADD,EQ,12790,9960,77.87
20,2874,SMALLCAP,EQ,1476596,885636,59.98
20,2875,SMALLGROWW,EQ,7927,4492,56.67
20,2876,SMALLIETF,EQ,67545,51417,76.12
20,2877,SMARTEN,ST,25200,24000,95.24
20,2878,SMARTWORKS,EQ,49448,29735,60.13
20,2879,SMCGLOBAL,EQ,1239264,758277,61.19
20,2880,SML100CASE,EQ,770506,434049,56.33
20,2881,SMLMAH,EQ,48450,17687,36.51
20,2882,SMLT,EQ,8842,5502,62.23
20,2883,SMSPHARMA,EQ,672288,236113,35.12
20,2884,SNOWMAN,EQ,98327,58260,59.25
20,2885,SNXT30BEES,EQ,2988,1598,53.48
20,2886,SNXT50BETA,EQ,1834,1023,55.78
20,2887,SOBHA,EQ,46940,19356,41.24
20,2888,SOCL,SM,3200,3200,100.00
20,2889,SOFTTECH,EQ,18047,15471,85.73
20,2890,SOLARA,EQ,504562,187289,37.12
20,2891,SOLARINDS,EQ,214606,69296,32.29
20,2892,SOLARWORLD,EQ,200860,73271,36.48
20,2893,SOLEX,EQ,21585,10199,47.25
20,2894,SOMANYCERA,EQ,85673,55179,64.41
20,2895,SOMATEX,EQ,5577,4140,74.23
20,2896,SOMICONVEY,EQ,94923,36784,38.75
20,2897,SONACOMS,EQ,3093640,1578199,51.01
20,2898,SONAL,EQ,123,110,89.43
20,2899,SONATSOFTW,EQ,996730,584340,58.63
20,2900,SONUINFRA,ST,24000,22500,93.75
20,2901,SOTL,EQ,138210,49703,35.96
20,2902,SOUTHBANK,EQ,9755681,4261377,43.68
20,2903,SOUTHWEST,EQ,90501,49450,54.64
20,2904,SPAL,EQ,47780,20936,43.82
20,2905,SPANDANA,EQ,55272,27188,49.19
20,2906,SPARC,EQ,836310,315665,37.74
20,2907,SPCENET,EQ,912892,756836,82.91
20,2908,SPCL,SM,16200,8400,51.85
20,2909,SPCON,SM,4800,4800,100.00
20,2910,SPECTSTM,SM,4000,4000,100.00
20,2911,SPENCERS,EQ,22154,18513,83.57
20,2912,SPIC,EQ,294399,135248,45.94
20,2913,SPLIL,EQ,4639,3100,66.82
20,2914,SPLPETRO,EQ,113748,50662,44.54
20,2915,SPMLINFRA,EQ,63567,30034,47.25
20,2916,SPORTKING,EQ,173075,86679,50.08
20,2917,SPPPOLY,SM,2000,2000,100.00
20,2918,SRD,EQ,7101,3818,53.77
20,2919,SRF,EQ,796952,228290,28.65
20,2920,SRGHFL,EQ,106102,60458,56.98
20,2921,SRHHYPOLTD,EQ,19885,14166,71.24
20,2922,SRIVASAVI,ST,13000,12000,92.31
20,2923,SRM,EQ,23088,11838,51.27
20,2924,SRTL,EQ,24385,18058,74.05
20,2925,SSDL,EQ,36959,24624,66.63
20,2926,SSEGL,SM,23000,16400,71.30
20,2927,SSFL,ST,10000,10000,100.00
20,2928,SSWL,EQ,440929,217574,49.34
20,2929,STANLEY,EQ,48824,28326,58.02
20,2930,STAR,EQ,225030,105096,46.70
20,2931,STARCEMENT,EQ,215639,169954,78.81
20,2932,STARHEALTH,EQ,373802,213127,57.02
20,2933,STARPAPER,EQ,59733,32584,54.55
20,2934,STARTECK,EQ,700,319,45.57
20,2935,STCINDIA,EQ,17027,9651,56.68
20,2936,STEAMHOUSE,EQ,81139258,28901145,35.62
20,2937,STEELCAS,EQ,154963,97370,62.83
20,2938,STEELCITY,EQ,7679,6226,81.08
20,2939,STEELXIND,EQ,5627901,2100588,37.32
20,2940,STEL,EQ,5198,3686,70.91
20,2941,STLNETWORK,EQ,5830611,3255306,55.83
20,2942,STLSTRINF,EQ,22466,12297,54.74
20,2943,STOVEKRAFT,EQ,64463,36813,57.11
20,2944,STUDDS,EQ,14567,8967,61.56
20,2945,STUDIOLSD,SM,14000,10000,71.43
20,2946,STYL,EQ,135224,65836,48.69
20,2947,STYLAMIND,EQ,37214,11486,30.86
20,2948,STYLEBAAZA,EQ,1409608,826891,58.66
20,2949,STYRENIX,EQ,17937,10377,57.85
20,2950,SUBAHOTELS,SM,26400,19200,72.73
20,2951,SUBEXLTD,EQ,10284365,2648713,25.75
20,2952,SUBROS,EQ,31401,16229,51.68
20,2953,SUDARCOLOR,EQ,10787,8304,76.98
20,2954,SUDARSCHEM,EQ,96727,34895,36.08
20,2955,SUDEEPPHRM,EQ,263271,144617,54.93
20,2956,SUKHJITS,EQ,10305,6434,62.44
20,2957,SULA,EQ,211637,95993,45.36
20,2958,SUMAX,SM,351600,210000,59.73
20,2959,SUMEDHA,EQ,1402,1325,94.51
20,2960,SUMEETINDS,EQ,1527262,991765,64.94
20,2961,SUMICHEM,EQ,171579,89425,52.12
20,2962,SUMIT,EQ,21772,18807,86.38
20,2963,SUMMITSEC,EQ,2158,1334,61.82
20,2964,SUNCLAY,EQ,2894,2240,77.40
20,2965,SUNDARAM,EQ,276086,202173,73.23
20,2966,SUNDARMFIN,EQ,30137,17700,58.73
20,2967,SUNDRMFAST,EQ,81682,47319,57.93
20,2968,SUNDROP,EQ,6188,4698,75.92
20,2969,SUNFLAG,EQ,86885,50780,58.45
20,2970,SUNLITE,SM,30900,22500,72.82
20,2971,SUNLOC,EQ,20,20,100.00
20,2972,SUNPHARMA,EQ,1377506,910474,66.10
20,2973,SUNRAKSHAK,EQ,5639,3185,56.48
20,2974,SUNREST,SM,16000,14400,90.00
20,2975,SUNSHIEL,EQ,3393,1861,54.85
20,2976,SUNSHINE,EQ,2910804,799149,27.45
20,2977,SUNTECH,SM,12800,11200,87.50
20,2978,SUNTECK,EQ,54136,28622,52.87
20,2979,SUNTV,EQ,195432,81467,41.69
20,2980,SUPERHOUSE,EQ,5587,3956,70.81
20,2981,SUPRAJIT,EQ,40496,18055,44.58
20,2982,SUPREME,EQ,36149,14604,40.40
20,2983,SUPREMEIND,EQ,84838,37586,44.30
20,2984,SUPREMEINF,EQ,6214,3368,54.20
20,2985,SUPREMEPWR,SM,43000,29000,67.44
20,2986,SUPRIYA,EQ,126854,55823,44.01
20,2987,SURAJEST,EQ,224699,104394,46.46
20,2988,SURAJLTD,EQ,151,151,100.00
20,2989,SURAKSHA,EQ,96967,68802,70.95
20,2990,SURANASOL,EQ,24342,17246,70.85
20,2991,SURANAT&P,EQ,38039,27437,72.13
20,2992,SURANI,SM,5400,3800,70.37
20,2993,SURYALA,EQ,525,428,81.52
20,2994,SURYALAXMI,EQ,3677,3016,82.02
20,2995,SURYAROSNI,EQ,354392,205838,58.08
20,2996,SURYODAY,EQ,107239,45971,42.87
20,2997,SUVEN,EQ,366587,150947,41.18
20,2998,SUVIDHAA,EQ,238695,196920,82.50
20,2999,SUYOG,EQ,5676,3797,66.90
20,3000,SUZLON,EQ,31153614,11378378,36.52
20,3001,SVGLOBAL,EQ,700,612,87.43
20,3002,SVLL,EQ,1207,1086,89.98
20,3003,SVPGLOB,EQ,7503,3983,53.09
20,3004,SWANCORP,EQ,897898,188463,20.99
20,3005,SWARAJENG,EQ,6103,3538,57.97
20,3006,SWARNSAR,EQ,5937,5126,86.34
20,3007,SWASTIK,ST,7200,7200,100.00
20,3008,SWELECTES,EQ,8351,3286,39.35
20,3009,SWIGGY,EQ,9241202,3424427,37.06
20,3010,SWSOLAR,EQ,890103,274305,30.82
20,3011,SYMBIOTEC,EQ,496349,129141,26.02
20,3012,SYMPHONY,EQ,36945,17303,46.83
20,3013,SYNCOMF,EQ,5134471,1627801,31.70
20,3014,SYNGENE,EQ,160993,91744,56.99
20,3015,SYRMA,EQ,9182371,1397174,15.22
20,3016,SYSTANGO,SM,27600,16000,57.97
20,3017,TAALTECH,EQ,16454,5860,35.61
20,3018,TAC,ST,38000,35600,93.68
20,3019,TAINWALCHM,EQ,5026,4795,95.40
20,3020,TAJGVK,EQ,42903,23271,54.24
20,3021,TAKE,EQ,179028,115469,64.50
20,3022,TALBROAUTO,EQ,360775,148903,41.27
20,3023,TANAA,EQ,4382,2960,67.55
20,3024,TANKUP,ST,1000,1000,100.00
20,3025,TANLA,EQ,235269,92114,39.15
20,3026,TARACHAND,EQ,17811,14422,80.97
20,3027,TARAPUR,EQ,36564,21418,58.58
20,3028,TARC,EQ,380735,183997,48.33
20,3029,TARIL,EQ,1012882,457831,45.20
20,3030,TARMAT,EQ,8291,4408,53.17
20,3031,TARSONS,EQ,46004,21139,45.95
20,3032,TASTYBITE,EQ,2447,1344,54.92
20,3033,TATACAP,EQ,1147908,644260,56.12
20,3034,TATACHEM,EQ,14321725,2604034,18.18
20,3035,TATACOMM,EQ,310186,145221,46.82
20,3036,TATACONSUM,EQ,1966538,1153020,58.63
20,3037,TATAELXSI,EQ,123676,35819,28.96
20,3038,TATAGOLD,EQ,37551457,17969104,47.85
20,3039,TATAINVEST,EQ,3732302,481882,12.91
20,3040,TATAPOWER,EQ,2859852,1198812,41.92
20,3041,TATASTEEL,EQ,29397693,15461360,52.59
20,3042,TATATECH,EQ,737720,258615,35.06
20,3043,TATSILV,EQ,33319083,13878588,41.65
20,3044,TATVA,EQ,89934,32897,36.58
20,3045,TAURIAN,ST,35200,30400,86.36
20,3046,TBI,SM,49200,41400,84.15
20,3047,TBOTEK,EQ,68566,27288,39.80
20,3048,TBZ,EQ,268358,168598,62.83
20,3049,TCC,EQ,658138,101430,15.41
20,3050,TCHF30,NB,10,10,100.00
20,3051,TCI,EQ,43970,21163,48.13
20,3052,TCIEXP,EQ,10399,3742,35.98
20,3053,TCIFINANCE,EQ,8402,7157,85.18
20,3054,TCL,SM,80800,67200,83.17
20,3055,TCPLPACK,EQ,7005,2674,38.17
20,3056,TCS,EQ,3295917,1202973,36.50
20,3057,TDPOWERSYS,EQ,2030402,789862,38.90
20,3058,TEAMGTY,EQ,372,261,70.16
20,3059,TEAMLEASE,EQ,9021,5479,60.74
20,3060,TEAMTECH,ST,32000,22000,68.75
20,3061,TECH,EQ,20077,11777,58.66
20,3062,TECHD,SM,18900,14400,76.19
20,3063,TECHERA,SM,19200,8000,41.67
20,3064,TECHLABS,SM,6250,4250,68.00
20,3065,TECHM,EQ,2730331,1726615,63.24
20,3066,TECHNOCRAF,EQ,1068609,267872,25.07
20,3067,TECHNOE,EQ,124912,61132,48.94
20,3068,TECHNVISN,EQ,378,341,90.21
20,3069,TECILCHEM,EQ,5140,3643,70.88
20,3070,TEGA,EQ,3909542,563408,14.41
20,3071,TEJA,SM,104400,82800,79.31
20,3072,TEJASCARGO,SM,20400,20400,100.00
20,3073,TEJASNET,EQ,1659693,419533,25.28
20,3074,TEMBO,EQ,727896,227634,31.27
20,3075,TEMPSENS,EQ,4389873,686280,15.63
20,3076,TENNIND,EQ,333393,181227,54.36
20,3077,TERAI,EQ,1285,1132,88.09
20,3078,TERASOFT,EQ,29406,19713,67.04
20,3079,TEXINFRA,EQ,51383,24512,47.70
20,3080,TEXMOPIPES,EQ,516056,218462,42.33
20,3081,TEXRAIL,EQ,1648322,631143,38.29
20,3082,TFCILTD,EQ,12032665,5627046,46.76
20,3083,TFL,EQ,9281,5380,57.97
20,3084,TGBHOTELS,EQ,12374,10193,82.37
20,3085,TGL,ST,3600,3600,100.00
20,3086,TGVSL,EQ,45919,25577,55.70
20,3087,THACKER,EQ,6,6,100.00
20,3088,THANGAMAYL,EQ,49263,25624,52.01
20,3089,THEINVEST,EQ,2553,1642,64.32
20,3090,THEJO,EQ,10121,5297,52.34
20,3091,THELEELA,EQ,76806,36759,47.86
20,3092,THEMISMED,EQ,56488,18978,33.60
20,3093,THERMAX,EQ,80547,39847,49.47
20,3094,THOMASCOOK,EQ,332746,165902,49.86
20,3095,THOMASCOTT,EQ,53928,27155,50.35
20,3096,THYROCARE,EQ,145357,74275,51.10
20,3097,TI,EQ,1302970,882177,67.71
20,3098,TIGERLOGS,EQ,26633,18092,67.93
20,3099,TIIL,EQ,45785,23985,52.39
20,3100,TIINDIA,EQ,199703,85892,43.01
20,3101,TIMESCAN,SM,2000,2000,100.00
20,3102,TIMETECHNO,EQ,2984106,624040,20.91
20,3103,TIMEX,EQ,151529,75029,49.51
20,3104,TIMKEN,EQ,32353,13211,40.83
20,3105,TINNARUBR,EQ,25275,12141,48.04
20,3106,TIPSFILMS,EQ,950,525,55.26
20,3107,TIPSMUSIC,EQ,218134,124233,56.95
20,3108,TIRUMALCHM,EQ,193996,81943,42.24
20,3109,TITAGARH,EQ,585375,129385,22.10
20,3110,TITAN,EQ,489416,296197,60.52
20,3111,TMB,EQ,90552,43569,48.11
20,3112,TMCV,EQ,4775496,2389548,50.04
20,3113,TMPV,EQ,11903808,3799129,31.92
20,3114,TNIDETF,EQ,57525,46594,81.00
20,3115,TNPETRO,EQ,902146,324417,35.96
20,3116,TNPL,EQ,389795,154211,39.56
20,3117,TNTELE,EQ,13146,9068,68.98
20,3118,TOKYOPLAST,EQ,1571,1333,84.85
20,3119,TOLINS,EQ,25926,16036,61.85
20,3120,TOP100CASE,EQ,1171887,918687,78.39
20,3121,TOP10ADD,EQ,453187,394401,87.03
20,3122,TOP15IETF,EQ,31445,19710,62.68
20,3123,TOP20,EQ,69451,64726,93.20
20,3124,TORNTPHARM,EQ,411409,238718,58.02
20,3125,TORNTPOWER,EQ,154452,60482,39.16
20,3126,TOUCHWOOD,EQ,348,215,61.78
20,3127,TOYAMSL,EQ,2893693,892509,30.84
20,3128,TPLPLASTEH,EQ,131082,48046,36.65
20,3129,TRACXN,EQ,80926,48607,60.06
20,3130,TRANSCOR,EQ,2691,2671,99.26
20,3131,TRANSRAILL,EQ,275501,112973,41.01
20,3132,TRANSTEEL,SM,33000,33000,100.00
20,3133,TRAVELFOOD,EQ,16972,8403,49.51
20,3134,TREEHOUSE,EQ,3294,3101,94.14
20,3135,TREJHARA,EQ,20769,15804,76.09
20,3136,TREL,EQ,726901,423128,58.21
20,3137,TRENT,EQ,459529,252955,55.05
20,3138,TRF,EQ,19157,9834,51.33
20,3139,TRIDENT,EQ,1827421,870790,47.65
20,3140,TRIDHYA,ST,9000,6000,66.67
20,3141,TRIGYN,EQ,14714,9405,63.92
20,3142,TRITONV,EQ,2078,1166,56.11
20,3143,TRITURBINE,EQ,490793,265112,54.02
20,3144,TRIVENI,EQ,1189405,546851,45.98
20,3145,TROM,SM,4800,4200,87.50
20,3146,TRU,EQ,96353,63220,65.61
20,3147,TRUALT,EQ,356698,149438,41.89
20,3148,TRUST,SM,24000,22800,95.00
20,3149,TSC,ST,6000,6000,100.00
20,3150,TSFINV,EQ,56347,34417,61.08
20,3151,TTKHLTCARE,EQ,25616,14988,58.51
20,3152,TTKPRESTIG,EQ,17137,9940,58.00
20,3153,TTL,EQ,626276,290179,46.33
20,3154,TTML,EQ,3196332,869124,27.19
20,3155,TUNWAL,SM,92000,58000,63.04
20,3156,TURTLEMINT,EQ,1635938,540286,33.03
20,3157,TUTIALKA,EQ,3789,2853,75.30
20,3158,TVSELECT,EQ,23074,11153,48.34
20,3159,TVSHLTD,EQ,3783,1063,28.10
20,3160,TVSMOTOR,EQ,1025877,493187,48.07
20,3161,TVSSCS,EQ,376059,172518,45.88
20,3162,TVSSRICHAK,EQ,11977,3885,32.44
20,3163,TVTODAY,EQ,68251,51363,75.26
20,3164,TWCGOLDETF,EQ,2812,2387,84.89
20,3165,UBL,EQ,155453,84718,54.50
20,3166,UCL,ST,80000,80000,100.00
20,3167,UCOBANK,EQ,2624177,1153543,43.96
20,3168,UDAYJEW,EQ,46210,30191,65.33
20,3169,UDS,EQ,118960,64570,54.28
20,3170,UEL,EQ,66647,31760,47.65
20,3171,UFLEX,EQ,154087,74074,48.07
20,3172,UFO,EQ,13342,7118,53.35
20,3173,UGARSUGAR,EQ,243474,86631,35.58
20,3174,UGROCAP,EQ,166882,86889,52.07
20,3175,UHTL,ST,20000,20000,100.00
20,3176,UJJIVANSFB,EQ,6237133,3189811,51.14
20,3177,ULTRACEMCO,EQ,180788,94571,52.31
20,3178,ULTRAMAR,EQ,50870,28311,55.65
20,3179,UMA,SM,4000,4000,100.00
20,3180,UMESLTD,EQ,82484,70217,85.13
20,3181,UMIYA-MRO,EQ,3995,3451,86.38
20,3182,UNICHEMLAB,EQ,82024,30062,36.65
20,3183,UNIDT,EQ,29288,21296,72.71
20,3184,UNIECOM,EQ,416528,115104,27.63
20,3185,UNIENTER,EQ,1385,1124,81.16
20,3186,UNIHEALTH,SM,20000,16000,80.00
20,3187,UNIINFO,EQ,1174,893,76.06
20,3188,UNIMECH,EQ,261719,89092,34.04
20,3189,UNIONBANK,EQ,5299874,1764092,33.29
20,3190,UNIONGOLD,EQ,1789,953,53.27
20,3191,UNIPARTS,EQ,81783,44433,54.33
20,3192,UNITDSPR,EQ,263642,168566,63.94
20,3193,UNITECH,EQ,3568646,2248068,62.99
20,3194,UNITEDPOLY,EQ,413271,384161,92.96
20,3195,UNITEDTEA,EQ,544,473,86.95
20,3196,UNIVCABLES,EQ,73570,32405,44.05
20,3197,UNOMINDA,EQ,530438,285101,53.75
20,3198,UPHOT,EQ,53,53,100.00
20,3199,UPL,EQ,1804536,941028,52.15
20,3200,URBAN,SM,12800,10400,81.25
20,3201,URBANCO,EQ,2958947,895312,30.26
20,3202,URJA,EQ,615596,387761,62.99
20,3203,USASEEDS,SM,1712,1712,100.00
20,3204,USHAMART,EQ,1122407,721072,64.24
20,3205,USK,EQ,11687,8598,73.57
20,3206,UTIAMC,EQ,36712,18180,49.52
20,3207,UTKAL,SM,32000,32000,100.00
20,3208,UTKARSHBNK,EQ,7888005,2474755,31.37
20,3209,UTLSOLAR,EQ,246129,108048,43.90
20,3210,UTSSAV,SM,123600,85800,69.42
20,3211,UTTAMSUGAR,EQ,106696,39698,37.21
20,3212,V2RETAIL,EQ,465833,216542,46.48
20,3213,VADILALIND,EQ,7210,3169,43.95
20,3214,VADILENT,EQ,9,8,88.89
20,3215,VAIBHAVGBL,EQ,157443,81721,51.91
20,3216,VAISHALI,EQ,115742,70713,61.10
20,3217,VAKRANGEE,EQ,747160,416842,55.79
20,3218,VAL30IETF,EQ,158592,112313,70.82
20,3219,VALUE,EQ,5339,5052,94.62
20,3220,VALUEAXIS,EQ,40405,32564,80.59
20,3221,VAML,EQ,6880378,4198151,61.02
20,3222,VARDMNPOLY,EQ,116455,65316,56.09
20,3223,VARROC,EQ,199305,75193,37.73
20,3224,VASCONEQ,EQ,187864,117155,62.36
20,3225,VASWANI,EQ,17676,13083,74.02
20,3226,VBL,EQ,3472718,1617346,46.57
20,3227,VDEAL,SM,10200,8400,82.35
20,3228,VEDAVAAG,EQ,138410,100067,72.30
20,3229,VEDL,EQ,3297466,1492232,45.25
20,3230,VEDPOWER,EQ,7700949,4356768,56.57
20,3231,VEEDOL,EQ,12037,3746,31.12
20,3232,VEEKAYEM,SM,2500,2000,80.00
20,3233,VENKEYS,EQ,29437,14576,49.52
20,3234,VENTIVE,EQ,24344,18094,74.33
20,3235,VENUSPIPES,EQ,1296328,373929,28.85
20,3236,VERANDA,EQ,226183,112195,49.60
20,3237,VERITAAS,SM,2400,2400,100.00
20,3238,VERTIS,IV,300000,300000,100.00
20,3239,VERTOZ,EQ,17364,11825,68.10
20,3240,VESUVIUS,EQ,65793,40418,61.43
20,3241,VGCL,EQ,3676,2294,62.40
20,3242,VGINFOTECH,SM,24000,15000,62.50
20,3243,VGL,EQ,53566,37025,69.12
20,3244,VGUARD,EQ,263157,178582,67.86
20,3245,VHL,EQ,884,775,87.67
20,3246,VICTORYEV,SM,9000,9000,100.00
20,3247,VIDHIING,EQ,27013,18798,69.59
20,3248,VIDYAWIRES,EQ,280740,123636,44.04
20,3249,VIESL,SM,20000,15200,76.00
20,3250,VIGOR,SM,11200,9600,85.71
20,3251,VIJAYA,EQ,196070,93911,47.90
20,3252,VIJAYPD,SM,6000,6000,100.00
20,3253,VIJSOLX,EQ,139,106,76.26
20,3254,VIKASECO,EQ,1038207,542282,52.23
20,3255,VIKASLIFE,EQ,1172333,564391,48.14
20,3256,VIKRAMSOLR,EQ,640352,269971,42.16
20,3257,VIKRAN,EQ,706914,297241,42.05
20,3258,VILAS,SM,26250,21000,80.00
20,3259,VILINBIO,SM,4000,4000,100.00
20,3260,VIMTALABS,EQ,165328,74014,44.77
20,3261,VINATIORGA,EQ,37122,23098,62.22
20,3262,VINCOFE,EQ,2256156,710071,31.47
20,3263,VINDHYATEL,EQ,49951,15856,31.74
20,3264,VINEETLAB,EQ,65283,54094,82.86
20,3265,VINNY,EQ,344190,315636,91.70
20,3266,VINOD,ST,417600,417600,100.00
20,3267,VINSYS,ST,2000,2000,100.00
20,3268,VINYAS,SM,6100,4900,80.33
20,3269,VINYLINDIA,EQ,7244,5990,82.69
20,3270,VIPCLOTHNG,EQ,98424,59823,60.78
20,3271,VIPIND,EQ,473503,305505,64.52
20,3272,VIRAT,EQ,5561,2875,51.70
20,3273,VIRINCHI,EQ,34921,27583,78.99
20,3274,VISACHROME,EQ,104685,75036,71.68
20,3275,VISAKAIND,EQ,201785,102211,50.65
20,3276,VISAMAN,SM,2000,2000,100.00
20,3277,VISDEM,SM,4800,4800,100.00
20,3278,VISHAL,EQ,49239,38006,77.19
20,3279,VISHNU,EQ,87175,42240,48.45
20,3280,VISHNUINFR,SM,2000,2000,100.00
20,3281,VISHWARAJ,EQ,170500,109857,64.43
20,3282,VISL,EQ,18850250,8670963,46.00
20,3283,VITAL,EQ,2739,2738,99.96
20,3284,VIVIANA,EQ,23225,8807,37.92
20,3285,VIVIDEL,SM,20160,9600,47.62
20,3286,VIVIDHA,EQ,75480,75465,99.98
20,3287,VIVOBIOT,EQ,26812,20689,77.16
20,3288,VIYASH,EQ,2764864,1438643,52.03
20,3289,VLEGOV,EQ,80383,62617,77.90
20,3290,VLINFRA,SM,22500,15000,66.67
20,3291,VLSFINANCE,EQ,5553,5223,94.06
20,3292,VMARCIND,SM,186000,97500,52.42
20,3293,VMART,EQ,107687,63583,59.04
20,3294,VMM,EQ,4261275,1972307,46.28
20,3295,VMOBILE,SM,9600,8800,91.67
20,3296,VMSTMT,EQ,82286,59127,71.86
20,3297,VOEPL,EQ,57584,29822,51.79
20,3298,VOGL,EQ,16321048,5930688,36.34
20,3299,VOITHPAPR,EQ,134,107,79.85
20,3300,VOLERCAR,SM,16800,15200,90.48
20,3301,VOLTAMP,EQ,15093,6690,44.33
20,3302,VOLTAS,EQ,379667,178875,47.11
20,3303,VPRPL,EQ,333345,158993,47.70
20,3304,VRAJ,EQ,21702,12953,59.69
20,3305,VRLLOG,EQ,75100,45499,60.58
20,3306,VSSL,EQ,475918,159033,33.42
20,3307,VSTIND,EQ,87322,46699,53.48
20,3308,VSTL,EQ,3050,2160,70.82
20,3309,VSTTILLERS,EQ,11556,6034,52.22
20,3310,VTL,EQ,160680,64416,40.09
20,3311,VTMLTD,EQ,168443,86294,51.23
20,3312,WAAREEENER,EQ,453090,194334,42.89
20,3313,WAAREEINDO,EQ,171850,66823,38.88
20,3314,WAAREERTL,EQ,102540,37254,36.33
20,3315,WABAG,EQ,438727,139252,31.74
20,3316,WAKEFIT,EQ,280341,102827,36.68
20,3317,WALCHANNAG,EQ,331447,146551,44.22
20,3318,WANBURY,EQ,101311,41587,41.05
20,3319,WARDINMOBI,EQ,203170,122519,60.30
20,3320,WATERBASE,EQ,39849,35205,88.35
20,3321,WCIL,EQ,455551,186927,41.03
20,3322,WEALTH,EQ,1536,954,62.11
20,3323,WEBELSOLAR,EQ,1568698,803994,51.25
20,3324,WEIZMANIND,EQ,112,79,70.54
20,3325,WEL,EQ,397990,198189,49.80
20,3326,WELCORP,EQ,1698993,555222,32.68
20,3327,WELENT,EQ,376786,225423,59.83
20,3328,WELSPLSOL,EQ,858565,368186,42.88
20,3329,WELSPUNLIV,EQ,5153292,1572823,30.52
20,3330,WENDT,EQ,10651,4174,39.19
20,3331,WESTLIFE,EQ,40486,14376,35.51
20,3332,WEWIN,EQ,1354,1343,99.19
20,3333,WEWORK,EQ,148050,87505,59.11
20,3334,WHBRADY,EQ,11,11,100.00
20,3335,WHEELS,EQ,131049,32462,24.77
20,3336,WHIRLPOOL,EQ,209496,86543,41.31
20,3337,WHITEFORCE,SM,1600,1600,100.00
20,3338,WILLAMAGOR,EQ,1587,991,62.44
20,3339,WINDLAS,EQ,117378,55061,46.91
20,3340,WINDMACHIN,EQ,81754,53834,65.85
20,3341,WINNY,SM,500,500,100.00
20,3342,WINSOL,SM,6800,4000,58.82
20,3343,WIPL,EQ,841,464,55.17
20,3344,WIPRO,EQ,9129514,4313358,47.25
20,3345,WOCKPHARMA,EQ,603193,230045,38.14
20,3346,WOL3D,SM,1000,1000,100.00
20,3347,WOMANCART,ST,16800,14400,85.71
20,3348,WONDERLA,EQ,34157,22633,66.26
20,3349,WORTHPERI,EQ,15217,13024,85.59
20,3350,WPIL,EQ,49611,33116,66.75
20,3351,WSI,EQ,22541,8296,36.80
20,3352,WSTCSTPAPR,EQ,275342,126596,45.98
20,3353,WTICAB,SM,8500,6500,76.47
20,3354,XCHANGING,EQ,85926,52763,61.41
20,3355,XELPMOC,EQ,2530,1903,75.22
20,3356,XPROINDIA,EQ,24216,13498,55.74
20,3357,XTGLOBAL,EQ,31522,9707,30.79
20,3358,XTRANET,EQ,2378436,651762,27.40
20,3359,YAAP,SM,15000,8000,53.33
20,3360,YASHO,EQ,24402,8991,36.85
20,3361,YASHOPTICS,SM,19200,19200,100.00
20,3362,YATHARTH,EQ,3679332,865544,23.52
20,3363,YATRA,EQ,676150,290857,43.02
20,3364,YCCL,SM,3000,3000,100.00
20,3365,YESBANK,EQ,69914036,24958332,35.70
20,3366,YOGI,EQ,7,7,100.00
20,3367,YUDIZ,SM,800,800,100.00
20,3368,YUKEN,EQ,21238,12839,60.45
20,3369,ZAGGLE,EQ,606260,204504,33.73
20,3370,ZEAL,SM,600,600,100.00
20,3371,ZEEL,EQ,13155417,4636597,35.24
20,3372,ZEELEARN,EQ,514594,335229,65.14
20,3373,ZEEMEDIA,EQ,805569,464616,57.68
20,3374,ZENITHDRUG,SM,11200,8000,71.43
20,3375,ZENITHEXPO,EQ,1,1,100.00
20,3376,ZENITHSTL,EQ,28764,16294,56.65
20,3377,ZENSARTECH,EQ,2456285,420962,17.14
20,3378,ZENTEC,EQ,212129,79698,37.57
20,3379,ZFCVINDIA,EQ,25145,11070,44.02
20,3380,ZFSTEERING,EQ,8982,5354,59.61
20,3381,ZIMLAB,EQ,230315,137236,59.59
20,3382,ZODIAC,EQ,11960,7724,64.58
20,3383,ZODIACLOTH,EQ,482,392,81.33
20,3384,ZOTA,EQ,122807,95592,77.84
20,3385,ZSARACOM,EQ,37,29,78.38
20,3386,ZTECH,SM,46500,31200,67.10
20,3387,ZUARI,EQ,64917,29141,44.89
20,3388,ZUARIIND,EQ,35493,19021,53.59
20,3389,ZYDUSLIFE,EQ,1086138,552361,50.86
20,3390,ZYDUSWELL,EQ,147021,72222,49.12
