Security Wise Delivery Position - Compulsory Rolling Settlement
10,MTO,27082026,1817470063,0003352
Trade Date <27-AUG-2026>,Settlement Type <N>
Record Type,Sr No,Name of Security,Quantity Traded,Deliverable Quantity(gross across client level),% of Deliverable Quantity to Traded Quantity
20,1,1003IIFL29,NC,1712,1500,87.62
20,2,1003ISFL28,N4,60,60,100.00
20,3,1003SFIL28,NX,39,3,7.69
20,4,1015ECL29,NR,12,12,100.00
20,5,1025SCL34A,ZT,224,224,100.00
20,6,1030SFIL28,NM,204,100,49.02
20,7,1050ISFL28,N5,10,10,100.00
20,8,1050SCL31,ZP,20,20,100.00
20,9,105IIFL29,N7,154,154,100.00
20,10,1060ECL29,NS,205,205,100.00
20,11,1065NFL27,NC,885,885,100.00
20,12,1075WCA28,N0,16,16,100.00
20,13,10CAGL27,N5,303,303,100.00
20,14,10IIFL28,N4,5,5,100.00
20,15,10IIFL28A,NE,102,51,50.00
20,16,10IIFL29,N6,50,50,100.00
20,17,10UCL26,ND,100,100,100.00
20,18,1119NFL27,ND,93,93,100.00
20,19,1125AFIL29,N0,11,11,100.00
20,20,1150AFIL28,N0,3,3,100.00
20,21,118VCCL27B,N0,2,2,100.00
20,22,1225IFL27,N0,6,6,100.00
20,23,1225IFL28,N0,8,8,100.00
20,24,125VCCL31,N0,1,1,100.00
20,25,1275DCCL28,N0,12,12,100.00
20,26,12AFIL27,N0,1,1,100.00
20,27,12AFIL27A,N0,11,11,100.00
20,28,12AFIL28,N0,1,1,100.00
20,29,12VCCL27,N0,1,1,100.00
20,30,12VCCL27D,N0,1,1,100.00
20,31,182D311226,TB,3300,3300,100.00
20,32,20MICRONS,EQ,152626,74455,48.78
20,33,21STCENMGM,EQ,4547,4522,99.45
20,34,360ONE,EQ,317442,191498,60.33
20,35,364D100627,TB,100,100,100.00
20,36,364D200527,TB,3000,3000,100.00
20,37,3BBLACKBIO,EQ,16388,10701,65.30
20,38,3MINDIA,EQ,3288,1780,54.14
20,39,3PLAND,EQ,3978,2416,60.73
20,40,574GS2026,GS,1,1,100.00
20,41,591GS2028,GS,3000,3000,100.00
20,42,5PAISA,EQ,18714,10851,57.98
20,43,610GS2031,GS,1,1,100.00
20,44,620GS2029,GS,222,200,90.09
20,45,628GS2032,GS,151,150,99.34
20,46,636GS2031,GS,4820,4820,100.00
20,47,63MOONS,EQ,195262,96449,49.39
20,48,645GS2029,GS,3,2,66.67
20,49,667GS2050,GS,53,53,100.00
20,50,668GS2040,GS,7390,7390,100.00
20,51,676GS2061,GS,48900,48900,100.00
20,52,679GS2034,GS,3700,3700,100.00
20,53,679GS2034A,GS,2,2,100.00
20,54,68GS2060,GS,610,610,100.00
20,55,690GS2065,GS,9425,9424,99.99
20,56,694GS2036,GS,3876,3875,99.97
20,57,695GS2061,GS,12,10,83.33
20,58,699GS2051,GS,6,6,100.00
20,59,702GS2031,GS,3228,3228,100.00
20,60,706GS2028,GS,5549,5549,100.00
20,61,706GS2041,GS,2001,2001,100.00
20,62,709GS2054,GS,16223,15863,97.78
20,63,709GS2074,GS,3966,3966,100.00
20,64,70CG29,SG,100,100,100.00
20,65,710GS2029,GS,2000,2000,100.00
20,66,717GS2030,GS,1000,1000,100.00
20,67,718GS2037,GS,3352,3351,99.97
20,68,718MH33,SG,4900,4900,100.00
20,69,724GS2055,GS,24767,24767,100.00
20,70,725GS2063,GS,582181,560876,96.34
20,71,726GS2032,GS,100,100,100.00
20,72,732GS2030,GS,781,781,100.00
20,73,734GS2064,GS,27795,25081,90.24
20,74,737NTPC35C,NA,39,39,100.00
20,75,738GS2027,GS,41880,36880,88.06
20,76,738REC27TF,N2,1000,1000,100.00
20,77,73GS2053,GS,17896,17646,98.60
20,78,740IIFCL33,N1,451,351,77.83
20,79,741GS2036,GS,3104,3104,100.00
20,80,742TN34A,SG,100,100,100.00
20,81,743GS2076,GS,27633,27633,100.00
20,82,743REC35,NH,1110,1024,92.25
20,83,744TN55A,SG,100,100,100.00
20,84,745AP38,SG,500,500,100.00
20,85,746GS2073,GS,103,101,98.06
20,86,747GJ28,SG,200,200,100.00
20,87,748KA37A,SG,100,100,100.00
20,88,74GS2062,GS,12,6,50.00
20,89,74PY30,SG,100,100,100.00
20,90,750GS2056,GS,5275,5275,100.00
20,91,753IRFC30,NJ,158,158,100.00
20,92,753TS39,SG,200,200,100.00
20,93,754GS2036,GS,320632,319832,99.75
20,94,755GJ31,SG,200,200,100.00
20,95,758JK50,SG,100,100,100.00
20,96,760PFCL35,N3,150,150,100.00
20,97,762NTPC35F,ND,167,167,100.00
20,98,764HUDCO31,N8,48,47,97.92
20,99,764IRFC31,NO,865,865,100.00
20,100,764NABAR31,N2,509,500,98.23
20,101,766GJ32,SG,1000,1000,100.00
20,102,767TN30,SG,300,300,100.00
20,103,769NHAI31,NE,750,720,96.00
20,104,76NHAI31,NA,1389,1070,77.03
20,105,771GS2066,GS,6115,6111,99.93
20,106,772MH34,SG,200,200,100.00
20,107,774IREDA31,N7,21,21,100.00
20,108,774RJ34,SG,100,100,100.00
20,109,781RJ49,SG,100,100,100.00
20,110,783KL49,SG,200,200,100.00
20,111,785PN42,SG,1100,1100,100.00
20,112,792BR51,SG,100,100,100.00
20,113,792PN44,SG,100,100,100.00
20,114,796AP38,SG,300,200,66.67
20,115,79IGT28,NF,28,28,100.00
20,116,79NHIT35,N1,2,1,50.00
20,117,79NHIT40,N2,18,18,100.00
20,118,79NHIT47,N3,550,550,100.00
20,119,7PFCL31,N3,10,10,100.00
20,120,806RJ57,SG,1000,1000,100.00
20,121,810IRFC27,N2,1000,1000,100.00
20,122,812REC27,NI,51,41,80.39
20,123,81TCHF28,N8,157,157,100.00
20,124,820IIFL27,N9,50,50,100.00
20,125,82HUDCO27,N2,1260,1160,92.06
20,126,830NHAI27,N2,3307,3251,98.31
20,127,830PFCL27,N5,20,20,100.00
20,128,842IIFL26,NL,150,150,100.00
20,129,846REC28,N6,400,400,100.00
20,130,84TCHF28,NA,5,5,100.00
20,131,860AEL28,NH,21,21,100.00
20,132,860CIFCL28,NG,100,100,100.00
20,133,862AEL31,NM,15,15,100.00
20,134,863IRFC29,NC,250,250,100.00
20,135,865IHFL27,N1,16,16,100.00
20,136,865IIFL28,NS,105,105,100.00
20,137,865IIFL31,Y6,5,5,100.00
20,138,865IRFC29,NA,1,1,100.00
20,139,865SCL24B,Z8,80,20,25.00
20,140,865SCL27,N4,20,20,100.00
20,141,865TCAPS27,N8,663,649,97.89
20,142,867NHPC33,N3,290,290,100.00
20,143,870IIFL28,Y7,7,7,100.00
20,144,871REC28,N9,1692,1122,66.31
20,145,875MOF27,N0,1,1,100.00
20,146,875NHAI29,N6,349,349,100.00
20,147,875SFL27,ZF,9,9,100.00
20,148,876HUDCO28,ND,260,260,100.00
20,149,880IREDA29,N5,27,27,100.00
20,150,885TCAPS29,NC,4,2,50.00
20,151,888ECL28,N1,263,263,100.00
20,152,888IRFC29,NE,161,149,92.55
20,153,888REC29,NF,1807,1073,59.38
20,154,890AEL31,NN,1556,1556,100.00
20,155,890SFIL23A,NZ,458,225,49.13
20,156,891IIFCL34,N4,215,210,97.67
20,157,891NTPC33,N6,239,239,100.00
20,158,892NHPC33,N6,350,350,100.00
20,159,892PFCL33,N8,103,94,91.26
20,160,894SCL27,ZY,165,140,84.85
20,161,895AEL27,N9,83,75,90.36
20,162,897GS2030,GS,2000,2000,100.00
20,163,897MOFSL29,N4,241,241,100.00
20,164,8SMC29,N1,438,429,97.95
20,165,8SMC30,N2,65,56,86.15
20,166,901HUDCO34,NE,479,300,62.63
20,167,901NHB34,N6,22,21,95.45
20,168,905LTF27,NF,54,45,83.33
20,169,915AEL28,NC,10,10,100.00
20,170,915APSBC28,N0,1,1,100.00
20,171,915SCL27,Z7,50,50,100.00
20,172,91D011026,TB,600,600,100.00
20,173,91D030926,TB,1000,1000,100.00
20,174,91D081026,TB,400,400,100.00
20,175,91D121126,TB,9200,5100,55.43
20,176,91D151026,TB,100,100,100.00
20,177,91D240926,TB,600,600,100.00
20,178,925ECL28,N2,365,275,75.34
20,179,925ISF29,N0,3,3,100.00
20,180,925SCL26F,N1,25,25,100.00
20,181,925SCL28C,BS,40,40,100.00
20,182,925SCL29A,ZM,56,56,100.00
20,183,92GS2030,GS,2723,2723,100.00
20,184,930APMD34,N0,3,3,100.00
20,185,935LTF29,N5,4,4,100.00
20,186,935PFL33,N3,100,100,100.00
20,187,93MOFSL34,N6,22,22,100.00
20,188,943ECL28,NJ,20,20,100.00
20,189,948SCL27D,N1,5,5,100.00
20,190,950ISF27A,N0,1,1,100.00
20,191,950ISF27C,N0,5,5,100.00
20,192,957ICCL25,YW,3,3,100.00
20,193,957ISFL26,N2,10,10,100.00
20,194,965AEL27,N4,310,70,22.58
20,195,96IIFL28,N5,312,312,100.00
20,196,96IIFL28A,NF,2186,2041,93.37
20,197,970CAGL28,ND,27,27,100.00
20,198,975BNAL28,N0,10,10,100.00
20,199,975IIFL28,Y0,80,80,100.00
20,200,975ISF28,N0,3,3,100.00
20,201,975SCL35,N0,24,24,100.00
20,202,97MOFSL34,N7,50,50,100.00
20,203,97SFL29,YZ,101,101,100.00
20,204,985ECL28,NK,753,751,99.73
20,205,985SFIL28,NO,22,11,50.00
20,206,995SCL2035,NM,19,19,100.00
20,207,9IIFL28A,NT,300,300,100.00
20,208,9IIFL31,Y9,11,11,100.00
20,209,9SCL26BA,NA,173,173,100.00
20,210,A2ZINFRA,EQ,423268,355365,83.96
20,211,AAATECH,EQ,4547,3103,68.24
20,212,AADHARHFC,EQ,161831,95107,58.77
20,213,AAKAAR,SM,1600,1600,100.00
20,214,AAKASH,EQ,21147,16361,77.37
20,215,AARADHYA,SM,1200,1200,100.00
20,216,AAREYDRUGS,EQ,192944,154988,80.33
20,217,AARON,EQ,10460,5904,56.44
20,218,AARTIDRUGS,EQ,81669,39586,48.47
20,219,AARTIIND,EQ,531274,246617,46.42
20,220,AARTIPHARM,EQ,397741,196700,49.45
20,221,AARVI,EQ,11191,6636,59.30
20,222,AASTHA,EQ,2787093,1067640,38.31
20,223,AATMAJ,SM,4000,2000,50.00
20,224,AAVAS,EQ,349968,222800,63.66
20,225,ABANSENT,EQ,6608,5265,79.68
20,226,ABB,EQ,189460,97181,51.29
20,227,ABBOTINDIA,EQ,4712,2651,56.26
20,228,ABCAPITAL,EQ,1578229,821122,52.03
20,229,ABCOTS,EQ,7494,7106,94.82
20,230,ABDL,EQ,161808,72759,44.97
20,231,ABFRL,EQ,3324887,1840398,55.35
20,232,ABGSEC,EQ,395,195,49.37
20,233,ABHAPOWER,SM,19200,16000,83.33
20,234,ABLBL,EQ,297838,212327,71.29
20,235,ABMKNO,EQ,1079,714,66.17
20,236,ABREL,EQ,111296,44026,39.56
20,237,ABSL10BANK,EQ,7135,1592,22.31
20,238,ABSLAMC,EQ,377907,223052,59.02
20,239,ABSLBANETF,EQ,20293,18082,89.10
20,240,ABSLLIQUID,EQ,1654,1236,74.73
20,241,ABSLMSCIN,EQ,313,313,100.00
20,242,ABSLNN50ET,EQ,16412,9428,57.45
20,243,ABSLPSE,EQ,140364,130286,92.82
20,244,ABSMARINE,ST,109500,107000,97.72
20,245,ACC,EQ,67738,33844,49.96
20,246,ACCELYA,EQ,4730,2276,48.12
20,247,ACCENTMIC,SM,37500,27000,72.00
20,248,ACCPL,ST,3600,3600,100.00
20,249,ACE,EQ,388332,176353,45.41
20,250,ACEINTEG,EQ,1130,954,84.42
20,251,ACGL,EQ,378,327,86.51
20,252,ACI,EQ,346464,242080,69.87
20,253,ACL,EQ,16516,12473,75.52
20,254,ACMESOLAR,EQ,1572541,746168,47.45
20,255,ACUTAAS,EQ,128415,59937,46.67
20,256,ADANIENSOL,EQ,4514708,2658848,58.89
20,257,ADANIENT,EQ,1793570,1015758,56.63
20,258,ADANIGREEN,EQ,811100,237284,29.25
20,259,ADANIPORTS,EQ,2044450,1199141,58.65
20,260,ADANIPOWER,EQ,70024737,28760551,41.07
20,261,ADDICTIVE,SM,3500,3000,85.71
20,262,ADDIND,EQ,800,644,80.50
20,263,ADFFOODS,EQ,73656,27717,37.63
20,264,ADISOFT,SM,41600,34400,82.69
20,265,ADL,EQ,369,325,88.08
20,266,ADOR,EQ,73103,37456,51.24
20,267,ADROITINFO,EQ,24530,19340,78.84
20,268,ADSL,EQ,76892,36628,47.64
20,269,ADVAIT,EQ,28614,13230,46.24
20,270,ADVANCE,EQ,66356,40858,61.57
20,271,ADVANIHOTR,EQ,8560,5280,61.68
20,272,ADVENTHTL,EQ,214699,130244,60.66
20,273,ADVENZYMES,EQ,202752,118292,58.34
20,274,ADVIKCA,EQ,199252,156151,78.37
20,275,AEGISLOG,EQ,411156,173646,42.23
20,276,AEGISVOPAK,EQ,852910,358056,41.98
20,277,AEL17725,NA,132,81,61.36
20,278,AEPL,EQ,12516,8395,67.07
20,279,AEQUS,EQ,1923847,998407,51.90
20,280,AEROENTER,EQ,1011094,338158,33.44
20,281,AEROFLEX,EQ,1111371,425001,38.24
20,282,AERON,SM,9000,6000,66.67
20,283,AERONEU,EQ,26169,8704,33.26
20,284,AEROPLANE,EQ,231566,117355,50.68
20,285,AESTHETIK,SM,16000,10000,62.50
20,286,AETHER,EQ,200314,87691,43.78
20,287,AFCONS,EQ,250467,129762,51.81
20,288,AFFLE,EQ,169829,105367,62.04
20,289,AFIL,EQ,259544,180205,69.43
20,290,AFSL,EQ,3110,2699,86.78
20,291,AGARIND,EQ,22604,12818,56.71
20,292,AGARWALEYE,EQ,857671,604648,70.50
20,293,AGARWALFT,SM,3000,3000,100.00
20,294,AGARWALTUF,SM,22800,15600,68.42
20,295,AGI,EQ,74008,44328,59.90
20,296,AGIIL,EQ,1434025,327888,22.86
20,297,AGL,EQ,2786057,1366382,49.04
20,298,AGNI,SM,10000,10000,100.00
20,299,AGRITECH,EQ,2765,2214,80.07
20,300,AGROPHOS,EQ,13621,10024,73.59
20,301,AGUL,SM,4000,2000,50.00
20,302,AHCL,EQ,4430962,1818040,41.03
20,303,AHLADA,EQ,16187,12932,79.89
20,304,AHLEAST,EQ,1870,1076,57.54
20,305,AHLUCONT,EQ,200044,134390,67.18
20,306,AIAENG,EQ,21571,12007,55.66
20,307,AIIL,EQ,136961,63096,46.07
20,308,AILIMITED,SM,6000,6000,100.00
20,309,AIMTRON,SM,26600,21800,81.95
20,310,AIRAN,EQ,187645,100744,53.69
20,311,AIROLAM,EQ,3549,2648,74.61
20,312,AISL,SM,2400,1200,50.00
20,313,AJANTPHARM,EQ,49671,30575,61.56
20,314,AJAXENGG,EQ,50817,29494,58.04
20,315,AJMERA,EQ,402148,188263,46.81
20,316,AJOONI,EQ,222938,209137,93.81
20,317,AKANKSHA,SM,23000,15000,65.22
20,318,AKASH,EQ,1980,1496,75.56
20,319,AKCAPIT,EQ,1302,1032,79.26
20,320,AKG,EQ,32487,18165,55.91
20,321,AKI,EQ,244846,173629,70.91
20,322,AKIKO,SM,12000,9600,80.00
20,323,AKSHAR,EQ,1041592,705983,67.78
20,324,AKUMS,EQ,359949,201182,55.89
20,325,ALANKIT,EQ,66759,49864,74.69
20,326,ALBERTDAVD,EQ,8084,5799,71.73
20,327,ALCODIS,SM,5625,5625,100.00
20,328,ALEMBICLTD,EQ,2895906,1220288,42.14
20,329,ALFREDHE,EQ,16,15,93.75
20,330,ALGOQUANT,EQ,1270299,245576,19.33
20,331,ALICON,EQ,23794,15186,63.82
20,332,ALIVUS,EQ,60525,32819,54.22
20,333,ALKEM,EQ,166838,123018,73.74
20,334,ALKYLAMINE,EQ,59466,22950,38.59
20,335,ALLCARGO,EQ,23868911,7649054,32.05
20,336,ALLDIGI,EQ,16931,10399,61.42
20,337,ALLETEC,ST,28000,26800,95.71
20,338,ALLTIME,EQ,114814,57100,49.73
20,339,ALMONDZ,EQ,774942,580358,74.89
20,340,ALOKINDS,EQ,60004535,17890238,29.81
20,341,ALPA,EQ,7422,4182,56.35
20,342,ALPEXSOLAR,SM,20500,14800,72.20
20,343,ALPHA,EQ,1201572,759559,63.21
20,344,ALPHAETF,EQ,1641056,1384886,84.39
20,345,ALPINETEX,EQ,124399,65660,52.78
20,346,ALPL30IETF,EQ,189711,113395,59.77
20,347,ALUFLUOR,EQ,3929,2946,74.98
20,348,ALUWIND,SM,7500,7500,100.00
20,349,AMAGI,EQ,171810,78477,45.68
20,350,AMAL,EQ,4782,3392,70.93
20,351,AMARJOTHI,EQ,153,152,99.35
20,352,AMBAAUTO,SM,126000,122000,96.83
20,353,AMBANIORGO,SM,1000,1000,100.00
20,354,AMBER,EQ,610657,209987,34.39
20,355,AMBICAAGAR,EQ,920,662,71.96
20,356,AMBIKCO,EQ,5586,2948,52.77
20,357,AMBUJACEM,EQ,1071242,456892,42.65
20,358,AMCL,SM,19200,16800,87.50
20,359,AMDIND,EQ,17333,10841,62.55
20,360,AMJLAND,EQ,9682,8531,88.11
20,361,AMNPLST,EQ,2281,1964,86.10
20,362,AMRUTANJAN,EQ,93176,47405,50.88
20,363,ANANDRATHI,EQ,124936,73446,58.79
20,364,ANANTAM,IV,23527,23319,99.12
20,365,ANANTRAJ,EQ,823699,353604,42.93
20,366,ANAWIL,SM,154800,86400,55.81
20,367,ANDHRAPAP,EQ,129859,80503,61.99
20,368,ANDHRSUGAR,EQ,434209,208294,47.97
20,369,ANDREWYU,EQ,278374,186970,67.17
20,370,ANGELONE,EQ,3766886,1535401,40.76
20,371,ANIKINDS,EQ,5680,5315,93.57
20,372,ANLON,SM,2400,2000,83.33
20,373,ANMOL,EQ,15057,10844,72.02
20,374,ANNAPURNA,EQ,46443,31014,66.78
20,375,ANONDITA,SM,27400,18400,67.15
20,376,ANSALBU,EQ,263,262,99.62
20,377,ANTELOPUS,EQ,46134,28025,60.75
20,378,ANTGRAPHIC,EQ,54840,51552,94.00
20,379,ANTHEM,EQ,1211725,645769,53.29
20,380,ANUHPHR,EQ,339632,202282,59.56
20,381,ANUP,EQ,31913,13374,41.91
20,382,ANURAS,EQ,136325,102090,74.89
20,383,ANYA,SM,10000,10000,100.00
20,384,AONEGOLD,EQ,1592797,463322,29.09
20,385,AONELIQUID,EQ,6798,4166,61.28
20,386,AONENIFTY,EQ,135846,108628,79.96
20,387,AONESILVER,EQ,759233,334313,44.03
20,388,AONETMMQ50,EQ,122907,96825,78.78
20,389,AONETOTAL,EQ,261393,116765,44.67
20,390,APARINDS,EQ,214866,59299,27.60
20,391,APCL,EQ,2129,1645,77.27
20,392,APCOTEXIND,EQ,84346,41527,49.23
20,393,APEX,EQ,129470,45565,35.19
20,394,APEXECO,ST,4800,4800,100.00
20,395,APLAPOLLO,EQ,1061660,455669,42.92
20,396,APLLTD,EQ,285845,125761,44.00
20,397,APOLLO,EQ,4108063,1395472,33.97
20,398,APOLLOHOSP,EQ,270047,165637,61.34
20,399,APOLLOPIPE,EQ,243918,83627,34.28
20,400,APOLLOTYRE,EQ,538426,223812,41.57
20,401,APOLSINHOT,EQ,2414,1497,62.01
20,402,APRAMEYA,SM,15000,12000,80.00
20,403,APS,SM,14500,10000,68.97
20,404,APSISAERO,ST,9600,9600,100.00
20,405,APTUS,EQ,903961,664584,73.52
20,406,AQYLON,EQ,4774267,2381456,49.88
20,407,ARCHIDPLY,EQ,113517,56994,50.21
20,408,ARCHIES,EQ,12809,11854,92.54
20,409,ARCIIL,SM,23000,22000,95.65
20,410,ARCL,EQ,161,161,100.00
20,411,ARDEE,EQ,8140152,2398816,29.47
20,412,ARE&M,EQ,342311,158737,46.37
20,413,ARENTERP,EQ,658,442,67.17
20,414,ARFIN,EQ,942597,61415,6.52
20,415,ARHAM,SM,11000,7000,63.64
20,416,ARIES,EQ,151168,50700,33.54
20,417,ARIHANT,EQ,11973,9114,76.12
20,418,ARIHANTACA,SM,800,400,50.00
20,419,ARIHANTCAP,EQ,150781,84463,56.02
20,420,ARIHANTSUP,EQ,7478,3175,42.46
20,421,ARIS,EQ,1780386,843513,47.38
20,422,ARISTO,SM,1600,1600,100.00
20,423,ARKADE,EQ,166111,33687,20.28
20,424,ARMANFIN,EQ,25618,14664,57.24
20,425,ARMOUR,ST,6000,6000,100.00
20,426,AROGRANITE,EQ,8920,6325,70.91
20,427,ARSSBL,EQ,77288,42775,55.34
20,428,ARTEMISMED,EQ,228372,118943,52.08
20,429,ARUNAYA,SM,6000,6000,100.00
20,430,ARVEE,EQ,3030,1942,64.09
20,431,ARVIND,EQ,651136,290297,44.58
20,432,ARVINDFASN,EQ,137480,84539,61.49
20,433,ARVINDPORT,SM,15000,13500,90.00
20,434,ARVSMART,EQ,123741,67705,54.72
20,435,ARYAMAN,EQ,1,1,100.00
20,436,ASAHIINDIA,EQ,91523,43493,47.52
20,437,ASAL,EQ,14769,7090,48.01
20,438,ASALCBR,EQ,13921,9489,68.16
20,439,ASCOM,SM,500,500,100.00
20,440,ASHALOG,SM,4000,4000,100.00
20,441,ASHAPURMIN,EQ,327118,149313,45.64
20,442,ASHIANA,EQ,15013,9322,62.09
20,443,ASHIMASYN,EQ,263967,129755,49.16
20,444,ASHOKA,EQ,305638,177755,58.16
20,445,ASHOKAMET,EQ,12184,7261,59.59
20,446,ASHOKLEY,EQ,14150948,6467491,45.70
20,447,ASIANENE,EQ,539333,254480,47.18
20,448,ASIANHOTNR,EQ,101028,96821,95.84
20,449,ASIANPAINT,EQ,525106,287207,54.70
20,450,ASIANTILES,EQ,3539428,2105295,59.48
20,451,ASIANTNE,EQ,4657,2965,63.67
20,452,ASKAUTOLTD,EQ,116536,58320,50.04
20,453,ASPINWALL,EQ,3080,2763,89.71
20,454,ASTEC,EQ,13787,9041,65.58
20,455,ASTERDM,EQ,1730822,1026668,59.32
20,456,ASTRAL,EQ,346093,183047,52.89
20,457,ASTRAMICRO,EQ,128292,62260,48.53
20,458,ASTRAZEN,EQ,6394,3439,53.78
20,459,ATALREAL,EQ,16250514,2197365,13.52
20,460,ATAM,EQ,5973,4453,74.55
20,461,ATCENERGY,ST,1200,1200,100.00
20,462,ATGL,EQ,734229,203467,27.71
20,463,ATHERENERG,EQ,2754306,1262870,45.85
20,464,ATL,EQ,123304,82977,67.29
20,465,ATLANTAA,EQ,20034,13226,66.02
20,466,ATLANTAELE,EQ,96691,55850,57.76
20,467,ATLASCYCLE,EQ,1180,1142,96.78
20,468,ATLPP,E1,39021,14499,37.16
20,469,ATMASTCO,SM,26000,21600,83.08
20,470,ATUL,EQ,38284,21157,55.26
20,471,ATULAUTO,EQ,64301,36363,56.55
20,472,AUBANK,EQ,898558,296735,33.02
20,473,AURIONPRO,EQ,178058,117029,65.73
20,474,AUROIMPEX,SM,19200,12800,66.67
20,475,AUROPHARMA,EQ,717677,415100,57.84
20,476,AURUM,EQ,112758,56292,49.92
20,477,AURUS,EQ,4322,3783,87.53
20,478,AUSOMENT,EQ,13834,10105,73.04
20,479,AUSTENG,EQ,5096,3414,66.99
20,480,AUTOAXLES,EQ,2849,1391,48.82
20,481,AUTOBEES,EQ,175906,89925,51.12
20,482,AUTOIETF,EQ,356150,138588,38.91
20,483,AUTOIND,EQ,194083,118167,60.88
20,484,AVADHSUGAR,EQ,136563,57597,42.18
20,485,AVALON,EQ,281157,95072,33.81
20,486,AVANA,ST,4000,4000,100.00
20,487,AVANCE,EQ,5152468,2907583,56.43
20,488,AVANTEL,EQ,534686,183610,34.34
20,489,AVANTIFEED,EQ,249143,104971,42.13
20,490,AVIANSH,SM,4000,4000,100.00
20,491,AVIENCE,SM,20400,13200,64.71
20,492,AVL,EQ,179649,116723,64.97
20,493,AVONMORE,EQ,135197,89216,65.99
20,494,AVPINFRA,SM,42400,20800,49.06
20,495,AVROIND,EQ,236902,180174,76.05
20,496,AVTNPL,EQ,261183,129966,49.76
20,497,AWFIS,EQ,365185,214526,58.74
20,498,AWHCL,EQ,85317,33188,38.90
20,499,AWL,EQ,3440924,1641349,47.70
20,500,AXISBANK,EQ,7005789,4959803,70.80
20,501,AXISCADES,EQ,78410,39506,50.38
20,502,AXITA,EQ,2141370,1732686,80.91
20,503,AXTEL,EQ,5613,3969,70.71
20,504,AYE,EQ,13672393,4039423,29.54
20,505,AYMSYNTEX,EQ,9859,3965,40.22
20,506,AZAD,EQ,202086,81933,40.54
20,507,AZADIND,EQ,11894,2965,24.93
20,508,BABAFP,SM,3200,3200,100.00
20,509,BAGDIGITAL,SM,17600,1600,9.09
20,510,BAGFILMS,EQ,76241,42231,55.39
20,511,BAGMANE,RR,221633,171230,77.26
20,512,BAHETI,SM,15000,9750,65.00
20,513,BAIDFIN,EQ,117995,105695,89.58
20,514,BAJAJ-AUTO,EQ,221294,129604,58.57
20,515,BAJAJCON,EQ,843825,549161,65.08
20,516,BAJAJELEC,EQ,100898,51885,51.42
20,517,BAJAJFINSV,EQ,526392,300033,57.00
20,518,BAJAJHCARE,EQ,80183,35249,43.96
20,519,BAJAJHFL,EQ,4358067,2764729,63.44
20,520,BAJAJHIND,EQ,45877765,8875501,19.35
20,521,BAJAJHLDNG,EQ,55310,28152,50.90
20,522,BAJAJINDEF,EQ,21154,11152,52.72
20,523,BAJAJST,EQ,5625,2670,47.47
20,524,BAJEL,EQ,780237,330805,42.40
20,525,BAJFINANCE,EQ,5220239,3203467,61.37
20,526,BALAJEE,EQ,18201,14428,79.27
20,527,BALAJIPHOS,SM,78000,77000,98.72
20,528,BALAJITELE,EQ,130118,86198,66.25
20,529,BALAMINES,EQ,234798,75781,32.27
20,530,BALAXI,EQ,6825,6027,88.31
20,531,BALKRISHNA,EQ,5373,3925,73.05
20,532,BALKRISIND,EQ,490664,312896,63.77
20,533,BALMLAWRIE,EQ,759686,204408,26.91
20,534,BALPHARMA,EQ,6257,5461,87.28
20,535,BALRAMCHIN,EQ,1870911,432157,23.10
20,536,BALUFORGE,EQ,2329733,466230,20.01
20,537,BANARBEADS,EQ,56286,24374,43.30
20,538,BANARISUG,EQ,1062,525,49.44
20,539,BANCOINDIA,EQ,54297,26069,48.01
20,540,BANDHANBNK,EQ,4668712,2159783,46.26
20,541,BANG,EQ,244797,166049,67.83
20,542,BANK10ADD,EQ,7162819,7006947,97.82
20,543,BANK10BETF,EQ,1144,1086,94.93
20,544,BANKA,EQ,4726,4086,86.46
20,545,BANKADD,EQ,12387,12117,97.82
20,546,BANKBARODA,EQ,4454374,2341567,52.57
20,547,BANKBEES,EQ,493847,320312,64.86
20,548,BANKBETA,EQ,23319,12645,54.23
20,549,BANKBETF,EQ,7340,5775,78.68
20,550,BANKETF,EQ,17290,6298,36.43
20,551,BANKIETF,EQ,228504,162194,70.98
20,552,BANKINDIA,EQ,4438065,2367489,53.35
20,553,BANKNIFTY1,EQ,8106745,8042594,99.21
20,554,BANKPSU,EQ,8350,4169,49.93
20,555,BANSALWIRE,EQ,37906,18970,50.04
20,556,BANSWRAS,EQ,32468,22790,70.19
20,557,BARFLEX,SM,6000,4000,66.67
20,558,BASF,EQ,12754,7636,59.87
20,559,BASILIC,SM,6600,4500,68.18
20,560,BATAINDIA,EQ,115819,48327,41.73
20,561,BATLIBOI,EQ,25630,13168,51.38
20,562,BAWEJA,ST,1600,1600,100.00
20,563,BAYERCROP,EQ,15932,9593,60.21
20,564,BBETF0432,EQ,13265,12968,97.76
20,565,BBL,EQ,27598,14017,50.79
20,566,BBNPNBETF,EQ,1156,1108,95.85
20,567,BBNPPGOLD,EQ,23480,6372,27.14
20,568,BBOX,EQ,174909,92010,52.60
20,569,BBTC,EQ,14319956,518823,3.62
20,570,BBTCL,EQ,3220,2002,62.17
20,571,BCG,EQ,2937320,1795923,61.14
20,572,BCLIND,EQ,471336,304039,64.51
20,573,BCONCEPTS,EQ,20738,12743,61.45
20,574,BCPL,EQ,4873,3555,72.95
20,575,BDL,EQ,445421,166902,37.47
20,576,BEACON,SM,10000,9000,90.00
20,577,BEARDSELL,EQ,26348,20425,77.52
20,578,BECTORFOOD,EQ,2239423,1649496,73.66
20,579,BEDMUTHA,EQ,2151,1714,79.68
20,580,BEEKAY,EQ,1954,1622,83.01
20,581,BEL,EQ,9156009,4705508,51.39
20,582,BELLACASA,EQ,19987,11089,55.48
20,583,BELRISE,EQ,1126822,600736,53.31
20,584,BEML,EQ,133220,47186,35.42
20,585,BENARAS,EQ,23,22,95.65
20,586,BENGALASM,EQ,289,273,94.46
20,587,BEPL,EQ,2815113,1169748,41.55
20,588,BERGEPAINT,EQ,275124,120763,43.89
20,589,BESTAGRO,EQ,408422,191728,46.94
20,590,BETA,EQ,26249,16374,62.38
20,591,BEWLTD,SM,14000,12000,85.71
20,592,BFINVEST,EQ,20007,9731,48.64
20,593,BFSI,EQ,161617,112041,69.33
20,594,BFUTILITIE,EQ,72400,34338,47.43
20,595,BHADORA,ST,14400,14400,100.00
20,596,BHAGCHEM,EQ,36932,20372,55.16
20,597,BHAGYANGR,EQ,52016,33938,65.25
20,598,BHANDARI,EQ,146566,118905,81.13
20,599,BHARATCOAL,EQ,2637511,1298026,49.21
20,600,BHARATFORG,EQ,1465432,909177,62.04
20,601,BHARATRAS,EQ,8926,5930,66.44
20,602,BHARATSE,EQ,71277,43808,61.46
20,603,BHARATWIRE,EQ,187858,62993,33.53
20,604,BHARTIARTL,EQ,8757645,6169540,70.45
20,605,BHARTIHEXA,EQ,38948,21852,56.11
20,606,BHEL,EQ,19967976,5458645,27.34
20,607,BIGBLOC,EQ,25712,19652,76.43
20,608,BIKAJI,EQ,663473,189757,28.60
20,609,BIKEWO,ST,52000,52000,100.00
20,610,BIL,EQ,35867,21595,60.21
20,611,BIMETAL,EQ,579,505,87.22
20,612,BIOCON,EQ,1713404,794668,46.38
20,613,BIOFILCHEM,EQ,127673,101269,79.32
20,614,BIOPOL,SM,422400,196800,46.59
20,615,BIRET,RR,136455,121214,88.83
20,616,BIRLACORPN,EQ,19226,10384,54.01
20,617,BIRLAMONEY,EQ,90025,43077,47.85
20,618,BIRLANU,EQ,7788,4302,55.24
20,619,BIRLAPREC,EQ,436978,272844,62.44
20,620,BLACKBUCK,EQ,324075,181605,56.04
20,621,BLAL,EQ,40101,30018,74.86
20,622,BLBLIMITED,EQ,79408,71894,90.54
20,623,BLEL,EQ,2844518,354809,12.47
20,624,BLIL,EQ,52156,34769,66.66
20,625,BLKASHYAP,EQ,1090699,550900,50.51
20,626,BLS,EQ,1208948,511957,42.35
20,627,BLSE,EQ,382378,155058,40.55
20,628,BLUECHIP,EQ,122,122,100.00
20,629,BLUECLOUDS,EQ,4216077,1636741,38.82
20,630,BLUEDART,EQ,16935,9466,55.90
20,631,BLUEJET,EQ,250159,142682,57.04
20,632,BLUEPEBBLE,SM,8800,6800,77.27
20,633,BLUESTARCO,EQ,128386,33392,26.01
20,634,BLUESTONE,EQ,586565,140983,24.04
20,635,BLUEWATER,ST,18000,18000,100.00
20,636,BLUSPRING,EQ,352695,175955,49.89
20,637,BMLL,SM,38000,38000,100.00
20,638,BMWVENTLTD,EQ,36087,23316,64.61
20,639,BNAGROCHEM,EQ,32625,16241,49.78
20,640,BNKETFAXIS,EQ,166,129,77.71
20,641,BOHRAIND,EQ,90454,59168,65.41
20,642,BOMDYEING,EQ,12306360,982016,7.98
20,643,BONLON,EQ,3325,2134,64.18
20,644,BORANA,EQ,17072,11257,65.94
20,645,BOROLTD,EQ,1072261,648818,60.51
20,646,BORORENEW,EQ,308464,152521,49.45
20,647,BOROSCI,EQ,36361,22446,61.73
20,648,BOSCH-HCIL,EQ,31224,12951,41.48
20,649,BOSCHLTD,EQ,28795,16716,58.05
20,650,BOSS,SM,4000,4000,100.00
20,651,BPCL,EQ,4497571,2608271,57.99
20,652,BPL,EQ,31024,23123,74.53
20,653,BPLPHARMA,EQ,1177,674,57.26
20,654,BRACEPORT,SM,8000,4800,60.00
20,655,BRAHMINFRA,EQ,5878,3435,58.44
20,656,BRANDMAN,SM,7200,7200,100.00
20,657,BRIGADE,EQ,234455,82250,35.08
20,658,BRIGHOTEL,EQ,55401,38535,69.56
20,659,BRIGHTBR,EQ,276,201,72.83
20,660,BRITANNIA,EQ,222346,117146,52.69
20,661,BRNL,EQ,18991,11462,60.35
20,662,BSE,EQ,2498105,1016794,40.70
20,663,BSE500IETF,EQ,146764,66242,45.14
20,664,BSHSL,EQ,5768,4443,77.03
20,665,BSL,EQ,3420,2727,79.74
20,666,BSLGOLDETF,EQ,672313,465729,69.27
20,667,BSLNIFTY,EQ,892247,704588,78.97
20,668,BSLSENETFG,EQ,2594,1840,70.93
20,669,BSOFT,EQ,816795,479336,58.68
20,670,BTML,EQ,595859,479842,80.53
20,671,BUILDPRO,EQ,33871,16798,49.59
20,672,BULKCORP,ST,10800,10800,100.00
20,673,BURNPUR,EQ,199727,135414,67.80
20,674,BUTTERFLY,EQ,6732,4644,68.98
20,675,BVCL,EQ,320476,171567,53.54
20,676,C2C,SM,50700,31950,63.02
20,677,CALSOFT,EQ,1106010,647281,58.52
20,678,CAMLINFINE,EQ,826195,497593,60.23
20,679,CAMPUS,EQ,211614,91757,43.36
20,680,CAMS,EQ,653884,345200,52.79
20,681,CANARYS,SM,292000,160000,54.79
20,682,CANBK,EQ,10921428,5025874,46.02
20,683,CANFINHOME,EQ,131463,71198,54.16
20,684,CANHLIFE,EQ,3945084,2516919,63.80
20,685,CANTABIL,EQ,78071,41528,53.19
20,686,CAPACITE,EQ,1225181,443895,36.23
20,687,CAPILLARY,EQ,368041,194034,52.72
20,688,CAPINVIT,IV,124054,109316,88.12
20,689,CAPITALSFB,EQ,54058,32726,60.54
20,690,CAPLIPOINT,EQ,40296,19086,47.36
20,691,CARBORUNIV,EQ,139357,91913,65.96
20,692,CARERATING,EQ,20543,9582,46.64
20,693,CARRARO,EQ,146358,68569,46.85
20,694,CARTRADE,EQ,669508,181111,27.05
20,695,CARYSIL,EQ,100034,52967,52.95
20,696,CASHIETF,EQ,1788860,1779622,99.48
20,697,CASTROLIND,EQ,2163286,1396084,64.54
20,698,CCAVENUE,EQ,6810567,3657461,53.70
20,699,CCCL,EQ,185633,172899,93.14
20,700,CCHHL,EQ,7776,5758,74.05
20,701,CCL,EQ,177598,96844,54.53
20,702,CDSL,EQ,1543936,598041,38.73
20,703,CEATLTD,EQ,46998,21736,46.25
20,704,CEDAAR,ST,6000,6000,100.00
20,705,CEIGALL,EQ,695122,382812,55.07
20,706,CEINSYS,EQ,37637,18375,48.82
20,707,CELEBRITY,EQ,24766,14236,57.48
20,708,CELLECOR,SM,144000,132000,91.67
20,709,CELLO,EQ,214560,96739,45.09
20,710,CELLPOINT,SM,10800,9600,88.89
20,711,CEMNTGROWW,EQ,62182,48807,78.49
20,712,CEMPRO,EQ,209870,158361,75.46
20,713,CENTENKA,EQ,33256,22936,68.97
20,714,CENTEXT,EQ,128792,79295,61.57
20,715,CENTRALBK,EQ,5856063,3524980,60.19
20,716,CENTRUM,EQ,150274,96649,64.32
20,717,CENTUM,EQ,42422,21044,49.61
20,718,CENTURYPLY,EQ,55312,28035,50.69
20,719,CERA,EQ,8155,4372,53.61
20,720,CESC,EQ,884391,466650,52.77
20,721,CEWATER,EQ,44998,18461,41.03
20,722,CFEL,EQ,13940,13275,95.23
20,723,CGCL,EQ,4059351,1056431,26.02
20,724,CGPOWER,EQ,5431054,1241450,22.86
20,725,CGRAPHICS,SM,14400,10400,72.22
20,726,CGVAK,EQ,2206,1590,72.08
20,727,CHALET,EQ,122466,45165,36.88
20,728,CHAMBLFERT,EQ,493439,319736,64.80
20,729,CHAMUNDA,SM,3000,3000,100.00
20,730,CHANDAN,SM,9600,8000,83.33
20,731,CHAVDA,SM,13000,10000,76.92
20,732,CHEMBOND,EQ,3656,2140,58.53
20,733,CHEMCRUX,EQ,5867,3541,60.35
20,734,CHEMFAB,EQ,3024,2220,73.41
20,735,CHEMICAL,EQ,191803,123404,64.34
20,736,CHEMPLASTS,EQ,168014,89977,53.55
20,737,CHENNPETRO,EQ,579400,218527,37.72
20,738,CHETANA,SM,3200,3200,100.00
20,739,CHEVIOT,EQ,1360,953,70.07
20,740,CHOICEGOLD,EQ,23959,2852,11.90
20,741,CHOICEIN,EQ,189310,75752,40.01
20,742,CHOLAFIN,EQ,942441,562520,59.69
20,743,CHOLAHLDNG,EQ,82278,47525,57.76
20,744,CIEINDIA,EQ,79832,49863,62.46
20,745,CIFL,EQ,14648,11904,81.27
20,746,CINELINE,EQ,9587,8783,91.61
20,747,CINEVISTA,EQ,8518,7482,87.84
20,748,CIPLA,EQ,533212,247976,46.51
20,749,CITIUSINVT,IV,87475,81742,93.45
20,750,CKKRETAIL,SM,6400,3200,50.00
20,751,CLASSICEIL,SM,73600,67200,91.30
20,752,CLAYCRAFT,SM,28800,21600,75.00
20,753,CLEAN,EQ,202595,94021,46.41
20,754,CLEANMAX,EQ,285516,111949,39.21
20,755,CLSEL,EQ,258010,116549,45.17
20,756,CLSL,ST,12000,12000,100.00
20,757,CMLL,EQ,185226,87371,47.17
20,758,CMNL,SM,63000,51000,80.95
20,759,CMPDI,EQ,650668,303017,46.57
20,760,CMRGREEN,EQ,434990,269817,62.03
20,761,CMRSL,SM,4800,4000,83.33
20,762,CMSINFO,EQ,985514,778588,79.00
20,763,CNL,EQ,23472,9102,38.78
20,764,COALINDIA,EQ,4430005,3176584,71.71
20,765,COASTCORP,EQ,41001,23363,56.98
20,766,COCHINSHIP,EQ,1334290,369297,27.68
20,767,COCKERILL,EQ,4588,2184,47.60
20,768,COFORGE,EQ,1759661,1046564,59.48
20,769,COHANCE,EQ,308834,122117,39.54
20,770,COLPAL,EQ,290751,140365,48.28
20,771,COMFINTE,EQ,226033,172056,76.12
20,772,COMMITTED,SM,5600,4800,85.71
20,773,COMMOIETF,EQ,16939,9358,55.25
20,774,COMPEAU,EQ,301,220,73.09
20,775,COMPUSOFT,EQ,28431,26897,94.60
20,776,COMSYN,EQ,46730,17736,37.95
20,777,CONCOR,EQ,651195,289693,44.49
20,778,CONCORDBIO,EQ,184371,90910,49.31
20,779,CONFIPET,EQ,2291261,869868,37.96
20,780,CONNPLEX,SM,33600,21600,64.29
20,781,CONS,EQ,14348,11899,82.93
20,782,CONSUMAXIS,EQ,852,451,52.93
20,783,CONSUMBEES,EQ,48955,23446,47.89
20,784,CONSUMER,EQ,143065,92157,64.42
20,785,CONSUMIETF,EQ,23135,12855,55.57
20,786,CONTI,SM,9999,9999,100.00
20,787,CONTROLPR,EQ,11828,8172,69.09
20,788,COOLCAPS,ST,53750,48750,90.70
20,789,CORALFINAC,EQ,57241,26557,46.40
20,790,CORDELIA,EQ,2571955,1311000,50.97
20,791,COROMANDEL,EQ,119821,81108,67.69
20,792,CORONA,EQ,5743,3109,54.14
20,793,COSMOFIRST,EQ,76944,44977,58.45
20,794,CPCAP,EQ,15693,10030,63.91
20,795,CPEDU,EQ,10392,8377,80.61
20,796,CPL,EQ,124293,7358,5.92
20,797,CPPLUS,EQ,297754,199232,66.91
20,798,CPS,SM,900,900,100.00
20,799,CPSEETF,EQ,1259923,780323,61.93
20,800,CRAFTSMAN,EQ,46789,24854,53.12
20,801,CRAMC,EQ,375586,229684,61.15
20,802,CRAVATEX,EQ,76,57,75.00
20,803,CRAYONS,SM,5000,5000,100.00
20,804,CREATIVEYE,EQ,12735,8722,68.49
20,805,CREDENT,ST,164400,152400,92.70
20,806,CREDITACC,EQ,384049,248261,64.64
20,807,CREST,EQ,4173,3549,85.05
20,808,CRISIL,EQ,170325,79041,46.41
20,809,CRIZAC,EQ,93758,52993,56.52
20,810,CROMPTON,EQ,4429720,2760736,62.32
20,811,CROWN,EQ,1076,755,70.17
20,812,CSBBANK,EQ,550978,320887,58.24
20,813,CSLFINANCE,EQ,16640,14284,85.84
20,814,CSM,EQ,96576,64019,66.29
20,815,CSSL,SM,25000,21000,84.00
20,816,CUB,EQ,2031290,881758,43.41
20,817,CUBEINVIT,IV,705447,680382,96.45
20,818,CUBEXTUB,EQ,34198,21208,62.02
20,819,CUDML,ST,1000,1000,100.00
20,820,CUMMINSIND,EQ,553728,356300,64.35
20,821,CUPID,EQ,19879463,6607119,33.24
20,822,CURAA,EQ,92,40,43.48
20,823,CURIS,SM,1000,1000,100.00
20,824,CURRENT,SM,1600,1600,100.00
20,825,CYBERMEDIA,EQ,22560,21536,95.46
20,826,CYIENT,EQ,2172515,885683,40.77
20,827,CYIENTDLM,EQ,632549,296441,46.86
20,828,DABUR,EQ,1282102,794365,61.96
20,829,DAICHI,EQ,2081,1661,79.82
20,830,DALBHARAT,EQ,211084,132112,62.59
20,831,DALMIASUG,EQ,177301,82946,46.78
20,832,DAMCAPITAL,EQ,208302,76017,36.49
20,833,DANGEE,EQ,41132,29731,72.28
20,834,DANISH,SM,13350,10050,75.28
20,835,DATAMATICS,EQ,23531,13057,55.49
20,836,DATAPATTNS,EQ,443386,109371,24.67
20,837,DAVANGERE,EQ,39355327,23718102,60.27
20,838,DBCORP,EQ,40384,22491,55.69
20,839,DBL,EQ,83249,43660,52.45
20,840,DBOL,EQ,307475,185453,60.31
20,841,DBREALTY,EQ,1335069,807131,60.46
20,842,DCAL,EQ,236981,159379,67.25
20,843,DCBBANK,EQ,9712688,5478639,56.41
20,844,DCCL,SM,4000,4000,100.00
20,845,DCG,SM,7200,7200,100.00
20,846,DCI,EQ,50993,24616,48.27
20,847,DCMFINSERV,EQ,3239,3056,94.35
20,848,DCMNVL,EQ,46978,34178,72.75
20,849,DCMSHRIRAM,EQ,67889,25592,37.70
20,850,DCMSIL,EQ,60094,41900,69.72
20,851,DCMSRIND,EQ,191558,113813,59.41
20,852,DCW,EQ,609175,334715,54.95
20,853,DCXINDIA,EQ,474521,134994,28.45
20,854,DDEVPLSTIK,EQ,56523,34671,61.34
20,855,DECCANCE,EQ,11892,9046,76.07
20,856,DECCANTRAN,SM,1200,1200,100.00
20,857,DECNGOLD,EQ,2139149,863435,40.36
20,858,DEEDEV,EQ,316732,171036,54.00
20,859,DEEM,ST,1000,1000,100.00
20,860,DEEP,EQ,4111,4058,98.71
20,861,DEEPAKFERT,EQ,111196,52275,47.01
20,862,DEEPAKNTR,EQ,228604,127761,55.89
20,863,DEEPINDS,EQ,194771,92563,47.52
20,864,DEFENCE,EQ,225466,186012,82.50
20,865,DELAPLEX,SM,46200,36000,77.92
20,866,DELHIVERY,EQ,4020754,1440027,35.81
20,867,DELTACORP,EQ,376445,198975,52.86
20,868,DELTAMAGNT,EQ,5090,3347,65.76
20,869,DELTIC,SM,4000,4000,100.00
20,870,DEN,EQ,462919,194194,41.95
20,871,DENEERS,SM,16200,13800,85.19
20,872,DENORA,EQ,3143,1981,63.03
20,873,DENTA,EQ,119460,60317,50.49
20,874,DENTALKART,SM,10750,6750,62.79
20,875,DEVIT,EQ,34292,22071,64.36
20,876,DEVX,EQ,125803,85433,67.91
20,877,DEVYANI,EQ,10309728,2351290,22.81
20,878,DGCONTENT,EQ,2514,1511,60.10
20,879,DHAMPURSUG,EQ,1243818,521778,41.95
20,880,DHANBANK,EQ,461956,286487,62.02
20,881,DHANLAXMI,SM,2000,2000,100.00
20,882,DHANSA,SM,34000,32000,94.12
20,883,DHANUKA,EQ,8006,4460,55.71
20,884,DHARIWAL,SM,147000,117000,79.59
20,885,DHARMAJ,EQ,104452,91508,87.61
20,886,DHATRE,EQ,12036,8793,73.06
20,887,DHOOTTRANS,EQ,3496927,407202,11.64
20,888,DHRUV,EQ,5561,5283,95.00
20,889,DHTL,SM,3200,1600,50.00
20,890,DHUNINV,EQ,11119,4408,39.64
20,891,DIAMINESQ,EQ,4174,2380,57.02
20,892,DIAMONDYD,EQ,35814,30548,85.30
20,893,DICIND,EQ,8279,6951,83.96
20,894,DIFFNKG,EQ,79652,38571,48.42
20,895,DIGIDRIVE,EQ,17538,15474,88.23
20,896,DIGIKORE,SM,364000,196000,53.85
20,897,DIGISPICE,EQ,53031,44889,84.65
20,898,DIGITIDE,EQ,317725,147754,46.50
20,899,DIGJAMLMTD,EQ,2268,1477,65.12
20,900,DISAQ,EQ,389,250,64.27
20,901,DISHTV,EQ,755278,566704,75.03
20,902,DIVGIITTS,EQ,68404,35062,51.26
20,903,DIVIDEND,EQ,8233,4778,58.03
20,904,DIVINEHIRA,ST,6000,4800,80.00
20,905,DIVISLAB,EQ,527307,297724,56.46
20,906,DIVOPPBEES,EQ,34071,18906,55.49
20,907,DIXON,EQ,279395,129663,46.41
20,908,DJML,EQ,182313,73330,40.22
20,909,DLF,EQ,1765924,695440,39.38
20,910,DLINKINDIA,EQ,53887,31313,58.11
20,911,DMART,EQ,416843,203117,48.73
20,912,DMCC,EQ,32174,21449,66.67
20,913,DNAMEDIA,EQ,8995,6396,71.11
20,914,DODLA,EQ,18952,9212,48.61
20,915,DOLATALGO,EQ,288115,213717,74.18
20,916,DOLLAR,EQ,36835,23241,63.09
20,917,DOLLEX,SM,32000,28000,87.50
20,918,DOLPHIN,EQ,52709,24290,46.08
20,919,DOMS,EQ,13731,5734,41.76
20,920,DONEAR,EQ,7674,5450,71.02
20,921,DPABHUSHAN,EQ,26341,13295,50.47
20,922,DPEL,SM,11500,3500,30.43
20,923,DRAGARWQ,EQ,1492,854,57.24
20,924,DRCSYSTEMS,EQ,15496,11741,75.77
20,925,DREAMFOLKS,EQ,29972,19244,64.21
20,926,DREDGECORP,EQ,70849,31424,44.35
20,927,DRONE,SM,5500,5000,90.91
20,928,DRREDDY,EQ,1044405,560436,53.66
20,929,DSSL,EQ,18453,11439,61.99
20,930,DTIL,EQ,279721,94739,33.87
20,931,DUCOL,SM,3200,3200,100.00
20,932,DUCON,EQ,2072072,1786201,86.20
20,933,DUGLOBAL,SM,2500,2500,100.00
20,934,DURLAX,SM,158000,136000,86.08
20,935,DVL,EQ,48383,24616,50.88
20,936,DWARKESH,EQ,3534020,937341,26.52
20,937,DYCL,EQ,236905,97903,41.33
20,938,DYNAMATECH,EQ,10773,3389,31.46
20,939,DYNPRO,EQ,7205,5954,82.64
20,940,E2ERAIL,SM,23200,16800,72.41
20,941,EASEMYTRIP,EQ,5713718,2875678,50.33
20,942,EASTWEST,EQ,18976,15488,81.62
20,943,EBANK10,EQ,1194,680,56.95
20,944,EBANKNIFTY,EQ,2526,1897,75.10
20,945,EBBETF0430,EQ,33359,32416,97.17
20,946,EBBETF0431,EQ,4299,3895,90.60
20,947,EBBETF0433,EQ,1653,1518,91.83
20,948,EBGNG,EQ,228142,118423,51.91
20,949,EBIX,EQ,75019,45314,60.40
20,950,ECAPINSURE,EQ,26459,25640,96.90
20,951,ECLERX,EQ,181165,76165,42.04
20,952,ECOLINE,ST,3000,3000,100.00
20,953,ECORECO,EQ,8284,4584,55.34
20,954,EDELWEISS,EQ,3254716,1623514,49.88
20,955,EEPL,SM,270000,121000,44.81
20,956,EFACTOR,SM,4800,4800,100.00
20,957,EFCIL,EQ,273995,159394,58.17
20,958,EFFWA,ST,22400,22400,100.00
20,959,EFORCE,SM,8400,8400,100.00
20,960,EGOLD,EQ,208247,61155,29.37
20,961,EICHERMOT,EQ,369462,244074,66.06
20,962,EIDPARRY,EQ,357257,132220,37.01
20,963,EIEL,EQ,554248,197589,35.65
20,964,EIHAHOTELS,EQ,10449,5807,55.57
20,965,EIHOTEL,EQ,367367,219541,59.76
20,966,EIMCOELECO,EQ,38142,19569,51.31
20,967,EKC,EQ,86505,47196,54.56
20,968,EKI,EQ,7579,5268,69.51
20,969,ELANTAS,EQ,1333,729,54.69
20,970,ELCIDIN,EQ,4,4,100.00
20,971,ELDEHSG,EQ,992,801,80.75
20,972,ELECON,EQ,185307,81451,43.95
20,973,ELECTCAST,EQ,4091262,1812772,44.31
20,974,ELECTHERM,EQ,8555,6250,73.06
20,975,ELGIEQUIP,EQ,400200,242381,60.56
20,976,ELGIRUBCO,EQ,15346,7809,50.89
20,977,ELGNZ,SM,27000,17000,62.96
20,978,ELIN,EQ,216138,114149,52.81
20,979,ELIQUID,EQ,99307,72310,72.81
20,980,ELITECON,EQ,3843227,2832227,73.69
20,981,ELLEN,EQ,850408,377868,44.43
20,982,ELM250,EQ,46857,33374,71.23
20,983,ELMDIV,EQ,369,233,63.14
20,984,ELPROINTL,EQ,7299,4970,68.09
20,985,EMAMILTD,EQ,1314539,652219,49.62
20,986,EMAMIREAL,EQ,12387,8913,71.95
20,987,EMAPARTNER,SM,20000,14000,70.00
20,988,EMBASSY,RR,638662,561051,87.85
20,989,EMBDL,EQ,1313394,673073,51.25
20,990,EMCURE,EQ,104535,66171,63.30
20,991,EMETAL,EQ,7029,3673,52.25
20,992,EMIL,EQ,661662,294839,44.56
20,993,EMKAY,EQ,13138,9399,71.54
20,994,EMKAYTOOLS,SM,750,600,80.00
20,995,EMMIL,SM,7250,6250,86.21
20,996,EMMVEE,EQ,1276084,558507,43.77
20,997,EMPIND,EQ,4582,3553,77.54
20,998,EMPOWER,EQ,887389,887364,100.00
20,999,EMSLIMITED,EQ,180937,62468,34.52
20,1000,EMUDHRA,EQ,183021,93631,51.16
20,1001,EMULTIMQ,EQ,14830,12673,85.46
20,1002,ENCOMPAS,SM,14800,10000,67.57
20,1003,ENDURANCE,EQ,62223,32805,52.72
20,1004,ENERGY,EQ,275931,226433,82.06
20,1005,ENERGYDEV,EQ,16990,10543,62.05
20,1006,ENEXT50,EQ,653,653,100.00
20,1007,ENFUSE,SM,1200,1200,100.00
20,1008,ENGINERSIN,EQ,1497903,800875,53.47
20,1009,ENIFTY,EQ,16021,13494,84.23
20,1010,ENIL,EQ,12683,8307,65.50
20,1011,ENKEIWHEL,EQ,17585,16710,95.02
20,1012,ENRIN,EQ,1041630,607102,58.28
20,1013,ENSER,SM,85000,85000,100.00
20,1014,ENTERO,EQ,1277994,425712,33.31
20,1015,ENVIRO,SM,11000,10000,90.91
20,1016,EPACK,EQ,341363,168338,49.31
20,1017,EPACKPEB,EQ,288397,125461,43.50
20,1018,EPIGRAL,EQ,64607,32098,49.68
20,1019,EPL,EQ,890657,363876,40.85
20,1020,EPWINDIA,ST,2400,2400,100.00
20,1021,EQUAL200,EQ,5820,3962,68.08
20,1022,EQUAL50,EQ,3722,1998,53.68
20,1023,EQUAL50ADD,EQ,4646,3072,66.12
20,1024,EQUITASBNK,EQ,4917957,3558311,72.35
20,1025,ERIS,EQ,51939,32224,62.04
20,1026,ESABINDIA,EQ,3776,2082,55.14
20,1027,ESCONET,SM,34400,23600,68.60
20,1028,ESCORTS,EQ,134744,77035,57.17
20,1029,ESENSEX,EQ,711,672,94.51
20,1030,ESFL,SM,15480,10800,69.77
20,1031,ESG,EQ,11208,9711,86.64
20,1032,ESILVER,EQ,588866,564290,95.83
20,1033,ESPRIT,SM,4800,4800,100.00
20,1034,ESSARSHPNG,EQ,147138,105206,71.50
20,1035,ESSENTIA,EQ,10836008,8804804,81.26
20,1036,ESTER,EQ,78074,30022,38.45
20,1037,ETERNAL,EQ,34877860,25592604,73.38
20,1038,ETHOSLTD,EQ,20609,10854,52.67
20,1039,ETL,SM,450,450,100.00
20,1040,ETML,SM,3600,3600,100.00
20,1041,EUREKAFORB,EQ,99062,48088,48.54
20,1042,EUROBOND,EQ,10287,9111,88.57
20,1043,EUROPRATIK,EQ,195601,28308,14.47
20,1044,EVEREADY,EQ,63148,33049,52.34
20,1045,EVIETF,EQ,123227,72280,58.66
20,1046,EVINDIA,EQ,134974,88019,65.21
20,1047,EXCELINDUS,EQ,8170,4737,57.98
20,1048,EXCELLENT,ST,3200,3200,100.00
20,1049,EXCELSOFT,EQ,420383,158913,37.80
20,1050,EXICOM,EQ,431889,171024,39.60
20,1051,EXIDEIND,EQ,1956990,883064,45.12
20,1052,EXIMROUTES,SM,11200,10400,92.86
20,1053,EXPLEOSOL,EQ,11211,6967,62.14
20,1054,EXXARO,EQ,94104,80575,85.62
20,1055,FABTECH,EQ,114477,51956,45.39
20,1056,FACT,EQ,419829,96864,23.07
20,1057,FALCONTECH,SM,2400,2400,100.00
20,1058,FASCINATE,ST,29600,29600,100.00
20,1059,FAZE3Q,EQ,9557,7034,73.60
20,1060,FCL,EQ,9129878,4646973,50.90
20,1061,FCSSOFT,EQ,2435926,1797145,73.78
20,1062,FDC,EQ,84955,48654,57.27
20,1063,FEDDERSHOL,EQ,360339,109187,30.30
20,1064,FEDERALBNK,EQ,4512557,2749426,60.93
20,1065,FEDFINA,EQ,530135,284114,53.59
20,1066,FELIX,SM,22500,14500,64.44
20,1067,FERMENTA,EQ,78747,36844,46.79
20,1068,FIBERWEB,EQ,12397,9706,78.29
20,1069,FIDEL,SM,6000,4000,66.67
20,1070,FIEMIND,EQ,113990,69947,61.36
20,1071,FILATEX,EQ,4553890,2233582,49.05
20,1072,FILATFASH,EQ,11834503,9336040,78.89
20,1073,FINBUD,SM,8000,8000,100.00
20,1074,FINCABLES,EQ,685892,221872,32.35
20,1075,FINEORG,EQ,23417,12363,52.79
20,1076,FINIETF,EQ,211327,138417,65.50
20,1077,FINKURVE,EQ,264146,186831,70.73
20,1078,FINOPB,EQ,170887,57619,33.72
20,1079,FINPIPE,EQ,231761,105670,45.59
20,1080,FIRSTCRY,EQ,916127,405904,44.31
20,1081,FISCHER,EQ,329799,247343,75.00
20,1082,FIVESTAR,EQ,1353731,631951,46.68
20,1083,FLAIR,EQ,33840,20208,59.72
20,1084,FLEXIADD,EQ,44144,34895,79.05
20,1085,FLUOROCHEM,EQ,61251,38925,63.55
20,1086,FLYSBS,SM,45200,25000,55.31
20,1087,FMCGADD,EQ,9558,7918,82.84
20,1088,FMCGIETF,EQ,1356833,890420,65.62
20,1089,FMGOETZE,EQ,1512901,233418,15.43
20,1090,FMNL,EQ,139763,117854,84.32
20,1091,FONEBOX,SM,45000,44000,97.78
20,1092,FOODSIN,EQ,40979,21562,52.62
20,1093,FORCAS,ST,4800,4800,100.00
20,1094,FORCEMOT,EQ,40549,16039,39.55
20,1095,FORGEAUTO,SM,9600,9600,100.00
20,1096,FORTIS,EQ,302082,166133,55.00
20,1097,FOSECOIND,EQ,50276,14991,29.82
20,1098,FRACTAL,EQ,278268,182597,65.62
20,1099,FREDUN,EQ,19034,10258,53.89
20,1100,FRESHARA,ST,73800,73800,100.00
20,1101,FROG,ST,8400,8400,100.00
20,1102,FRONTSP,EQ,20818,10763,51.70
20,1103,FSL,EQ,502488,241513,48.06
20,1104,FUSION,EQ,402570,238633,59.28
20,1105,FWSTC,SM,3000,3000,100.00
20,1106,GABRIEL,EQ,233005,75300,32.32
20,1107,GAEL,EQ,1084161,502448,46.34
20,1108,GAIL,EQ,4745650,3245733,68.39
20,1109,GAJA,EQ,7060479,1987229,28.15
20,1110,GAJANAND,SM,6000,6000,100.00
20,1111,GALAPREC,EQ,18606,8052,43.28
20,1112,GALAXYSURF,EQ,15555,8460,54.39
20,1113,GALLANTT,EQ,37534,15898,42.36
20,1114,GANDHAR,EQ,646662,346624,53.60
20,1115,GANDHITUBE,EQ,4558,3727,81.77
20,1116,GANECOS,EQ,53603,27819,51.90
20,1117,GANESHCP,EQ,74014,32523,43.94
20,1118,GANESHHOU,EQ,39849,21079,52.90
20,1119,GANESHIN,ST,20800,19200,92.31
20,1120,GANGABATH,SM,18000,9000,50.00
20,1121,GANGAFORGE,EQ,1953251,1953251,100.00
20,1122,GANGESSECU,EQ,6133,4771,77.79
20,1123,GARFIBRES,EQ,19137,8804,46.01
20,1124,GARUDA,EQ,473168,290032,61.30
20,1125,GATEWAY,EQ,797919,479619,60.11
20,1126,GAYAHWS,EQ,273888,189267,69.10
20,1127,GCHOTELS,ST,20400,13800,67.65
20,1128,GCSL,EQ,1131181,330277,29.20
20,1129,GEEKAYWIRE,EQ,222972,23228,10.42
20,1130,GEMAROMA,EQ,65892,38752,58.81
20,1131,GENCON,EQ,511577,199292,38.96
20,1132,GENESYS,EQ,4531990,656835,14.49
20,1133,GENUSPAPER,EQ,53013,43673,82.38
20,1134,GENUSPOWER,EQ,1570672,826370,52.61
20,1135,GENXAI,SM,73200,57600,78.69
20,1136,GEOJITFSL,EQ,354474,207749,58.61
20,1137,GESHIP,EQ,650976,340727,52.34
20,1138,GFLLIMITED,EQ,55444,29880,53.89
20,1139,GGBL,SM,117600,82800,70.41
20,1140,GHCL,EQ,115639,71451,61.79
20,1141,GHCLTEXTIL,EQ,363913,209649,57.61
20,1142,GICHSGFIN,EQ,86267,38055,44.11
20,1143,GICL,EQ,111449,71963,64.57
20,1144,GICRE,EQ,1644017,1009312,61.39
20,1145,GILLANDERS,EQ,21530,18147,84.29
20,1146,GILLETTE,EQ,18048,8343,46.23
20,1147,GILT10BETA,EQ,436,276,63.30
20,1148,GILT5BETA,EQ,88,88,100.00
20,1149,GILT5YBEES,EQ,243005,211750,87.14
20,1150,GIPCL,EQ,1894457,876386,46.26
20,1151,GIRIRAJ,SM,20000,14750,73.75
20,1152,GJL,ST,5600,5600,100.00
20,1153,GKB,EQ,84,84,100.00
20,1154,GKENERGY,EQ,5842310,1057489,18.10
20,1155,GKSL,EQ,455701,272083,59.71
20,1156,GKWLIMITED,EQ,171,145,84.80
20,1157,GLAND,EQ,129706,61236,47.21
20,1158,GLAXO,EQ,229414,131640,57.38
20,1159,GLENMARK,EQ,447011,200850,44.93
20,1160,GLFL,EQ,15365,14625,95.18
20,1161,GLOBAL,EQ,59561,39627,66.53
20,1162,GLOBALE,EQ,837,837,100.00
20,1163,GLOBALPET,ST,1500,1500,100.00
20,1164,GLOBALVECT,EQ,12574,9681,76.99
20,1165,GLOBE,EQ,269894,188329,69.78
20,1166,GLOBECIVIL,EQ,80115,31324,39.10
20,1167,GLOBUSSPR,EQ,28085,13072,46.54
20,1168,GLOSTERLTD,EQ,405,389,96.05
20,1169,GLOTTIS,EQ,28434,19790,69.60
20,1170,GMBREW,EQ,19492,13977,71.71
20,1171,GMDCLTD,EQ,569849,260098,45.64
20,1172,GML,SM,4000,4000,100.00
20,1173,GMMPFAUDLR,EQ,93043,52596,56.53
20,1174,GMRAIRPORT,EQ,6542176,3793720,57.99
20,1175,GMRP&UI,EQ,801104,390379,48.73
20,1176,GNA,EQ,305547,116767,38.22
20,1177,GNFC,EQ,477474,256765,53.78
20,1178,GNRL,EQ,55385,42805,77.29
20,1179,GOACARBON,EQ,8229,6462,78.53
20,1180,GOCLCORP,EQ,26007,14602,56.15
20,1181,GOCOLORS,EQ,110138,50388,45.75
20,1182,GODAVARIB,EQ,47074,33203,70.53
20,1183,GODFRYPHLP,EQ,126205,49152,38.95
20,1184,GODIGIT,EQ,81433,50893,62.50
20,1185,GODREJAGRO,EQ,180449,74313,41.18
20,1186,GODREJCP,EQ,1308144,864083,66.05
20,1187,GODREJIND,EQ,82356,27890,33.87
20,1188,GODREJPROP,EQ,1142681,614257,53.76
20,1189,GOKEX,EQ,125337,65775,52.48
20,1190,GOKUL,EQ,254616,54763,21.51
20,1191,GOKULAGRO,EQ,592803,161540,27.25
20,1192,GOLD1,EQ,2725736,1202903,44.13
20,1193,GOLD360,EQ,32726,15911,48.62
20,1194,GOLDADD,EQ,1536007,1105669,71.98
20,1195,GOLDAXIS,EQ,10689255,6619654,61.93
20,1196,GOLDBEES,EQ,43844954,15597750,35.57
20,1197,GOLDBETA,EQ,1082748,697906,64.46
20,1198,GOLDBND,EQ,79573,42340,53.21
20,1199,GOLDCASE,EQ,17372151,6684590,38.48
20,1200,GOLDETF,EQ,2928027,1512159,51.64
20,1201,GOLDIAM,EQ,314940,161501,51.28
20,1202,GOLDIETF,EQ,9483961,3863190,40.73
20,1203,GOLDKART,SM,1250,1250,100.00
20,1204,GOLDSTAR,SM,67500,67500,100.00
20,1205,GOODLUCK,EQ,694850,357849,51.50
20,1206,GOODYEAR,EQ,4955,2668,53.84
20,1207,GOPAL,EQ,143662,55211,38.43
20,1208,GOYALALUM,EQ,50418,43378,86.04
20,1209,GPECO,ST,10200,9400,92.16
20,1210,GPIL,EQ,1241037,725010,58.42
20,1211,GPPL,EQ,1964090,1029036,52.39
20,1212,GPTHEALTH,EQ,64034,34606,54.04
20,1213,GPTINFRA,EQ,51050,25774,50.49
20,1214,GRADIENTE,EQ,2884018,2196607,76.16
20,1215,GRANDOAK,EQ,3325,2440,73.38
20,1216,GRANULES,EQ,1123298,626829,55.80
20,1217,GRAPHISAD,SM,3600,2400,66.67
20,1218,GRAPHITE,EQ,572923,220373,38.46
20,1219,GRASIM,EQ,733124,461053,62.89
20,1220,GRAUWEIL,EQ,249817,132943,53.22
20,1221,GRAVISSHO,EQ,1,1,100.00
20,1222,GRAVITA,EQ,115208,66336,57.58
20,1223,GRCL,SM,4250,3750,88.24
20,1224,GREAVESCOT,EQ,624598,323461,51.79
20,1225,GREENCHEF,SM,108800,99200,91.18
20,1226,GREENLAM,EQ,94551,60721,64.22
20,1227,GREENLEAF,ST,6000,5000,83.33
20,1228,GREENPANEL,EQ,140277,93583,66.71
20,1229,GREENPLY,EQ,53257,27634,51.89
20,1230,GREENPOWER,EQ,2260892,1253348,55.44
20,1231,GRINDWELL,EQ,10397,5060,48.67
20,1232,GRINFRA,EQ,62312,35394,56.80
20,1233,GRMOVER,EQ,843143,210128,24.92
20,1234,GROBTEA,EQ,320,213,66.56
20,1235,GROWW,EQ,22896654,9975460,43.57
20,1236,GROWWCAPM,EQ,675883,594117,87.90
20,1237,GROWWCHEM,EQ,45212,26734,59.13
20,1238,GROWWDEFNC,EQ,133545,79319,59.39
20,1239,GROWWEV,EQ,230828,141119,61.14
20,1240,GROWWGOLD,EQ,4792458,1991817,41.56
20,1241,GROWWHOSPI,EQ,547873,476765,87.02
20,1242,GROWWLIQID,EQ,364418,269451,73.94
20,1243,GROWWLOVOL,EQ,6886,4320,62.74
20,1244,GROWWMC150,EQ,510,510,100.00
20,1245,GROWWMETAL,EQ,364362,156041,42.83
20,1246,GROWWMOM50,EQ,194786,157953,81.09
20,1247,GROWWN200,EQ,27722,21916,79.06
20,1248,GROWWNET,EQ,457707,377869,82.56
20,1249,GROWWNIFTY,EQ,557208,390200,70.03
20,1250,GROWWNXT50,EQ,3158,2429,76.92
20,1251,GROWWPOWER,EQ,2349725,1085782,46.21
20,1252,GROWWPSE,EQ,54574,53292,97.65
20,1253,GROWWPSUBK,EQ,4548,1983,43.60
20,1254,GROWWRAIL,EQ,338475,216667,64.01
20,1255,GROWWRLTY,EQ,85910,54172,63.06
20,1256,GROWWSC250,EQ,180342,141211,78.30
20,1257,GROWWSLVR,EQ,1928118,516274,26.78
20,1258,GRPLTD,EQ,1024,646,63.09
20,1259,GRSE,EQ,384851,128872,33.49
20,1260,GRWRHITECH,EQ,286267,186474,65.14
20,1261,GSEC10ADD,EQ,1650000,1650000,100.00
20,1262,GSEC10IETF,EQ,577,574,99.48
20,1263,GSEC10YEAR,EQ,13801,10184,73.79
20,1264,GSEC5IETF,EQ,56133,30127,53.67
20,1265,GSFC,EQ,492991,248128,50.33
20,1266,GSLSU,EQ,249344,212543,85.24
20,1267,GSMFOILS,SM,297000,252000,84.85
20,1268,GSPCROP,EQ,503251,333834,66.34
20,1269,GSS,EQ,49967,37539,75.13
20,1270,GSTL,SM,5000,4000,80.00
20,1271,GTL,EQ,196556,93381,47.51
20,1272,GTLINFRA,EQ,38632731,14217506,36.80
20,1273,GTPL,EQ,389861,375568,96.33
20,1274,GUFICBIO,EQ,39966,21947,54.91
20,1275,GUJALKALI,EQ,63803,28533,44.72
20,1276,GUJAPOLLO,EQ,3912,2787,71.24
20,1277,GUJENERGY,EQ,1870939,1068045,57.09
20,1278,GUJRAFFIA,EQ,291,271,93.13
20,1279,GUJTHEM,EQ,466950,250834,53.72
20,1280,GULFOILLUB,EQ,48111,31347,65.16
20,1281,GULPOLY,EQ,165132,87231,52.83
20,1282,GURUNANAK,SM,1600,1600,100.00
20,1283,GVPIL,EQ,341036,186204,54.60
20,1284,GVPTECH,EQ,501010,289193,57.72
20,1285,GVT&D,EQ,1777971,676596,38.05
20,1286,GYFTR,EQ,30786,19871,64.55
20,1287,HAL,EQ,351457,172432,49.06
20,1288,HALDER,EQ,28147,5416,19.24
20,1289,HALEOSLABS,EQ,411,333,81.02
20,1290,HAMPTON,EQ,19787,12347,62.40
20,1291,HAPPSTMNDS,EQ,4662895,1661323,35.63
20,1292,HAPPY,SM,128000,68000,53.13
20,1293,HAPPYFORGE,EQ,81051,39719,49.00
20,1294,HARDWYN,EQ,689720,319483,46.32
20,1295,HARIOMPIPE,EQ,70134,38487,54.88
20,1296,HARRMALAYA,EQ,23208,11168,48.12
20,1297,HARSHA,EQ,111988,64345,57.46
20,1298,HATHWAY,EQ,982034,577672,58.82
20,1299,HATSUN,EQ,284131,100474,35.36
20,1300,HAVELLS,EQ,623467,397756,63.80
20,1301,HAVISHA,EQ,30752,18066,58.75
20,1302,HAWKINCOOK,EQ,976,468,47.95
20,1303,HAZOOR,EQ,1744484,767859,44.02
20,1304,HBESD,EQ,510,479,93.92
20,1305,HBLENGINE,EQ,935680,496525,53.07
20,1306,HBPOR,EQ,662,662,100.00
20,1307,HBSL,EQ,283,276,97.53
20,1308,HCC,EQ,202003226,59966638,29.69
20,1309,HCG,EQ,105209,52344,49.75
20,1310,HCL-INSYS,EQ,284335,228005,80.19
20,1311,HCLTECH,EQ,1936771,1141437,58.94
20,1312,HDBFS,EQ,2515560,2251575,89.51
20,1313,HDFCAMC,EQ,2101778,1383230,65.81
20,1314,HDFCBANK,EQ,46515020,26654212,57.30
20,1315,HDFCBSE500,EQ,248837,233704,93.92
20,1316,HDFCGOLD,EQ,8763920,4452835,50.81
20,1317,HDFCGROWTH,EQ,21902,11416,52.12
20,1318,HDFCLIFE,EQ,2474974,1719588,69.48
20,1319,HDFCLIQUID,EQ,15685,7923,50.51
20,1320,HDFCLOWVOL,EQ,1832,919,50.16
20,1321,HDFCMID150,EQ,338408,246472,72.83
20,1322,HDFCMOMENT,EQ,140210,91394,65.18
20,1323,HDFCNEXT50,EQ,229491,158817,69.20
20,1324,HDFCNIF100,EQ,13284,9186,69.15
20,1325,HDFCNIFBAN,EQ,41641,31825,76.43
20,1326,HDFCNIFIT,EQ,118089,51489,43.60
20,1327,HDFCNIFTY,EQ,301619,293950,97.46
20,1328,HDFCNIMEG,EQ,5924,4056,68.47
20,1329,HDFCPSUBK,EQ,12549,6981,55.63
20,1330,HDFCPVTBAN,EQ,287421,179144,62.33
20,1331,HDFCQUAL,EQ,15045,7316,48.63
20,1332,HDFCSENSEX,EQ,31710,19529,61.59
20,1333,HDFCSILVER,EQ,4025008,1383902,34.38
20,1334,HDFCSML250,EQ,776001,582865,75.11
20,1335,HDFCVALUE,EQ,11472,5989,52.21
20,1336,HEADSUP,EQ,8022,7311,91.14
20,1337,HEALTHADD,EQ,8959,7862,87.76
20,1338,HEALTHAXIS,EQ,12037,7021,58.33
20,1339,HEALTHCARE,EQ,63911,42878,67.09
20,1340,HEALTHIETF,EQ,55939,33600,60.07
20,1341,HEALTHX,EQ,2663,1582,59.41
20,1342,HEALTHY,EQ,182758,117942,64.53
20,1343,HECPROJECT,EQ,5086,3430,67.44
20,1344,HEG,EQ,592845,212104,35.78
20,1345,HEIDELBERG,EQ,112221,70858,63.14
20,1346,HEMIPROP,EQ,578973,241547,41.72
20,1347,HERANBA,EQ,31886,20396,63.97
20,1348,HERITGFOOD,EQ,122264,66655,54.52
20,1349,HEROMOTOCO,EQ,533073,279902,52.51
20,1350,HESTERBIO,EQ,6174,4151,67.23
20,1351,HEXATRADEX,EQ,23,14,60.87
20,1352,HEXT,EQ,133088,61111,45.92
20,1353,HFCL,EQ,19390535,7802579,40.24
20,1354,HGINFRA,EQ,37937,16802,44.29
20,1355,HGM,EQ,1372,992,72.30
20,1356,HGS,EQ,9634,7189,74.62
20,1357,HIGREEN,SM,9600,7200,75.00
20,1358,HIKAL,EQ,183484,96236,52.45
20,1359,HILINFRA,EQ,52520,19860,37.81
20,1360,HILTON,EQ,132293,94905,71.74
20,1361,HIMATSEIDE,EQ,201561,118063,58.57
20,1362,HINDADH,EQ,2720,1798,66.10
20,1363,HINDALCO,EQ,3635432,2194496,60.36
20,1364,HINDALUMI,EQ,1724,1418,82.25
20,1365,HINDCOMPOS,EQ,1894,927,48.94
20,1366,HINDCON,EQ,59613,29759,49.92
20,1367,HINDCOPPER,EQ,24102873,9985039,41.43
20,1368,HINDOILEXP,EQ,821491,455064,55.39
20,1369,HINDPETRO,EQ,3872498,2397974,61.92
20,1370,HINDUNILVR,EQ,989046,616786,62.36
20,1371,HINDWAREAP,EQ,137457,79302,57.69
20,1372,HINDZINC,EQ,4838968,1756664,36.30
20,1373,HIRECT,EQ,62144,28462,45.80
20,1374,HISARMETAL,EQ,201,161,80.10
20,1375,HITECH,EQ,1117888,566442,50.67
20,1376,HLEGLAS,EQ,52671,33900,64.36
20,1377,HLVLTD,EQ,123353,103856,84.19
20,1378,HMAAGRO,EQ,2987601,2428898,81.30
20,1379,HNDFDS,EQ,27024,13675,50.60
20,1380,HNGSNGBEES,EQ,80747,56822,70.37
20,1381,HOACFOODS,ST,2250,2250,100.00
20,1382,HOLMARC,SM,3000,3000,100.00
20,1383,HOMEFIRST,EQ,118552,84618,71.38
20,1384,HONASA,EQ,1169028,541658,46.33
20,1385,HONAUT,EQ,1961,798,40.69
20,1386,HONDAPOWER,EQ,4023,2000,49.71
20,1387,HORIZONIND,EQ,4091943,2148718,52.51
20,1388,HPAL,EQ,66278,50425,76.08
20,1389,HPIL,EQ,551,448,81.31
20,1390,HPL,EQ,79285,45355,57.21
20,1391,HPTL,SM,600,600,100.00
20,1392,HRHNEXT,SM,6000,4500,75.00
20,1393,HRYNSHP,EQ,314,274,87.26
20,1394,HSBCGOLD,EQ,269400,265056,98.39
20,1395,HSCL,EQ,7924818,2642391,33.34
20,1396,HTMEDIA,EQ,47718,34947,73.24
20,1397,HUBTOWN,EQ,350523,220452,62.89
20,1398,HUDCO,EQ,1437057,800657,55.72
20,1399,HUHTAMAKI,EQ,143477,88604,61.75
20,1400,HYBRIDETF,EQ,29112,29103,99.97
20,1401,HYUNDAI,EQ,928582,502165,54.08
20,1402,IBLFL,SM,6000,6000,100.00
20,1403,IBULLSLTD,EQ,9006870,6092383,67.64
20,1404,ICDSLTD,EQ,524,373,71.18
20,1405,ICELCO,SM,136800,105600,77.19
20,1406,ICEMAKE,EQ,25790,12119,46.99
20,1407,ICICIAMC,EQ,4775198,2234661,46.80
20,1408,ICICIB22,EQ,429327,320255,74.59
20,1409,ICICIBANK,EQ,11539716,6260117,54.25
20,1410,ICICIGI,EQ,864889,558153,64.53
20,1411,ICICIPRULI,EQ,515424,286252,55.54
20,1412,ICIL,EQ,280466,100380,35.79
20,1413,ICRA,EQ,26070,17909,68.70
20,1414,IDBI,EQ,17091152,4737100,27.72
20,1415,IDEA,EQ,430678395,111511140,25.89
20,1416,IDEAFORGE,EQ,156158,89813,57.51
20,1417,IDFCFIRSTB,EQ,10079336,4929363,48.91
20,1418,IDFNIFTYET,EQ,3722,1383,37.16
20,1419,IEML,SM,31500,27500,87.30
20,1420,IEX,EQ,2063529,921115,44.64
20,1421,IFBAGRO,EQ,4285,3350,78.18
20,1422,IFBIND,EQ,22854,14685,64.26
20,1423,IFCI,EQ,44599176,13851449,31.06
20,1424,IFGLEXPOR,EQ,18285,9130,49.93
20,1425,IGARASHI,EQ,49708,24474,49.24
20,1426,IGCL,EQ,69100,30432,44.04
20,1427,IGIL,EQ,263451,129394,49.12
20,1428,IGL,EQ,1043160,639014,61.26
20,1429,IGPL,EQ,250151,117382,46.92
20,1430,IIFL,EQ,2283168,1287780,56.40
20,1431,IIFL060326,YA,120,120,100.00
20,1432,IIFLCAPS,EQ,212029,109330,51.56
20,1433,IITL,EQ,106801,18801,17.60
20,1434,IKIO,EQ,119881,70978,59.21
20,1435,IKS,EQ,180738,123507,68.33
20,1436,IMAGICAA,EQ,34242813,9264824,27.06
20,1437,IMC1,N2,203,201,99.01
20,1438,IMC1,N3,2,1,50.00
20,1439,IMFA,EQ,74662,44227,59.24
20,1440,IMPAL,EQ,2325,1878,80.77
20,1441,INA,EQ,979655,414773,42.34
20,1442,INCREDIBLE,EQ,3484,2669,76.61
20,1443,INDBANK,EQ,25096,20412,81.34
20,1444,INDGN,EQ,464592,289568,62.33
20,1445,INDHOTEL,EQ,863865,546059,63.21
20,1446,INDIACEM,EQ,34132,14480,42.42
20,1447,INDIAGLYCO,EQ,304427,178754,58.72
20,1448,INDIAMART,EQ,106982,75376,70.46
20,1449,INDIANB,EQ,596643,276282,46.31
20,1450,INDIANCARD,EQ,2682,1635,60.96
20,1451,INDIANHUME,EQ,11045,7498,67.89
20,1452,INDIASHLTR,EQ,115418,86971,75.35
20,1453,INDIGO,EQ,352677,200797,56.94
20,1454,INDIGOPNTS,EQ,70872,36078,50.91
20,1455,INDIGRID,IV,482542,437288,90.62
20,1456,INDIQUBE,EQ,205256,182436,88.88
20,1457,INDNIPPON,EQ,9885,5824,58.92
20,1458,INDOBORAX,EQ,142026,46788,32.94
20,1459,INDOCO,EQ,174592,82709,47.37
20,1460,INDOFARM,EQ,71355,38565,54.05
20,1461,INDOKEM,EQ,1758,1542,87.71
20,1462,INDOMIM,EQ,1723758,609294,35.35
20,1463,INDORAMA,EQ,532500,224006,42.07
20,1464,INDOSTAR,EQ,168538,104137,61.79
20,1465,INDOTECH,EQ,17022,8998,52.86
20,1466,INDOTHAI,EQ,200129,200129,100.00
20,1467,INDOUS,EQ,4183,3734,89.27
20,1468,INDOWIND,EQ,83274,74551,89.52
20,1469,INDPRUD,EQ,22,22,100.00
20,1470,INDRAMEDCO,EQ,89754,51956,57.89
20,1471,INDSWFTLAB,EQ,694257,230000,33.13
20,1472,INDTERRAIN,EQ,10083,7117,70.58
20,1473,INDUSINDBK,EQ,1187891,647639,54.52
20,1474,INDUSINVIT,IV,67916,51320,75.56
20,1475,INDUSTOWER,EQ,9414509,6900595,73.30
20,1476,INFINIUM,SM,40500,27500,67.90
20,1477,INFLUX,SM,24600,19200,78.05
20,1478,INFOBEAN,EQ,133984,75097,56.05
20,1479,INFOLLION,SM,2800,1600,57.14
20,1480,INFOMEDIA,EQ,14910,11469,76.92
20,1481,INFRA,EQ,10519,9622,91.47
20,1482,INFRABEES,EQ,11612,7164,61.69
20,1483,INFRAIETF,EQ,170745,91771,53.75
20,1484,INFY,EQ,6933998,3739281,53.93
20,1485,INGERRAND,EQ,14940,7519,50.33
20,1486,INNOMET,ST,6600,6600,100.00
20,1487,INNOVACAP,EQ,47647,27617,57.96
20,1488,INNOVANA,EQ,1647,1605,97.45
20,1489,INNOVISION,EQ,13867,8238,59.41
20,1490,INOXGREEN,EQ,1810872,968663,53.49
20,1491,INOXINDIA,EQ,4484559,463046,10.33
20,1492,INOXWIND,EQ,12554597,5534939,44.09
20,1493,INSECTICID,EQ,75819,40688,53.66
20,1494,INSUREIETF,EQ,489470,456634,93.29
20,1495,INTEGRITY,ST,1200,1200,100.00
20,1496,INTELLECT,EQ,183882,111667,60.73
20,1497,INTENTECH,EQ,8344,4193,50.25
20,1498,INTERARCH,EQ,29383,15152,51.57
20,1499,INTERNET,EQ,105445,86483,82.02
20,1500,INTLCONV,EQ,30038,22746,75.72
20,1501,INVENTURE,EQ,993529,718393,72.31
20,1502,IOB,EQ,1798508,973437,54.12
20,1503,IOC,EQ,6190652,3184502,51.44
20,1504,IOLCP,EQ,10366009,2865973,27.65
20,1505,IONEXCHANG,EQ,218431,94448,43.24
20,1506,IPCALAB,EQ,122184,66244,54.22
20,1507,IPHL,SM,18000,14400,80.00
20,1508,IPL,EQ,124420,70879,56.97
20,1509,IPRINGLTD,EQ,4545,3684,81.06
20,1510,IPSL,SM,500,500,100.00
20,1511,IRB,EQ,7026959,2603635,37.05
20,1512,IRBINVIT,IV,646370,589497,91.20
20,1513,IRCON,EQ,1788487,392065,21.92
20,1514,IRCTC,EQ,581723,302775,52.05
20,1515,IREDA,EQ,4163114,1278255,30.70
20,1516,IRFC,EQ,7178981,3378813,47.07
20,1517,IRIS,EQ,15317,9099,59.40
20,1518,IRISDOREME,EQ,2582866,1856759,71.89
20,1519,IRMENERGY,EQ,38894,20069,51.60
20,1520,ISFT,EQ,132402,16595,12.53
20,1521,ISGEC,EQ,47827,23737,49.63
20,1522,ISHAN,SM,144000,144000,100.00
20,1523,ISHANCH,EQ,16067,9769,60.80
20,1524,ISTLTD,EQ,354,265,74.86
20,1525,IT,EQ,140975,88105,62.50
20,1526,ITADD,EQ,25426,15488,60.91
20,1527,ITALIANE,SM,18000,18000,100.00
20,1528,ITAXIS,EQ,4857,2443,50.30
20,1529,ITBEES,EQ,6466719,3724837,57.60
20,1530,ITBETA,EQ,543,373,68.69
20,1531,ITC,EQ,8834890,4897886,55.44
20,1532,ITCHOTELS,EQ,938238,545351,58.13
20,1533,ITDC,EQ,75324,28764,38.19
20,1534,ITETF,EQ,176820,64338,36.39
20,1535,ITI,EQ,94943,48398,50.98
20,1536,ITIETF,EQ,210787,105523,50.06
20,1537,ITL,EQ,2562,1732,67.60
20,1538,IVALUE,EQ,210554,162245,77.06
20,1539,IVC,EQ,335741,278070,82.82
20,1540,IVZBANKNF,EQ,178,178,100.00
20,1541,IVZINGOLD,EQ,12054,8492,70.45
20,1542,IVZINNIFTY,EQ,153,133,86.93
20,1543,IVZSENSEX,EQ,106,67,63.21
20,1544,IWARE,ST,9600,9000,93.75
20,1545,IWP,EQ,4327,3479,80.40
20,1546,IXIGO,EQ,1184499,510548,43.10
20,1547,IZMO,EQ,68003,39118,57.52
20,1548,J&KBANK,EQ,1374401,726317,52.85
20,1549,JAGRAN,EQ,106545,77601,72.83
20,1550,JAGSNPHARM,EQ,66137,37060,56.04
20,1551,JAIBALAJI,EQ,1576419,911405,57.81
20,1552,JAICORPLTD,EQ,279623,133627,47.79
20,1553,JAINIK,SM,8400,7200,85.71
20,1554,JAINREC,EQ,746344,353593,47.38
20,1555,JAIPURKURT,EQ,8925,6434,72.09
20,1556,JALAN,ST,3000,3000,100.00
20,1557,JAMNAAUTO,EQ,660513,372338,56.37
20,1558,JARO,EQ,124691,21471,17.22
20,1559,JASH,EQ,73386,41832,57.00
20,1560,JAYAGROGN,EQ,17966,14929,83.10
20,1561,JAYBARMARU,EQ,269351,142466,52.89
20,1562,JAYBEE,SM,13500,10500,77.78
20,1563,JAYESH,SM,1000,1000,100.00
20,1564,JAYKAY,EQ,700707,350128,49.97
20,1565,JAYNECOIND,EQ,2438834,1021825,41.90
20,1566,JAYSREETEA,EQ,84909,49763,58.61
20,1567,JBMA,EQ,135727,53565,39.47
20,1568,JENBURPH,EQ,665,574,86.32
20,1569,JETFREIGHT,EQ,159035,84478,53.12
20,1570,JETKNIT,ST,750,750,100.00
20,1571,JEYYAM,ST,46000,30000,65.22
20,1572,JGCHEM,EQ,92153,40586,44.04
20,1573,JHS,EQ,54116,33134,61.23
20,1574,JINDALPHOT,EQ,1901,1065,56.02
20,1575,JINDALPOLY,EQ,7939,4335,54.60
20,1576,JINDALSAW,EQ,8584804,1739928,20.27
20,1577,JINDALSTEL,EQ,1533812,792198,51.65
20,1578,JINDRILL,EQ,531304,141496,26.63
20,1579,JINDWORLD,EQ,14872279,1420140,9.55
20,1580,JIOFIN,EQ,7638222,4291318,56.18
20,1581,JISLDVREQS,EQ,51960,37070,71.34
20,1582,JISLJALEQS,EQ,4772124,1919843,40.23
20,1583,JITFINFRA,EQ,15909,9486,59.63
20,1584,JKCEMENT,EQ,12186,4579,37.58
20,1585,JKIL,EQ,77485,51367,66.29
20,1586,JKIPL,EQ,34996,25425,72.65
20,1587,JKLAKSHMI,EQ,107723,46032,42.73
20,1588,JKPAPER,EQ,408338,163642,40.08
20,1589,JKTYRE,EQ,282760,147672,52.23
20,1590,JLHL,EQ,154727,61664,39.85
20,1591,JMA,EQ,22629,18255,80.67
20,1592,JMFINANCIL,EQ,2417959,1083191,44.80
20,1593,JNKINDIA,EQ,98066,57310,58.44
20,1594,JNPR,EQ,8844030,2195895,24.83
20,1595,JPOLYINVST,EQ,31789,10679,33.59
20,1596,JPPOWER,EQ,19664574,9150754,46.53
20,1597,JSFB,EQ,1278810,698532,54.62
20,1598,JSL,EQ,276256,149491,54.11
20,1599,JSLL,EQ,309670,168273,54.34
20,1600,JSWCEMENT,EQ,1620103,877539,54.17
20,1601,JSWDULUX,EQ,22595,13487,59.69
20,1602,JSWENERGY,EQ,2902000,1371443,47.26
20,1603,JSWHL,EQ,4377,2302,52.59
20,1604,JSWINFRA,EQ,2833326,1750961,61.80
20,1605,JSWSTEEL,EQ,2647838,1629159,61.53
20,1606,JTEKTINDIA,EQ,82110,50729,61.78
20,1607,JTLIND,EQ,6724877,2673595,39.76
20,1608,JUBLCPL,EQ,4614,2765,59.93
20,1609,JUBLFOOD,EQ,974638,338899,34.77
20,1610,JUBLINGREA,EQ,171316,95953,56.01
20,1611,JUBLPHARMA,EQ,86026,46699,54.28
20,1612,JUNIORBEES,EQ,369315,252969,68.50
20,1613,JUNIPER,EQ,470586,295433,62.78
20,1614,JUSTDIAL,EQ,82613,38034,46.04
20,1615,JWL,EQ,680272,242969,35.72
20,1616,JYOTHYLAB,EQ,910612,403553,44.32
20,1617,JYOTICNC,EQ,873758,394969,45.20
20,1618,JYOTIGLOBL,SM,6000,4000,66.67
20,1619,JYOTIRES,EQ,5200,3038,58.42
20,1620,JYOTISTRUC,EQ,2753746,1538778,55.88
20,1621,K2INFRA,ST,7200,6000,83.33
20,1622,KABRAEXTRU,EQ,129623,65048,50.18
20,1623,KAJARIACER,EQ,151659,69392,45.76
20,1624,KAKATCEM,EQ,2465,1543,62.60
20,1625,KALAMANDIR,EQ,257232,142092,55.24
20,1626,KALANA,SM,18000,18000,100.00
20,1627,KALPATARU,EQ,52410,40769,77.79
20,1628,KALYANIFRG,EQ,1821,1125,61.78
20,1629,KALYANKJIL,EQ,14631430,3462338,23.66
20,1630,KAMAHOLD,EQ,3320,2661,80.15
20,1631,KAMANWALA,EQ,5619,5047,89.82
20,1632,KAMATHOTEL,EQ,181700,94876,52.22
20,1633,KAMOPAINTS,EQ,115936,92772,80.02
20,1634,KANANIIND,EQ,145295,101047,69.55
20,1635,KANCHI,EQ,14970,7479,49.96
20,1636,KANCOTEA,EQ,6,6,100.00
20,1637,KANDARP,SM,1000,1000,100.00
20,1638,KANPRPLA,EQ,28339,18723,66.07
20,1639,KANSAINER,EQ,129493,76215,58.86
20,1640,KAPSTON,EQ,31930,21205,66.41
20,1641,KARMAENG,EQ,410,373,90.98
20,1642,KARNIKA,SM,21000,18000,85.71
20,1643,KARURVYSYA,EQ,1792437,956563,53.37
20,1644,KATARIA,SM,17400,14400,82.76
20,1645,KAVDEFENCE,EQ,77154,33975,44.04
20,1646,KAYNES,EQ,919380,239857,26.09
20,1647,KAYTEX,SM,4000,3200,80.00
20,1648,KCEIL,SM,6500,5500,84.62
20,1649,KCK,ST,15000,15000,100.00
20,1650,KCP,EQ,78496,42635,54.31
20,1651,KDDL,EQ,59602,27054,45.39
20,1652,KDL,SM,41850,30000,71.68
20,1653,KEC,EQ,786288,508757,64.70
20,1654,KECL,EQ,64722,35497,54.85
20,1655,KEEPLEARN,EQ,15874,13282,83.67
20,1656,KEI,EQ,213782,67087,31.38
20,1657,KELLTONTEC,EQ,58182615,4349460,7.48
20,1658,KEN,SM,26400,21600,81.82
20,1659,KENNAMET,EQ,64402,24501,38.04
20,1660,KERNEX,EQ,196546,97785,49.75
20,1661,KEYFINSERV,EQ,33,23,69.70
20,1662,KFINTECH,EQ,1169583,463246,39.61
20,1663,KHAICHEM,EQ,177755,94771,53.32
20,1664,KHAITANLTD,EQ,729,437,59.95
20,1665,KHANDSE,EQ,431,376,87.24
20,1666,KICL,EQ,1165,845,72.53
20,1667,KIMS,EQ,889873,506968,56.97
20,1668,KINGFA,EQ,6668,3373,50.58
20,1669,KIOCL,EQ,64958,29810,45.89
20,1670,KIRANVYPAR,EQ,1570,1271,80.96
20,1671,KIRIINDUS,EQ,1021978,526482,51.52
20,1672,KIRLFER,EQ,30799,20644,67.03
20,1673,KIRLOSBROS,EQ,41120,19652,47.79
20,1674,KIRLOSENG,EQ,521433,293881,56.36
20,1675,KIRLOSIND,EQ,5375,3698,68.80
20,1676,KIRLPNU,EQ,83823,44965,53.64
20,1677,KISSHT,EQ,1710152,1011417,59.14
20,1678,KITEX,EQ,2143828,393267,18.34
20,1679,KJMCFIN,EQ,7457,7177,96.25
20,1680,KKCL,EQ,24953,17163,68.78
20,1681,KKJEWELS,SM,6000,5000,83.33
20,1682,KLBRENG-B,EQ,97542,62950,64.54
20,1683,KLL,SM,28800,24800,86.11
20,1684,KMCSHIL,EQ,54285,28034,51.64
20,1685,KMEW,EQ,303914,96987,31.91
20,1686,KMSUGAR,EQ,338995,195267,57.60
20,1687,KNACK,EQ,654182,316870,48.44
20,1688,KNAGRI,EQ,12730,11715,92.03
20,1689,KNRCON,EQ,768064,425185,55.36
20,1690,KODYTECH,ST,7000,6900,98.57
20,1691,KOHINOOR,EQ,134853,66760,49.51
20,1692,KOKUYOCMLN,EQ,50733,31571,62.23
20,1693,KOLTEPATIL,EQ,60697,25486,41.99
20,1694,KONSTELEC,ST,81000,76000,93.83
20,1695,KONTOR,SM,1200,1200,100.00
20,1696,KORE,SM,133250,111500,83.68
20,1697,KOTAKBANK,EQ,32914085,22309765,67.78
20,1698,KOTHARIPET,EQ,54045,29326,54.26
20,1699,KOTHARIPRO,EQ,2727,1687,61.86
20,1700,KOTIC,EQ,8608,4880,56.69
20,1701,KOVAI,EQ,1955,1361,69.62
20,1702,KPEL,EQ,266015,154974,58.26
20,1703,KPIGREEN,EQ,294592,149608,50.78
20,1704,KPIL,EQ,121480,78964,65.00
20,1705,KPITTECH,EQ,1063360,486395,45.74
20,1706,KPL,EQ,26045,10159,39.01
20,1707,KPRMILL,EQ,136961,79911,58.35
20,1708,KRBL,EQ,821268,353185,43.00
20,1709,KREBSBIO,EQ,4874,4434,90.97
20,1710,KRISHANA,EQ,1276320,634148,49.69
20,1711,KRISHCA,SM,90500,57500,63.54
20,1712,KRISHIVAL,EQ,18323,15968,87.15
20,1713,KRISHNADEF,EQ,68280,36524,53.49
20,1714,KRITI,EQ,9207,8338,90.56
20,1715,KRITIKA,EQ,78201,59397,75.95
20,1716,KRITINUT,EQ,4106,2188,53.29
20,1717,KRMAYURVED,SM,72000,35000,48.61
20,1718,KRN,EQ,158253,72185,45.61
20,1719,KROSS,EQ,677619,261399,38.58
20,1720,KRSNAA,EQ,129490,84276,65.08
20,1721,KRT,RR,849554,714647,84.12
20,1722,KRYSTAL,EQ,14332,7449,51.97
20,1723,KSB,EQ,101117,46312,45.80
20,1724,KSCL,EQ,103150,54781,53.11
20,1725,KSE,EQ,14503,10141,69.92
20,1726,KSHINTL,EQ,376921,125915,33.41
20,1727,KSHITIJPOL,EQ,2142718,1464653,68.35
20,1728,KSL,EQ,121094,49073,40.52
20,1729,KSOLVES,EQ,29069,19217,66.11
20,1730,KSR,EQ,9317,7779,83.49
20,1731,KTKBANK,EQ,1461115,771332,52.79
20,1732,KUANTUM,EQ,62008,36072,58.17
20,1733,KUSUMGAR,EQ,267183,118967,44.53
20,1734,KWIL,EQ,16310637,5294762,32.46
20,1735,LADDERUP,EQ,13,13,100.00
20,1736,LAGNAM,EQ,4794,4290,89.49
20,1737,LAHOTIOV,EQ,22,20,90.91
20,1738,LAKSHMIMIL,EQ,3,2,66.67
20,1739,LAKSHYA,SM,1600,800,50.00
20,1740,LAL,EQ,17788,14714,82.72
20,1741,LALITHAA,EQ,14189168,3495942,24.64
20,1742,LALPATHLAB,EQ,87929,49758,56.59
20,1743,LAMBODHARA,EQ,38124,22436,58.85
20,1744,LAMOSAIC,ST,27000,27000,100.00
20,1745,LANCER,EQ,511926,416371,81.33
20,1746,LANCORHOL,EQ,286030,214188,74.88
20,1747,LANDMARK,EQ,75404,40159,53.26
20,1748,LANDSMILL,EQ,2793423,1256649,44.99
20,1749,LAOPALA,EQ,128865,72383,56.17
20,1750,LARGEMID50,EQ,175,175,100.00
20,1751,LASA,EQ,16622,12463,74.98
20,1752,LASERPOWER,EQ,623061,272855,43.79
20,1753,LATENTVIEW,EQ,280800,150825,53.71
20,1754,LATTEYS,EQ,39358,23667,60.13
20,1755,LAURUSLABS,EQ,4249869,2755640,64.84
20,1756,LAXMICOT,EQ,9049,8233,90.98
20,1757,LAXMIDENTL,EQ,47648,27107,56.89
20,1758,LAXMIINDIA,EQ,108437,57878,53.37
20,1759,LCCINFOTEC,EQ,260156,138051,53.06
20,1760,LCL,EQ,377787,174114,46.09
20,1761,LEAPIND,EQ,5771795,2418191,41.90
20,1762,LEENEE,EQ,58271,48080,82.51
20,1763,LEMERITE,EQ,141633,35455,25.03
20,1764,LEMONTREE,EQ,2259074,1332122,58.97
20,1765,LENSKART,EQ,11600580,6690450,57.67
20,1766,LEXUS,EQ,45143,38778,85.90
20,1767,LFIC,EQ,1655,914,55.23
20,1768,LGBBROSLTD,EQ,63343,34938,55.16
20,1769,LGEINDIA,EQ,921188,560435,60.84
20,1770,LGHL,EQ,9254,3093,33.42
20,1771,LIBAS,EQ,6494,5154,79.37
20,1772,LIBERTSHOE,EQ,8975,6556,73.05
20,1773,LICHSGFIN,EQ,7375648,2138527,28.99
20,1774,LICI,EQ,5422128,3109537,57.35
20,1775,LICMFGOLD,EQ,119877,57878,48.28
20,1776,LICNETFGSC,EQ,2190,1745,79.68
20,1777,LICNETFN50,EQ,402,381,94.78
20,1778,LICNETFSEN,EQ,93,57,61.29
20,1779,LICNFNHGP,EQ,71,46,64.79
20,1780,LICNMID100,EQ,2206,1447,65.59
20,1781,LIKHITHA,EQ,145162,57472,39.59
20,1782,LINC,EQ,23995,21034,87.66
20,1783,LINCOLN,EQ,14024,6807,48.54
20,1784,LINDEINDIA,EQ,16850,8456,50.18
20,1785,LIQGRWBEES,EQ,33383,27890,83.55
20,1786,LIQUID,EQ,76527,50012,65.35
20,1787,LIQUID1,EQ,2141367,1822545,85.11
20,1788,LIQUIDADD,EQ,1867757,1793870,96.04
20,1789,LIQUIDBEES,EQ,4828363,4038447,83.64
20,1790,LIQUIDBETA,EQ,2,1,50.00
20,1791,LIQUIDBETF,EQ,429592,220485,51.32
20,1792,LIQUIDCASE,EQ,15951837,13871726,86.96
20,1793,LIQUIDETF,EQ,188360,112350,59.65
20,1794,LIQUIDIETF,EQ,129308,76467,59.14
20,1795,LIQUIDPLUS,EQ,453562,345413,76.16
20,1796,LIQUIDSBI,EQ,5665,4730,83.50
20,1797,LIQUIDSHRI,EQ,1662,841,50.60
20,1798,LKPSEC,EQ,10552,6859,65.00
20,1799,LLOYDS,SM,1000,1000,100.00
20,1800,LLOYDSENGG,EQ,3585591,1372465,38.28
20,1801,LLOYDSENT,EQ,1240418,636255,51.29
20,1802,LLOYDSME,EQ,428234,258064,60.26
20,1803,LMW,EQ,1824,864,47.37
20,1804,LODHA,EQ,801407,308520,38.50
20,1805,LORDSCHLO,EQ,6100,5004,82.03
20,1806,LOTUSCHO,EQ,1395,1104,79.14
20,1807,LOTUSEYE,EQ,13355,8811,65.98
20,1808,LOVABLE,EQ,9704,6855,70.64
20,1809,LOWVOL,EQ,6373,5910,92.73
20,1810,LOWVOL1,EQ,527479,513581,97.37
20,1811,LOWVOLIETF,EQ,953091,772467,81.05
20,1812,LOYALTEX,EQ,394,389,98.73
20,1813,LPDC,EQ,279734,117540,42.02
20,1814,LRRPL,SM,7500,7500,100.00
20,1815,LT,EQ,1161440,587698,50.60
20,1816,LTF,EQ,3273758,1746217,53.34
20,1817,LTFOODS,EQ,568938,239370,42.07
20,1818,LTGILTBEES,EQ,710934,572631,80.55
20,1819,LTGILTCASE,EQ,182606,178001,97.48
20,1820,LTM,EQ,106428,38554,36.23
20,1821,LTTS,EQ,36907,21004,56.91
20,1822,LUMAXIND,EQ,20103,7953,39.56
20,1823,LUMAXTECH,EQ,97288,31759,32.64
20,1824,LUPIN,EQ,964354,398017,41.27
20,1825,LUXIND,EQ,12647,6868,54.31
20,1826,LXCHEM,EQ,500942,287005,57.29
20,1827,M&M,EQ,1853016,1097064,59.20
20,1828,M&MFIN,EQ,1390537,840112,60.42
20,1829,MAANALU,EQ,61592,45954,74.61
20,1830,MACOBSTECH,SM,1600,1600,100.00
20,1831,MACPOWER,EQ,36143,19047,52.70
20,1832,MADHAV,EQ,1831,1810,98.85
20,1833,MADHAVBAUG,ST,2000,2000,100.00
20,1834,MADHAVIPL,EQ,129794,98779,76.10
20,1835,MADHUSUDAN,ST,35000,34000,97.14
20,1836,MADRASFERT,EQ,77038,48455,62.90
20,1837,MAFANG,EQ,52377,52377,100.00
20,1838,MAFATIND,EQ,21835,15180,69.52
20,1839,MAGADSUGAR,EQ,38876,16726,43.02
20,1840,MAGNUM,EQ,19375,13548,69.93
20,1841,MAGSON,SM,5000,5000,100.00
20,1842,MAHABANK,EQ,16185909,9084963,56.13
20,1843,MAHAPEXLTD,EQ,5127,4535,88.45
20,1844,MAHEPC,EQ,4257,2491,58.52
20,1845,MAHKTECH,EQ,301227,301227,100.00
20,1846,MAHLIFE,EQ,63804,33551,52.58
20,1847,MAHLOG,EQ,100872,55567,55.09
20,1848,MAHSCOOTER,EQ,2539,1156,45.53
20,1849,MAHSEAMLES,EQ,302076,155385,51.44
20,1850,MAITHANALL,EQ,21538,12451,57.81
20,1851,MAITREYA,SM,2400,1200,50.00
20,1852,MAKEINDIA,EQ,27609,17248,62.47
20,1853,MAKERSL,EQ,7822,5954,76.12
20,1854,MAL,SM,1600,1600,100.00
20,1855,MALLCOM,EQ,1617,1012,62.59
20,1856,MALUPAPER,EQ,8315,6630,79.74
20,1857,MAMATA,EQ,24795,16834,67.89
20,1858,MANAKALUCO,EQ,46528,33358,71.69
20,1859,MANAKCOAT,EQ,171239,104293,60.90
20,1860,MANAKSIA,EQ,12936,9026,69.77
20,1861,MANAKSTEEL,EQ,86493,68993,79.77
20,1862,MANALIPETC,EQ,874458,431860,49.39
20,1863,MANAPPURAM,EQ,10434499,3652904,35.01
20,1864,MANBA,EQ,65983,16411,24.87
20,1865,MANBRO,EQ,126899,31504,24.83
20,1866,MANCREDIT,EQ,293346,53427,18.21
20,1867,MANDEEP,SM,56000,54000,96.43
20,1868,MANGALAM,EQ,34979,26075,74.54
20,1869,MANGLMCEM,EQ,170829,104501,61.17
20,1870,MANINDS,EQ,2263237,668725,29.55
20,1871,MANINFRA,EQ,2358626,939777,39.84
20,1872,MANIPALHOS,EQ,1421335,619805,43.61
20,1873,MANKIND,EQ,322167,209735,65.10
20,1874,MANOMAY,EQ,488882,54054,11.06
20,1875,MANORAMA,EQ,94994,49214,51.81
20,1876,MANORG,EQ,9985,7031,70.42
20,1877,MANUFGBEES,EQ,2617,1941,74.17
20,1878,MANYAVAR,EQ,374606,223713,59.72
20,1879,MAPMYINDIA,EQ,174052,69022,39.66
20,1880,MARALOVER,EQ,32937,20004,60.73
20,1881,MARATHON,EQ,318928,109349,34.29
20,1882,MARICO,EQ,2081594,1445732,69.45
20,1883,MARINE,EQ,318798,152663,47.89
20,1884,MARKOLINES,EQ,112561,24574,21.83
20,1885,MARKSANS,EQ,1415329,548865,38.78
20,1886,MARSONS,EQ,5656610,1371023,24.24
20,1887,MARUSHIKA,SM,38400,34800,90.63
20,1888,MARUTI,EQ,315555,176822,56.04
20,1889,MASFIN,EQ,138307,101634,73.48
20,1890,MASKINVEST,EQ,7,6,85.71
20,1891,MASON,SM,7500,7500,100.00
20,1892,MASPTOP50,EQ,97888,97888,100.00
20,1893,MASTEK,EQ,81510,47913,58.78
20,1894,MASTERTR,EQ,221561,66769,30.14
20,1895,MATRIMONY,EQ,17404,10294,59.15
20,1896,MAWANASUG,EQ,260812,131721,50.50
20,1897,MAXESTATES,EQ,259350,161179,62.15
20,1898,MAXHEALTH,EQ,1471151,909561,61.83
20,1899,MAXIND,EQ,30422,20417,67.11
20,1900,MAXVOLT,SM,8000,6400,80.00
20,1901,MAYURUNIQ,EQ,75037,44678,59.54
20,1902,MAZDOCK,EQ,511497,185735,36.31
20,1903,MBAPL,EQ,1110873,639054,57.53
20,1904,MBEL,EQ,70930,35298,49.76
20,1905,MBLINFRA,EQ,71491,55364,77.44
20,1906,MCCHRLS-B,EQ,141,109,77.30
20,1907,MCL,EQ,68404,32030,46.82
20,1908,MCLEODRUSS,EQ,169212,97886,57.85
20,1909,MCLOUD,EQ,2410252,1332462,55.28
20,1910,MCX,EQ,2087896,1020756,48.89
20,1911,MDL,ST,4000,4000,100.00
20,1912,MEDANTA,EQ,1109587,387214,34.90
20,1913,MEDIASSIST,EQ,281912,181608,64.42
20,1914,MEDICAMEQ,EQ,28626,18908,66.05
20,1915,MEDICAPQ,EQ,4211,3129,74.31
20,1916,MEDICO,EQ,146929,102199,69.56
20,1917,MEDIORG,SM,6000,6000,100.00
20,1918,MEDPLUS,EQ,55452,31824,57.39
20,1919,MEESHO,EQ,9320536,4765346,51.13
20,1920,MEGAFLEX,SM,5000,5000,100.00
20,1921,MEGASTAR,EQ,1384,1170,84.54
20,1922,MEGATHERM,SM,19600,15200,77.55
20,1923,MEIL,EQ,199012,86419,43.42
20,1924,MENNPIS,EQ,125327,79806,63.68
20,1925,MERCANTILE,EQ,5524,4444,80.45
20,1926,MERCURYEV,EQ,79392,50987,64.22
20,1927,METAL,EQ,2407949,938154,38.96
20,1928,METALIC,ST,108800,94400,86.76
20,1929,METALIETF,EQ,7213479,4465547,61.91
20,1930,METROBRAND,EQ,22707,11840,52.14
20,1931,METROGLOBL,EQ,875,574,65.60
20,1932,METROPOLIS,EQ,297439,194092,65.25
20,1933,MFML,EQ,11692,11305,96.69
20,1934,MFSL,EQ,732972,446241,60.88
20,1935,MGL,EQ,155301,90651,58.37
20,1936,MGSL,SM,27600,19200,69.57
20,1937,MHHL,SM,1500,1500,100.00
20,1938,MHRIL,EQ,406340,245762,60.48
20,1939,MICROPRO,SM,12800,9600,75.00
20,1940,MID150,EQ,24582,15069,61.30
20,1941,MID150BEES,EQ,475575,313258,65.87
20,1942,MID150CASE,EQ,1043872,764261,73.21
20,1943,MIDBANKADD,EQ,3168,2449,77.30
20,1944,MIDCAP,EQ,439840,254296,57.82
20,1945,MIDCAPADD,EQ,6550,5957,90.95
20,1946,MIDCAPBETA,EQ,266,213,80.08
20,1947,MIDCAPETF,EQ,1489906,986219,66.19
20,1948,MIDCAPIETF,EQ,515402,347177,67.36
20,1949,MIDHANI,EQ,803522,290144,36.11
20,1950,MIDQ50ADD,EQ,61358,49120,80.05
20,1951,MIDSELIETF,EQ,221312,126547,57.18
20,1952,MIDSMALL,EQ,551095,342016,62.06
20,1953,MIDWESTLTD,EQ,13200,9248,70.06
20,1954,MIIL,EQ,75771,26725,35.27
20,1955,MILKYMIST,EQ,59235093,6415948,10.83
20,1956,MILTON,SM,2200,2200,100.00
20,1957,MINDACORP,EQ,379106,231464,61.06
20,1958,MINDSPACE,RR,95882,84056,87.67
20,1959,MINDTECK,EQ,17586,10230,58.17
20,1960,MIRZAINT,EQ,112343,65553,58.35
20,1961,MITTAL,EQ,403760,341899,84.68
20,1962,MKEXIM,EQ,40017,29088,72.69
20,1963,MKPL,EQ,109758,65623,59.79
20,1964,MLKFOOD,EQ,4960,4108,82.82
20,1965,MMEL,SM,6000,6000,100.00
20,1966,MMFL,EQ,87622,40449,46.16
20,1967,MMP,EQ,28165,17727,62.94
20,1968,MMTC,EQ,906339,367596,40.56
20,1969,MMWL,EQ,52297,48384,92.52
20,1970,MNC,EQ,27445,21811,79.47
20,1971,MOALPHA50,EQ,19739,14896,75.46
20,1972,MOBANK10,EQ,2397,1997,83.31
20,1973,MOBIKWIK,EQ,625739,265138,42.37
20,1974,MOCAPITAL,EQ,773494,518767,67.07
20,1975,MODEFENCE,EQ,881780,515283,58.44
20,1976,MODIRUBBER,EQ,6513,4768,73.21
20,1977,MODIS,EQ,216567,105195,48.57
20,1978,MODTHREAD,EQ,26488,20840,78.68
20,1979,MOENERGY,EQ,52810,42530,80.53
20,1980,MOGOLD,EQ,157650,116023,73.60
20,1981,MOGSEC,EQ,5777,5764,99.77
20,1982,MOHEALTH,EQ,118365,65434,55.28
20,1983,MOHITE,EQ,17300,15557,89.92
20,1984,MOHITIND,EQ,36060,23957,66.44
20,1985,MOIL,EQ,752383,408326,54.27
20,1986,MOINFRA,EQ,3420,3320,97.08
20,1987,MOIPO,EQ,10016,6373,63.63
20,1988,MOKSH,EQ,210111,187879,89.42
20,1989,MOL,EQ,813370,437088,53.74
20,1990,MOLBIO,EQ,1151166,260666,22.64
20,1991,MOLDTKPAC,EQ,104568,53489,51.15
20,1992,MOLOWVOL,EQ,2948,2285,77.51
20,1993,MOM100,EQ,137634,106093,77.08
20,1994,MOM30IETF,EQ,484119,354548,73.24
20,1995,MOM50,EQ,6571,5862,89.21
20,1996,MOMENTUM,EQ,85710,35690,41.64
20,1997,MOMENTUM30,EQ,23793,15366,64.58
20,1998,MOMENTUM50,EQ,382540,264915,69.25
20,1999,MOMETAL,EQ,27375,21096,77.06
20,2000,MOMGF,EQ,334,334,100.00
20,2001,MOMIDMTM,EQ,43227,37300,86.29
20,2002,MOMMIDCAP,EQ,1085442,1060724,97.72
20,2003,MOMNC,EQ,309,309,100.00
20,2004,MOMOMENTUM,EQ,68651,59203,86.24
20,2005,MON100,EQ,95399,95399,100.00
20,2006,MON50EQUAL,EQ,20729,20030,96.63
20,2007,MONARCH,EQ,193820,93610,48.30
20,2008,MONEXT50,EQ,1759,1303,74.08
20,2009,MONEYBOXX,EQ,9576,8974,93.71
20,2010,MONIFTY100,EQ,10061,7543,74.97
20,2011,MONIFTY500,EQ,237064,120155,50.68
20,2012,MONOLITH,SM,87250,59750,68.48
20,2013,MONOPHARMA,SM,2000,2000,100.00
20,2014,MONQ50,EQ,14181,14181,100.00
20,2015,MONTECARLO,EQ,96060,69420,72.27
20,2016,MOOILGAS,EQ,4450,3772,84.76
20,2017,MOPSE,EQ,1604,1474,91.90
20,2018,MOQUALITY,EQ,639,490,76.68
20,2019,MOREALTY,EQ,194287,101815,52.40
20,2020,MOREPENLAB,EQ,14619445,4461256,30.52
20,2021,MOS,ST,292000,276000,94.52
20,2022,MOSCHIP,EQ,17473565,2942525,16.84
20,2023,MOSERVICE,EQ,1798,1798,100.00
20,2024,MOSILVER,EQ,54592,11941,21.87
20,2025,MOSMALL250,EQ,503520,390996,77.65
20,2026,MOTHERSON,EQ,12301325,6220611,50.57
20,2027,MOTILALOFS,EQ,903803,381044,42.16
20,2028,MOTISONS,EQ,23481007,6105125,26.00
20,2029,MOTOUR,EQ,4556,3359,73.73
20,2030,MOVALUE,EQ,59255,31604,53.34
20,2031,MPEL,ST,3200,3200,100.00
20,2032,MPHASIS,EQ,136275,59060,43.34
20,2033,MPSLTD,EQ,16336,9731,59.57
20,2034,MRF,EQ,2084,1225,58.78
20,2035,MRPL,EQ,3267127,1104902,33.82
20,2036,MSCI360,EQ,18364,18344,99.89
20,2037,MSCIADD,EQ,576,198,34.38
20,2038,MSCIINDIA,EQ,15521,14126,91.01
20,2039,MSL,EQ,47,47,100.00
20,2040,MSPL,EQ,444753,260881,58.66
20,2041,MSTCLTD,EQ,215356,109871,51.02
20,2042,MSUMI,EQ,9513977,4843860,50.91
20,2043,MTNL,EQ,446896,244433,54.70
20,2044,MUFIN,EQ,480958,217920,45.31
20,2045,MUFTI,EQ,93626,71868,76.76
20,2046,MUKANDLTD,EQ,60318,38357,63.59
20,2047,MUKKA,EQ,354982,195226,55.00
20,2048,MULTICAP,EQ,59385,49317,83.05
20,2049,MUNISH,SM,127200,102000,80.19
20,2050,MUNJALAU,EQ,462444,199369,43.11
20,2051,MUNJALSHOW,EQ,10794,6957,64.45
20,2052,MURUDCERA,EQ,4805,4398,91.53
20,2053,MUTHOOTCAP,EQ,5446,3300,60.59
20,2054,MUTHOOTFIN,EQ,1120055,416120,37.15
20,2055,MUTHOOTMF,EQ,590236,338020,57.27
20,2056,MVELECTRO,EQ,14689330,1488172,10.13
20,2057,MVGJL,EQ,64608,32762,50.71
20,2058,MVKAGRO,SM,107100,77700,72.55
20,2059,MWL,EQ,187023,90040,48.14
20,2060,MYMUDRA,SM,18000,14400,80.00
20,2061,NACLIND,EQ,200406,83903,41.87
20,2062,NAGREEKCAP,EQ,3067,2199,71.70
20,2063,NAGREEKEXP,EQ,5505,4843,87.97
20,2064,NAHARCAP,EQ,1044,788,75.48
20,2065,NAHARINDUS,EQ,27875,14750,52.91
20,2066,NAHARPOLY,EQ,6568,4960,75.52
20,2067,NAHARSPING,EQ,14921,10855,72.75
20,2068,NAM-INDIA,EQ,1049814,605307,57.66
20,2069,NAMAN,SM,2400,2400,100.00
20,2070,NAMOEWASTE,ST,28000,28000,100.00
20,2071,NARMADA,EQ,300260,140628,46.84
20,2072,NATCAPSUQ,EQ,268991,114272,42.48
20,2073,NATCOPHARM,EQ,279220,139700,50.03
20,2074,NATHBIOGEN,EQ,17896,16333,91.27
20,2075,NATIONALUM,EQ,2903197,1296679,44.66
20,2076,NATIONSTD,EQ,39226,36748,93.68
20,2077,NAUKRI,EQ,982905,538802,54.82
20,2078,NAVA,EQ,186733,111202,59.55
20,2079,NAVINFLUOR,EQ,161439,80825,50.07
20,2080,NAVKARCORP,EQ,101043,66969,66.28
20,2081,NAVNETEDUL,EQ,50566,39996,79.10
20,2082,NAZARA,EQ,809757,397133,49.04
20,2083,NBCC,EQ,3405853,1463022,42.96
20,2084,NBIFIN,EQ,66,50,75.76
20,2085,NCC,EQ,4102590,1349707,32.90
20,2086,NCLIND,EQ,38756,19705,50.84
20,2087,NDGL,EQ,50,42,84.00
20,2088,NDL,EQ,1666013,1405202,84.35
20,2089,NDLVENTURE,EQ,9645,6559,68.00
20,2090,NDRAUTO,EQ,9618,5945,61.81
20,2091,NDTV,EQ,48551,24781,51.04
20,2092,NEAGI,EQ,99,99,100.00
20,2093,NECLIFE,EQ,1022442,686368,67.13
20,2094,NEELAM,SM,12000,12000,100.00
20,2095,NELCAST,EQ,311282,179639,57.71
20,2096,NELCO,EQ,521633,166223,31.87
20,2097,NEOCHEM,ST,31200,30000,96.15
20,2098,NEOGEN,EQ,128727,65132,50.60
20,2099,NEPHROCARE,SM,80000,66000,82.50
20,2100,NEPHROPLUS,EQ,114061,64777,56.79
20,2101,NEPTUNE,SM,1000,1000,100.00
20,2102,NESCO,EQ,24736,14373,58.11
20,2103,NESTLEIND,EQ,637066,349615,54.88
20,2104,NETF,EQ,1311,713,54.39
20,2105,NETWEB,EQ,2077974,291562,14.03
20,2106,NETWORK18,EQ,5882491,3539149,60.16
20,2107,NEULANDLAB,EQ,37696,18149,48.15
20,2108,NEWGEN,EQ,415158,140938,33.95
20,2109,NEWJAISA,ST,9000,9000,100.00
20,2110,NEXT30ADD,EQ,3788,2407,63.54
20,2111,NEXT50,EQ,16086,7380,45.88
20,2112,NEXT50ADD,EQ,4324,2488,57.54
20,2113,NEXT50BETA,EQ,224988,172524,76.68
20,2114,NEXT50ETF,EQ,19564,19001,97.12
20,2115,NEXT50IETF,EQ,273381,179624,65.70
20,2116,NEXTMEDIA,EQ,21424,18328,85.55
20,2117,NFL,EQ,430598,194524,45.18
20,2118,NFPSAMPOOR,SM,6000,6000,100.00
20,2119,NGIL,EQ,124146,81165,65.38
20,2120,NGLFINE,EQ,4203,1795,42.71
20,2121,NH,EQ,314326,175316,55.78
20,2122,NHIT,IV,175000,175000,100.00
20,2123,NHPC,EQ,7001214,2778208,39.68
20,2124,NIACL,EQ,615307,227394,36.96
20,2125,NIBE,EQ,31196,16365,52.46
20,2126,NIBL,EQ,13529,12534,92.65
20,2127,NICCOPAR,EQ,4054,2939,72.50
20,2128,NIDAN,SM,3000,3000,100.00
20,2129,NIF100BEES,EQ,24777,13214,53.33
20,2130,NIF100IETF,EQ,74967,42159,56.24
20,2131,NIFTY1,EQ,1073918,1009001,93.96
20,2132,NIFTY100EW,EQ,33598,19362,57.63
20,2133,NIFTYADD,EQ,4484,3566,79.53
20,2134,NIFTYAXIS,EQ,7675,3015,39.28
20,2135,NIFTYBEES,EQ,6648075,4877538,73.37
20,2136,NIFTYBETA,EQ,62830,43820,69.74
20,2137,NIFTYBETF,EQ,13560,13300,98.08
20,2138,NIFTYCASE,EQ,861269,581740,67.54
20,2139,NIFTYETF,EQ,49802,22885,45.95
20,2140,NIFTYIETF,EQ,375591,215942,57.49
20,2141,NIFTYJBLK,EQ,100108,84128,84.04
20,2142,NIFTYQLITY,EQ,54751,31033,56.68
20,2143,NIITLTD,EQ,611287,274994,44.99
20,2144,NIITMTS,EQ,112221,62555,55.74
20,2145,NIKITA,SM,2400,2400,100.00
20,2146,NILAINFRA,EQ,231587,168313,72.68
20,2147,NILASPACES,EQ,2111213,1039031,49.21
20,2148,NILE,EQ,3554,2437,68.57
20,2149,NILKAMAL,EQ,21992,9910,45.06
20,2150,NIMBSPROJ,EQ,92467,15734,17.02
20,2151,NINSYS,EQ,1081,760,70.31
20,2152,NIPPOBATRY,EQ,1244,812,65.27
20,2153,NIRAJ,EQ,25049,19446,77.63
20,2154,NIRAJISPAT,EQ,556,485,87.23
20,2155,NIRLON,EQ,5317,3387,63.70
20,2156,NIRMAN,SM,21900,15600,71.23
20,2157,NITCO,EQ,819938,234200,28.56
20,2158,NITINSPIN,EQ,77358,35875,46.38
20,2159,NITIRAJ,EQ,1329,893,67.19
20,2160,NITTAGELA,EQ,3613,2475,68.50
20,2161,NIVABUPA,EQ,196144,124099,63.27
20,2162,NKIND,EQ,5547,2461,44.37
20,2163,NLCINDIA,EQ,666043,374023,56.16
20,2164,NMDC,EQ,16189617,8048306,49.71
20,2165,NMSTEEL,SM,6400,4800,75.00
20,2166,NOCIL,EQ,847691,536039,63.24
20,2167,NOIDATOLL,EQ,36328,30895,85.04
20,2168,NORBTEAEXP,EQ,1136,698,61.44
20,2169,NORTHARC,EQ,4612806,2579683,55.92
20,2170,NOVARTIND,EQ,6478,3984,61.50
20,2171,NPBET,EQ,600,478,79.67
20,2172,NPST,EQ,20285,9747,48.05
20,2173,NRAIL,EQ,5884,3735,63.48
20,2174,NRBBEARING,EQ,246960,120829,48.93
20,2175,NRVANDANA,ST,12000,12000,100.00
20,2176,NSIL,EQ,1718,1054,61.35
20,2177,NSLNISP,EQ,86668492,16361459,18.88
20,2178,NTCIND,EQ,541,513,94.82
20,2179,NTPC,EQ,12911842,8494065,65.79
20,2180,NTPCGREEN,EQ,1161327,661723,56.98
20,2181,NUCLEUS,EQ,12856,7992,62.17
20,2182,NUVAMA,EQ,180923,97078,53.66
20,2183,NUVOCO,EQ,394709,184281,46.69
20,2184,NV20,EQ,27366,21715,79.35
20,2185,NV20BEES,EQ,19695,14521,73.73
20,2186,NV20IETF,EQ,331517,171406,51.70
20,2187,NXST,RR,284458,248554,87.38
20,2188,NXT-INFRA,IV,2500000,2500000,100.00
20,2189,NYKAA,EQ,1530501,817192,53.39
20,2190,OAL,EQ,565331,112218,19.85
20,2191,OBCL,EQ,3976,3445,86.64
20,2192,OBEROIRLTY,EQ,270326,140222,51.87
20,2193,OBSCP,SM,26800,19200,71.64
20,2194,ODIGMA,EQ,11102,7425,66.88
20,2195,ODYCORP,EQ,52084,45720,87.78
20,2196,OFSS,EQ,186762,89437,47.89
20,2197,OIL,EQ,1445687,812260,56.19
20,2198,OILIETF,EQ,1001196,736141,73.53
20,2199,OLAELEC,EQ,17733163,5001629,28.20
20,2200,OLECTRA,EQ,216139,90011,41.64
20,2201,OLIL,SM,6800,4400,64.71
20,2202,OMAXAUTO,EQ,38392,23691,61.71
20,2203,OMAXE,EQ,4979734,870020,17.47
20,2204,OMINFRAL,EQ,48931,24303,49.67
20,2205,OMNI,EQ,237985,77942,32.75
20,2206,OMPOWER,EQ,84420,58875,69.74
20,2207,ONDOOR,SM,14100,6900,48.94
20,2208,ONEGLOBAL,EQ,8373,6282,75.03
20,2209,ONEPOINT,EQ,750084,223385,29.78
20,2210,ONESOURCE,EQ,315066,185796,58.97
20,2211,ONGC,EQ,11219541,7047453,62.81
20,2212,ONIDA,EQ,366341,303986,82.98
20,2213,ONIXSOLAR,EQ,350922,219873,62.66
20,2214,ONWARDTEC,EQ,39930,22791,57.08
20,2215,ONYX,ST,8000,8000,100.00
20,2216,OPTIEMUS,EQ,121096,58931,48.66
20,2217,OPTIFIN,EQ,50770,41993,82.71
20,2218,OPTIMYSTIX,ST,64000,61600,96.25
20,2219,OPTIVALUE,ST,14400,11200,77.78
20,2220,ORCHASP,EQ,239511,176041,73.50
20,2221,ORCHPHARMA,EQ,177784,85384,48.03
20,2222,ORIANA,SM,32100,21675,67.52
20,2223,ORICONENT,EQ,23280,18357,78.85
20,2224,ORIENTALTL,EQ,54620,34227,62.66
20,2225,ORIENTBELL,EQ,37203,28908,77.70
20,2226,ORIENTCEM,EQ,105869,56663,53.52
20,2227,ORIENTCER,EQ,150649,71785,47.65
20,2228,ORIENTELEC,EQ,230617,116855,50.67
20,2229,ORIENTHOT,EQ,831862,455687,54.78
20,2230,ORIENTPPR,EQ,119793,77022,64.30
20,2231,ORIENTTECH,EQ,58999,25678,43.52
20,2232,ORIRAIL,EQ,128112,68188,53.23
20,2233,ORISSAMINE,EQ,7028,3418,48.63
20,2234,ORKLAINDIA,EQ,407447,239492,58.78
20,2235,ORTINGLOBE,EQ,4209,3368,80.02
20,2236,OSELDEVICE,SM,10200,9000,88.24
20,2237,OSWALAGRO,EQ,14188,11046,77.85
20,2238,OSWALGREEN,EQ,102763,63636,61.93
20,2239,OSWALPUMPS,EQ,235063,104921,44.64
20,2240,OSWALSEEDS,EQ,50780,38112,75.05
20,2241,OWAIS,ST,98500,95200,96.65
20,2242,PACEDIGITK,EQ,285578,141651,49.60
20,2243,PACIFICI,EQ,651,382,58.68
20,2244,PAGEIND,EQ,28033,12997,46.36
20,2245,PAISALO,EQ,4630410,2645167,57.13
20,2246,PAKKA,EQ,111632,80195,71.84
20,2247,PALASHSECU,EQ,3706,2122,57.26
20,2248,PANACEABIO,EQ,65254,38333,58.74
20,2249,PANAMAPET,EQ,291022,111251,38.23
20,2250,PANORAMA,EQ,255386,169109,66.22
20,2251,PANSARI,EQ,17,11,64.71
20,2252,PAR,EQ,10240,10052,98.16
20,2253,PARACABLES,EQ,1875208,1208355,64.44
20,2254,PARADEEP,EQ,4038004,1358853,33.65
20,2255,PARAGMILK,EQ,743453,291865,39.26
20,2256,PARAGON,SM,14400,13200,91.67
20,2257,PARAMOUNT,SM,4800,4800,100.00
20,2258,PARAS,EQ,613310,225920,36.84
20,2259,PARASPETRO,EQ,292645,116983,39.97
20,2260,PARIN,SM,3000,2250,75.00
20,2261,PARKHOSPS,EQ,576513,323067,56.04
20,2262,PARKHOTELS,EQ,214064,144623,67.56
20,2263,PARNAXLAB,EQ,1460,1436,98.36
20,2264,PARTH,SM,7600,6000,78.95
20,2265,PARTYCRUS,SM,1000,1000,100.00
20,2266,PASHUPATI,EQ,11357,8048,70.86
20,2267,PATANJALI,EQ,1056545,483026,45.72
20,2268,PATELENG,EQ,4636446,1833638,39.55
20,2269,PATELRMART,EQ,74789,34313,45.88
20,2270,PATILAUTOM,SM,56400,37800,67.02
20,2271,PAUSHAKLTD,EQ,7797,4990,64.00
20,2272,PAVNAIND,EQ,348252,346928,99.62
20,2273,PAYTM,EQ,3395055,1813702,53.42
20,2274,PBMPOLY,EQ,65,64,98.46
20,2275,PCBL,EQ,455268,214286,47.07
20,2276,PCCL,SM,64000,54000,84.38
20,2277,PCJEWELLER,EQ,332871058,51184696,15.38
20,2278,PDMJEPAPER,EQ,121080,53038,43.80
20,2279,PDSL,EQ,95276,57914,60.79
20,2280,PEARLPOLY,EQ,14297,9689,67.77
20,2281,PELATRO,SM,11400,11100,97.37
20,2282,PENIND,EQ,725935,336005,46.29
20,2283,PENTAGON,SM,4000,3000,75.00
20,2284,PERFECT,SZ,3000,3000,100.00
20,2285,PERMAGN,EQ,2080,1302,62.60
20,2286,PERSISTENT,EQ,191424,69063,36.08
20,2287,PETRONET,EQ,1988032,1260055,63.38
20,2288,PFC,EQ,12745960,7000730,54.93
20,2289,PFIZER,EQ,20922,11378,54.38
20,2290,PFOCUS,EQ,403749,178494,44.21
20,2291,PFS,EQ,423965,354467,83.61
20,2292,PGEL,EQ,1069342,276125,25.82
20,2293,PGHH,EQ,7803,3845,49.28
20,2294,PGHL,EQ,9113,4916,53.94
20,2295,PGIL,EQ,58387,25774,44.14
20,2296,PGINVIT,IV,1376496,1237339,89.89
20,2297,PHANTOMFX,SM,19800,17100,86.36
20,2298,PHARMABEES,EQ,3327348,1918713,57.66
20,2299,PHOENIXLTD,EQ,469493,286349,60.99
20,2300,PHOENXINTL,EQ,928,795,85.67
20,2301,PHOGLOBAL,SM,4000,4000,100.00
20,2302,PICCADIL,EQ,107744,56613,52.54
20,2303,PIDILITIND,EQ,852620,574328,67.36
20,2304,PIGL,EQ,23137,14111,60.99
20,2305,PIIND,EQ,107358,49154,45.79
20,2306,PILANIINVS,EQ,1684,1169,69.42
20,2307,PILITA,EQ,86576,78150,90.27
20,2308,PINELABS,EQ,31650500,10319298,32.60
20,2309,PIONEEREMB,EQ,2199,2199,100.00
20,2310,PIRAMALFIN,EQ,322634,157866,48.93
20,2311,PITTIENG,EQ,153159,73215,47.80
20,2312,PIXTRANS,EQ,28376,14435,50.87
20,2313,PKTEA,EQ,80,47,58.75
20,2314,PLASTIBLEN,EQ,16361,9697,59.27
20,2315,PLATIND,EQ,146353,82511,56.38
20,2316,PLAZACABLE,EQ,46229,26260,56.80
20,2317,PML,EQ,262,214,81.68
20,2318,PNB,EQ,10955188,5369213,49.01
20,2319,PNBGILTS,EQ,265347,153028,57.67
20,2320,PNBHOUSING,EQ,388513,208697,53.72
20,2321,PNC,EQ,3159,2141,67.77
20,2322,PNCINFRA,EQ,360275,195048,54.14
20,2323,PNGJL,EQ,552777,294868,53.34
20,2324,PNGSREVA,EQ,127409,56741,44.53
20,2325,POCL,EQ,317241,156048,49.19
20,2326,PODDARMENT,EQ,2808,2384,84.90
20,2327,POEL,EQ,11911,9113,76.51
20,2328,POKARNA,EQ,31056,18633,60.00
20,2329,POLICYBZR,EQ,1734864,1174886,67.72
20,2330,POLYCAB,EQ,477929,212956,44.56
20,2331,POLYMED,EQ,109590,45519,41.54
20,2332,POLYPLEX,EQ,43298,28410,65.62
20,2333,POLYSIL,SM,59000,49500,83.90
20,2334,POLYSPIN,EQ,114,102,89.47
20,2335,PONNIERODE,EQ,52604,25226,47.95
20,2336,POONAWALLA,EQ,1434979,941086,65.58
20,2337,POSITRON,SM,2400,2100,87.50
20,2338,POWERGRID,EQ,7118715,3841063,53.96
20,2339,POWERICA,EQ,108857,66688,61.26
20,2340,POWERINDIA,EQ,87939,26388,30.01
20,2341,POWERMECH,EQ,49931,28891,57.86
20,2342,PPLPHARMA,EQ,4647834,1975595,42.51
20,2343,PPSL,SM,63000,51000,80.95
20,2344,PRABHA,EQ,81746,43977,53.80
20,2345,PRAENG,EQ,11024,10051,91.17
20,2346,PRAJIND,EQ,783561,425549,54.31
20,2347,PRAKASH,EQ,241618,123096,50.95
20,2348,PRAKASHSTL,EQ,96363,74043,76.84
20,2349,PRAMARA,SM,9000,7000,77.78
20,2350,PRAMODINI,ST,56400,55200,97.87
20,2351,PRANIK,SM,6400,6400,100.00
20,2352,PRATHAM,SM,5200,4800,92.31
20,2353,PRAVEG,EQ,414062,215051,51.94
20,2354,PRAXIS,EQ,137214,128795,93.86
20,2355,PRECAM,EQ,131571,69943,53.16
20,2356,PRECISION,ST,8000,8000,100.00
20,2357,PRECOT,EQ,1662,988,59.45
20,2358,PRECWIRE,EQ,350769,148404,42.31
20,2359,PREMCO,EQ,381,335,87.93
20,2360,PREMEXPLN,EQ,83749,51790,61.84
20,2361,PREMIERENE,EQ,1498122,530679,35.42
20,2362,PREMIERPOL,EQ,830116,324417,39.08
20,2363,PRESSTONIC,SM,36800,32000,86.96
20,2364,PRESTIGE,EQ,264298,114910,43.48
20,2365,PRICOLLTD,EQ,441982,271928,61.52
20,2366,PRIMECAB,ST,27200,20800,76.47
20,2367,PRIMESECU,EQ,5727,3408,59.51
20,2368,PRIMO,EQ,104515,60758,58.13
20,2369,PRINCEPIPE,EQ,330658,180590,54.62
20,2370,PRISMX,EQ,83271,74583,89.57
20,2371,PRITIKA,SM,18000,18000,100.00
20,2372,PRIVISCL,EQ,27749,19130,68.94
20,2373,PRIZOR,ST,37200,36800,98.92
20,2374,PRLIND,SM,26000,15000,57.69
20,2375,PROFX,SM,1600,1600,100.00
20,2376,PROLIFE,SM,500,500,100.00
20,2377,PROPSHOP,SM,40000,28000,70.00
20,2378,PROSTARM,EQ,124540,61029,49.00
20,2379,PROTEAN,EQ,244683,153366,62.68
20,2380,PROV,SM,160,160,100.00
20,2381,PROZONER,EQ,253149,147820,58.39
20,2382,PRSMJOHNSN,EQ,370685,158417,42.74
20,2383,PRUDENT,EQ,60513,27244,45.02
20,2384,PSB,EQ,1461842,444853,30.43
20,2385,PSFL,SM,2000,2000,100.00
20,2386,PSPPROJECT,EQ,23261,14148,60.82
20,2387,PSRAJ,ST,15000,12500,83.33
20,2388,PSUBANK,EQ,791438,663796,83.87
20,2389,PSUBANKADD,EQ,34081,17778,52.16
20,2390,PSUBNKBEES,EQ,1126383,630152,55.94
20,2391,PSUBNKIETF,EQ,63484,38263,60.27
20,2392,PTC,EQ,711786,404997,56.90
20,2393,PTCIL,EQ,16310,5235,32.10
20,2394,PTL,EQ,24028,17127,71.28
20,2395,PULZ,SM,12000,12000,100.00
20,2396,PUNJABCHEM,EQ,2654,1628,61.34
20,2397,PURPLEUTED,ST,28250,28250,100.00
20,2398,PURVA,EQ,139252,63967,45.94
20,2399,PURVFLEXI,SM,9600,9600,100.00
20,2400,PUSHPA,SM,9000,8000,88.89
20,2401,PVP,EQ,6580316,2386078,36.26
20,2402,PVRINOX,EQ,431393,272198,63.10
20,2403,PVSL,EQ,28688,17910,62.43
20,2404,PVTBANIETF,EQ,2224292,1597780,71.83
20,2405,PVTBANK,EQ,37160,36350,97.82
20,2406,PVTBANKADD,EQ,121002,97425,80.52
20,2407,PVTBKGROWW,EQ,52090,28320,54.37
20,2408,PWL,EQ,8276711,2299369,27.78
20,2409,PYRAMID,EQ,52418,26279,50.13
20,2410,QGOLDHALF,EQ,266948,96161,36.02
20,2411,QLINE,SM,74800,51600,68.98
20,2412,QNIFTY,EQ,10992,9472,86.17
20,2413,QPOWER,EQ,224360,163297,72.78
20,2414,QUADFUTURE,EQ,1763494,326575,18.52
20,2415,QUAL30IETF,EQ,241818,221673,91.67
20,2416,QUALITY30,EQ,8127,5884,72.40
20,2417,QUESS,EQ,607375,236006,38.86
20,2418,QUESTLAB,SM,192000,188400,98.13
20,2419,QUICKTOUCH,SM,10000,10000,100.00
20,2420,QUINT,EQ,13432,10429,77.64
20,2421,QVCEL,SM,4800,4800,100.00
20,2422,RACE,EQ,3586,2779,77.50
20,2423,RACLGEAR,EQ,29003,14869,51.27
20,2424,RADAAN,EQ,12988,4652,35.82
20,2425,RADHIKAJWE,EQ,888439,259815,29.24
20,2426,RADIANTCMS,EQ,367982,239426,65.06
20,2427,RADICO,EQ,212632,129357,60.84
20,2428,RADIOCITY,EQ,31627,27927,88.30
20,2429,RADIOWALLA,ST,1600,1600,100.00
20,2430,RAILTEL,EQ,291964,122029,41.80
20,2431,RAIN,EQ,2796963,1341510,47.96
20,2432,RAINBOW,EQ,69440,39140,56.37
20,2433,RAJINDLTD,SM,22500,22500,100.00
20,2434,RAJMET,EQ,1031559,671017,65.05
20,2435,RAJPALAYAM,EQ,385,371,96.36
20,2436,RAJRATAN,EQ,70021,36076,51.52
20,2437,RAJSREESUG,EQ,91732,60128,65.55
20,2438,RAJTV,EQ,11911,6470,54.32
20,2439,RALLIS,EQ,412837,250917,60.78
20,2440,RAMANEWS,EQ,32254,23590,73.14
20,2441,RAMAPHO,EQ,30254,21233,70.18
20,2442,RAMBHAJO,EQ,16411137,956103,5.83
20,2443,RAMCOCEM,EQ,706106,351251,49.74
20,2444,RAMCOIND,EQ,114445,42588,37.21
20,2445,RAMCOSYS,EQ,100913,43814,43.42
20,2446,RAMKY,EQ,36363,19131,52.61
20,2447,RAMRAT,EQ,3785377,499032,13.18
20,2448,RANASUG,EQ,513788,334574,65.12
20,2449,RANEHOLDIN,EQ,8041,3884,48.30
20,2450,RAPIDFLEET,SM,24600,7200,29.27
20,2451,RAPPID,SM,1200,1200,100.00
20,2452,RATEGAIN,EQ,344863,176749,51.25
20,2453,RATNAMANI,EQ,121827,24287,19.94
20,2454,RATNAVEER,EQ,7098522,1525719,21.49
20,2455,RAYMOND,EQ,342690,152725,44.57
20,2456,RAYMONDLSL,EQ,220397,121092,54.94
20,2457,RAYMONDREL,EQ,130850,55803,42.65
20,2458,RBA,EQ,4278593,1902938,44.48
20,2459,RBLBANK,EQ,1606356,761084,47.38
20,2460,RBMINFRA,SM,9800,7600,77.55
20,2461,RBS,SM,16000,8000,50.00
20,2462,RBZJEWEL,EQ,90071,47899,53.18
20,2463,RCDL,SM,48000,33000,68.75
20,2464,RCF,EQ,704727,333491,47.32
20,2465,READYMIX,SM,33000,20000,60.61
20,2466,RECLTD,EQ,6223407,3355656,53.92
20,2467,REDINGTON,EQ,3395377,1198734,35.30
20,2468,REDTAPE,EQ,503927,214254,42.52
20,2469,REFEX,EQ,347748,162927,46.85
20,2470,REFRACTORY,SM,3000,3000,100.00
20,2471,REGAAL,EQ,227821,134081,58.85
20,2472,REGENCERAM,EQ,3706,3403,91.82
20,2473,RELAXO,EQ,221407,94954,42.89
20,2474,RELCHEMQ,EQ,821,548,66.75
20,2475,RELIABLE,EQ,62620,29427,46.99
20,2476,RELIANCE,EQ,11271497,6282905,55.74
20,2477,RELIGARE,EQ,582315,320113,54.97
20,2478,RELTD,EQ,84687,42243,49.88
20,2479,REMSONSIND,EQ,46303,24189,52.24
20,2480,REMUS,SM,5200,4100,78.85
20,2481,RENUKA,EQ,17586067,5296295,30.12
20,2482,REPCOHOME,EQ,160112,77836,48.61
20,2483,REPRO,EQ,15925,12195,76.58
20,2484,RESPONIND,EQ,279092,77535,27.78
20,2485,RETAIL,EQ,1927,1177,61.08
20,2486,RGL,EQ,10152479,1478111,14.56
20,2487,RHETAN,EQ,13706911,1812483,13.22
20,2488,RHIM,EQ,282303,139861,49.54
20,2489,RHL,EQ,1991,1893,95.08
20,2490,RICHA,ST,1000,1000,100.00
20,2491,RICOAUTO,EQ,868806,285669,32.88
20,2492,RIIL,EQ,31756,12396,39.04
20,2493,RIIT,IV,120546,106940,88.71
20,2494,RILINFRA,SM,3200,2600,81.25
20,2495,RIR,EQ,92180,47007,50.99
20,2496,RISHABH,EQ,139748,61152,43.76
20,2497,RITCO,EQ,47535,22926,48.23
20,2498,RITES,EQ,157885,87534,55.44
20,2499,RKDL,EQ,19865,12438,62.61
20,2500,RKEC,EQ,32945,22998,69.81
20,2501,RKFORGE,EQ,576114,319531,55.46
20,2502,RKSWAMY,EQ,48023,40208,83.73
20,2503,RMC,EQ,39639,24158,60.95
20,2504,RML,EQ,22508,13222,58.74
20,2505,RNBDENIMS,EQ,284132,256164,90.16
20,2506,RNFI,SM,81000,60600,74.81
20,2507,RNPL,SM,10800,2400,22.22
20,2508,ROCKINGDCE,SM,11250,7500,66.67
20,2509,ROCKPP,E1,5000,5000,100.00
20,2510,ROHLTD,EQ,9004,6849,76.07
20,2511,ROLEXRINGS,EQ,1114798,475894,42.69
20,2512,ROML,EQ,12924,9161,70.88
20,2513,ROSSARI,EQ,21341,11161,52.30
20,2514,ROSSELLIND,EQ,2432924,992147,40.78
20,2515,ROSSTECH,EQ,250599,104088,41.54
20,2516,ROTO,EQ,139044,63882,45.94
20,2517,ROUTE,EQ,220945,70160,31.75
20,2518,ROXHITECH,SM,16000,14400,90.00
20,2519,ROYALARC,SM,3600,3600,100.00
20,2520,RPEL,EQ,94129,53375,56.70
20,2521,RPGLIFE,EQ,5515,2771,50.24
20,2522,RPOWER,EQ,11093761,3109620,28.03
20,2523,RPPINFRA,EQ,535308,520724,97.28
20,2524,RPSGVENT,EQ,9070,6617,72.95
20,2525,RPTECH,EQ,401788,151783,37.78
20,2526,RRECL,EQ,12,12,100.00
20,2527,RRIL,EQ,10008,5306,53.02
20,2528,RRKABEL,EQ,773963,395849,51.15
20,2529,RSL,EQ,1772814,503533,28.40
20,2530,RSSOFTWARE,EQ,66301,45455,68.56
20,2531,RSYSTEMS,EQ,206236,92727,44.96
20,2532,RTNINDIA,EQ,1230141,644277,52.37
20,2533,RTNPOWER,EQ,13450323,5920846,44.02
20,2534,RTSPOWR,EQ,6949,6705,96.49
20,2535,RUBFILA,EQ,18575,16347,88.01
20,2536,RUBICON,EQ,379324,153826,40.55
20,2537,RUCHINFRA,EQ,27190,19765,72.69
20,2538,RUCHIRA,EQ,17057,10581,62.03
20,2539,RUDRA,EQ,721765,578394,80.14
20,2540,RULKA,SM,34500,20100,58.26
20,2541,RUPA,EQ,64113,42933,66.96
20,2542,RUSHIL,EQ,205707,114338,55.58
20,2543,RUSTOMJEE,EQ,23977,12966,54.08
20,2544,RVHL,EQ,18438,16570,89.87
20,2545,RVNL,EQ,4589569,1776655,38.71
20,2546,RVTH,EQ,108,88,81.48
20,2547,S&SPOWER,EQ,3117,2291,73.50
20,2548,SAAKSHI,ST,1200,1200,100.00
20,2549,SAATVIKGL,EQ,46407,29221,62.97
20,2550,SAB,EQ,101,101,100.00
20,2551,SABAR,SM,30000,30000,100.00
20,2552,SACHEEROME,SM,6600,4200,63.64
20,2553,SADBHAV,EQ,287558,245746,85.46
20,2554,SADHAV,SM,13200,9600,72.73
20,2555,SAFARI,EQ,48118,26469,55.01
20,2556,SAFEENTP,SM,37000,33500,90.54
20,2557,SAGARDEEP,EQ,33589,24900,74.13
20,2558,SAGCEM,EQ,14441,8481,58.73
20,2559,SAGILITY,EQ,38898220,18474770,47.50
20,2560,SAHAJSOLAR,SM,10400,7600,73.08
20,2561,SAHANA,SM,21000,14550,69.29
20,2562,SAHASRA,ST,85200,84000,98.59
20,2563,SAHLIBHFI,EQ,7785,7742,99.45
20,2564,SAHYADRI,EQ,7367,3937,53.44
20,2565,SAICAPI,EQ,232,195,84.05
20,2566,SAIFL,SM,200000,160000,80.00
20,2567,SAIL,EQ,41844533,16855087,40.28
20,2568,SAILIFE,EQ,431944,251963,58.33
20,2569,SAIPARENT,EQ,234900,93136,39.65
20,2570,SAJHOTELS,ST,6000,6000,100.00
20,2571,SAKAR,EQ,79776,42385,53.13
20,2572,SAKHTISUG,EQ,345589,193401,55.96
20,2573,SAKSOFT,EQ,127771,75908,59.41
20,2574,SAKUMA,EQ,2753012,1507038,54.74
20,2575,SALASAR,EQ,1996275,1472796,73.78
20,2576,SALONA,EQ,7827,3353,42.84
20,2577,SALSTEEL,EQ,617914,102011,16.51
20,2578,SALZERELEC,EQ,68041,36202,53.21
20,2579,SAMBANDAM,EQ,2163,1116,51.60
20,2580,SAMBHAAV,EQ,64358,42880,66.63
20,2581,SAMBHV,EQ,831851,455266,54.73
20,2582,SAMHI,EQ,1226286,850281,69.34
20,2583,SAMMAANCAP,EQ,5696106,3006896,52.79
20,2584,SAMPANN,EQ,12017,10381,86.39
20,2585,SANATHAN,EQ,9780,4908,50.18
20,2586,SANDESH,EQ,351,239,68.09
20,2587,SANDHAR,EQ,130633,67392,51.59
20,2588,SANDUMA,EQ,726534,321460,44.25
20,2589,SANGAMIND,EQ,36440,20377,55.92
20,2590,SANGANI,SM,6000,6000,100.00
20,2591,SANGHVIMOV,EQ,387376,219751,56.73
20,2592,SANOFI,EQ,15305,8316,54.34
20,2593,SANOFICONR,EQ,1480,956,64.59
20,2594,SANSERA,EQ,81562,37419,45.88
20,2595,SANSTAR,EQ,129899,57764,44.47
20,2596,SAPPHIRE,EQ,2247967,924607,41.13
20,2597,SAPPL,EQ,274,222,81.02
20,2598,SARDAEN,EQ,161484,86641,53.65
20,2599,SAREGAMA,EQ,469479,209054,44.53
20,2600,SARLAPOLY,EQ,20491,12008,58.60
20,2601,SAROJA,SM,11200,8000,71.43
20,2602,SARTELE,SM,113500,86500,76.21
20,2603,SARVESHWAR,EQ,782302,580810,74.24
20,2604,SASKEN,EQ,9015,4816,53.42
20,2605,SATECH,SM,27000,23000,85.19
20,2606,SATIA,EQ,160572,91379,56.91
20,2607,SATIN,EQ,246686,93582,37.94
20,2608,SATIPOLY,ST,3000,3000,100.00
20,2609,SATKARTAR,SM,31200,26400,84.62
20,2610,SATTVAENGG,SM,22400,19200,85.71
20,2611,SAURASHCEM,EQ,164766,85040,51.61
20,2612,SAVY,SM,15600,10800,69.23
20,2613,SAWALIYA,SM,173400,103800,59.86
20,2614,SAYAJIHOTL,EQ,8,5,62.50
20,2615,SAYAJIIND,EQ,102,102,100.00
20,2616,SBC,EQ,8469794,2610107,30.82
20,2617,SBCL,EQ,342146,174588,51.03
20,2618,SBFC,EQ,6843021,2127832,31.09
20,2619,SBGLP,EQ,21293,15789,74.15
20,2620,SBIBPB,EQ,32106,20441,63.67
20,2621,SBICARD,EQ,1739414,1047149,60.20
20,2622,SBIETFCON,EQ,2199,1623,73.81
20,2623,SBIETFIT,EQ,7232,4807,66.47
20,2624,SBIETFPB,EQ,5598,5226,93.35
20,2625,SBIETFQLTY,EQ,412,257,62.38
20,2626,SBIFUNDS,EQ,1745658,1014927,58.14
20,2627,SBILIFE,EQ,941103,586874,62.36
20,2628,SBILIQETF,EQ,99598,92929,93.30
20,2629,SBIMIDMOM,EQ,43378,40079,92.39
20,2630,SBIN,EQ,4788716,2693387,56.24
20,2631,SBINEQWETF,EQ,20165,18794,93.20
20,2632,SBINMID150,EQ,25193,24010,95.30
20,2633,SBISILVER,EQ,1233872,508967,41.25
20,2634,SBISMLETF,EQ,86035,82628,96.04
20,2635,SBIVALETF,EQ,10723,10372,96.73
20,2636,SCHAEFFLER,EQ,75168,53561,71.26
20,2637,SCHAND,EQ,22971,16777,73.04
20,2638,SCHNEIDER,EQ,302871,159555,52.68
20,2639,SCI,EQ,3800765,1173091,30.86
20,2640,SCILAL,EQ,120058,65065,54.19
20,2641,SCL190325A,N1,10,10,100.00
20,2642,SCLZC26C,NB,1,1,100.00
20,2643,SCML,SM,17000,15000,88.24
20,2644,SCODATUBES,EQ,226996,112565,49.59
20,2645,SDBL,EQ,337962,181250,53.63
20,2646,SDREAMS,SM,9000,5000,55.56
20,2647,SEAMECLTD,EQ,76118,45579,59.88
20,2648,SECMARK,EQ,14,7,50.00
20,2649,SECURKLOUD,EQ,6298,5084,80.72
20,2650,SEDEMAC,EQ,77550,34768,44.83
20,2651,SEIL,EQ,329879,278821,84.52
20,2652,SEITINVIT,IV,25000,25000,100.00
20,2653,SEJALLTD,EQ,3143,2119,67.42
20,2654,SEKURITIND,EQ,23587,15731,66.69
20,2655,SEL,SM,3400,2400,70.59
20,2656,SELECTIPO,EQ,60280,59062,97.98
20,2657,SELMC,EQ,12252,9676,78.97
20,2658,SEMAC,EQ,243,191,78.60
20,2659,SENCO,EQ,378231,172675,45.65
20,2660,SENORES,EQ,172487,85453,49.54
20,2661,SENSEXADD,EQ,434,353,81.34
20,2662,SENSEXAXIS,EQ,31026,22762,73.36
20,2663,SENSEXBETA,EQ,2688,2471,91.93
20,2664,SENSEXETF,EQ,42120,20515,48.71
20,2665,SENSEXIETF,EQ,6297,5244,83.28
20,2666,SEPC,EQ,50238318,12430766,24.74
20,2667,SERVICE,SM,12000,12000,100.00
20,2668,SERVOTECH,EQ,238961,118312,49.51
20,2669,SESHAPAPER,EQ,26016,11504,44.22
20,2670,SETF10GILT,EQ,1582,965,61.00
20,2671,SETFGOLD,EQ,6934038,2817293,40.63
20,2672,SETFNIF50,EQ,1214237,1003538,82.65
20,2673,SETFNIFBK,EQ,14216,8124,57.15
20,2674,SETFNN50,EQ,32228,18903,58.65
20,2675,SETL,EQ,497377,371004,74.59
20,2676,SFL,EQ,80080,47209,58.95
20,2677,SFML,SM,3200,1600,50.00
20,2678,SGBAPR28I,GB,144,79,54.86
20,2679,SGBAUG27,GB,257,106,41.25
20,2680,SGBAUG28V,GB,1724,943,54.70
20,2681,SGBAUG29V,GB,160,73,45.63
20,2682,SGBAUG30,GB,352,274,77.84
20,2683,SGBD29VIII,GB,333,183,54.95
20,2684,SGBDC27VII,GB,16,9,56.25
20,2685,SGBDE30III,GB,295,164,55.59
20,2686,SGBDE31III,GB,3284,1903,57.95
20,2687,SGBDEC26,GB,20,19,95.00
20,2688,SGBFEB27,GB,7,7,100.00
20,2689,SGBFEB28IX,GB,14,14,100.00
20,2690,SGBFEB29XI,GB,291,180,61.86
20,2691,SGBFEB32IV,GB,3286,1781,54.20
20,2692,SGBJAN29IX,GB,615,499,81.14
20,2693,SGBJAN29X,GB,26,20,76.92
20,2694,SGBJAN30IX,GB,125,75,60.00
20,2695,SGBJU29III,GB,114,80,70.18
20,2696,SGBJUL28IV,GB,340,169,49.71
20,2697,SGBJUL29IV,GB,218,155,71.10
20,2698,SGBJUN27,GB,49,16,32.65
20,2699,SGBJUN28,GB,55,33,60.00
20,2700,SGBJUN29II,GB,169,127,75.15
20,2701,SGBJUN30,GB,345,198,57.39
20,2702,SGBJUN31I,GB,807,449,55.64
20,2703,SGBMAR28X,GB,139,133,95.68
20,2704,SGBMAR30X,GB,356,223,62.64
20,2705,SGBMAR31IV,GB,174,112,64.37
20,2706,SGBMAY28,GB,212,160,75.47
20,2707,SGBMAY29I,GB,624,419,67.15
20,2708,SGBMR29XII,GB,565,377,66.73
20,2709,SGBN28VIII,GB,259,151,58.30
20,2710,SGBNOV26,GB,8,7,87.50
20,2711,SGBNV29VII,GB,193,137,70.98
20,2712,SGBOC28VII,GB,108,76,70.37
20,2713,SGBOCT26,GB,102,51,50.00
20,2714,SGBOCT27,GB,15,15,100.00
20,2715,SGBOCT27VI,GB,6,6,100.00
20,2716,SGBSEP27,GB,304,200,65.79
20,2717,SGBSEP28VI,GB,165,126,76.36
20,2718,SGBSEP29VI,GB,229,173,75.55
20,2719,SGBSEP31II,GB,1605,1106,68.91
20,2720,SGFIN,EQ,177629,99861,56.22
20,2721,SGIL,EQ,20282,15833,78.06
20,2722,SGL,EQ,8802,4299,48.84
20,2723,SGLRES,EQ,24319,21716,89.30
20,2724,SGMART,EQ,542016,318882,58.83
20,2725,SGRL,EQ,3407,2252,66.10
20,2726,SHADOWFAX,EQ,4055797,1841074,45.39
20,2727,SHAH,EQ,43893037,18816045,42.87
20,2728,SHAHALLOYS,EQ,213584,153257,71.75
20,2729,SHAILY,EQ,114517,51794,45.23
20,2730,SHAKTIPUMP,EQ,361174,146333,40.52
20,2731,SHALBY,EQ,50336,26003,51.66
20,2732,SHANKARA,EQ,55600,43476,78.19
20,2733,SHANKESH,EQ,4656197,1340359,28.79
20,2734,SHANTHALA,SM,6000,6000,100.00
20,2735,SHANTI,EQ,14368,12143,84.51
20,2736,SHANTIGEAR,EQ,273195,57009,20.87
20,2737,SHANTIGOLD,EQ,8500484,3117433,36.67
20,2738,SHARDACROP,EQ,190071,90171,47.44
20,2739,SHARDAMOTR,EQ,29628,14518,49.00
20,2740,SHAREINDIA,EQ,116849,56496,48.35
20,2741,SHARIABEES,EQ,3881,2910,74.98
20,2742,SHBAJRG,EQ,4323,3881,89.78
20,2743,SHEETAL,SM,8500,5500,64.71
20,2744,SHERA,SM,22000,14000,63.64
20,2745,SHERVANI,EQ,54,54,100.00
20,2746,SHETHJI,ST,11000,10000,90.91
20,2747,SHIGAN,SM,4500,4500,100.00
20,2748,SHILCTECH,EQ,36592,17872,48.84
20,2749,SHILGRAVQ,EQ,725,701,96.69
20,2750,SHILPAMED,EQ,2274142,1047149,46.05
20,2751,SHINDL,EQ,217350,17448,8.03
20,2752,SHIPROCKET,EQ,6410001,2085635,32.54
20,2753,SHIVAAGRO,EQ,441,256,58.05
20,2754,SHIVACEM,EQ,21023,18654,88.73
20,2755,SHIVAMILLS,EQ,115,115,100.00
20,2756,SHIVASHRIT,SM,53000,35000,66.04
20,2757,SHIVATEX,EQ,6103,2969,48.65
20,2758,SHIVAUM,EQ,1264,963,76.19
20,2759,SHK,EQ,315780,175801,55.67
20,2760,SHKSIL,SM,22000,18000,81.82
20,2761,SHOPERSTOP,EQ,29552,17362,58.75
20,2762,SHRADDHA,EQ,7787,6649,85.39
20,2763,SHRADHA,EQ,17461,14126,80.90
20,2764,SHREDIGCEM,EQ,228970,140096,61.19
20,2765,SHREECEM,EQ,11780,5469,46.43
20,2766,SHREEJISPG,EQ,692051,273387,39.50
20,2767,SHREEKARNI,SM,13050,10500,80.46
20,2768,SHREEOSFM,SM,1000,1000,100.00
20,2769,SHREEPUSHK,EQ,309322,83037,26.84
20,2770,SHREERAMA,EQ,60326,43325,71.82
20,2771,SHREMINVIT,IV,25000,25000,100.00
20,2772,SHREYANIND,EQ,5612,4631,82.52
20,2773,SHRIAHIMSA,ST,51000,49800,97.65
20,2774,SHRIKANHA,SM,11200,6400,57.14
20,2775,SHRIKRISH,EQ,962,960,99.79
20,2776,SHRINGARMS,EQ,349065,175842,50.38
20,2777,SHRIPISTON,EQ,73996,31067,41.98
20,2778,SHRIRAMFIN,EQ,4358707,2294417,52.64
20,2779,SHRIRAMPPS,EQ,158600,80222,50.58
20,2780,SHRJAGP,EQ,578,541,93.60
20,2781,SHUKRAPHAR,EQ,1003469,664961,66.27
20,2782,SHYAMDHANI,ST,4000,4000,100.00
20,2783,SHYAMMETL,EQ,2075025,1166363,56.21
20,2784,SHYAMTEL,EQ,8266,8084,97.80
20,2785,SICAGEN,EQ,29181,15682,53.74
20,2786,SIDDHICOTS,SM,1200,1200,100.00
20,2787,SIDDHIKA,SM,500,500,100.00
20,2788,SIEL,EQ,2288,2051,89.64
20,2789,SIEMENS,EQ,455385,219429,48.19
20,2790,SIGACHI,EQ,2562407,1303222,50.86
20,2791,SIGMA,EQ,302696,139032,45.93
20,2792,SIGMAADV,EQ,942674,555355,58.91
20,2793,SIGNATURE,EQ,199200,14801,7.43
20,2794,SIGNORIA,ST,21000,21000,100.00
20,2795,SIGNPOST,EQ,23105,12553,54.33
20,2796,SIKA,EQ,18378,10377,56.46
20,2797,SIL,EQ,37009,17402,47.02
20,2798,SILGO,EQ,136582,15691,11.49
20,2799,SILINV,EQ,1406,1072,76.24
20,2800,SILKFLEX,SM,216000,134000,62.04
20,2801,SILKY,SM,5600,3200,57.14
20,2802,SILLYMONKS,EQ,45633,35000,76.70
20,2803,SILVER,EQ,957125,259942,27.16
20,2804,SILVER001,EQ,89411,74572,83.40
20,2805,SILVER1,EQ,9135682,2965565,32.46
20,2806,SILVER360,EQ,24742,14389,58.16
20,2807,SILVERADD,EQ,485881,142788,29.39
20,2808,SILVERAG,EQ,464655,292453,62.94
20,2809,SILVERAXIS,EQ,3401405,2587282,76.07
20,2810,SILVERBEES,EQ,27766700,8391689,30.22
20,2811,SILVERBETA,EQ,800031,345632,43.20
20,2812,SILVERBND,EQ,5261,2278,43.30
20,2813,SILVERCASE,EQ,12293512,1763346,14.34
20,2814,SILVERIETF,EQ,3023396,918739,30.39
20,2815,SILVERTUC,EQ,349824,121451,34.72
20,2816,SIMCA,ST,4800,4800,100.00
20,2817,SIMPLEXINF,EQ,100700,65498,65.04
20,2818,SIMPLXREA,EQ,3,3,100.00
20,2819,SINCLAIR,EQ,143654,131504,91.54
20,2820,SINDHUTRAD,EQ,3096938,2100189,67.82
20,2821,SINGERIND,EQ,126431,85162,67.36
20,2822,SINTERCOM,EQ,1034,884,85.49
20,2823,SIRCA,EQ,455904,158788,34.83
20,2824,SIS,EQ,313306,129537,41.35
20,2825,SIYSIL,EQ,26972,13585,50.37
20,2826,SJLOGISTIC,SM,24750,20250,81.82
20,2827,SJS,EQ,99001,61437,62.06
20,2828,SJVN,EQ,1317235,694084,52.69
20,2829,SKFINDIA,EQ,18762,9419,50.20
20,2830,SKFINDUS,EQ,33057,17507,52.96
20,2831,SKIPPER,EQ,1662168,462425,27.82
20,2832,SKMEGGPROD,EQ,468960,189590,40.43
20,2833,SKP,SM,2500,2500,100.00
20,2834,SKYGOLD,EQ,445982,212029,47.54
20,2835,SKYTECH,ST,35200,35200,100.00
20,2836,SLONE,ST,4400,4000,90.91
20,2837,SMALL250,EQ,256138,160527,62.67
20,2838,SMALLADD,EQ,12799,12087,94.44
20,2839,SMALLCAP,EQ,2284952,1504945,65.86
20,2840,SMALLGROWW,EQ,9158,7245,79.11
20,2841,SMALLIETF,EQ,35823,17160,47.90
20,2842,SMARTEN,ST,24000,24000,100.00
20,2843,SMARTWORKS,EQ,53458,28567,53.44
20,2844,SMCGLOBAL,EQ,283462,235417,83.05
20,2845,SML100CASE,EQ,2162153,1588128,73.45
20,2846,SMLMAH,EQ,38450,24179,62.88
20,2847,SMLT,EQ,5180,2974,57.41
20,2848,SMSPHARMA,EQ,153865,87839,57.09
20,2849,SNEHAA,SM,1000,1000,100.00
20,2850,SNOWMAN,EQ,110411,76176,68.99
20,2851,SNXT30BEES,EQ,59641,59595,99.92
20,2852,SNXT50BETA,EQ,1519,1327,87.36
20,2853,SOBHA,EQ,50171,23324,46.49
20,2854,SOCL,SM,24000,20800,86.67
20,2855,SOFTTECH,EQ,6592,4945,75.02
20,2856,SOLARA,EQ,235721,110367,46.82
20,2857,SOLARINDS,EQ,192655,63236,32.82
20,2858,SOLARWORLD,EQ,185553,98860,53.28
20,2859,SOLEX,EQ,41650,22537,54.11
20,2860,SOMANYCERA,EQ,219363,128348,58.51
20,2861,SOMATEX,EQ,30964,25627,82.76
20,2862,SOMICONVEY,EQ,44147,15971,36.18
20,2863,SONACOMS,EQ,1914972,910175,47.53
20,2864,SONAMAC,SM,3000,2000,66.67
20,2865,SONAMLTD,EQ,53732,29850,55.55
20,2866,SONATSOFTW,EQ,893667,401276,44.90
20,2867,SOTL,EQ,200141,84355,42.15
20,2868,SOUTHBANK,EQ,8299347,2509784,30.24
20,2869,SOUTHWEST,EQ,183911,99789,54.26
20,2870,SPAL,EQ,37022,18917,51.10
20,2871,SPANDANA,EQ,77018,41206,53.50
20,2872,SPARC,EQ,811811,259562,31.97
20,2873,SPCENET,EQ,635708,516878,81.31
20,2874,SPCL,SM,21000,16200,77.14
20,2875,SPCON,SM,3600,2400,66.67
20,2876,SPEB,ST,6000,6000,100.00
20,2877,SPELS,EQ,204147,95766,46.91
20,2878,SPENCERS,EQ,35225,27759,78.80
20,2879,SPIC,EQ,314076,183677,58.48
20,2880,SPLIL,EQ,39293,20398,51.91
20,2881,SPLPETRO,EQ,82584,45867,55.54
20,2882,SPMLINFRA,EQ,203111,125647,61.86
20,2883,SPORTKING,EQ,271124,119256,43.99
20,2884,SPPPOLY,SM,2000,2000,100.00
20,2885,SPUNWEB,SM,10800,9600,88.89
20,2886,SRD,EQ,19220,15404,80.15
20,2887,SREEL,EQ,21756,18016,82.81
20,2888,SRF,EQ,225304,134638,59.76
20,2889,SRGHFL,EQ,394,393,99.75
20,2890,SRHHYPOLTD,EQ,17832,13219,74.13
20,2891,SRIKPRIND,EQ,3570,3015,84.45
20,2892,SRIVASAVI,ST,16000,14000,87.50
20,2893,SRM,EQ,134211,75156,56.00
20,2894,SRTL,EQ,51668,43527,84.24
20,2895,SSDL,EQ,35212,18290,51.94
20,2896,SSEGL,SM,51200,30200,58.98
20,2897,SSFL,ST,35500,33500,94.37
20,2898,SSWL,EQ,467198,260121,55.68
20,2899,STANLEY,EQ,76157,35423,46.51
20,2900,STAR,EQ,94124,40245,42.76
20,2901,STARCEMENT,EQ,434910,281222,64.66
20,2902,STARHEALTH,EQ,181960,117275,64.45
20,2903,STARPAPER,EQ,18090,15526,85.83
20,2904,STARTECK,EQ,7241,171,2.36
20,2905,STCINDIA,EQ,23181,13673,58.98
20,2906,STEELCAS,EQ,67394,35187,52.21
20,2907,STEELCITY,EQ,8483,5474,64.53
20,2908,STEELXIND,EQ,811276,537323,66.23
20,2909,STEL,EQ,4721,3137,66.45
20,2910,STLNETWORK,EQ,1160371,615834,53.07
20,2911,STOVEKRAFT,EQ,78325,43024,54.93
20,2912,STRIDERS,SM,16000,3200,20.00
20,2913,STUDDS,EQ,36654,28076,76.60
20,2914,STUDIOLSD,SM,2000,2000,100.00
20,2915,STYL,EQ,103912,41335,39.78
20,2916,STYLAMIND,EQ,27283,13259,48.60
20,2917,STYLEBAAZA,EQ,1518926,832826,54.83
20,2918,STYRENIX,EQ,50752,35325,69.60
20,2919,SUBAHOTELS,SM,20400,19200,94.12
20,2920,SUBEXLTD,EQ,5057156,2661210,52.62
20,2921,SUBROS,EQ,28576,14783,51.73
20,2922,SUDARCOLOR,EQ,14953,9528,63.72
20,2923,SUDARSCHEM,EQ,643589,379308,58.94
20,2924,SUDEEPPHRM,EQ,139528,84132,60.30
20,2925,SUKHJITS,EQ,11394,8348,73.27
20,2926,SULA,EQ,145183,79429,54.71
20,2927,SUMEDHA,EQ,1710,1690,98.83
20,2928,SUMEETINDS,EQ,1630062,1238948,76.01
20,2929,SUMICHEM,EQ,103888,41028,39.49
20,2930,SUMIT,EQ,44744,33845,75.64
20,2931,SUMMITSEC,EQ,1827,1349,73.84
20,2932,SUN-RE,ST,16000,16000,100.00
20,2933,SUNCLAY,EQ,1101,690,62.67
20,2934,SUNDARAM,EQ,194576,155544,79.94
20,2935,SUNDARMFIN,EQ,51237,30297,59.13
20,2936,SUNDRMFAST,EQ,85029,50248,59.10
20,2937,SUNDROP,EQ,19400,13725,70.75
20,2938,SUNFLAG,EQ,120437,69357,57.59
20,2939,SUNLITE,SM,38400,21600,56.25
20,2940,SUNPHARMA,EQ,1107552,718706,64.89
20,2941,SUNRAKSHAK,EQ,3426,2689,78.49
20,2942,SUNREST,SM,1600,1600,100.00
20,2943,SUNSHIEL,EQ,1474,1121,76.05
20,2944,SUNSHINE,EQ,1816347,523384,28.82
20,2945,SUNTECH,SM,158400,118400,74.75
20,2946,SUNTECK,EQ,67138,35033,52.18
20,2947,SUNTV,EQ,288220,190373,66.05
20,2948,SUPERHOUSE,EQ,9160,4038,44.08
20,2949,SUPRAJIT,EQ,29850,20510,68.71
20,2950,SUPREME,EQ,15330,10535,68.72
20,2951,SUPREMEIND,EQ,152254,59988,39.40
20,2952,SUPREMEINF,EQ,133453,105451,79.02
20,2953,SUPREMEPWR,SM,14500,11500,79.31
20,2954,SUPRIYA,EQ,100955,47146,46.70
20,2955,SURAJEST,EQ,143225,130642,91.21
20,2956,SURAJLTD,EQ,33,33,100.00
20,2957,SURAKSHA,EQ,91126,50729,55.67
20,2958,SURANASOL,EQ,30019,23651,78.79
20,2959,SURANAT&P,EQ,77509,56568,72.98
20,2960,SURANI,SM,1600,1400,87.50
20,2961,SURYALA,EQ,146,145,99.32
20,2962,SURYALAXMI,EQ,1810,1795,99.17
20,2963,SURYAROSNI,EQ,442419,240790,54.43
20,2964,SURYODAY,EQ,297102,138713,46.69
20,2965,SUVEN,EQ,295156,113986,38.62
20,2966,SUVIDHAA,EQ,66595,43275,64.98
20,2967,SUYOG,EQ,15071,7778,51.61
20,2968,SUZLON,EQ,23836185,11501164,48.25
20,2969,SVGLOBAL,EQ,1849,1179,63.76
20,2970,SVPGLOB,EQ,4717,4563,96.74
20,2971,SWANCORP,EQ,1142323,411993,36.07
20,2972,SWARAJENG,EQ,4442,3024,68.08
20,2973,SWARNSAR,EQ,5171,4362,84.36
20,2974,SWASTIK,ST,26400,26400,100.00
20,2975,SWELECTES,EQ,19790,10777,54.46
20,2976,SWIGGY,EQ,9150633,4408052,48.17
20,2977,SWISSMLTRY,EQ,147702,90915,61.55
20,2978,SWSOLAR,EQ,632051,319776,50.59
20,2979,SYLVANPLY,SM,4000,4000,100.00
20,2980,SYMPHONY,EQ,32084,19379,60.40
20,2981,SYNCOMF,EQ,8769056,2748046,31.34
20,2982,SYNGENE,EQ,479502,252566,52.67
20,2983,SYNOPTICS,ST,3000,1800,60.00
20,2984,SYRMA,EQ,957727,424028,44.27
20,2985,SYSTANGO,SM,12400,8800,70.97
20,2986,TAALTECH,EQ,4853,3323,68.47
20,2987,TAC,ST,9600,8000,83.33
20,2988,TAINWALCHM,EQ,2869,1694,59.04
20,2989,TAJGVK,EQ,48286,27269,56.47
20,2990,TAKE,EQ,56409,56349,99.89
20,2991,TALBROAUTO,EQ,177405,98230,55.37
20,2992,TANAA,EQ,11677,7742,66.30
20,2993,TANKUP,ST,250,250,100.00
20,2994,TANLA,EQ,619699,230022,37.12
20,2995,TARACHAND,EQ,50433,25559,50.68
20,2996,TARAPUR,EQ,9977,7745,77.63
20,2997,TARC,EQ,306535,205577,67.06
20,2998,TARIL,EQ,1666044,561897,33.73
20,2999,TARMAT,EQ,92840,49991,53.85
20,3000,TARSONS,EQ,244355,66512,27.22
20,3001,TASTYBITE,EQ,2577,908,35.23
20,3002,TATACAP,EQ,1550014,785956,50.71
20,3003,TATACHEM,EQ,620346,324137,52.25
20,3004,TATACOMM,EQ,290206,147287,50.75
20,3005,TATACONSUM,EQ,996048,622104,62.46
20,3006,TATAELXSI,EQ,92977,35463,38.14
20,3007,TATAGOLD,EQ,78652833,26140062,33.23
20,3008,TATAINVEST,EQ,156007,67063,42.99
20,3009,TATAPOWER,EQ,16236355,6084219,37.47
20,3010,TATASTEEL,EQ,40921836,23421035,57.23
20,3011,TATATECH,EQ,593573,321053,54.09
20,3012,TATSILV,EQ,63551214,13318288,20.96
20,3013,TATVA,EQ,120039,38151,31.78
20,3014,TAURIAN,SM,20000,15200,76.00
20,3015,TBI,SM,146400,84000,57.38
20,3016,TBOTEK,EQ,103405,48338,46.75
20,3017,TBZ,EQ,1842044,505717,27.45
20,3018,TCC,EQ,617665,219612,35.56
20,3019,TCI,EQ,13098,7988,60.99
20,3020,TCIEXP,EQ,53331,34889,65.42
20,3021,TCL,SM,87200,57600,66.06
20,3022,TCPLPACK,EQ,5515,2763,50.10
20,3023,TCS,EQ,1709113,931995,54.53
20,3024,TDPOWERSYS,EQ,2552484,991943,38.86
20,3025,TEAMGTY,EQ,658,535,81.31
20,3026,TEAMLEASE,EQ,28997,15128,52.17
20,3027,TEAMTECH,ST,16000,16000,100.00
20,3028,TECH,EQ,36036,13356,37.06
20,3029,TECHD,ST,12900,12600,97.67
20,3030,TECHERA,SM,20000,15200,76.00
20,3031,TECHLABS,SM,8875,7000,78.87
20,3032,TECHM,EQ,1979336,1026475,51.86
20,3033,TECHNOCRAF,EQ,4686252,520230,11.10
20,3034,TECHNOE,EQ,66454,39796,59.89
20,3035,TECHNVISN,EQ,238,141,59.24
20,3036,TECILCHEM,EQ,10472,7599,72.56
20,3037,TEGA,EQ,83977,45318,53.96
20,3038,TEJA,SM,600,600,100.00
20,3039,TEJASCARGO,SM,1600,1600,100.00
20,3040,TEJASNET,EQ,948871,262291,27.64
20,3041,TEMBO,EQ,759490,368404,48.51
20,3042,TENNIND,EQ,533231,293202,54.99
20,3043,TERAI,EQ,1,1,100.00
20,3044,TERASOFT,EQ,42482,17203,40.49
20,3045,TEXINFRA,EQ,29042,20421,70.32
20,3046,TEXMOPIPES,EQ,30818,22180,71.97
20,3047,TEXRAIL,EQ,851548,341362,40.09
20,3048,TFCILTD,EQ,10501249,3399767,32.37
20,3049,TFL,EQ,33191,29385,88.53
20,3050,TGBHOTELS,EQ,44990,29564,65.71
20,3051,TGL,ST,5800,5800,100.00
20,3052,TGVSL,EQ,92534,57865,62.53
20,3053,THAKDEV,EQ,273,273,100.00
20,3054,THANGAMAYL,EQ,64030,29259,45.70
20,3055,THEINVEST,EQ,4092,2766,67.60
20,3056,THEJO,EQ,4315,2682,62.16
20,3057,THELEELA,EQ,1130203,909271,80.45
20,3058,THEMISMED,EQ,135765,55958,41.22
20,3059,THERMAX,EQ,52092,23159,44.46
20,3060,THESL,ST,12000,9000,75.00
20,3061,THOMASCOOK,EQ,953613,427589,44.84
20,3062,THOMASCOTT,EQ,14941,9530,63.78
20,3063,THYROCARE,EQ,396389,210600,53.13
20,3064,TI,EQ,691828,307519,44.45
20,3065,TIGERLOGS,EQ,242067,158426,65.45
20,3066,TIIL,EQ,24929,9626,38.61
20,3067,TIINDIA,EQ,139913,74866,53.51
20,3068,TIJARIA,EQ,53557,50386,94.08
20,3069,TIMESCAN,SM,6000,4000,66.67
20,3070,TIMETECHNO,EQ,3679157,1062256,28.87
20,3071,TIMEX,EQ,247568,91527,36.97
20,3072,TIMKEN,EQ,31733,18047,56.87
20,3073,TINNARUBR,EQ,62609,35017,55.93
20,3074,TIPSFILMS,EQ,2195,1513,68.93
20,3075,TIPSMUSIC,EQ,245442,143193,58.34
20,3076,TIRUMALCHM,EQ,565736,251957,44.54
20,3077,TITAGARH,EQ,449561,123809,27.54
20,3078,TITAN,EQ,1101845,641424,58.21
20,3079,TMB,EQ,118544,52237,44.07
20,3080,TMCV,EQ,10010513,5396877,53.91
20,3081,TMPV,EQ,8028070,3603787,44.89
20,3082,TNIDETF,EQ,79177,44312,55.97
20,3083,TNPETRO,EQ,494399,347213,70.23
20,3084,TNPL,EQ,253935,186277,73.36
20,3085,TNTELE,EQ,13530,10915,80.67
20,3086,TOKYOPLAST,EQ,1365,964,70.62
20,3087,TOLINS,EQ,48675,35081,72.07
20,3088,TOP100CASE,EQ,651028,522943,80.33
20,3089,TOP10ADD,EQ,125196,67096,53.59
20,3090,TOP15IETF,EQ,61915,41944,67.74
20,3091,TOP20,EQ,27883,27875,99.97
20,3092,TORNTPHARM,EQ,317547,196696,61.94
20,3093,TORNTPOWER,EQ,282272,165635,58.68
20,3094,TOTAL,EQ,10783,7211,66.87
20,3095,TOUCHWOOD,EQ,2552,2388,93.57
20,3096,TOYAMSL,EQ,322140,258986,80.40
20,3097,TPLPLASTEH,EQ,119271,40961,34.34
20,3098,TRACXN,EQ,92527,74703,80.74
20,3099,TRANSCOR,EQ,10945,10909,99.67
20,3100,TRANSRAILL,EQ,192951,113592,58.87
20,3101,TRANSTEEL,SM,55000,33000,60.00
20,3102,TRANSWIND,SM,8000,8000,100.00
20,3103,TRAVELFOOD,EQ,538246,82693,15.36
20,3104,TREEHOUSE,EQ,19335,12979,67.13
20,3105,TREJHARA,EQ,11319,7136,63.04
20,3106,TREL,EQ,77679,43122,55.51
20,3107,TRENT,EQ,591208,334806,56.63
20,3108,TRF,EQ,4991,4124,82.63
20,3109,TRIDENT,EQ,2020489,887679,43.93
20,3110,TRIGYN,EQ,34212,26875,78.55
20,3111,TRITONV,EQ,4057,2896,71.38
20,3112,TRITURBINE,EQ,1852490,509140,27.48
20,3113,TRIVENI,EQ,752847,372823,49.52
20,3114,TROM,SM,19200,13800,71.88
20,3115,TRU,EQ,210414,174452,82.91
20,3116,TRUALT,EQ,73493,46265,62.95
20,3117,TRUST,SM,55800,47400,84.95
20,3118,TSC,ST,6000,6000,100.00
20,3119,TSFINV,EQ,46649,34501,73.96
20,3120,TTKHLTCARE,EQ,11390,6238,54.77
20,3121,TTKPRESTIG,EQ,42507,23179,54.53
20,3122,TTL,EQ,501845,307486,61.27
20,3123,TTML,EQ,1480267,790224,53.38
20,3124,TUNWAL,SM,116000,78000,67.24
20,3125,TURTLEMINT,EQ,2249566,813174,36.15
20,3126,TUTIALKA,EQ,31516,20947,66.46
20,3127,TVSELECT,EQ,18350,8532,46.50
20,3128,TVSHLTD,EQ,7150,4293,60.04
20,3129,TVSMOTOR,EQ,579869,311013,53.64
20,3130,TVSSCS,EQ,721741,250663,34.73
20,3131,TVSSRICHAK,EQ,27296,8157,29.88
20,3132,TVTODAY,EQ,17247,8122,47.09
20,3133,TWCGOLDETF,EQ,50590,50141,99.11
20,3134,UBL,EQ,29122,11656,40.02
20,3135,UCOBANK,EQ,4071522,2770989,68.06
20,3136,UDAYJEW,EQ,705,671,95.18
20,3137,UDS,EQ,412890,194051,47.00
20,3138,UEL,EQ,5389,5389,100.00
20,3139,UFLEX,EQ,269326,104734,38.89
20,3140,UFO,EQ,19386,14949,77.11
20,3141,UGARSUGAR,EQ,759395,394581,51.96
20,3142,UGROCAP,EQ,78155,48097,61.54
20,3143,UHTL,ST,84000,84000,100.00
20,3144,UJJIVANSFB,EQ,14648450,7876176,53.77
20,3145,ULTRACEMCO,EQ,319993,199903,62.47
20,3146,ULTRAMAR,EQ,45873,30647,66.81
20,3147,UMA,SM,20000,20000,100.00
20,3148,UMESLTD,EQ,126042,84823,67.30
20,3149,UMIYA-MRO,EQ,7142,6538,91.54
20,3150,UNICHEMLAB,EQ,102231,39912,39.04
20,3151,UNIECOM,EQ,147802,101829,68.90
20,3152,UNIENTER,EQ,6228,4494,72.16
20,3153,UNIHEALTH,SM,19500,15500,79.49
20,3154,UNIINFO,EQ,4881,4236,86.79
20,3155,UNIMECH,EQ,123211,52247,42.40
20,3156,UNIONBANK,EQ,6999263,3048206,43.55
20,3157,UNIONGOLD,EQ,4039,2568,63.58
20,3158,UNIPARTS,EQ,120396,59174,49.15
20,3159,UNITDSPR,EQ,717436,452801,63.11
20,3160,UNITECH,EQ,4084051,2741971,67.14
20,3161,UNITEDPOLY,EQ,137274,96620,70.38
20,3162,UNITEDTEA,EQ,2733,2613,95.61
20,3163,UNIVCABLES,EQ,91786,34282,37.35
20,3164,UNOMINDA,EQ,778534,433413,55.67
20,3165,UPHOT,EQ,37,37,100.00
20,3166,UPL,EQ,1266550,699882,55.26
20,3167,URBAN,SM,8000,5600,70.00
20,3168,URBANCO,EQ,7134291,2351091,32.95
20,3169,URJA,EQ,416027,240627,57.84
20,3170,USASEEDS,SM,856,856,100.00
20,3171,USHAFIN,SM,1600,1600,100.00
20,3172,USHAMART,EQ,514767,275196,53.46
20,3173,USK,EQ,9962,8935,89.69
20,3174,UTIAMC,EQ,122786,106536,86.77
20,3175,UTKAL,SM,4000,4000,100.00
20,3176,UTKARSHBNK,EQ,4463747,2176038,48.75
20,3177,UTLSOLAR,EQ,143124,66871,46.72
20,3178,UTSSAV,ST,27600,27000,97.83
20,3179,UTTAMSUGAR,EQ,352684,94451,26.78
20,3180,V2RETAIL,EQ,929035,568645,61.21
20,3181,VADILALIND,EQ,6764,4152,61.38
20,3182,VAIBHAVGBL,EQ,130477,73716,56.50
20,3183,VAISHALI,EQ,125534,92513,73.70
20,3184,VAKRANGEE,EQ,930460,572762,61.56
20,3185,VAL30IETF,EQ,200473,118065,58.89
20,3186,VALIANTLAB,EQ,363930,178511,49.05
20,3187,VALUE,EQ,52341,33276,63.58
20,3188,VALUE360,SM,6000,3600,60.00
20,3189,VALUEAXIS,EQ,69748,45687,65.50
20,3190,VAML,EQ,8948764,6027435,67.35
20,3191,VARDMNPOLY,EQ,140266,112637,80.30
20,3192,VARROC,EQ,406477,141398,34.79
20,3193,VASCONEQ,EQ,200761,133397,66.45
20,3194,VASWANI,EQ,32341,20669,63.91
20,3195,VBL,EQ,11988613,6709468,55.97
20,3196,VEDAVAAG,EQ,13071,11546,88.33
20,3197,VEDL,EQ,13441814,5603941,41.69
20,3198,VEDPOWER,EQ,19385875,6817818,35.17
20,3199,VEEDOL,EQ,5623,3391,60.31
20,3200,VEEKAYEM,SM,10000,6000,60.00
20,3201,VENKEYS,EQ,51334,24703,48.12
20,3202,VENTIVE,EQ,19764,13380,67.70
20,3203,VENUSPIPES,EQ,139211,65017,46.70
20,3204,VERANDA,EQ,231508,113520,49.04
20,3205,VERTEXPLUS,SM,1800,1800,100.00
20,3206,VERTIS,IV,25000,25000,100.00
20,3207,VESUVIUS,EQ,59366,34942,58.86
20,3208,VGCL,EQ,10993,8438,76.76
20,3209,VGINFOTECH,SM,25000,20000,80.00
20,3210,VGL,EQ,9107,7663,84.14
20,3211,VGUARD,EQ,284767,157814,55.42
20,3212,VHL,EQ,644,470,72.98
20,3213,VIAZ,SM,2000,2000,100.00
20,3214,VICTORYEV,ST,15000,15000,100.00
20,3215,VIDHIING,EQ,135580,118063,87.08
20,3216,VIDYAWIRES,EQ,529772,350107,66.09
20,3217,VIESL,SM,63200,42400,67.09
20,3218,VIGOR,ST,12800,11200,87.50
20,3219,VIJAYA,EQ,53540,25408,47.46
20,3220,VIJAYPD,SM,58000,56000,96.55
20,3221,VIJSOLX,EQ,356,355,99.72
20,3222,VIKASECO,EQ,4929662,2911855,59.07
20,3223,VIKASLIFE,EQ,4227799,2924421,69.17
20,3224,VIKRAMSOLR,EQ,2177845,668180,30.68
20,3225,VIKRAN,EQ,2955039,1311231,44.37
20,3226,VILAS,SM,10500,8750,83.33
20,3227,VIMTALABS,EQ,126269,69945,55.39
20,3228,VINATIORGA,EQ,18669,11583,62.04
20,3229,VINCOFE,EQ,9713496,3380330,34.80
20,3230,VINDHYATEL,EQ,150595,71501,47.48
20,3231,VINEETLAB,EQ,70176,20609,29.37
20,3232,VINNY,EQ,336724,305551,90.74
20,3233,VINSYS,ST,11750,10500,89.36
20,3234,VINYAS,SM,4400,3700,84.09
20,3235,VINYLINDIA,EQ,4908,3628,73.92
20,3236,VIPCLOTHNG,EQ,24546,23156,94.34
20,3237,VIPIND,EQ,232543,130656,56.19
20,3238,VIRAT,EQ,10945,7767,70.96
20,3239,VIRINCHI,EQ,90020,70306,78.10
20,3240,VIRTUALG,EQ,122565,96023,78.34
20,3241,VISACHROME,EQ,4085526,4069412,99.61
20,3242,VISAKAIND,EQ,172187,97729,56.76
20,3243,VISAMAN,SM,1000,1000,100.00
20,3244,VISDEM,SM,2400,2400,100.00
20,3245,VISHAL,EQ,58414,37339,63.92
20,3246,VISHNU,EQ,111588,52479,47.03
20,3247,VISHNUINFR,SM,3000,3000,100.00
20,3248,VISHWARAJ,EQ,783099,518251,66.18
20,3249,VISL,EQ,57698620,22646295,39.25
20,3250,VIVIDEL,SM,31680,24240,76.52
20,3251,VIVIDHA,EQ,83499,83499,100.00
20,3252,VIVOBIOT,EQ,27829,25088,90.15
20,3253,VIYASH,EQ,8009140,4458134,55.66
20,3254,VLINFRA,SM,9000,9000,100.00
20,3255,VLSFINANCE,EQ,12216,7069,57.87
20,3256,VMARCIND,SM,147000,73500,50.00
20,3257,VMART,EQ,76410,40711,53.28
20,3258,VMM,EQ,7577445,3512501,46.35
20,3259,VMOBILE,SM,6400,4800,75.00
20,3260,VMSTMT,EQ,11380,7905,69.46
20,3261,VOEPL,EQ,291096,76700,26.35
20,3262,VOGL,EQ,100784349,29795437,29.56
20,3263,VOITHPAPR,EQ,849,742,87.40
20,3264,VOLTAMP,EQ,56167,22151,39.44
20,3265,VOLTAS,EQ,760364,374801,49.29
20,3266,VPRPL,EQ,291162,132090,45.37
20,3267,VR,SM,800,800,100.00
20,3268,VRAJ,EQ,28735,18381,63.97
20,3269,VRLLOG,EQ,175551,102574,58.43
20,3270,VSCL,SM,6000,6000,100.00
20,3271,VSSL,EQ,127105,62083,48.84
20,3272,VSTIND,EQ,101422,62312,61.44
20,3273,VSTL,EQ,7077,6465,91.35
20,3274,VSTTILLERS,EQ,3441,2317,67.34
20,3275,VTL,EQ,155966,67372,43.20
20,3276,VTMLTD,EQ,86749,67471,77.78
20,3277,WAAREEENER,EQ,332552,172365,51.83
20,3278,WAAREEINDO,EQ,55525,36746,66.18
20,3279,WAAREERTL,EQ,102752,51210,49.84
20,3280,WABAG,EQ,1166272,461752,39.59
20,3281,WAKEFIT,EQ,1090896,431242,39.53
20,3282,WALCHANNAG,EQ,902632,317209,35.14
20,3283,WALPAR,SM,4000,2000,50.00
20,3284,WANBURY,EQ,179235,82758,46.17
20,3285,WARDINMOBI,EQ,598577,453742,75.80
20,3286,WATERBASE,EQ,27659,20599,74.47
20,3287,WCIL,EQ,71591,55841,78.00
20,3288,WEALTH,EQ,271,181,66.79
20,3289,WEBELSOLAR,EQ,2179657,1121649,51.46
20,3290,WEIZMANIND,EQ,401,384,95.76
20,3291,WEL,EQ,129566541,11411659,8.81
20,3292,WELCORP,EQ,4076090,1045161,25.64
20,3293,WELENT,EQ,258277,115071,44.55
20,3294,WELSPLSOL,EQ,1948887,755642,38.77
20,3295,WELSPUNLIV,EQ,2534490,813327,32.09
20,3296,WENDT,EQ,14765,7257,49.15
20,3297,WESTLIFE,EQ,59250,31397,52.99
20,3298,WEWIN,EQ,111,88,79.28
20,3299,WEWORK,EQ,316546,192978,60.96
20,3300,WHBRADY,EQ,236,134,56.78
20,3301,WHEELS,EQ,31125,13572,43.60
20,3302,WHIRLPOOL,EQ,5452955,864176,15.85
20,3303,WHITEFORCE,SM,3200,3200,100.00
20,3304,WILLAMAGOR,EQ,90,89,98.89
20,3305,WINDLAS,EQ,29843,14436,48.37
20,3306,WINDMACHIN,EQ,35449,20595,58.10
20,3307,WINSOL,SM,4400,4000,90.91
20,3308,WIPL,EQ,4191,3902,93.10
20,3309,WIPRO,EQ,4695019,2172376,46.27
20,3310,WOCKPHARMA,EQ,1210241,461171,38.11
20,3311,WOL3D,ST,4000,3000,75.00
20,3312,WOMANCART,SM,14400,9200,63.89
20,3313,WONDERLA,EQ,318827,177962,55.82
20,3314,WORTHPERI,EQ,6829,3045,44.59
20,3315,WPIL,EQ,187664,55186,29.41
20,3316,WSI,EQ,18658,6820,36.55
20,3317,WSTCSTPAPR,EQ,439692,288410,65.59
20,3318,WTICAB,SM,13000,12000,92.31
20,3319,XCHANGING,EQ,27470,18334,66.74
20,3320,XELPMOC,EQ,9504,6386,67.19
20,3321,XPROINDIA,EQ,35135,22217,63.23
20,3322,XTGLOBAL,EQ,69117,20210,29.24
20,3323,XTRANET,EQ,5164628,2338349,45.28
20,3324,YAAP,SM,7000,6000,85.71
20,3325,YASHO,EQ,24392,9489,38.90
20,3326,YASHOPTICS,SM,4000,4000,100.00
20,3327,YATHARTH,EQ,684457,311949,45.58
20,3328,YATRA,EQ,779798,417355,53.52
20,3329,YESBANK,EQ,40844488,18274822,44.74
20,3330,YOGI,EQ,965,965,100.00
20,3331,YUDIZ,SM,1600,1600,100.00
20,3332,YUKEN,EQ,8665,6247,72.09
20,3333,ZAGGLE,EQ,1804121,515270,28.56
20,3334,ZEAL,SM,1800,1800,100.00
20,3335,ZEEL,EQ,24740990,6148764,24.85
20,3336,ZEEMEDIA,EQ,2989191,1703540,56.99
20,3337,ZENITHDRUG,SM,4000,3200,80.00
20,3338,ZENITHSTL,EQ,60821,49908,82.06
20,3339,ZENSARTECH,EQ,526320,236806,44.99
20,3340,ZENTEC,EQ,281461,127817,45.41
20,3341,ZFCVINDIA,EQ,65894,37947,57.59
20,3342,ZFSTEERING,EQ,1786,1624,90.93
20,3343,ZIMLAB,EQ,40646,25120,61.80
20,3344,ZODIAC,EQ,10402,5453,52.42
20,3345,ZODIACLOTH,EQ,3734,2404,64.38
20,3346,ZOTA,EQ,34014,19142,56.28
20,3347,ZSARACOM,EQ,44,44,100.00
20,3348,ZTECH,SM,32400,20700,63.89
20,3349,ZUARI,EQ,57189,30010,52.48
20,3350,ZUARIIND,EQ,49782,26009,52.25
20,3351,ZYDUSLIFE,EQ,3168135,1572472,49.63
20,3352,ZYDUSWELL,EQ,208254,108313,52.01
