Security Wise Delivery Position - Compulsory Rolling Settlement
10,MTO,09092026,1947450631,0003411
Trade Date <09-SEP-2026>,Settlement Type <N>
Record Type,Sr No,Name of Security,Quantity Traded,Deliverable Quantity(gross across client level),% of Deliverable Quantity to Traded Quantity
20,1,1003IIFL29,NC,25,25,100.00
20,2,1003ISFL28,N4,31,31,100.00
20,3,1003SCL30A,NV,48,0,0.00
20,4,1015ECL29,NR,718,718,100.00
20,5,1015SCL28,NR,200,200,100.00
20,6,1025SCL35A,N1,41,41,100.00
20,7,1025UCL26A,N1,12,12,100.00
20,8,1025UCL27A,NG,8,4,50.00
20,9,1050UCL28,NH,171,171,100.00
20,10,105IIFL29,N7,65,65,100.00
20,11,1060ECL29,NS,5,5,100.00
20,12,1065NFL27,NC,3,2,66.67
20,13,1075SCL33A,N2,25,25,100.00
20,14,1075WCA28,N0,2,2,100.00
20,15,10IIFL28,N4,436,436,100.00
20,16,10ISFL26,N3,1,1,100.00
20,17,1150AFIL28,N0,1,1,100.00
20,18,115VCCL31A,N0,10,10,100.00
20,19,125VCCL31,N0,4,4,100.00
20,20,12AFIL27,N0,13,13,100.00
20,21,12AFIL28,N0,25,22,88.00
20,22,12VCCL29B,N0,1,1,100.00
20,23,12VPT28,N0,3,3,100.00
20,24,182D180926,TB,5800,5800,100.00
20,25,20MICRONS,EQ,78133,35371,45.27
20,26,21STCENMGM,EQ,1472,806,54.76
20,27,360ONE,EQ,869898,517487,59.49
20,28,364D060527,TB,172700,172700,100.00
20,29,364D080727,TB,400,400,100.00
20,30,364D100627,TB,25600,25600,100.00
20,31,364D110327,TB,55000,55000,100.00
20,32,364D170627,TB,39400,39400,100.00
20,33,364D240627,TB,74800,74800,100.00
20,34,364D250227,TB,200,100,50.00
20,35,3BBLACKBIO,EQ,9173,4551,49.61
20,36,3MINDIA,EQ,1275,549,43.06
20,37,3PLAND,EQ,1886,1847,97.93
20,38,574GS2026,GS,1,1,100.00
20,39,5PAISA,EQ,55842,22328,39.98
20,40,610GS2031,GS,1,1,100.00
20,41,620GS2029,GS,800,800,100.00
20,42,633GS2035,GS,3994,3994,100.00
20,43,636GS2031,GS,793,793,100.00
20,44,63MOONS,EQ,645891,283072,43.83
20,45,648GS2035,GS,5601,5401,96.43
20,46,654GS2032,GS,15001,15001,100.00
20,47,667GS2050,GS,1000,1000,100.00
20,48,668GS2040,GS,2500,2500,100.00
20,49,676GS2061,GS,46636,46635,100.00
20,50,679GS2031,GS,500,500,100.00
20,51,679GS2034A,GS,1,1,100.00
20,52,683WB31A,SG,400,400,100.00
20,53,690GS2065,GS,2453,2453,100.00
20,54,692GS2039,GS,400,400,100.00
20,55,694GS2036,GS,211,200,94.79
20,56,695GS2061,GS,5357,5345,99.78
20,57,695KA28,SG,100,100,100.00
20,58,697GR2034,GS,10,10,100.00
20,59,698GR2054,GS,50,50,100.00
20,60,699GS2051,GS,2000,2000,100.00
20,61,702PN30,SG,1400,1400,100.00
20,62,704GS2029,GS,6800,6800,100.00
20,63,706GS2028,GS,100,100,100.00
20,64,706GS2041,GS,589,460,78.10
20,65,706GS2046,GS,10479,10479,100.00
20,66,709GS2054,GS,2886,2600,90.09
20,67,709GS2074,GS,5613,4762,84.84
20,68,710GS2029,GS,6101,5101,83.61
20,69,717GS2030,GS,1974,1974,100.00
20,70,718GS2037,GS,47545,38077,80.09
20,71,723GS2039,GS,200,200,100.00
20,72,724GS2055,GS,39200,38712,98.76
20,73,725GS2063,GS,110181,105808,96.03
20,74,726GS2032,GS,171960,169960,98.84
20,75,726GS2033,GS,5919,5919,100.00
20,76,726MH30,SG,100,100,100.00
20,77,733GS2026,GS,300,200,66.67
20,78,734GS2064,GS,24510,23801,97.11
20,79,734IRFC28,N4,926,926,100.00
20,80,735NHAI31,N9,750,750,100.00
20,81,736GS2052,GS,15000,15000,100.00
20,82,737GS2028,GS,100,100,100.00
20,83,737NTPC35C,NA,35,35,100.00
20,84,738GS2027,GS,261569,261569,100.00
20,85,738REC27TF,N2,10,10,100.00
20,86,73GS2053,GS,10369,10369,100.00
20,87,741GS2036,GS,5306,4172,78.63
20,88,743GJ27,SG,200,100,50.00
20,89,743GS2076,GS,68863,66993,97.28
20,90,744TS53,SG,100,100,100.00
20,91,745AP42,SG,100,100,100.00
20,92,745TS53,SG,900,900,100.00
20,93,746GS2073,GS,2,2,100.00
20,94,746UP34,SG,200,200,100.00
20,95,749OR36,SG,100,100,100.00
20,96,74GS2035,GS,1200,1200,100.00
20,97,74GS2062,GS,32,16,50.00
20,98,750GS2056,GS,2002,2002,100.00
20,99,750IRFC35,NK,691,691,100.00
20,100,751HUDCO28,N5,250,250,100.00
20,101,753IRFC30,NJ,1,1,100.00
20,102,754GS2036,GS,465988,454697,97.58
20,103,757MH31,SG,100,100,100.00
20,104,75GS2034,GS,30150,30150,100.00
20,105,764AP31,SG,100,100,100.00
20,106,764HUDCO31,N8,8,8,100.00
20,107,764NABAR31,N2,1590,1127,70.88
20,108,769HUDCO31,N9,993,993,100.00
20,109,769IGT28,NH,50,50,100.00
20,110,769NHAI31,NE,1860,1760,94.62
20,111,769TN33,SG,100,100,100.00
20,112,76NHAI31,NA,599,311,51.92
20,113,771GS2066,GS,38959,37959,97.43
20,114,771UP33,SG,100,100,100.00
20,115,773BR39,SG,100,100,100.00
20,116,773CG31,SG,100,100,100.00
20,117,774IREDA31,N7,279,279,100.00
20,118,777HP49,SG,200,200,100.00
20,119,779PN38,SG,100,100,100.00
20,120,783HR32,SG,600,600,100.00
20,121,794TN32,SG,2500,2500,100.00
20,122,795GS2032,GS,50,50,100.00
20,123,797IGT31,NL,3,3,100.00
20,124,79NHIT35,N1,1,1,100.00
20,125,79NHIT40,N2,140,140,100.00
20,126,79NHIT47,N3,36,36,100.00
20,127,7PFCL31,N3,4,4,100.00
20,128,810IRFC27,N2,814,805,98.89
20,129,820IIFL27,N9,419,219,52.27
20,130,824GS2027,GS,1891,1881,99.47
20,131,824GS2033,GS,1,1,100.00
20,132,82HUDCO27,N2,1500,1500,100.00
20,133,82IGT31,NJ,127,127,100.00
20,134,830NHAI27,N2,1538,1438,93.50
20,135,837IIFL28,Y4,10,10,100.00
20,136,840IRFC29,N8,7,6,85.71
20,137,842IIFL26,NL,4883,4883,100.00
20,138,860AEL28,NH,81,72,88.89
20,139,862AEL31,NM,30,30,100.00
20,140,863IRFC29,NC,860,610,70.93
20,141,865IFL28,NZ,240,240,100.00
20,142,865IHFL27,N1,102,51,50.00
20,143,865IIFL28,NS,600,585,97.50
20,144,865IIFL31,Y6,400,400,100.00
20,145,865IRFC29,NA,310,310,100.00
20,146,865LTF26,NN,355,350,98.59
20,147,865SCL26,N8,28,28,100.00
20,148,865TCAPS27,N8,220,170,77.27
20,149,871REC28,N9,4108,4108,100.00
20,150,875IHFL29,ND,7,7,100.00
20,151,875IIFL26,NM,279,279,100.00
20,152,875NHAI29,N6,819,819,100.00
20,153,875SFL27,ZF,3,1,33.33
20,154,876HUDCO28,ND,1766,1516,85.84
20,155,87HMDA34,N0,15,15,100.00
20,156,880IREDA29,N5,1113,1097,98.56
20,157,880IREDA34,N6,100,100,100.00
20,158,885SCL26,N9,5,5,100.00
20,159,886REC34,NG,1025,1000,97.56
20,160,888ECL28,N1,89,89,100.00
20,161,888IRFC29,NE,870,800,91.95
20,162,888REC29,NF,712,710,99.72
20,163,889SCL28,NU,812,320,39.41
20,164,890AEL31,NN,165,165,100.00
20,165,891IIFCL34,N4,50,50,100.00
20,166,891NTPC33,N6,845,845,100.00
20,167,892NHPC33,N6,50,50,100.00
20,168,892PFCL33,N8,776,672,86.60
20,169,895AEL27,N9,100,100,100.00
20,170,897GS2030,GS,1500,1375,91.67
20,171,897MOFSL29,N4,350,350,100.00
20,172,898LTF29,N7,74,74,100.00
20,173,89IHFL29,N1,248,248,100.00
20,174,8ABCL26,N2,20,20,100.00
20,175,901HUDCO34,NE,453,301,66.45
20,176,901NHB34,N6,303,300,99.01
20,177,903SFL28,YI,25,25,100.00
20,178,905LTF27,NF,193,193,100.00
20,179,910TCAP28,NA,220,201,91.36
20,180,915SCL26,NE,52,52,100.00
20,181,91D271126,TB,600,300,50.00
20,182,91D291026,TB,100,100,100.00
20,183,920HFL30,N0,1,1,100.00
20,184,920ISF28B,N0,13,9,69.23
20,185,925ECL28,N2,60,50,83.33
20,186,925ISF28,N0,8,8,100.00
20,187,925SCL2028,N8,100,100,100.00
20,188,925SCL28C,BS,2,2,100.00
20,189,925SCL29A,ZM,335,335,100.00
20,190,92GS2030,GS,494,494,100.00
20,191,930AEL30,NF,128,128,100.00
20,192,930APMD34,N0,3,3,100.00
20,193,930SFL28,YP,170,170,100.00
20,194,935MOFSL29,N5,25,25,100.00
20,195,935TSI30,N0,5,5,100.00
20,196,935TSIIC28,N0,1,1,100.00
20,197,943ECL28,NJ,100,100,100.00
20,198,945SCL28,N0,1,1,100.00
20,199,948SCL26B,Y8,202,197,97.52
20,200,948SCL27A,ZJ,125,125,100.00
20,201,94SFL28,YL,320,278,86.88
20,202,950ISF27C,N0,10,10,100.00
20,203,957ICCL25,YW,300,300,100.00
20,204,965AEL27,N4,736,736,100.00
20,205,965SCL25F,NZ,1,1,100.00
20,206,96IIFL28,N5,6114,5749,94.03
20,207,96IIFL28A,NF,5641,5163,91.53
20,208,970CAGL28,ND,462,462,100.00
20,209,975ISF28,N0,1,1,100.00
20,210,97MOFSL34,N7,50,50,100.00
20,211,97SFL29,YZ,30,30,100.00
20,212,985ECL28,NK,713,539,75.60
20,213,985SFIL28,NO,198,145,73.23
20,214,990SCL26,N7,100,100,100.00
20,215,99AEL29,N7,150,130,86.67
20,216,9AEL30,NE,29,29,100.00
20,217,9IIFL28A,NT,2131,2131,100.00
20,218,9IIFL31,Y9,950,950,100.00
20,219,9SCL26BA,NA,341,341,100.00
20,220,9SCL27,N2,20,20,100.00
20,221,9TCAP28,N9,82,41,50.00
20,222,A2ZINFRA,EQ,425561,292751,68.79
20,223,AAATECH,EQ,7328,5824,79.48
20,224,AADHARHFC,EQ,230829,121561,52.66
20,225,AAKAAR,SM,3200,3200,100.00
20,226,AAKASH,EQ,81772,58447,71.48
20,227,AARADHYA,SM,130800,64800,49.54
20,228,AAREYDRUGS,EQ,230078,120702,52.46
20,229,AARON,EQ,25451,16810,66.05
20,230,AARTIDRUGS,EQ,108126,58652,54.24
20,231,AARTIIND,EQ,448671,207940,46.35
20,232,AARTIPHARM,EQ,557734,250956,45.00
20,233,AARVI,EQ,7411,5126,69.17
20,234,AASTHA,EQ,2046144,896487,43.81
20,235,AATMAJ,SM,2000,2000,100.00
20,236,AAVAS,EQ,80715,41244,51.10
20,237,ABANSENT,EQ,6468,4203,64.98
20,238,ABB,EQ,309539,178554,57.68
20,239,ABBOTINDIA,EQ,6053,3993,65.97
20,240,ABCAPITAL,EQ,2144020,1064989,49.67
20,241,ABCOTS,EQ,1477,845,57.21
20,242,ABDL,EQ,320490,164232,51.24
20,243,ABFRL,EQ,2157046,1039095,48.17
20,244,ABH,ST,7200,7200,100.00
20,245,ABHAPOWER,SM,8000,8000,100.00
20,246,ABLBL,EQ,494687,240767,48.67
20,247,ABMKNO,EQ,651,567,87.10
20,248,ABREL,EQ,111860,59315,53.03
20,249,ABSL10BANK,EQ,1456,1235,84.82
20,250,ABSLAMC,EQ,233592,111353,47.67
20,251,ABSLBANETF,EQ,156871,138366,88.20
20,252,ABSLLIQUID,EQ,257,138,53.70
20,253,ABSLMSCIN,EQ,121,121,100.00
20,254,ABSLNN50ET,EQ,5514,5094,92.38
20,255,ABSLPSE,EQ,90916,59970,65.96
20,256,ABSMARINE,SM,66000,40000,60.61
20,257,ACC,EQ,122510,62920,51.36
20,258,ACCELYA,EQ,4845,3234,66.75
20,259,ACCENTMIC,SM,161500,85000,52.63
20,260,ACCPL,ST,8400,8400,100.00
20,261,ACE,EQ,559419,206444,36.90
20,262,ACEINTEG,EQ,442,392,88.69
20,263,ACETEC,SM,1200,1200,100.00
20,264,ACGL,EQ,393,259,65.90
20,265,ACI,EQ,289839,152426,52.59
20,266,ACL,EQ,5707,4456,78.08
20,267,ACMESOLAR,EQ,862025,404724,46.95
20,268,ACUTAAS,EQ,282128,160694,56.96
20,269,ADANIENSOL,EQ,1914487,725191,37.88
20,270,ADANIENT,EQ,5320594,1961040,36.86
20,271,ADANIGREEN,EQ,2491107,821118,32.96
20,272,ADANIPORTS,EQ,5527528,3067600,55.50
20,273,ADANIPOWER,EQ,33227588,12501381,37.62
20,274,ADDICTIVE,SM,2000,2000,100.00
20,275,ADDIND,EQ,41,41,100.00
20,276,ADFFOODS,EQ,212691,60501,28.45
20,277,ADISOFT,SM,442400,301600,68.17
20,278,ADL,EQ,1535,1321,86.06
20,279,ADOR,EQ,59288,24580,41.46
20,280,ADROITINFO,EQ,65228,48505,74.36
20,281,ADSL,EQ,92053,51929,56.41
20,282,ADVAIT,EQ,44532,23279,52.27
20,283,ADVANCE,EQ,78694,50170,63.75
20,284,ADVANIHOTR,EQ,21032,17884,85.03
20,285,ADVENTHTL,EQ,72649,43540,59.93
20,286,ADVENZYMES,EQ,159172,94503,59.37
20,287,ADVIKCA,EQ,159333,128957,80.94
20,288,AEGISLOG,EQ,2121597,483939,22.81
20,289,AEGISVOPAK,EQ,1911786,800264,41.86
20,290,AEPL,EQ,123003,88456,71.91
20,291,AEQUS,EQ,2439713,1066339,43.71
20,292,AEROENTER,EQ,1381011,653111,47.29
20,293,AEROFLEX,EQ,865460,357098,41.26
20,294,AERON,SM,11000,10000,90.91
20,295,AERONEU,EQ,34048,14805,43.48
20,296,AEROPLANE,EQ,287505,156362,54.39
20,297,AESTHETIK,SM,3000,3000,100.00
20,298,AETHER,EQ,217203,95023,43.75
20,299,AFCONS,EQ,924861,551053,59.58
20,300,AFFLE,EQ,101630,44391,43.68
20,301,AFFORDABLE,EQ,23690,13808,58.29
20,302,AFIL,EQ,446375,340760,76.34
20,303,AFSL,EQ,4021,2704,67.25
20,304,AGARIND,EQ,29437,16503,56.06
20,305,AGARWALEYE,EQ,256670,188631,73.49
20,306,AGARWALFT,SM,3000,3000,100.00
20,307,AGARWALTUF,SM,66000,39600,60.00
20,308,AGI,EQ,303157,135904,44.83
20,309,AGIIL,EQ,8760571,952987,10.88
20,310,AGL,EQ,7575417,2149170,28.37
20,311,AGNI,SM,65000,40000,61.54
20,312,AGRITECH,EQ,2629,2096,79.73
20,313,AGROPHOS,EQ,143020,97638,68.27
20,314,AGUL,SM,2000,2000,100.00
20,315,AHCL,EQ,17458736,7704959,44.13
20,316,AHLADA,EQ,38344,28138,73.38
20,317,AHLEAST,EQ,1988,1784,89.74
20,318,AHLUCONT,EQ,63167,33228,52.60
20,319,AIAENG,EQ,18400,8547,46.45
20,320,AIIL,EQ,100734,41226,40.93
20,321,AIMTRON,SM,21000,14600,69.52
20,322,AIRAN,EQ,343975,211903,61.60
20,323,AIROLAM,EQ,173,167,96.53
20,324,AJANTPHARM,EQ,41843,17694,42.29
20,325,AJAXENGG,EQ,65391,41093,62.84
20,326,AJMERA,EQ,540312,266830,49.38
20,327,AJOONI,EQ,164411,142945,86.94
20,328,AKANKSHA,SM,4000,4000,100.00
20,329,AKASH,EQ,3274,2190,66.89
20,330,AKCAPIT,EQ,2791,2494,89.36
20,331,AKG,EQ,66537,56210,84.48
20,332,AKIKO,SM,53600,50400,94.03
20,333,AKSHAR,EQ,1293096,731907,56.60
20,334,AKUMS,EQ,433609,222641,51.35
20,335,ALANKIT,EQ,63127,40506,64.17
20,336,ALBERTDAVD,EQ,3812,2560,67.16
20,337,ALEMBICLTD,EQ,694090,301824,43.48
20,338,ALFREDHE,EQ,96,96,100.00
20,339,ALGOQUANT,EQ,1285564,439659,34.20
20,340,ALICON,EQ,108118,46254,42.78
20,341,ALIVUS,EQ,193281,88620,45.85
20,342,ALKALI,EQ,73247,27960,38.17
20,343,ALKEM,EQ,106076,69062,65.11
20,344,ALKYLAMINE,EQ,47706,19079,39.99
20,345,ALLCARGO,EQ,22061311,4572880,20.73
20,346,ALLDIGI,EQ,5053,3994,79.04
20,347,ALLETEC,SM,18000,14400,80.00
20,348,ALLTIME,EQ,120873,70404,58.25
20,349,ALMONDZ,EQ,212289,145560,68.57
20,350,ALOKINDS,EQ,26216573,10465059,39.92
20,351,ALPA,EQ,24550,12030,49.00
20,352,ALPEXSOLAR,SM,42200,29500,69.91
20,353,ALPHA,EQ,635652,307741,48.41
20,354,ALPHAETF,EQ,249325,152253,61.07
20,355,ALPINETEX,EQ,195019,94495,48.45
20,356,ALPL30IETF,EQ,144751,95670,66.09
20,357,ALUFLUOR,EQ,3191,1935,60.64
20,358,ALUWIND,SM,16500,9000,54.55
20,359,AMAGI,EQ,513278,260210,50.70
20,360,AMAL,EQ,6623,3993,60.29
20,361,AMARJOTHI,EQ,1108,957,86.37
20,362,AMBAAUTO,SM,35000,24000,68.57
20,363,AMBER,EQ,97425,37845,38.85
20,364,AMBICAAGAR,EQ,34909,33085,94.77
20,365,AMBIKCO,EQ,7772,5283,67.97
20,366,AMBUJACEM,EQ,862520,378829,43.92
20,367,AMCL,SM,2000,1200,60.00
20,368,AMDIND,EQ,63479,39030,61.48
20,369,AMEYA,SM,19000,19000,100.00
20,370,AMJLAND,EQ,2517,2366,94.00
20,371,AMNPLST,EQ,3023,1711,56.60
20,372,AMRUTANJAN,EQ,74607,43682,58.55
20,373,ANANDRATHI,EQ,228715,126729,55.41
20,374,ANANTAM,IV,6323,5941,93.96
20,375,ANANTRAJ,EQ,2109667,1195547,56.67
20,376,ANAWIL,SM,489600,279600,57.11
20,377,ANDHRAPAP,EQ,2940986,536538,18.24
20,378,ANDHRSUGAR,EQ,311807,141262,45.30
20,379,ANDREWYU,EQ,70262,40697,57.92
20,380,ANGELONE,EQ,7856510,2992142,38.08
20,381,ANIKINDS,EQ,1479,1121,75.79
20,382,ANLON,SM,6800,6000,88.24
20,383,ANMOL,EQ,2032233,861984,42.42
20,384,ANNAPURNA,EQ,24785,16789,67.74
20,385,ANOND-RE,ST,44150,43730,99.05
20,386,ANONDITA,SM,59400,35600,59.93
20,387,ANSALBU,EQ,667,556,83.36
20,388,ANTELOPUS,EQ,13072209,701001,5.36
20,389,ANTGRAPHIC,EQ,406041,342671,84.39
20,390,ANTHEM,EQ,928217,537115,57.87
20,391,ANUHPHR,EQ,626549,268601,42.87
20,392,ANUP,EQ,16835,8643,51.34
20,393,ANURAS,EQ,204066,155963,76.43
20,394,ANYA,SM,30000,20000,66.67
20,395,ANZEN,IV,25000,25000,100.00
20,396,AONEGOLD,EQ,191081,90894,47.57
20,397,AONELIQUID,EQ,26546,20510,77.26
20,398,AONENIFTY,EQ,133129,106761,80.19
20,399,AONESILVER,EQ,322568,192337,59.63
20,400,AONETMMQ50,EQ,37525,21451,57.16
20,401,AONETOTAL,EQ,184344,131591,71.38
20,402,APARINDS,EQ,105567,38539,36.51
20,403,APCL,EQ,3129,2474,79.07
20,404,APCOTEXIND,EQ,67048,32327,48.21
20,405,APEX,EQ,93004,40653,43.71
20,406,APEXECO,ST,28800,28000,97.22
20,407,APLAPOLLO,EQ,270373,150365,55.61
20,408,APLLTD,EQ,86236,41876,48.56
20,409,APOLLO,EQ,10424699,3032206,29.09
20,410,APOLLOHOSP,EQ,375525,171189,45.59
20,411,APOLLOPIPE,EQ,132926,50479,37.98
20,412,APOLLOTYRE,EQ,540857,250245,46.27
20,413,APOLSINHOT,EQ,876,743,84.82
20,414,APOORVA,EQ,104,104,100.00
20,415,APRAMEYA,SM,13500,13500,100.00
20,416,APS,SM,15000,9500,63.33
20,417,APSISAERO,ST,13200,13200,100.00
20,418,APTUS,EQ,1132562,594208,52.47
20,419,AQYLON,EQ,211570,85768,40.54
20,420,ARABIAN,SM,6000,6000,100.00
20,421,ARCHIDPLY,EQ,4792,2445,51.02
20,422,ARCHIES,EQ,56369,25066,44.47
20,423,ARCIIL,SM,3000,3000,100.00
20,424,ARCL,EQ,358,235,65.64
20,425,ARDEE,EQ,3960688,1912824,48.30
20,426,ARE&M,EQ,297603,132143,44.40
20,427,ARENTERP,EQ,924,732,79.22
20,428,ARFIN,EQ,684659,317860,46.43
20,429,ARHAM,SM,32000,15000,46.88
20,430,ARIHANT,EQ,1558,1129,72.46
20,431,ARIHANTCAP,EQ,98959,56325,56.92
20,432,ARIHANTSUP,EQ,31761,24212,76.23
20,433,ARIS,EQ,672875,289222,42.98
20,434,ARKADE,EQ,244733,112780,46.08
20,435,ARMANFIN,EQ,27412,14075,51.35
20,436,ARMOUR,ST,2000,2000,100.00
20,437,AROGRANITE,EQ,4086,3279,80.25
20,438,ARSSBL,EQ,81100,49440,60.96
20,439,ARTEMISMED,EQ,813189,388951,47.83
20,440,ARTNIRMAN,EQ,5519,5513,99.89
20,441,ARUNAYA,SM,6000,6000,100.00
20,442,ARVEE,EQ,159126,33650,21.15
20,443,ARVIND,EQ,1539846,502068,32.61
20,444,ARVINDFASN,EQ,133171,73107,54.90
20,445,ARVINDPORT,SM,15000,15000,100.00
20,446,ARVSMART,EQ,69778,37646,53.95
20,447,ARYAMAN,EQ,459,348,75.82
20,448,ASAHIINDIA,EQ,220637,93303,42.29
20,449,ASAL,EQ,9447,4731,50.08
20,450,ASALCBR,EQ,26427,14304,54.13
20,451,ASHALOG,SM,2000,1000,50.00
20,452,ASHAPURMIN,EQ,747609,299586,40.07
20,453,ASHIANA,EQ,18098,11654,64.39
20,454,ASHIMASYN,EQ,90655,58360,64.38
20,455,ASHOKA,EQ,473674,208244,43.96
20,456,ASHOKAMET,EQ,13514,5954,44.06
20,457,ASHOKLEY,EQ,7197614,2987359,41.50
20,458,ASHUTOSH,ST,440400,373200,84.74
20,459,ASHWINI,SM,20000,10000,50.00
20,460,ASIANENE,EQ,475711,188145,39.55
20,461,ASIANHOTNR,EQ,27418,12348,45.04
20,462,ASIANPAINT,EQ,432840,258653,59.76
20,463,ASIANTILES,EQ,3910136,1402144,35.86
20,464,ASIANTNE,EQ,7352,5197,70.69
20,465,ASKAUTOLTD,EQ,288722,130617,45.24
20,466,ASPINWALL,EQ,803,601,74.84
20,467,ASTAR,EQ,32,30,93.75
20,468,ASTEC,EQ,5356635,308933,5.77
20,469,ASTERDM,EQ,1498226,1073275,71.64
20,470,ASTRAL,EQ,769503,457488,59.45
20,471,ASTRAMICRO,EQ,550424,239510,43.51
20,472,ASTRAZEN,EQ,5604,2188,39.04
20,473,ATALREAL,EQ,701191,694153,99.00
20,474,ATAM,EQ,4732,3132,66.19
20,475,ATCENERGY,ST,4800,4800,100.00
20,476,ATGL,EQ,871019,173761,19.95
20,477,ATHERENERG,EQ,1669212,486806,29.16
20,478,ATL,EQ,171806,105719,61.53
20,479,ATLANTAA,EQ,19942,11589,58.11
20,480,ATLANTAELE,EQ,103680,46797,45.14
20,481,ATLASCYCLE,EQ,180895,86533,47.84
20,482,ATLPP,E1,956,885,92.57
20,483,ATMASTCO,SM,30400,21200,69.74
20,484,ATUL,EQ,18697,8516,45.55
20,485,ATULAUTO,EQ,46298,26601,57.46
20,486,AUBANK,EQ,1294481,823194,63.59
20,487,AUGMONT,EQ,1284516,285478,22.22
20,488,AURIONPRO,EQ,119925,74991,62.53
20,489,AUROIMPEX,SM,14400,8000,55.56
20,490,AUROPHARMA,EQ,600583,285399,47.52
20,491,AURUM,EQ,140276,69960,49.87
20,492,AURUS,EQ,26280,16241,61.80
20,493,AUSOMENT,EQ,1211,835,68.95
20,494,AUSTENG,EQ,1041,870,83.57
20,495,AUTOAXLES,EQ,3945,2724,69.05
20,496,AUTOBEES,EQ,141003,84640,60.03
20,497,AUTOIETF,EQ,371777,128599,34.59
20,498,AUTOIND,EQ,109051,42248,38.74
20,499,AVADHSUGAR,EQ,118788,59583,50.16
20,500,AVALON,EQ,206983,82460,39.84
20,501,AVANA,ST,20000,16000,80.00
20,502,AVANCE,EQ,4345874,1660269,38.20
20,503,AVANTEL,EQ,1405773,586400,41.71
20,504,AVANTIFEED,EQ,414240,198822,48.00
20,505,AVIANSH,SM,8000,6000,75.00
20,506,AVIENCE,SM,106200,83400,78.53
20,507,AVL,EQ,930980,637456,68.47
20,508,AVONMORE,EQ,229737,149609,65.12
20,509,AVPINFRA,SM,20000,15200,76.00
20,510,AVROIND,EQ,860781,583780,67.82
20,511,AVTNPL,EQ,432223,186033,43.04
20,512,AWFIS,EQ,128291,73754,57.49
20,513,AWHCL,EQ,145249,55211,38.01
20,514,AWL,EQ,1594754,814520,51.07
20,515,AXISBANK,EQ,6679663,4863901,72.82
20,516,AXISCADES,EQ,347063,169172,48.74
20,517,AXITA,EQ,640768,183430,28.63
20,518,AXTEL,EQ,26894,14662,54.52
20,519,AYE,EQ,793540,333420,42.02
20,520,AYMSYNTEX,EQ,91725,59361,64.72
20,521,AZAD,EQ,261391,104065,39.81
20,522,AZADIND,EQ,31921,7854,24.60
20,523,BABAFP,SM,8000,6400,80.00
20,524,BAGDIGITAL,SM,100800,48000,47.62
20,525,BAGFILMS,EQ,114517,69363,60.57
20,526,BAGMANE,RR,963650,772259,80.14
20,527,BAHETI,SM,18375,11250,61.22
20,528,BAIDFIN,EQ,273260,200446,73.35
20,529,BAJAJ-AUTO,EQ,119472,68710,57.51
20,530,BAJAJCON,EQ,824949,439562,53.28
20,531,BAJAJELEC,EQ,90932,43382,47.71
20,532,BAJAJFINSV,EQ,617280,403394,65.35
20,533,BAJAJHCARE,EQ,83482,48370,57.94
20,534,BAJAJHFL,EQ,1812516,982701,54.22
20,535,BAJAJHIND,EQ,26539319,9115511,34.35
20,536,BAJAJHLDNG,EQ,18502,8987,48.57
20,537,BAJAJINDEF,EQ,12456,10376,83.30
20,538,BAJAJST,EQ,6692,3966,59.26
20,539,BAJEL,EQ,90712,42548,46.90
20,540,BAJFINANCE,EQ,9244698,6269747,67.82
20,541,BALAJEE,EQ,30955,18511,59.80
20,542,BALAJIPHOS,SM,18000,15000,83.33
20,543,BALAJITELE,EQ,83298,47895,57.50
20,544,BALAMINES,EQ,261839,98010,37.43
20,545,BALAXI,EQ,87548,48637,55.55
20,546,BALKRISHNA,EQ,23179,15972,68.91
20,547,BALKRISIND,EQ,491646,302325,61.49
20,548,BALMLAWRIE,EQ,112860,77785,68.92
20,549,BALPHARMA,EQ,782802,300994,38.45
20,550,BALRAMCHIN,EQ,1337773,263502,19.70
20,551,BALUFORGE,EQ,1038353,327568,31.55
20,552,BANARBEADS,EQ,650,566,87.08
20,553,BANARISUG,EQ,1385,734,53.00
20,554,BANCOINDIA,EQ,222414,97589,43.88
20,555,BANDHANBNK,EQ,11130322,3587804,32.23
20,556,BANG,EQ,144212,54368,37.70
20,557,BANK10ADD,EQ,40014,35595,88.96
20,558,BANK10BETF,EQ,1824,1349,73.96
20,559,BANKA,EQ,13182,7382,56.00
20,560,BANKADD,EQ,16309,14011,85.91
20,561,BANKBARODA,EQ,14888061,9437518,63.39
20,562,BANKBEES,EQ,552845,333695,60.36
20,563,BANKBETA,EQ,182507,106287,58.24
20,564,BANKBETF,EQ,7286,4261,58.48
20,565,BANKETF,EQ,30401,22520,74.08
20,566,BANKIETF,EQ,382479,224108,58.59
20,567,BANKINDIA,EQ,6061098,2941666,48.53
20,568,BANKNIFTY1,EQ,216941,143620,66.20
20,569,BANKPSU,EQ,32043,14735,45.99
20,570,BANSALWIRE,EQ,257221,153902,59.83
20,571,BANSWRAS,EQ,25897,16910,65.30
20,572,BARFLEX,SM,4000,4000,100.00
20,573,BASF,EQ,19474,9370,48.12
20,574,BASILIC,SM,7500,6600,88.00
20,575,BATAINDIA,EQ,141443,75383,53.30
20,576,BATLIBOI,EQ,45812,21380,46.67
20,577,BAWEJA,SM,16000,13600,85.00
20,578,BAYERCROP,EQ,9019,5293,58.69
20,579,BBETF0432,EQ,259,146,56.37
20,580,BBL,EQ,15266,8196,53.69
20,581,BBNPNBETF,EQ,596,488,81.88
20,582,BBNPPGOLD,EQ,9016,1399,15.52
20,583,BBOX,EQ,261045,111195,42.60
20,584,BBTC,EQ,62602,25499,40.73
20,585,BBTCL,EQ,6549,3906,59.64
20,586,BCG,EQ,18035174,5979340,33.15
20,587,BCLIND,EQ,606197,356138,58.75
20,588,BCONCEPTS,EQ,27842,19919,71.54
20,589,BCPL,EQ,18800,13536,72.00
20,590,BDL,EQ,1337188,439572,32.87
20,591,BEACON,SM,10000,7000,70.00
20,592,BEARDSELL,EQ,14564,11993,82.35
20,593,BECTORFOOD,EQ,2474475,852399,34.45
20,594,BEDMUTHA,EQ,1322,1303,98.56
20,595,BEEKAY,EQ,2146,1956,91.15
20,596,BEL,EQ,10899391,6460846,59.28
20,597,BELLACASA,EQ,8196,6253,76.29
20,598,BELRISE,EQ,1136349,528381,46.50
20,599,BEML,EQ,465000,119038,25.60
20,600,BENARAS,EQ,279,217,77.78
20,601,BENGALASM,EQ,6527,6188,94.81
20,602,BEPL,EQ,2507926,940586,37.50
20,603,BERGEPAINT,EQ,397752,168129,42.27
20,604,BESTAGRO,EQ,599344,267706,44.67
20,605,BETA,EQ,9360,5964,63.72
20,606,BEWLTD,SM,39500,38500,97.47
20,607,BFINVEST,EQ,12979,7111,54.79
20,608,BFSI,EQ,283798,141462,49.85
20,609,BFUTILITIE,EQ,43773,14782,33.77
20,610,BHADORA,ST,49200,45600,92.68
20,611,BHAGCHEM,EQ,43494,22281,51.23
20,612,BHAGYANGR,EQ,471785,180930,38.35
20,613,BHANDARI,EQ,203925,140931,69.11
20,614,BHARATCOAL,EQ,5615661,1826732,32.53
20,615,BHARATFORG,EQ,522619,230274,44.06
20,616,BHARATRAS,EQ,7263,3156,43.45
20,617,BHARATSE,EQ,65367,33766,51.66
20,618,BHARATWIRE,EQ,154260,97996,63.53
20,619,BHARTIARTL,EQ,5574027,3964197,71.12
20,620,BHARTIHEXA,EQ,74733,33861,45.31
20,621,BHEL,EQ,8487227,3588374,42.28
20,622,BIGBLOC,EQ,33278,23921,71.88
20,623,BIKAJI,EQ,64910,37719,58.11
20,624,BIKEWO,ST,148000,120000,81.08
20,625,BIL,EQ,191572,65718,34.30
20,626,BIMETAL,EQ,2520,2485,98.61
20,627,BIOCON,EQ,10271402,3865533,37.63
20,628,BIOFILCHEM,EQ,7167,5310,74.09
20,629,BIOPOL,SM,46800,32400,69.23
20,630,BIRDYS,SM,3600,0,0.00
20,631,BIRET,RR,219985,201194,91.46
20,632,BIRLACABLE,EQ,1334884,466549,34.95
20,633,BIRLACORPN,EQ,82083,52797,64.32
20,634,BIRLAMONEY,EQ,35673,21919,61.44
20,635,BIRLANU,EQ,6435,3984,61.91
20,636,BLACKBUCK,EQ,1125030,566137,50.32
20,637,BLAL,EQ,14801,9998,67.55
20,638,BLBLIMITED,EQ,102796,91317,88.83
20,639,BLEL,EQ,1056205,307758,29.14
20,640,BLIL,EQ,123875,93902,75.80
20,641,BLKASHYAP,EQ,428673,222389,51.88
20,642,BLS,EQ,589949,266322,45.14
20,643,BLSE,EQ,178708,64943,36.34
20,644,BLUECLOUDS,EQ,722640,352227,48.74
20,645,BLUECOAST,EQ,811,560,69.05
20,646,BLUEDART,EQ,5343,2505,46.88
20,647,BLUEJET,EQ,216832,110513,50.97
20,648,BLUEPEBBLE,SM,4400,3600,81.82
20,649,BLUESTARCO,EQ,714546,437452,61.22
20,650,BLUESTONE,EQ,1010562,338592,33.51
20,651,BLUEWATER,ST,16000,15000,93.75
20,652,BLUSPRING,EQ,661581,212526,32.12
20,653,BMETRICS,SM,4800,4800,100.00
20,654,BMLL,SM,23000,18000,78.26
20,655,BMWVENTLTD,EQ,62136,36546,58.82
20,656,BNKETFAXIS,EQ,2147,1128,52.54
20,657,BODALCHEM,EQ,3521966,1610861,45.74
20,658,BOHRAIND,EQ,15627,12129,77.62
20,659,BOMDYEING,EQ,293411,143638,48.95
20,660,BONLON,EQ,4935,2129,43.14
20,661,BORANA,EQ,8005,3671,45.86
20,662,BOROLTD,EQ,73476,43406,59.08
20,663,BORORENEW,EQ,587336,316892,53.95
20,664,BOROSCI,EQ,30256,21273,70.31
20,665,BOSCH-HCIL,EQ,31513,14952,47.45
20,666,BOSCHLTD,EQ,28278,16454,58.19
20,667,BOSS,SM,24000,20000,83.33
20,668,BPCL,EQ,4492551,2313780,51.50
20,669,BPL,EQ,33481,16203,48.39
20,670,BPLPHARMA,EQ,1692,1430,84.52
20,671,BRACEPORT,SM,6400,6400,100.00
20,672,BRAHMINFRA,EQ,11358,8141,71.68
20,673,BRANDMAN,SM,12800,9600,75.00
20,674,BRIGADE,EQ,347995,154359,44.36
20,675,BRIGHOTEL,EQ,105118,80745,76.81
20,676,BRIGHTBR,EQ,452,422,93.36
20,677,BRITANNIA,EQ,190380,89664,47.10
20,678,BRNL,EQ,30372,24824,81.73
20,679,BROOKS,EQ,17284,9926,57.43
20,680,BSE,EQ,4365902,1750130,40.09
20,681,BSE500IETF,EQ,93731,76146,81.24
20,682,BSHSL,EQ,3534,1962,55.52
20,683,BSL,EQ,1297,833,64.23
20,684,BSLGOLDETF,EQ,250162,174894,69.91
20,685,BSLNIFTY,EQ,1399208,1196009,85.48
20,686,BSLSENETFG,EQ,6613,6068,91.76
20,687,BSOFT,EQ,945788,521571,55.15
20,688,BTML,EQ,126755,81201,64.06
20,689,BUILDPRO,EQ,36344,25477,70.10
20,690,BULKCORP,ST,3600,3600,100.00
20,691,BUTTERFLY,EQ,8492,5552,65.38
20,692,BVCL,EQ,205940,87632,42.55
20,693,C2C,SM,104400,71400,68.39
20,694,CAMLINFINE,EQ,399410,184524,46.20
20,695,CAMPUS,EQ,324376,170085,52.43
20,696,CAMS,EQ,1556690,792214,50.89
20,697,CANARYS,SM,44000,36000,81.82
20,698,CANBK,EQ,9338510,4721080,50.55
20,699,CANFINHOME,EQ,225807,134534,59.58
20,700,CANHLIFE,EQ,641692,355040,55.33
20,701,CANTABIL,EQ,127507,80812,63.38
20,702,CAPACITE,EQ,444240,210144,47.30
20,703,CAPILLARY,EQ,419478,185064,44.12
20,704,CAPINVIT,IV,335291,276366,82.43
20,705,CAPITALSFB,EQ,14170,9471,66.84
20,706,CAPLIPOINT,EQ,117200,51045,43.55
20,707,CARBORUNIV,EQ,86399,37122,42.97
20,708,CARERATING,EQ,27226,13960,51.27
20,709,CARRARO,EQ,48909,25799,52.75
20,710,CARTRADE,EQ,261277,109845,42.04
20,711,CARYSIL,EQ,113525,62938,55.44
20,712,CASHIETF,EQ,503338,449738,89.35
20,713,CASTROLIND,EQ,2950116,2170015,73.56
20,714,CCAVENUE,EQ,7132901,3120061,43.74
20,715,CCCL,EQ,229188,151486,66.10
20,716,CCHHL,EQ,12691,8372,65.97
20,717,CCL,EQ,136573,72402,53.01
20,718,CDSL,EQ,1314059,478497,36.41
20,719,CEATLTD,EQ,61898,30268,48.90
20,720,CEDAAR,ST,3000,3000,100.00
20,721,CEIGALL,EQ,243135,121210,49.85
20,722,CEINSYS,EQ,26064,15889,60.96
20,723,CELEBRITY,EQ,8695,6582,75.70
20,724,CELLECOR,SM,108000,87000,80.56
20,725,CELLO,EQ,252463,131636,52.14
20,726,CELLPOINT,SM,4800,4800,100.00
20,727,CEMNTGROWW,EQ,131074,81524,62.20
20,728,CEMPRO,EQ,210880,127179,60.31
20,729,CENTENKA,EQ,131150,60669,46.26
20,730,CENTEXT,EQ,645624,474180,73.45
20,731,CENTRALBK,EQ,4467951,2485080,55.62
20,732,CENTRUM,EQ,151636,110210,72.68
20,733,CENTUM,EQ,114623,27863,24.31
20,734,CENTURYPLY,EQ,34000,22972,67.56
20,735,CERA,EQ,4352,2520,57.90
20,736,CESC,EQ,7429488,2398633,32.29
20,737,CEWATER,EQ,384572,206808,53.78
20,738,CFEL,EQ,147540,97079,65.80
20,739,CGCL,EQ,3036249,1098853,36.19
20,740,CGPOWER,EQ,3454657,1623023,46.98
20,741,CGRAPHICS,SM,23200,20000,86.21
20,742,CGVAK,EQ,645,478,74.11
20,743,CHALET,EQ,87296,46097,52.81
20,744,CHAMBLFERT,EQ,446106,279337,62.62
20,745,CHAMUNDA,SM,3000,3000,100.00
20,746,CHANDAN,SM,28000,20000,71.43
20,747,CHAVDA,SM,1000,1000,100.00
20,748,CHEMBOND,EQ,338501,91138,26.92
20,749,CHEMCRUX,EQ,3345,3226,96.44
20,750,CHEMFAB,EQ,15562,7585,48.74
20,751,CHEMICAL,EQ,274580,176245,64.19
20,752,CHEMPLASTS,EQ,391876,160957,41.07
20,753,CHENNPETRO,EQ,8400385,1035134,12.32
20,754,CHETANA,SM,65600,56000,85.37
20,755,CHEVIOT,EQ,1489,1260,84.62
20,756,CHOICEGOLD,EQ,6629,3604,54.37
20,757,CHOICEIN,EQ,589501,376109,63.80
20,758,CHOLAFIN,EQ,1079333,740281,68.59
20,759,CHOLAHLDNG,EQ,50582,28481,56.31
20,760,CIEINDIA,EQ,261325,165712,63.41
20,761,CIFL,EQ,95857,66035,68.89
20,762,CINELINE,EQ,26990,19584,72.56
20,763,CINEVISTA,EQ,4924,4612,93.66
20,764,CIPLA,EQ,818773,537387,65.63
20,765,CITIUSINVT,IV,31071,29892,96.21
20,766,CKKRETAIL,SM,800,800,100.00
20,767,CLASSICEIL,SM,40000,36800,92.00
20,768,CLAYCRAFT,SM,52200,35400,67.82
20,769,CLEAN,EQ,162108,80545,49.69
20,770,CLEANMAX,EQ,152405,57175,37.52
20,771,CLEDUCATE,EQ,7604,5671,74.58
20,772,CLSEL,EQ,117675,55295,46.99
20,773,CMLL,EQ,245505,104953,42.75
20,774,CMNL,SM,5250,5250,100.00
20,775,CMPDI,EQ,1530570,1022066,66.78
20,776,CMRGREEN,EQ,376008,198637,52.83
20,777,CMSINFO,EQ,1394473,792720,56.85
20,778,CNL,EQ,16131,9261,57.41
20,779,COALINDIA,EQ,22791556,11138139,48.87
20,780,COASTCORP,EQ,40320,27300,67.71
20,781,COCHINSHIP,EQ,1253871,500840,39.94
20,782,COCKERILL,EQ,3989,1911,47.91
20,783,COFFEEDAY,EQ,1715870,883404,51.48
20,784,COFORGE,EQ,10837239,4965420,45.82
20,785,COHANCE,EQ,1415841,901702,63.69
20,786,COLPAL,EQ,518477,342135,65.99
20,787,COMFINTE,EQ,106634,71261,66.83
20,788,COMMOIETF,EQ,29312,17481,59.64
20,789,COMPEAU,EQ,1168,1011,86.56
20,790,COMPUSOFT,EQ,7177,6907,96.24
20,791,COMSYN,EQ,618722,367796,59.44
20,792,CONCOR,EQ,1057889,458006,43.29
20,793,CONCORDBIO,EQ,140985,79361,56.29
20,794,CONFIPET,EQ,15689882,6224535,39.67
20,795,CONNPLEX,SM,158400,116800,73.74
20,796,CONS,EQ,31578,24685,78.17
20,797,CONSUMAXIS,EQ,545,480,88.07
20,798,CONSUMBEES,EQ,62177,37265,59.93
20,799,CONSUMER,EQ,302910,217081,71.67
20,800,CONSUMIETF,EQ,22580,15267,67.61
20,801,CONTROLPR,EQ,18172,12454,68.53
20,802,COOLCAPS,ST,125000,112500,90.00
20,803,CORALFINAC,EQ,42237,24199,57.29
20,804,CORDELIA,EQ,1243173,490661,39.47
20,805,CORDSCABLE,EQ,1551687,350451,22.59
20,806,COROMANDEL,EQ,83551,44418,53.16
20,807,CORONA,EQ,262842,47287,17.99
20,808,COSMOFIRST,EQ,48300,22778,47.16
20,809,CPCAP,EQ,30258,17650,58.33
20,810,CPEDU,EQ,1441,1146,79.53
20,811,CPL,EQ,133934,16220,12.11
20,812,CPPLUS,EQ,180329,100398,55.67
20,813,CPS,SM,29550,29550,100.00
20,814,CPSEETF,EQ,2883640,1951007,67.66
20,815,CRAFTSMAN,EQ,52885,23148,43.77
20,816,CRAMC,EQ,573528,337828,58.90
20,817,CRAVATEX,EQ,374,295,78.88
20,818,CRAYONS,SM,24000,24000,100.00
20,819,CREATIVEYE,EQ,4928,4206,85.35
20,820,CREDENT,SM,204000,146400,71.76
20,821,CREDITACC,EQ,124234,65491,52.72
20,822,CREST,EQ,3154,2041,64.71
20,823,CRISIL,EQ,17017,9936,58.39
20,824,CRIZAC,EQ,420545,198016,47.09
20,825,CROMPTON,EQ,3989754,2009400,50.36
20,826,CROWN,EQ,11540,10866,94.16
20,827,CSBBANK,EQ,1000771,550414,55.00
20,828,CSLFINANCE,EQ,73631,48060,65.27
20,829,CSM,EQ,46723,21209,45.39
20,830,CSSL,SM,5000,5000,100.00
20,831,CUB,EQ,1015686,357093,35.16
20,832,CUBEINVIT,IV,178445,167480,93.86
20,833,CUBEXTUB,EQ,91677,45344,49.46
20,834,CUDML,SM,18000,14000,77.78
20,835,CUMMINSIND,EQ,373017,179751,48.19
20,836,CUPID,EQ,26778485,6477844,24.19
20,837,CURAA,EQ,518,222,42.86
20,838,CURIS,SM,104000,57000,54.81
20,839,CURRENT,SM,19200,16000,83.33
20,840,CYIENT,EQ,323893,188608,58.23
20,841,CYIENTDLM,EQ,749695,281834,37.59
20,842,DABUR,EQ,2451979,1434867,58.52
20,843,DALBHARAT,EQ,41241,16083,39.00
20,844,DALMIASUG,EQ,204730,106723,52.13
20,845,DAMCAPITAL,EQ,225379,133460,59.22
20,846,DANGEE,EQ,10529,9389,89.17
20,847,DANISH,SM,36900,24150,65.45
20,848,DATAMATICS,EQ,212122,70414,33.20
20,849,DATAPATTNS,EQ,682371,159123,23.32
20,850,DAVANGERE,EQ,161998621,59662721,36.83
20,851,DBCORP,EQ,99526,64716,65.02
20,852,DBEIL,EQ,213896,146904,68.68
20,853,DBL,EQ,82862,36213,43.70
20,854,DBOL,EQ,186892,116165,62.16
20,855,DBREALTY,EQ,1060583,725330,68.39
20,856,DCAL,EQ,148123,89231,60.24
20,857,DCBBANK,EQ,2269401,615429,27.12
20,858,DCCL,SM,18000,14000,77.78
20,859,DCG,SM,271200,178800,65.93
20,860,DCI,EQ,1464705,716051,48.89
20,861,DCMFINSERV,EQ,12518,7049,56.31
20,862,DCMNVL,EQ,24490,8721,35.61
20,863,DCMSHRIRAM,EQ,45418,29457,64.86
20,864,DCMSIL,EQ,48268,24825,51.43
20,865,DCMSRIND,EQ,178527,103379,57.91
20,866,DCW,EQ,2937582,1014013,34.52
20,867,DCXINDIA,EQ,273660,124187,45.38
20,868,DDEVPLSTIK,EQ,82663,55700,67.38
20,869,DECCANCE,EQ,4122,2908,70.55
20,870,DECCANTRAN,SM,16800,12000,71.43
20,871,DECNGOLD,EQ,1734880,724794,41.78
20,872,DEEDEV,EQ,340451,175758,51.63
20,873,DEEM,ST,3000,3000,100.00
20,874,DEEP,EQ,25981,21593,83.11
20,875,DEEPA,EQ,14453376,3135754,21.70
20,876,DEEPAKFERT,EQ,233902,105837,45.25
20,877,DEEPAKNTR,EQ,249150,105172,42.21
20,878,DEEPINDS,EQ,624713,237299,37.99
20,879,DEFENCE,EQ,205161,104982,51.17
20,880,DELAPLEX,SM,12600,7800,61.90
20,881,DELHIVERY,EQ,1267067,671054,52.96
20,882,DELTACORP,EQ,713513,383252,53.71
20,883,DELTAMAGNT,EQ,1728,1716,99.31
20,884,DELTIC,SM,3000,2000,66.67
20,885,DEN,EQ,219114,117898,53.81
20,886,DENEERS,SM,13200,7800,59.09
20,887,DENORA,EQ,4503,3157,70.11
20,888,DENTA,EQ,308512,78812,25.55
20,889,DENTALKART,SM,21000,14500,69.05
20,890,DEVIT,EQ,27608,21257,77.00
20,891,DEVX,EQ,52782,24904,47.18
20,892,DEVYANI,EQ,859550,349474,40.66
20,893,DGCONTENT,EQ,2970,2405,80.98
20,894,DHAMPURSUG,EQ,465136,213858,45.98
20,895,DHANBANK,EQ,304141,175914,57.84
20,896,DHANLAXMI,SM,2000,2000,100.00
20,897,DHANSA,SM,40000,34000,85.00
20,898,DHANUKA,EQ,24199,14085,58.20
20,899,DHARARAIL,ST,13000,13000,100.00
20,900,DHARIWAL,SM,360000,258000,71.67
20,901,DHARMAJ,EQ,19747,13926,70.52
20,902,DHATRE,EQ,219304,144465,65.87
20,903,DHOOTTRANS,EQ,1174598,297543,25.33
20,904,DHRUV,EQ,1944,1723,88.63
20,905,DHUNINV,EQ,675,531,78.67
20,906,DIAMINESQ,EQ,10555,6348,60.14
20,907,DIAMONDYD,EQ,4765,3073,64.49
20,908,DICIND,EQ,6544,4215,64.41
20,909,DIFFNKG,EQ,301159,94446,31.36
20,910,DIGIDRIVE,EQ,9623,6055,62.92
20,911,DIGIKORE,SM,48400,34800,71.90
20,912,DIGISPICE,EQ,179178,101998,56.93
20,913,DIGITIDE,EQ,115088,55536,48.26
20,914,DIGJAMLMTD,EQ,8674,8432,97.21
20,915,DISAQ,EQ,330,178,53.94
20,916,DISHTV,EQ,997546,814586,81.66
20,917,DIVGIITTS,EQ,159356,97159,60.97
20,918,DIVIDEND,EQ,35489,6029,16.99
20,919,DIVINEHIRA,ST,3600,1200,33.33
20,920,DIVISLAB,EQ,385273,221602,57.52
20,921,DIVOPPBEES,EQ,58069,36084,62.14
20,922,DIVYADHAN,ST,12000,12000,100.00
20,923,DIXON,EQ,368566,178674,48.48
20,924,DJML,EQ,227969,90994,39.92
20,925,DKEGL,SM,6000,1500,25.00
20,926,DLF,EQ,17000327,11697922,68.81
20,927,DLINKINDIA,EQ,48956,32859,67.12
20,928,DMART,EQ,183727,98535,53.63
20,929,DMCC,EQ,28914,18738,64.81
20,930,DNAMEDIA,EQ,63545,38747,60.98
20,931,DODLA,EQ,37872,18058,47.68
20,932,DOLATALGO,EQ,76139,40411,53.08
20,933,DOLLAR,EQ,189227,104622,55.29
20,934,DOLLEX,SM,68000,60000,88.24
20,935,DOLPHIN,EQ,70925,32327,45.58
20,936,DOMS,EQ,157465,119861,76.12
20,937,DONEAR,EQ,19989,10783,53.94
20,938,DPABHUSHAN,EQ,16777,11012,65.64
20,939,DPEL,SM,54500,43500,79.82
20,940,DRAGARWQ,EQ,644,260,40.37
20,941,DRCSYSTEMS,EQ,72897,58606,80.40
20,942,DREAMFOLKS,EQ,175877,83647,47.56
20,943,DREDGECORP,EQ,76183,33181,43.55
20,944,DRONE,SM,144000,138000,95.83
20,945,DRREDDY,EQ,528499,319945,60.54
20,946,DSSL,EQ,25777,15494,60.11
20,947,DUCOL,SM,27200,27200,100.00
20,948,DUCON,EQ,947888,701457,74.00
20,949,DUGLOBAL,SM,182500,132500,72.60
20,950,DURLAX,SM,184000,162000,88.04
20,951,DVL,EQ,17683,12861,72.73
20,952,DWARKESH,EQ,1320702,463398,35.09
20,953,DYCL,EQ,426020,158081,37.11
20,954,DYNAMATECH,EQ,15961,6308,39.52
20,955,DYNAMIC,ST,8500,7500,88.24
20,956,DYNPRO,EQ,18946,13741,72.53
20,957,E2ERAIL,SM,76800,32800,42.71
20,958,EASEMYTRIP,EQ,17088715,4441174,25.99
20,959,EASTWEST,EQ,31476,30868,98.07
20,960,EBANK10,EQ,2871,2742,95.51
20,961,EBANKNIFTY,EQ,2020,2020,100.00
20,962,EBBETF0430,EQ,16604,15031,90.53
20,963,EBBETF0431,EQ,6557,6024,91.87
20,964,EBBETF0433,EQ,9974,8674,86.97
20,965,EBGNG,EQ,1154375,339680,29.43
20,966,ECAPINSURE,EQ,96564,93964,97.31
20,967,ECLERX,EQ,89506,30821,34.43
20,968,ECOLINE,ST,32000,30000,93.75
20,969,ECORECO,EQ,10030,5376,53.60
20,970,ECOSMOBLTY,EQ,40648,23260,57.22
20,971,EDELWEISS,EQ,7709484,3923684,50.89
20,972,EEPL,ST,12000,12000,100.00
20,973,EFACTOR,SM,9200,8400,91.30
20,974,EFCIL,EQ,350498,197531,56.36
20,975,EFFWA,SM,15600,13200,84.62
20,976,EFORCE,SM,8400,7200,85.71
20,977,EGOLD,EQ,410909,400964,97.58
20,978,EICHERMOT,EQ,318638,184817,58.00
20,979,EIDPARRY,EQ,361348,147592,40.84
20,980,EIEL,EQ,13186612,1148384,8.71
20,981,EIHAHOTELS,EQ,13571,8718,64.24
20,982,EIHOTEL,EQ,133319,68701,51.53
20,983,EIMCOELECO,EQ,14430,6779,46.98
20,984,EKC,EQ,83747,42183,50.37
20,985,EKI,EQ,7555,6059,80.20
20,986,ELANTAS,EQ,1998,687,34.38
20,987,ELCIDIN,EQ,21,16,76.19
20,988,ELDEHSG,EQ,951,787,82.75
20,989,ELECON,EQ,286939,110990,38.68
20,990,ELECTCAST,EQ,1148373,633309,55.15
20,991,ELECTHERM,EQ,10148,8308,81.87
20,992,ELGIEQUIP,EQ,367633,187978,51.13
20,993,ELGIRUBCO,EQ,308072,136290,44.24
20,994,ELGNZ,SM,1000,1000,100.00
20,995,ELIN,EQ,112960,79410,70.30
20,996,ELIQUID,EQ,20826,18596,89.29
20,997,ELITECON,EQ,660044,659179,99.87
20,998,ELLEN,EQ,2993680,965975,32.27
20,999,ELM250,EQ,501245,484743,96.71
20,1000,ELMDIV,EQ,2844,1691,59.46
20,1001,ELPROINTL,EQ,5075,4096,80.71
20,1002,EMAMILTD,EQ,8039529,4815697,59.90
20,1003,EMAMIREAL,EQ,19551,16599,84.90
20,1004,EMAPARTNER,SM,8000,7000,87.50
20,1005,EMBASSY,RR,215948,192999,89.37
20,1006,EMBDL,EQ,3178307,1520087,47.83
20,1007,EMCURE,EQ,74957,35537,47.41
20,1008,EMETAL,EQ,8228,6405,77.84
20,1009,EMIL,EQ,1903526,952994,50.06
20,1010,EMKAY,EQ,109423,73950,67.58
20,1011,EMKAYTOOLS,SM,2550,1950,76.47
20,1012,EMMIL,SM,20250,18250,90.12
20,1013,EMMVEE,EQ,1636507,650326,39.74
20,1014,EMPIND,EQ,13226,5736,43.37
20,1015,EMPOWER,EQ,14978502,8991455,60.03
20,1016,EMSLIMITED,EQ,885127,160767,18.16
20,1017,EMUDHRA,EQ,59716,32623,54.63
20,1018,EMULTIMQ,EQ,12855,9814,76.34
20,1019,ENCOMPAS,SM,4400,4000,90.91
20,1020,ENDURANCE,EQ,117170,65575,55.97
20,1021,ENERGY,EQ,382217,335981,87.90
20,1022,ENERGYAXIS,EQ,21312,15938,74.78
20,1023,ENERGYDEV,EQ,63369,49480,78.08
20,1024,ENEXT50,EQ,10396,10031,96.49
20,1025,ENFUSE,SM,600,600,100.00
20,1026,ENGINERSIN,EQ,2222424,863700,38.86
20,1027,ENIFTY,EQ,11449,11248,98.24
20,1028,ENIL,EQ,33254,22256,66.93
20,1029,ENKEIWHEL,EQ,5075,4200,82.76
20,1030,ENRIN,EQ,276989,142405,51.41
20,1031,ENTERO,EQ,90729,46265,50.99
20,1032,ENVIRO,SM,8000,6000,75.00
20,1033,EPACK,EQ,491145,157777,32.12
20,1034,EPACKPEB,EQ,1620115,596840,36.84
20,1035,EPIGRAL,EQ,32831,15527,47.29
20,1036,EPL,EQ,2561676,1503880,58.71
20,1037,EPWINDIA,ST,3600,3600,100.00
20,1038,EQUAL200,EQ,16852,15485,91.89
20,1039,EQUAL50,EQ,4722,3501,74.14
20,1040,EQUAL50ADD,EQ,25552,23302,91.19
20,1041,EQUITASBNK,EQ,1781588,863962,48.49
20,1042,ERIS,EQ,42165,24942,59.15
20,1043,ESABINDIA,EQ,7212,4150,57.54
20,1044,ESCONET,ST,60000,57200,95.33
20,1045,ESCORTS,EQ,31863,16379,51.40
20,1046,ESDS,EQ,312887,311082,99.42
20,1047,ESENSEX,EQ,972,822,84.57
20,1048,ESFL,SM,25920,15840,61.11
20,1049,ESG,EQ,9483,8088,85.29
20,1050,ESILVER,EQ,237689,225156,94.73
20,1051,ESPRIT,SM,3200,3200,100.00
20,1052,ESSARSHPNG,EQ,176001,148552,84.40
20,1053,ESSENTIA,EQ,2109879,1089670,51.65
20,1054,ESTER,EQ,156917,70444,44.89
20,1055,ETERNAL,EQ,22599551,16017547,70.88
20,1056,ETHOSLTD,EQ,33321,15316,45.97
20,1057,ETL,SM,150,150,100.00
20,1058,ETML,SM,4800,3600,75.00
20,1059,EUREKAFORB,EQ,114272,69059,60.43
20,1060,EUROBOND,EQ,696,632,90.80
20,1061,EUROPRATIK,EQ,171857,23493,13.67
20,1062,EVEREADY,EQ,151411,78847,52.07
20,1063,EVIETF,EQ,131065,67775,51.71
20,1064,EVINDIA,EQ,126162,75811,60.09
20,1065,EXCELINDUS,EQ,10303,7397,71.79
20,1066,EXCELLENT,ST,3200,1600,50.00
20,1067,EXCELSOFT,EQ,15422814,2180532,14.14
20,1068,EXICOM,EQ,3180545,783667,24.64
20,1069,EXIDEIND,EQ,2097228,1061111,50.60
20,1070,EXIMROUTES,SM,92800,92800,100.00
20,1071,EXPLEOSOL,EQ,31062,17146,55.20
20,1072,EXXARO,EQ,187657,154011,82.07
20,1073,FABTECH,EQ,64651,28252,43.70
20,1074,FACT,EQ,99776,24048,24.10
20,1075,FASCINATE,SM,129600,98400,75.93
20,1076,FAZE3Q,EQ,9833,6170,62.75
20,1077,FCL,EQ,71051557,12568261,17.69
20,1078,FCSSOFT,EQ,1579523,979493,62.01
20,1079,FDC,EQ,219983,127536,57.98
20,1080,FEDDERSHOL,EQ,3134810,668983,21.34
20,1081,FEDERALBNK,EQ,3903520,2641296,67.66
20,1082,FEDFINA,EQ,903186,478920,53.03
20,1083,FELIX,SM,175500,62000,35.33
20,1084,FERMENTA,EQ,168702,74774,44.32
20,1085,FIBERWEB,EQ,25253,21827,86.43
20,1086,FIDEL,SM,9000,8000,88.89
20,1087,FIEMIND,EQ,52069,28198,54.16
20,1088,FILATEX,EQ,994318,592187,59.56
20,1089,FILATFASH,EQ,15486525,9232033,59.61
20,1090,FINBUD,SM,36000,27000,75.00
20,1091,FINCABLES,EQ,2871412,765659,26.66
20,1092,FINEORG,EQ,15842,7467,47.13
20,1093,FINIETF,EQ,443060,312277,70.48
20,1094,FINKURVE,EQ,111424,68900,61.84
20,1095,FINOPB,EQ,105045,36635,34.88
20,1096,FINPIPE,EQ,277310,178181,64.25
20,1097,FIRSTCRY,EQ,624781,240255,38.45
20,1098,FISCHER,EQ,669109,471566,70.48
20,1099,FIVESTAR,EQ,410018,232600,56.73
20,1100,FLAIR,EQ,87625,40479,46.20
20,1101,FLEXIADD,EQ,189232,171318,90.53
20,1102,FLUOROCHEM,EQ,119098,65634,55.11
20,1103,FLYSBS,SM,125400,67800,54.07
20,1104,FMCGADD,EQ,21150,12226,57.81
20,1105,FMCGIETF,EQ,1908992,1462665,76.62
20,1106,FMGOETZE,EQ,550860,218848,39.73
20,1107,FMNL,EQ,24342,21892,89.94
20,1108,FOCE,SM,240,240,100.00
20,1109,FONEBOX,SM,20000,19000,95.00
20,1110,FOODSIN,EQ,95582,59739,62.50
20,1111,FORCAS,ST,4800,4800,100.00
20,1112,FORCEMOT,EQ,36797,13731,37.32
20,1113,FORGEAUTO,SM,8400,7200,85.71
20,1114,FORTIS,EQ,670656,273914,40.84
20,1115,FOSECOIND,EQ,5173,2268,43.84
20,1116,FRACTAL,EQ,391503,185366,47.35
20,1117,FREDUN,EQ,63586,24360,38.31
20,1118,FRESHARA,ST,61200,56400,92.16
20,1119,FROG,ST,52000,48000,92.31
20,1120,FRONTSP,EQ,11690,6496,55.57
20,1121,FSL,EQ,318352,134257,42.17
20,1122,FUSION,EQ,787463,448935,57.01
20,1123,GABRIEL,EQ,109451,45932,41.97
20,1124,GAEL,EQ,562238,293941,52.28
20,1125,GAIL,EQ,4342968,2489289,57.32
20,1126,GAJA,EQ,1067431,336773,31.55
20,1127,GAJANAND,SM,9000,6000,66.67
20,1128,GALAPREC,EQ,19177,10595,55.25
20,1129,GALAXYSURF,EQ,49913,26176,52.44
20,1130,GALLANTT,EQ,45830,22157,48.35
20,1131,GANDHAR,EQ,926450,385162,41.57
20,1132,GANDHITUBE,EQ,6229,4342,69.71
20,1133,GANECOS,EQ,98699,44255,44.84
20,1134,GANESHCP,EQ,362392,276906,76.41
20,1135,GANESHHOU,EQ,52614,27430,52.13
20,1136,GANESHIN,ST,99200,77600,78.23
20,1137,GANGABATH,SM,36000,12000,33.33
20,1138,GANGAFORGE,EQ,2752465,1769657,64.29
20,1139,GANGESSECU,EQ,8609,7467,86.73
20,1140,GARFIBRES,EQ,35097,20691,58.95
20,1141,GARUDA,EQ,1610615,428641,26.61
20,1142,GATEWAY,EQ,411512,220891,53.68
20,1143,GAYAHWS,EQ,237823,196101,82.46
20,1144,GAYAPROJ,EQ,3083761,2191952,71.08
20,1145,GCHOTELS,ST,25200,18000,71.43
20,1146,GCSL,EQ,268383,43190,16.09
20,1147,GEEKAYWIRE,EQ,193204,122177,63.24
20,1148,GEMAROMA,EQ,113076,56697,50.14
20,1149,GENCON,EQ,256006,15743,6.15
20,1150,GENESYS,EQ,3610543,799243,22.14
20,1151,GENUSPAPER,EQ,235975,155067,65.71
20,1152,GENUSPOWER,EQ,1392398,703801,50.55
20,1153,GENXAI,SM,15600,12000,76.92
20,1154,GEOJITFSL,EQ,235168,130744,55.60
20,1155,GESHIP,EQ,755591,402335,53.25
20,1156,GFLLIMITED,EQ,137857,74345,53.93
20,1157,GFSTEELS,EQ,3030,3030,100.00
20,1158,GGBL,SM,27900,21000,75.27
20,1159,GHCL,EQ,136963,89313,65.21
20,1160,GHCLTEXTIL,EQ,580475,308031,53.07
20,1161,GICHSGFIN,EQ,73159,49142,67.17
20,1162,GICL,EQ,186663,120365,64.48
20,1163,GICRE,EQ,1164539,606933,52.12
20,1164,GILLANDERS,EQ,3083,2463,79.89
20,1165,GILLETTE,EQ,11889,5885,49.50
20,1166,GILT10BETA,EQ,204,146,71.57
20,1167,GILT5BETA,EQ,1636,1350,82.52
20,1168,GILT5YBEES,EQ,181566,121060,66.68
20,1169,GIPCL,EQ,368579,217801,59.09
20,1170,GIRIRAJ,SM,6250,6000,96.00
20,1171,GJL,ST,8000,8000,100.00
20,1172,GKB,EQ,17482,11116,63.59
20,1173,GKENERGY,EQ,328663,189246,57.58
20,1174,GKSL,EQ,520724,133523,25.64
20,1175,GKWLIMITED,EQ,229,147,64.19
20,1176,GLAND,EQ,1560855,889055,56.96
20,1177,GLAXO,EQ,29124,13132,45.09
20,1178,GLENMARK,EQ,424753,159072,37.45
20,1179,GLFL,EQ,21316,14884,69.83
20,1180,GLOBAL,EQ,118903,54354,45.71
20,1181,GLOBALE,EQ,5859,3812,65.06
20,1182,GLOBALPET,SM,36750,32250,87.76
20,1183,GLOBALVECT,EQ,7507,6384,85.04
20,1184,GLOBE,EQ,384976,365568,94.96
20,1185,GLOBECIVIL,EQ,25542,16627,65.10
20,1186,GLOBUSSPR,EQ,114371,67154,58.72
20,1187,GLOSTERLTD,EQ,418,337,80.62
20,1188,GLOTTIS,EQ,58650,32284,55.05
20,1189,GMBREW,EQ,23995,13861,57.77
20,1190,GMDCLTD,EQ,1869082,536343,28.70
20,1191,GML,SM,18000,18000,100.00
20,1192,GMMPFAUDLR,EQ,875591,351256,40.12
20,1193,GMRAIRPORT,EQ,11994804,6315497,52.65
20,1194,GMRP&UI,EQ,1211553,604993,49.94
20,1195,GNA,EQ,303293,146893,48.43
20,1196,GNFC,EQ,850758,349664,41.10
20,1197,GNRL,EQ,149510,54476,36.44
20,1198,GOACARBON,EQ,1188458,275500,23.18
20,1199,GOCLCORP,EQ,111213,65818,59.18
20,1200,GOCOLORS,EQ,39458,18595,47.13
20,1201,GODAVARIB,EQ,53461,34270,64.10
20,1202,GODFRYPHLP,EQ,184308,79316,43.03
20,1203,GODIGIT,EQ,187554,101026,53.87
20,1204,GODREJAGRO,EQ,322590,138229,42.85
20,1205,GODREJCP,EQ,1440335,918788,63.79
20,1206,GODREJIND,EQ,45380,24582,54.17
20,1207,GODREJPROP,EQ,538632,244792,45.45
20,1208,GOKEX,EQ,287821,107664,37.41
20,1209,GOKUL,EQ,171792,34851,20.29
20,1210,GOKULAGRO,EQ,204827,121430,59.28
20,1211,GOLD1,EQ,1836693,1048796,57.10
20,1212,GOLD360,EQ,90083,80748,89.64
20,1213,GOLDADD,EQ,2913131,1979836,67.96
20,1214,GOLDAXIS,EQ,1146170,870557,75.95
20,1215,GOLDBEES,EQ,15054022,6360892,42.25
20,1216,GOLDBETA,EQ,523716,435752,83.20
20,1217,GOLDBND,EQ,6005,4568,76.07
20,1218,GOLDCASE,EQ,7654601,2661081,34.76
20,1219,GOLDETF,EQ,1006579,597966,59.41
20,1220,GOLDIAM,EQ,512298,245013,47.83
20,1221,GOLDIETF,EQ,4152752,2535212,61.05
20,1222,GOLDSTAR,SM,56250,45000,80.00
20,1223,GOODLUCK,EQ,1179600,477529,40.48
20,1224,GOODYEAR,EQ,2468,1799,72.89
20,1225,GOPAL,EQ,53441,30968,57.95
20,1226,GOYALALUM,EQ,31666,22429,70.83
20,1227,GOYALSALT,SM,3000,3000,100.00
20,1228,GPECO,SM,17200,13000,75.58
20,1229,GPIL,EQ,3124495,1366825,43.75
20,1230,GPPL,EQ,1549197,789346,50.95
20,1231,GPTHEALTH,EQ,119726,68915,57.56
20,1232,GPTINFRA,EQ,374389,102821,27.46
20,1233,GRADIENTE,EQ,2023521,899582,44.46
20,1234,GRANDOAK,EQ,6576,5374,81.72
20,1235,GRANULES,EQ,1406377,859427,61.11
20,1236,GRAPHISAD,SM,6000,4800,80.00
20,1237,GRAPHITE,EQ,36292952,5077628,13.99
20,1238,GRASIM,EQ,850901,532560,62.59
20,1239,GRAUWEIL,EQ,306598,197921,64.55
20,1240,GRAVISSHO,EQ,472614,377131,79.80
20,1241,GRAVITA,EQ,146729,53305,36.33
20,1242,GRCL,SM,1750,1500,85.71
20,1243,GREAVESCOT,EQ,561514,233184,41.53
20,1244,GREENCHEF,SM,7200,6400,88.89
20,1245,GREENLAM,EQ,19363,11809,60.99
20,1246,GREENLEAF,ST,11000,10000,90.91
20,1247,GREENPANEL,EQ,180431,119619,66.30
20,1248,GREENPLY,EQ,148974,78366,52.60
20,1249,GREENPOWER,EQ,46749101,6872971,14.70
20,1250,GRINDWELL,EQ,18388,10738,58.40
20,1251,GRINFRA,EQ,9779,3784,38.70
20,1252,GRMOVER,EQ,1430309,323632,22.63
20,1253,GROBTEA,EQ,50,33,66.00
20,1254,GROWW,EQ,20798963,12537421,60.28
20,1255,GROWWCAPM,EQ,563044,382773,67.98
20,1256,GROWWCHEM,EQ,52069,31272,60.06
20,1257,GROWWDEFNC,EQ,271306,158558,58.44
20,1258,GROWWEV,EQ,260637,147508,56.60
20,1259,GROWWGOLD,EQ,3485550,1960886,56.26
20,1260,GROWWHOSPI,EQ,633992,401441,63.32
20,1261,GROWWLIQID,EQ,289704,180547,62.32
20,1262,GROWWLOVOL,EQ,7351,4085,55.57
20,1263,GROWWMC150,EQ,587,385,65.59
20,1264,GROWWMETAL,EQ,534513,335014,62.68
20,1265,GROWWMOM50,EQ,237006,182364,76.94
20,1266,GROWWN200,EQ,29037,24688,85.02
20,1267,GROWWNET,EQ,399148,159164,39.88
20,1268,GROWWNIFTY,EQ,1082032,759973,70.24
20,1269,GROWWNXT50,EQ,6879,4243,61.68
20,1270,GROWWPOWER,EQ,13766421,12239280,88.91
20,1271,GROWWPSE,EQ,2210,1407,63.67
20,1272,GROWWPSUBK,EQ,4654,2505,53.82
20,1273,GROWWRAIL,EQ,442887,277573,62.67
20,1274,GROWWRLTY,EQ,540756,372609,68.91
20,1275,GROWWSC250,EQ,157749,118609,75.19
20,1276,GROWWSLVR,EQ,1478790,663835,44.89
20,1277,GRPLTD,EQ,1215,799,65.76
20,1278,GRSE,EQ,237008,108084,45.60
20,1279,GRWRHITECH,EQ,36942,18725,50.69
20,1280,GSEC10ABSL,EQ,34,30,88.24
20,1281,GSEC10ADD,EQ,6,6,100.00
20,1282,GSEC10IETF,EQ,130,106,81.54
20,1283,GSEC10YEAR,EQ,68,34,50.00
20,1284,GSEC5IETF,EQ,3785,2432,64.25
20,1285,GSFC,EQ,1931299,1346528,69.72
20,1286,GSLSU,EQ,51751,29996,57.96
20,1287,GSMFOILS,SM,1164500,547500,47.02
20,1288,GSPCROP,EQ,1797785,570895,31.76
20,1289,GSS,EQ,32036,19614,61.22
20,1290,GSTL,SM,69000,63000,91.30
20,1291,GTL,EQ,254178,148670,58.49
20,1292,GTLINFRA,EQ,33191149,13108726,39.49
20,1293,GTPL,EQ,35618,23695,66.53
20,1294,GUFICBIO,EQ,79726,39993,50.16
20,1295,GUJALKALI,EQ,63316,28174,44.50
20,1296,GUJAPOLLO,EQ,5966,4332,72.61
20,1297,GUJENERGY,EQ,1102322,652521,59.20
20,1298,GUJRAFFIA,EQ,1281,855,66.74
20,1299,GUJTHEM,EQ,618616,303479,49.06
20,1300,GULFOILLUB,EQ,87698,48111,54.86
20,1301,GULPOLY,EQ,155791,106186,68.16
20,1302,GURUNANAK,SM,8000,8000,100.00
20,1303,GVPIL,EQ,237847,102018,42.89
20,1304,GVT&D,EQ,1094528,371978,33.99
20,1305,GYFTR,EQ,47501,33843,71.25
20,1306,HAL,EQ,1669937,856205,51.27
20,1307,HALDER,EQ,20732,5173,24.95
20,1308,HALEOSLABS,EQ,733,669,91.27
20,1309,HAMPTON,EQ,390289,374735,96.01
20,1310,HAPPSTMNDS,EQ,789142,310999,39.41
20,1311,HAPPY,SM,40000,22000,55.00
20,1312,HAPPYFORGE,EQ,53191,36189,68.04
20,1313,HARDWYN,EQ,1117076,278118,24.90
20,1314,HARIOMPIPE,EQ,89526,39000,43.56
20,1315,HARRMALAYA,EQ,6634,5254,79.20
20,1316,HARSHA,EQ,175392,100187,57.12
20,1317,HATHWAY,EQ,847215,469784,55.45
20,1318,HATSUN,EQ,122744,52075,42.43
20,1319,HAVELLS,EQ,608049,359311,59.09
20,1320,HAVISHA,EQ,18739,18735,99.98
20,1321,HAWKINCOOK,EQ,5000,2834,56.68
20,1322,HAZOOR,EQ,641192,194211,30.29
20,1323,HBESD,EQ,253,183,72.33
20,1324,HBLENGINE,EQ,6705010,1790791,26.71
20,1325,HBPOR,EQ,928,928,100.00
20,1326,HBSL,EQ,2927,2336,79.81
20,1327,HCC,EQ,25015712,8948955,35.77
20,1328,HCG,EQ,123628,66302,53.63
20,1329,HCL-INSYS,EQ,166878,95458,57.20
20,1330,HCLTECH,EQ,2099173,856018,40.78
20,1331,HDBFS,EQ,424779,343241,80.80
20,1332,HDFCAMC,EQ,455316,203501,44.69
20,1333,HDFCBANK,EQ,39173990,26163697,66.79
20,1334,HDFCBSE500,EQ,2479438,2145937,86.55
20,1335,HDFCGOLD,EQ,2291910,1273931,55.58
20,1336,HDFCGROWTH,EQ,18270,10552,57.76
20,1337,HDFCLIFE,EQ,9024185,4194438,46.48
20,1338,HDFCLIQUID,EQ,21185,12453,58.78
20,1339,HDFCLOWVOL,EQ,4649,1916,41.21
20,1340,HDFCMID150,EQ,247192,172848,69.92
20,1341,HDFCMOMENT,EQ,204344,136555,66.83
20,1342,HDFCNEXT50,EQ,77234,47688,61.74
20,1343,HDFCNIF100,EQ,16271,12798,78.66
20,1344,HDFCNIFBAN,EQ,181659,100981,55.59
20,1345,HDFCNIFIT,EQ,354288,260314,73.48
20,1346,HDFCNIFTY,EQ,180394,152353,84.46
20,1347,HDFCNIMEG,EQ,36595,33753,92.23
20,1348,HDFCPSUBK,EQ,22385,15059,67.27
20,1349,HDFCPVTBAN,EQ,69478,52639,75.76
20,1350,HDFCQUAL,EQ,5316,3045,57.28
20,1351,HDFCSENSEX,EQ,131101,70244,53.58
20,1352,HDFCSILVER,EQ,1537585,571162,37.15
20,1353,HDFCSML250,EQ,1166407,743873,63.77
20,1354,HDFCVALUE,EQ,12597,6850,54.38
20,1355,HEADSUP,EQ,23178,18043,77.85
20,1356,HEALTHADD,EQ,15029,10962,72.94
20,1357,HEALTHAXIS,EQ,1412,872,61.76
20,1358,HEALTHCARE,EQ,64343,39905,62.02
20,1359,HEALTHIETF,EQ,68931,23187,33.64
20,1360,HEALTHX,EQ,4355,3951,90.72
20,1361,HEALTHY,EQ,246034,157407,63.98
20,1362,HECPROJECT,EQ,6948,5508,79.27
20,1363,HEIDELBERG,EQ,326934,225045,68.83
20,1364,HEMIPROP,EQ,310633,175991,56.66
20,1365,HERANBA,EQ,31477,17815,56.60
20,1366,HERITGFOOD,EQ,279635,130196,46.56
20,1367,HEROMOTOCO,EQ,532099,262768,49.38
20,1368,HESTERBIO,EQ,3779,1693,44.80
20,1369,HEXATRADEX,EQ,10694,10347,96.76
20,1370,HEXT,EQ,138830,55846,40.23
20,1371,HGINFRA,EQ,26825,14686,54.75
20,1372,HGM,EQ,2341,1528,65.27
20,1373,HGS,EQ,11159,7619,68.28
20,1374,HIGREEN,SM,7200,6400,88.89
20,1375,HIKAL,EQ,1270796,350845,27.61
20,1376,HILINFRA,EQ,40711,22162,54.44
20,1377,HILTON,EQ,52156,34072,65.33
20,1378,HIMATSEIDE,EQ,175080,92795,53.00
20,1379,HINDADH,EQ,1390,1134,81.58
20,1380,HINDALCO,EQ,3255790,1703235,52.31
20,1381,HINDALUMI,EQ,531,441,83.05
20,1382,HINDCOMPOS,EQ,4341,2940,67.73
20,1383,HINDCON,EQ,28580,18837,65.91
20,1384,HINDCOPPER,EQ,15102525,4495524,29.77
20,1385,HINDOILEXP,EQ,3991694,1270808,31.84
20,1386,HINDPETRO,EQ,5786455,3484415,60.22
20,1387,HINDUNILVR,EQ,1455307,853939,58.68
20,1388,HINDWAREAP,EQ,81549,55688,68.29
20,1389,HINDZINC,EQ,6313228,3106726,49.21
20,1390,HIRECT,EQ,99771,38668,38.76
20,1391,HISARMETAL,EQ,2386,1346,56.41
20,1392,HITECH,EQ,1108418,547274,49.37
20,1393,HLEGLAS,EQ,846199,399345,47.19
20,1394,HLVLTD,EQ,139783,114434,81.87
20,1395,HMAAGRO,EQ,1106812,554736,50.12
20,1396,HNDFDS,EQ,53963,29566,54.79
20,1397,HNGSNGBEES,EQ,79636,51529,64.71
20,1398,HOACFOODS,ST,2250,2250,100.00
20,1399,HOLMARC,SM,3000,3000,100.00
20,1400,HOMEFIRST,EQ,156030,88079,56.45
20,1401,HONASA,EQ,683211,367595,53.80
20,1402,HONAUT,EQ,3890,1985,51.03
20,1403,HONDAPOWER,EQ,3084,1989,64.49
20,1404,HORIZONIND,EQ,3383047,1878544,55.53
20,1405,HPAL,EQ,61671,35165,57.02
20,1406,HPIL,EQ,358,212,59.22
20,1407,HPL,EQ,83546,40692,48.71
20,1408,HPTL,SM,15600,15600,100.00
20,1409,HRHNEXT,SM,1500,1500,100.00
20,1410,HRYNSHP,EQ,784,775,98.85
20,1411,HSBCGOLD,EQ,8413,7191,85.47
20,1412,HSCL,EQ,2178664,925967,42.50
20,1413,HTMEDIA,EQ,122745,85737,69.85
20,1414,HUBTOWN,EQ,459997,231038,50.23
20,1415,HUDCO,EQ,1174950,639666,54.44
20,1416,HUHTAMAKI,EQ,970555,293703,30.26
20,1417,HVAX,SM,1500,1500,100.00
20,1418,HYBRIDETF,EQ,29314,27279,93.06
20,1419,HYUNDAI,EQ,587339,342288,58.28
20,1420,IBLFL,SM,6000,6000,100.00
20,1421,IBULLSLTD,EQ,41720731,28184492,67.56
20,1422,ICELCO,SM,169200,123600,73.05
20,1423,ICEMAKE,EQ,9869,5136,52.04
20,1424,ICICIAMC,EQ,347633,218992,63.00
20,1425,ICICIB22,EQ,333198,272532,81.79
20,1426,ICICIBANK,EQ,14229080,10068827,70.76
20,1427,ICICIGI,EQ,974837,651574,66.84
20,1428,ICICIPRULI,EQ,942661,411966,43.70
20,1429,ICIL,EQ,554256,176736,31.89
20,1430,ICRA,EQ,30824,21795,70.71
20,1431,IDBI,EQ,22159103,6209986,28.02
20,1432,IDEA,EQ,539161681,165953005,30.78
20,1433,IDEAFORGE,EQ,650731,344656,52.96
20,1434,IDEALTECHO,SM,6000,5000,83.33
20,1435,IDFCFIRSTB,EQ,20235616,12505691,61.80
20,1436,IDFNIFTYET,EQ,1475,1265,85.76
20,1437,IEML,ST,24000,23000,95.83
20,1438,IEX,EQ,3287242,1432495,43.58
20,1439,IFBAGRO,EQ,3776,3201,84.77
20,1440,IFBIND,EQ,51137,26738,52.29
20,1441,IFCI,EQ,156503199,23663426,15.12
20,1442,IFGLEXPOR,EQ,638605,71904,11.26
20,1443,IGARASHI,EQ,39856,21874,54.88
20,1444,IGCL,EQ,154387,74237,48.09
20,1445,IGIL,EQ,601837,340602,56.59
20,1446,IGL,EQ,978960,546591,55.83
20,1447,IGPL,EQ,102555,59512,58.03
20,1448,IIFL,EQ,4680660,2397111,51.21
20,1449,IIFL060326,YA,30,30,100.00
20,1450,IIFL21425,NY,21,7,33.33
20,1451,IIFLCAPS,EQ,492702,358221,72.71
20,1452,IIFLZC26,NN,650,350,53.85
20,1453,IIFLZC28,NG,10,10,100.00
20,1454,IIFLZC28C,N6,350,175,50.00
20,1455,IITL,EQ,95334,10239,10.74
20,1456,IKIO,EQ,697005,175495,25.18
20,1457,IKS,EQ,206160,82070,39.81
20,1458,IMAGICAA,EQ,1005224,483524,48.10
20,1459,IMC1,N1,23,23,100.00
20,1460,IMC1,N2,21,21,100.00
20,1461,IMC1,N3,21,21,100.00
20,1462,IMFA,EQ,78027,37103,47.55
20,1463,IMPAL,EQ,4177,2901,69.45
20,1464,INA,EQ,446968,236080,52.82
20,1465,INCREDIBLE,EQ,2141,1600,74.73
20,1466,INDBANK,EQ,179876,128393,71.38
20,1467,INDGN,EQ,239296,145138,60.65
20,1468,INDHOTEL,EQ,853702,565303,66.22
20,1469,INDIACEM,EQ,36593,20735,56.66
20,1470,INDIAMART,EQ,45330,28116,62.03
20,1471,INDIANB,EQ,1463841,800175,54.66
20,1472,INDIANCARD,EQ,791,357,45.13
20,1473,INDIANHUME,EQ,45110,25180,55.82
20,1474,INDIASHLTR,EQ,181931,125815,69.16
20,1475,INDIGO,EQ,443075,257438,58.10
20,1476,INDIGOPNTS,EQ,55897,23418,41.89
20,1477,INDIGRID,IV,563956,532194,94.37
20,1478,INDIQUBE,EQ,37014,19727,53.30
20,1479,INDNIPPON,EQ,1613322,172914,10.72
20,1480,INDOBORAX,EQ,92970,33052,35.55
20,1481,INDOCO,EQ,569994,319542,56.06
20,1482,INDOFARM,EQ,162637,50817,31.25
20,1483,INDOKEM,EQ,2754,2056,74.66
20,1484,INDOMIM,EQ,1874991,670566,35.76
20,1485,INDORAMA,EQ,7613089,1844672,24.23
20,1486,INDOSTAR,EQ,126856,87650,69.09
20,1487,INDOTECH,EQ,8701,5973,68.65
20,1488,INDOTHAI,EQ,56636,56636,100.00
20,1489,INDOUS,EQ,18722,15129,80.81
20,1490,INDOWIND,EQ,113384,95848,84.53
20,1491,INDPRUD,EQ,45,34,75.56
20,1492,INDRAMEDCO,EQ,217284,125346,57.69
20,1493,INDSWFTLAB,EQ,704593,279618,39.69
20,1494,INDTERRAIN,EQ,30788,25625,83.23
20,1495,INDUSINDBK,EQ,996411,583524,58.56
20,1496,INDUSINVIT,IV,110923,78662,70.92
20,1497,INDUSTOWER,EQ,1765333,961953,54.49
20,1498,INFINIUM,SM,8500,8000,94.12
20,1499,INFLUX,SM,48600,36000,74.07
20,1500,INFOBEAN,EQ,250394,159030,63.51
20,1501,INFOLLION,SM,6800,6000,88.24
20,1502,INFOMEDIA,EQ,6918,5837,84.37
20,1503,INFRA,EQ,24842,20964,84.39
20,1504,INFRABEES,EQ,12145,8474,69.77
20,1505,INFRAIETF,EQ,700571,652556,93.15
20,1506,INFY,EQ,13530457,8043809,59.45
20,1507,INGERRAND,EQ,19820,11874,59.91
20,1508,INM,SM,2400,2400,100.00
20,1509,INNOMET,ST,47400,45000,94.94
20,1510,INNOVACAP,EQ,84136,39182,46.57
20,1511,INNOVANA,EQ,91112,61249,67.22
20,1512,INNOVISION,EQ,1409333,93875,6.66
20,1513,INOXGREEN,EQ,1869097,1224090,65.49
20,1514,INOXINDIA,EQ,100850,42528,42.17
20,1515,INOXWIND,EQ,18491767,8099919,43.80
20,1516,INSECTICID,EQ,36377,18416,50.63
20,1517,INSPIRE,SM,6000,6000,100.00
20,1518,INSPIRISYS,EQ,10044,6428,64.00
20,1519,INSUREIETF,EQ,233503,204986,87.79
20,1520,INTELLECT,EQ,349339,194659,55.72
20,1521,INTENTECH,EQ,9042,5744,63.53
20,1522,INTERARCH,EQ,69673,31021,44.52
20,1523,INTERNET,EQ,64335,34329,53.36
20,1524,INTLCONV,EQ,88078,48624,55.21
20,1525,INVENTURE,EQ,958648,629183,65.63
20,1526,INVICTA,SM,8000,6400,80.00
20,1527,IOB,EQ,1407092,606626,43.11
20,1528,IOC,EQ,5297849,2456824,46.37
20,1529,IOLCP,EQ,4527415,1199335,26.49
20,1530,IONEXCHANG,EQ,786019,312260,39.73
20,1531,IPCALAB,EQ,126119,78802,62.48
20,1532,IPHL,SM,56400,43200,76.60
20,1533,IPL,EQ,87601,45890,52.39
20,1534,IPRINGLTD,EQ,4748,3495,73.61
20,1535,IRB,EQ,5123857,2675410,52.21
20,1536,IRBINVIT,IV,304082,252640,83.08
20,1537,IRCON,EQ,1372933,520719,37.93
20,1538,IRCTC,EQ,687597,366412,53.29
20,1539,IREDA,EQ,2500536,911764,36.46
20,1540,IRFC,EQ,6686837,2784108,41.64
20,1541,IRIS,EQ,16457,10718,65.13
20,1542,IRISDOREME,EQ,528736,204215,38.62
20,1543,IRMENERGY,EQ,58949,25383,43.06
20,1544,ISFT,EQ,123639,8137,6.58
20,1545,ISGEC,EQ,16428,9307,56.65
20,1546,ISHAN,SM,96000,96000,100.00
20,1547,ISHANCH,EQ,22626,15956,70.52
20,1548,ISTLTD,EQ,938,629,67.06
20,1549,IT,EQ,1033397,834426,80.75
20,1550,ITADD,EQ,50953,44917,88.15
20,1551,ITALIANE,SM,4000,4000,100.00
20,1552,ITAXIS,EQ,6063,5753,94.89
20,1553,ITBEES,EQ,21960305,13343620,60.76
20,1554,ITBETA,EQ,2381,1573,66.06
20,1555,ITC,EQ,10065188,5965816,59.27
20,1556,ITCHOTELS,EQ,1636514,942221,57.57
20,1557,ITDC,EQ,40153,16284,40.55
20,1558,ITETF,EQ,887118,499826,56.34
20,1559,ITI,EQ,79954,36583,45.76
20,1560,ITIETF,EQ,942508,685317,72.71
20,1561,ITL,EQ,1725,1277,74.03
20,1562,IVALUE,EQ,80752,46241,57.26
20,1563,IVC,EQ,386088,309997,80.29
20,1564,IVZBANKNF,EQ,650,649,99.85
20,1565,IVZINGOLD,EQ,9533,6453,67.69
20,1566,IVZINNIFTY,EQ,238,204,85.71
20,1567,IVZSENSEX,EQ,4373,4301,98.35
20,1568,IWARE,ST,16200,15000,92.59
20,1569,IWP,EQ,4628,4626,99.96
20,1570,IXIGO,EQ,1901710,1093529,57.50
20,1571,IZMO,EQ,83938,34200,40.74
20,1572,J&KBANK,EQ,1426459,605302,42.43
20,1573,JAGRAN,EQ,154323,96163,62.31
20,1574,JAGSNPHARM,EQ,69845,33274,47.64
20,1575,JAIBALAJI,EQ,760934,485044,63.74
20,1576,JAICORPLTD,EQ,209651,90879,43.35
20,1577,JAINAM,SM,3000,3000,100.00
20,1578,JAINIK,SM,3600,3600,100.00
20,1579,JAINREC,EQ,1263717,413958,32.76
20,1580,JAIPURKURT,EQ,37656,21373,56.76
20,1581,JAMNAAUTO,EQ,1789554,887531,49.60
20,1582,JARO,EQ,100093,15415,15.40
20,1583,JASH,EQ,167761,81446,48.55
20,1584,JAYAGROGN,EQ,140900,83570,59.31
20,1585,JAYBARMARU,EQ,224099,118382,52.83
20,1586,JAYBEE,SM,98500,72000,73.10
20,1587,JAYESH,SM,4000,4000,100.00
20,1588,JAYKAY,EQ,1531650,503597,32.88
20,1589,JAYNECOIND,EQ,3291186,1582198,48.07
20,1590,JAYSREETEA,EQ,48714,29610,60.78
20,1591,JBMA,EQ,158453,60157,37.97
20,1592,JENBURPH,EQ,1113,894,80.32
20,1593,JETFREIGHT,EQ,128937,76399,59.25
20,1594,JEYYAM,ST,72000,72000,100.00
20,1595,JFLLIFE,SM,24000,24000,100.00
20,1596,JGCHEM,EQ,521969,175219,33.57
20,1597,JHS,EQ,47340,34485,72.85
20,1598,JINDALPHOT,EQ,628,434,69.11
20,1599,JINDALPOLY,EQ,9912,5207,52.53
20,1600,JINDALSAW,EQ,1991399,858696,43.12
20,1601,JINDALSTEL,EQ,590734,221338,37.47
20,1602,JINDRILL,EQ,656825,187955,28.62
20,1603,JINDWORLD,EQ,40892474,2523155,6.17
20,1604,JIOFIN,EQ,10774282,5718351,53.07
20,1605,JISLDVREQS,EQ,23848,17947,75.26
20,1606,JISLJALEQS,EQ,1453828,633221,43.56
20,1607,JITFINFRA,EQ,8268,5560,67.25
20,1608,JIWANRAM,SM,6000,6000,100.00
20,1609,JKCEMENT,EQ,34112,18552,54.39
20,1610,JKIL,EQ,37410,24280,64.90
20,1611,JKIPL,EQ,18691,14367,76.87
20,1612,JKLAKSHMI,EQ,56131,33050,58.88
20,1613,JKPAPER,EQ,353280,176844,50.06
20,1614,JKTYRE,EQ,661061,359038,54.31
20,1615,JLHL,EQ,51216,17523,34.21
20,1616,JMA,EQ,165983,92944,56.00
20,1617,JMFINANCIL,EQ,1812839,897307,49.50
20,1618,JNKINDIA,EQ,58816,33141,56.35
20,1619,JNPR,EQ,500085,269745,53.94
20,1620,JOCIL,EQ,30735,12105,39.39
20,1621,JPOLYINVST,EQ,2455,1107,45.09
20,1622,JPPOWER,EQ,35108812,9499452,27.06
20,1623,JSFB,EQ,268255,132055,49.23
20,1624,JSL,EQ,6366585,2374275,37.29
20,1625,JSLL,EQ,523561,229816,43.89
20,1626,JSWCEMENT,EQ,1069054,725499,67.86
20,1627,JSWDULUX,EQ,37589,28029,74.57
20,1628,JSWENERGY,EQ,2167753,738905,34.09
20,1629,JSWHL,EQ,877,457,52.11
20,1630,JSWINFRA,EQ,5359382,3141730,58.62
20,1631,JSWSTEEL,EQ,1484708,805721,54.27
20,1632,JTEKTINDIA,EQ,124349,69445,55.85
20,1633,JTLIND,EQ,3517545,933135,26.53
20,1634,JUBLCPL,EQ,2958,1750,59.16
20,1635,JUBLFOOD,EQ,712724,320021,44.90
20,1636,JUBLINGREA,EQ,379943,220863,58.13
20,1637,JUBLPHARMA,EQ,452808,214432,47.36
20,1638,JUNIORBEES,EQ,239411,140951,58.87
20,1639,JUNIPER,EQ,120641,77912,64.58
20,1640,JUSTDIAL,EQ,149701,68641,45.85
20,1641,JWL,EQ,491937,155703,31.65
20,1642,JYOTHYLAB,EQ,516334,276544,53.56
20,1643,JYOTICNC,EQ,510588,221056,43.29
20,1644,JYOTIGLOBL,SM,76000,60000,78.95
20,1645,JYOTIRES,EQ,5254,2730,51.96
20,1646,JYOTISTRUC,EQ,4126612,2128671,51.58
20,1647,K2INFRA,ST,18600,14400,77.42
20,1648,KABRAEXTRU,EQ,233277,77364,33.16
20,1649,KAJARIACER,EQ,80907,49310,60.95
20,1650,KAKATCEM,EQ,416,379,91.11
20,1651,KALAMANDIR,EQ,518967,347632,66.99
20,1652,KALANA,SM,4000,4000,100.00
20,1653,KALPATARU,EQ,47149,23959,50.82
20,1654,KALYANKJIL,EQ,7297816,2215376,30.36
20,1655,KAMAHOLD,EQ,5094,3868,75.93
20,1656,KAMANWALA,EQ,10891,10358,95.11
20,1657,KAMATHOTEL,EQ,131332,68506,52.16
20,1658,KAMOPAINTS,EQ,180943,113315,62.62
20,1659,KANANIIND,EQ,135257,82086,60.69
20,1660,KANCHI,EQ,2531,1687,66.65
20,1661,KANCOTEA,EQ,202,202,100.00
20,1662,KANDARP,SM,18000,15000,83.33
20,1663,KANPRPLA,EQ,24441,12568,51.42
20,1664,KANSAINER,EQ,343629,177090,51.54
20,1665,KAPSTON,EQ,22942,14443,62.95
20,1666,KARMAENG,EQ,713,510,71.53
20,1667,KARNIKA,SM,377000,302000,80.11
20,1668,KARURVYSYA,EQ,847197,416511,49.16
20,1669,KATARIA,SM,54600,49800,91.21
20,1670,KAVDEFENCE,EQ,283464,146286,51.61
20,1671,KAYNES,EQ,446465,152864,34.24
20,1672,KAYTEX,SM,2400,2400,100.00
20,1673,KCEIL,SM,8500,6500,76.47
20,1674,KCK,ST,45000,45000,100.00
20,1675,KCP,EQ,60961,41170,67.53
20,1676,KDDL,EQ,47930,28295,59.03
20,1677,KDGREEN,EQ,109479,52190,47.67
20,1678,KDL,SM,24750,16200,65.45
20,1679,KEC,EQ,2065963,858602,41.56
20,1680,KECL,EQ,87809,39379,44.85
20,1681,KEEPLEARN,EQ,29739,28026,94.24
20,1682,KEI,EQ,773204,410989,53.15
20,1683,KELLTONTEC,EQ,1101373,550533,49.99
20,1684,KEN,SM,12000,9600,80.00
20,1685,KENNAMET,EQ,45818,22735,49.62
20,1686,KERNEX,EQ,200570,99074,49.40
20,1687,KEYFINSERV,EQ,421,255,60.57
20,1688,KFINTECH,EQ,539427,224088,41.54
20,1689,KHAICHEM,EQ,110462,60028,54.34
20,1690,KHAITANLTD,EQ,3223,2268,70.37
20,1691,KHANDSE,EQ,1179,716,60.73
20,1692,KHFM,SM,4650,3100,66.67
20,1693,KICL,EQ,1227,990,80.68
20,1694,KIMS,EQ,481002,254132,52.83
20,1695,KINGFA,EQ,23001,12953,56.31
20,1696,KIOCL,EQ,54759,24343,44.45
20,1697,KIRANVYPAR,EQ,5835,5317,91.12
20,1698,KIRIINDUS,EQ,2378104,1009738,42.46
20,1699,KIRLFER,EQ,690407,525444,76.11
20,1700,KIRLOSBROS,EQ,18090,10175,56.25
20,1701,KIRLOSENG,EQ,438855,248225,56.56
20,1702,KIRLOSIND,EQ,3267,2014,61.65
20,1703,KIRLPNU,EQ,133312,77541,58.17
20,1704,KISSHT,EQ,1050580,500442,47.63
20,1705,KITEX,EQ,262578,87718,33.41
20,1706,KJMCFIN,EQ,285,252,88.42
20,1707,KKCL,EQ,35975,27536,76.54
20,1708,KKJEWELS,SM,3000,2000,66.67
20,1709,KLBRENG-B,EQ,326009,166437,51.05
20,1710,KLL,SM,20800,14400,69.23
20,1711,KMCSHIL,EQ,71949,41973,58.34
20,1712,KMEW,EQ,67251,26351,39.18
20,1713,KMSUGAR,EQ,149192,106949,71.69
20,1714,KNACK,EQ,778843,336759,43.24
20,1715,KNAGRI,EQ,5602,3368,60.12
20,1716,KNRCON,EQ,1894420,694747,36.67
20,1717,KODYTECH,ST,4200,4200,100.00
20,1718,KOHINOOR,EQ,204820,58350,28.49
20,1719,KOKUYOCMLN,EQ,19650,13051,66.42
20,1720,KOLTEPATIL,EQ,92288,48943,53.03
20,1721,KONSTELEC,ST,34000,33000,97.06
20,1722,KONTOR,SM,4800,3600,75.00
20,1723,KOPRAN,EQ,363944,159542,43.84
20,1724,KORE,SM,3250,3250,100.00
20,1725,KOTAKBANK,EQ,10886349,7391047,67.89
20,1726,KOTHARIPET,EQ,251482,121993,48.51
20,1727,KOTHARIPRO,EQ,5918,4204,71.04
20,1728,KOTIC,EQ,5193,4125,79.43
20,1729,KOVAI,EQ,6798,4201,61.80
20,1730,KPEL,EQ,384870,148434,38.57
20,1731,KPIGREEN,EQ,808169,292650,36.21
20,1732,KPIL,EQ,132395,63686,48.10
20,1733,KPITTECH,EQ,1160555,533292,45.95
20,1734,KPL,EQ,42952,17806,41.46
20,1735,KPRMILL,EQ,239559,132303,55.23
20,1736,KRBL,EQ,688251,289081,42.00
20,1737,KREBSBIO,EQ,133291,55315,41.50
20,1738,KRIDHANINF,EQ,76574,67580,88.25
20,1739,KRISHANA,EQ,1650580,847291,51.33
20,1740,KRISHCA,SM,13000,10500,80.77
20,1741,KRISHIVAL,EQ,38015,35297,92.85
20,1742,KRISHNADEF,EQ,79580,40604,51.02
20,1743,KRITI,EQ,16043,10075,62.80
20,1744,KRITIKA,EQ,179616,137721,76.68
20,1745,KRITINUT,EQ,11043,6242,56.52
20,1746,KRMAYURVED,SM,33000,23000,69.70
20,1747,KRN,EQ,186811,96527,51.67
20,1748,KROSS,EQ,793389,385018,48.53
20,1749,KRSNAA,EQ,114869,87713,76.36
20,1750,KRT,RR,1385267,1313232,94.80
20,1751,KRYSTAL,EQ,22132,10756,48.60
20,1752,KSB,EQ,106837,56471,52.86
20,1753,KSCL,EQ,53257,26720,50.17
20,1754,KSE,EQ,14563,12856,88.28
20,1755,KSHINTL,EQ,300648,126916,42.21
20,1756,KSHITIJPOL,EQ,1924521,1200664,62.39
20,1757,KSL,EQ,61181,27367,44.73
20,1758,KSOLVES,EQ,27480,15475,56.31
20,1759,KSR,EQ,164524,125723,76.42
20,1760,KTKBANK,EQ,1849893,1318989,71.30
20,1761,KUANTUM,EQ,76052,45347,59.63
20,1762,KUSUMGAR,EQ,142624,75722,53.09
20,1763,KWIL,EQ,7073441,3107349,43.93
20,1764,LADDERUP,EQ,11637,2669,22.94
20,1765,LAGNAM,EQ,3263,2893,88.66
20,1766,LAHOTIOV,EQ,7847,5421,69.08
20,1767,LAKSHMIMIL,EQ,5,4,80.00
20,1768,LAKSHYA,SM,6400,6400,100.00
20,1769,LAL,EQ,67995,43224,63.57
20,1770,LALITHAA,EQ,16094330,3399973,21.13
20,1771,LALPATHLAB,EQ,205022,99213,48.39
20,1772,LAMBODHARA,EQ,5480,3151,57.50
20,1773,LAMOSAIC,ST,9000,8400,93.33
20,1774,LANCER,EQ,376947,309086,82.00
20,1775,LANDMARK,EQ,55947,33849,60.50
20,1776,LANDSMILL,EQ,2833931,2046411,72.21
20,1777,LAOPALA,EQ,103970,61316,58.97
20,1778,LARGEMID50,EQ,1823,1818,99.73
20,1779,LASA,EQ,46913,41551,88.57
20,1780,LASERPOWER,EQ,697253,406985,58.37
20,1781,LATENTVIEW,EQ,484772,239963,49.50
20,1782,LATTEYS,EQ,31941,23120,72.38
20,1783,LAURUSLABS,EQ,1822218,954051,52.36
20,1784,LAXMICOT,EQ,10359,6710,64.77
20,1785,LAXMIDENTL,EQ,102202,59879,58.59
20,1786,LAXMIINDIA,EQ,426097,179630,42.16
20,1787,LCCINFOTEC,EQ,148243,96294,64.96
20,1788,LCL,EQ,383959,192565,50.15
20,1789,LEAPIND,EQ,1589038,813342,51.18
20,1790,LEMERITE,EQ,211782,93099,43.96
20,1791,LEMONTREE,EQ,3466400,2134627,61.58
20,1792,LENSKART,EQ,7262193,4874881,67.13
20,1793,LEXUS,EQ,9261,7577,81.82
20,1794,LFIC,EQ,189187,51355,27.15
20,1795,LGBBROSLTD,EQ,22866,10758,47.05
20,1796,LGEINDIA,EQ,285259,189516,66.44
20,1797,LGHL,EQ,7819,2041,26.10
20,1798,LIBAS,EQ,9534,7182,75.33
20,1799,LIBERTSHOE,EQ,47059,24929,52.97
20,1800,LICHSGFIN,EQ,2616014,1260432,48.18
20,1801,LICI,EQ,5491468,3402328,61.96
20,1802,LICMFGOLD,EQ,381839,356999,93.49
20,1803,LICNETFGSC,EQ,1812,1582,87.31
20,1804,LICNETFN50,EQ,159,159,100.00
20,1805,LICNETFSEN,EQ,214,214,100.00
20,1806,LICNFNHGP,EQ,2136,1885,88.25
20,1807,LICNMID100,EQ,7891,4493,56.94
20,1808,LIKHITHA,EQ,1147269,152038,13.25
20,1809,LINC,EQ,10519,7344,69.82
20,1810,LINCOLN,EQ,31329,13027,41.58
20,1811,LINDEINDIA,EQ,45955,32460,70.63
20,1812,LIQGRWBEES,EQ,17440,11154,63.96
20,1813,LIQUID,EQ,178482,135251,75.78
20,1814,LIQUID1,EQ,1252433,764380,61.03
20,1815,LIQUIDADD,EQ,506393,297132,58.68
20,1816,LIQUIDBEES,EQ,2370214,1525706,64.37
20,1817,LIQUIDBETA,EQ,65,65,100.00
20,1818,LIQUIDBETF,EQ,212223,156784,73.88
20,1819,LIQUIDCASE,EQ,14342054,10469073,73.00
20,1820,LIQUIDETF,EQ,263669,233168,88.43
20,1821,LIQUIDIETF,EQ,361471,211152,58.41
20,1822,LIQUIDPLUS,EQ,309957,213723,68.95
20,1823,LIQUIDSBI,EQ,1758,1441,81.97
20,1824,LIQUIDSHRI,EQ,4249,3124,73.52
20,1825,LKPSEC,EQ,20009,14706,73.50
20,1826,LLOYDS,SM,7000,5000,71.43
20,1827,LLOYDSENGG,EQ,4107410,2109051,51.35
20,1828,LLOYDSENT,EQ,1050080,496563,47.29
20,1829,LLOYDSME,EQ,188202,81656,43.39
20,1830,LMW,EQ,6787,4745,69.91
20,1831,LODHA,EQ,1560777,847705,54.31
20,1832,LOKESHMACH,EQ,27167,14802,54.49
20,1833,LORDSCHLO,EQ,18982,17573,92.58
20,1834,LOTUSCHO,EQ,2898,2273,78.43
20,1835,LOTUSEYE,EQ,4252,3320,78.08
20,1836,LOVABLE,EQ,8486,5704,67.22
20,1837,LOWVOL,EQ,482,240,49.79
20,1838,LOWVOL1,EQ,415351,299094,72.01
20,1839,LOWVOLIETF,EQ,4536922,2837053,62.53
20,1840,LOYALTEX,EQ,83,75,90.36
20,1841,LPDC,EQ,33202,27226,82.00
20,1842,LRRPL,SM,4500,4500,100.00
20,1843,LT,EQ,2954721,2078693,70.35
20,1844,LTF,EQ,2989428,1338565,44.78
20,1845,LTFOODS,EQ,485637,189312,38.98
20,1846,LTGILTBEES,EQ,1289785,1106893,85.82
20,1847,LTGILTCASE,EQ,134201,109090,81.29
20,1848,LTM,EQ,1051263,553499,52.65
20,1849,LTTS,EQ,52404,26044,49.70
20,1850,LUMAXIND,EQ,10564,4462,42.24
20,1851,LUMAXTECH,EQ,117985,51697,43.82
20,1852,LUMINO,EQ,20414218,3544548,17.36
20,1853,LUPIN,EQ,596996,322274,53.98
20,1854,LUXIND,EQ,14747,8316,56.39
20,1855,LXCHEM,EQ,1701815,706058,41.49
20,1856,M&M,EQ,1050769,669775,63.74
20,1857,M&MFIN,EQ,2529271,1421350,56.20
20,1858,MAANALU,EQ,125023,84391,67.50
20,1859,MACOBSTECH,SM,20000,800,4.00
20,1860,MACPOWER,EQ,28773,13319,46.29
20,1861,MADHAV,EQ,3836,3460,90.20
20,1862,MADHAVBAUG,ST,13200,13200,100.00
20,1863,MADHAVIPL,EQ,84238,64036,76.02
20,1864,MADHURKNIT,ST,1200,1200,100.00
20,1865,MADHUSUDAN,ST,15000,13000,86.67
20,1866,MADRASFERT,EQ,66282,37177,56.09
20,1867,MAFANG,EQ,2290776,976993,42.65
20,1868,MAFATIND,EQ,19046,11413,59.92
20,1869,MAGADSUGAR,EQ,10950,4817,43.99
20,1870,MAGNUM,EQ,24891,22624,90.89
20,1871,MAGSON,SM,1000,1000,100.00
20,1872,MAHABANK,EQ,11713367,5183571,44.25
20,1873,MAHAPEXLTD,EQ,61068,34936,57.21
20,1874,MAHEPC,EQ,8957,7595,84.79
20,1875,MAHICKRA,SM,1500,750,50.00
20,1876,MAHKTECH,EQ,544833,376219,69.05
20,1877,MAHLIFE,EQ,147985,60658,40.99
20,1878,MAHLOG,EQ,106299,48544,45.67
20,1879,MAHSCOOTER,EQ,2701,1032,38.21
20,1880,MAHSEAMLES,EQ,167344,79953,47.78
20,1881,MAITHANALL,EQ,283553,92738,32.71
20,1882,MAITREYA,SM,11200,8800,78.57
20,1883,MAKEINDIA,EQ,23943,12581,52.55
20,1884,MAKERSL,EQ,1305,751,57.55
20,1885,MAKS,SM,13500,12000,88.89
20,1886,MAL,SM,9600,9600,100.00
20,1887,MALLCOM,EQ,3467,2791,80.50
20,1888,MALUPAPER,EQ,20336,14414,70.88
20,1889,MAMATA,EQ,100223,42339,42.24
20,1890,MANAKALUCO,EQ,69652,35654,51.19
20,1891,MANAKCOAT,EQ,707413,237668,33.60
20,1892,MANAKSIA,EQ,48915,32672,66.79
20,1893,MANALIPETC,EQ,3298224,1026266,31.12
20,1894,MANAPPURAM,EQ,6844403,2454078,35.86
20,1895,MANBA,EQ,108399,17163,15.83
20,1896,MANCREDIT,EQ,141076,25462,18.05
20,1897,MANGALAM,EQ,64156,45264,70.55
20,1898,MANGLMCEM,EQ,86283,38109,44.17
20,1899,MANILAM,SM,22000,16000,72.73
20,1900,MANINDS,EQ,469853,200291,42.63
20,1901,MANINFRA,EQ,3598189,1122158,31.19
20,1902,MANIPALHOS,EQ,1112481,623702,56.06
20,1903,MANKIND,EQ,266219,156253,58.69
20,1904,MANOMAY,EQ,147302,33335,22.63
20,1905,MANORAMA,EQ,166097,72198,43.47
20,1906,MANORG,EQ,5184,3544,68.36
20,1907,MANUFGBEES,EQ,6943,5791,83.41
20,1908,MANYAVAR,EQ,305840,121202,39.63
20,1909,MAPMYINDIA,EQ,82810,37000,44.68
20,1910,MARALOVER,EQ,35454,21788,61.45
20,1911,MARATHON,EQ,92861,63617,68.51
20,1912,MARC,SM,38400,25200,65.63
20,1913,MARICO,EQ,2389739,1873361,78.39
20,1914,MARINE,EQ,483131,160670,33.26
20,1915,MARKOLINES,EQ,104732,43551,41.58
20,1916,MARKSANS,EQ,1784442,684543,38.36
20,1917,MARSONS,EQ,2107683,887107,42.09
20,1918,MARUSHIKA,SM,55200,51600,93.48
20,1919,MARUTI,EQ,534832,352747,65.95
20,1920,MASFIN,EQ,375902,223513,59.46
20,1921,MASKINVEST,EQ,3699,2333,63.07
20,1922,MASON,SM,138000,112000,81.16
20,1923,MASPTOP50,EQ,2197272,991187,45.11
20,1924,MASTEK,EQ,133390,51357,38.50
20,1925,MASTER,SM,2000,2000,100.00
20,1926,MASTERTR,EQ,1314880,342294,26.03
20,1927,MATRIMONY,EQ,15412,11205,72.70
20,1928,MAWANASUG,EQ,179141,91281,50.95
20,1929,MAXESTATES,EQ,63029,44809,71.09
20,1930,MAXHEALTH,EQ,4591285,1829466,39.85
20,1931,MAXIND,EQ,57870,39654,68.52
20,1932,MAXPOSURE,SM,14000,9000,64.29
20,1933,MAXVOLT,SM,36800,30000,81.52
20,1934,MAYASHEEL,SM,6000,3000,50.00
20,1935,MAYURUNIQ,EQ,98651,49475,50.15
20,1936,MAZDOCK,EQ,563605,198354,35.19
20,1937,MBAPL,EQ,370774,229070,61.78
20,1938,MBEL,EQ,44511,24074,54.09
20,1939,MBLINFRA,EQ,15352,12981,84.56
20,1940,MCCHRLS-B,EQ,41,41,100.00
20,1941,MCL,EQ,300265,127206,42.36
20,1942,MCLEODRUSS,EQ,230024,162672,70.72
20,1943,MCLOUD,EQ,914261,372606,40.75
20,1944,MCON,SM,15000,8000,53.33
20,1945,MCX,EQ,2174879,919788,42.29
20,1946,MEDANTA,EQ,565564,329885,58.33
20,1947,MEDIASSIST,EQ,82663,49368,59.72
20,1948,MEDICAMEQ,EQ,364218,152376,41.84
20,1949,MEDICAPQ,EQ,101210,43476,42.96
20,1950,MEDICO,EQ,2383216,1129626,47.40
20,1951,MEDIORG,SM,6000,6000,100.00
20,1952,MEDPLUS,EQ,72744,33849,46.53
20,1953,MEESHO,EQ,17157843,9339664,54.43
20,1954,MEGAFLEX,SM,1000,1000,100.00
20,1955,MEGASTAR,EQ,3673,3119,84.92
20,1956,MEGATHERM,SM,110800,85200,76.90
20,1957,MEIL,EQ,24599,14418,58.61
20,1958,MENNPIS,EQ,158787,82001,51.64
20,1959,MERCANTILE,EQ,112840,102231,90.60
20,1960,MERCURYEV,EQ,463042,336254,72.62
20,1961,METAL,EQ,2417735,1369009,56.62
20,1962,METALIC,ST,68800,56000,81.40
20,1963,METALIETF,EQ,7227949,4173979,57.75
20,1964,METROBRAND,EQ,34602,20879,60.34
20,1965,METROGLOBL,EQ,105,52,49.52
20,1966,METROPOLIS,EQ,472099,239840,50.80
20,1967,MFML,EQ,1806,820,45.40
20,1968,MFSL,EQ,802373,475602,59.27
20,1969,MGEL,EQ,14242508,13082306,91.85
20,1970,MGL,EQ,156163,121170,77.59
20,1971,MGSL,SM,18000,15600,86.67
20,1972,MHHL,SM,4500,4500,100.00
20,1973,MHRIL,EQ,258681,153573,59.37
20,1974,MID150,EQ,15755,15062,95.60
20,1975,MID150BEES,EQ,580979,359640,61.90
20,1976,MID150CASE,EQ,1277038,741984,58.10
20,1977,MIDBANKADD,EQ,1080,969,89.72
20,1978,MIDCAP,EQ,266667,167192,62.70
20,1979,MIDCAPADD,EQ,7867,5833,74.15
20,1980,MIDCAPBETA,EQ,774,479,61.89
20,1981,MIDCAPETF,EQ,10482815,10081660,96.17
20,1982,MIDCAPIETF,EQ,493061,319818,64.86
20,1983,MIDHANI,EQ,5087063,997365,19.61
20,1984,MIDQ50ADD,EQ,37381,29736,79.55
20,1985,MIDSELIETF,EQ,257690,151138,58.65
20,1986,MIDSMALL,EQ,140549,79012,56.22
20,1987,MIDWESTLTD,EQ,13692,6875,50.21
20,1988,MIEL,SM,2000,2000,100.00
20,1989,MIIL,EQ,116329,32946,28.32
20,1990,MILKYMIST,EQ,8108465,2690180,33.18
20,1991,MINDACORP,EQ,140743,63644,45.22
20,1992,MINDSPACE,RR,320878,306254,95.44
20,1993,MINDTECK,EQ,24891,13989,56.20
20,1994,MIRZAINT,EQ,202011,65046,32.20
20,1995,MITCON,EQ,56492,34677,61.38
20,1996,MITTAL,EQ,1286326,1078292,83.83
20,1997,MKEXIM,EQ,40623,30445,74.95
20,1998,MKPL,EQ,67490,61923,91.75
20,1999,MLKFOOD,EQ,1232,1073,87.09
20,2000,MMEL,SM,4000,4000,100.00
20,2001,MMFL,EQ,91871,49385,53.75
20,2002,MMP,EQ,82983,48831,58.84
20,2003,MMTC,EQ,972735,411043,42.26
20,2004,MMWL,EQ,42797,29518,68.97
20,2005,MNC,EQ,75533,49450,65.47
20,2006,MOALPHA50,EQ,5752,5647,98.17
20,2007,MOBANK10,EQ,8406,8195,97.49
20,2008,MOBIKWIK,EQ,671589,207430,30.89
20,2009,MOCAPITAL,EQ,471099,301783,64.06
20,2010,MODEFENCE,EQ,3730401,2979049,79.86
20,2011,MODINATUR,EQ,3983,3091,77.60
20,2012,MODIRUBBER,EQ,3150,1894,60.13
20,2013,MODIS,EQ,18094,11150,61.62
20,2014,MODISONLTD,EQ,268225,149305,55.66
20,2015,MODTHREAD,EQ,3023,2827,93.52
20,2016,MOENERGY,EQ,154383,124924,80.92
20,2017,MOGOLD,EQ,21158,12726,60.15
20,2018,MOGSEC,EQ,315,200,63.49
20,2019,MOHEALTH,EQ,56801,49589,87.30
20,2020,MOHITE,EQ,90916,79819,87.79
20,2021,MOHITIND,EQ,6998,5122,73.19
20,2022,MOIL,EQ,587080,241927,41.21
20,2023,MOINFRA,EQ,10295,8249,80.13
20,2024,MOIPO,EQ,3095,1951,63.04
20,2025,MOKSH,EQ,224126,110893,49.48
20,2026,MOL,EQ,1003497,481284,47.96
20,2027,MOLBIO,EQ,9414132,703427,7.47
20,2028,MOLDTKPAC,EQ,63868,38930,60.95
20,2029,MOLOWVOL,EQ,2171,2071,95.39
20,2030,MOM100,EQ,235846,145037,61.50
20,2031,MOM30IETF,EQ,471630,288850,61.25
20,2032,MOM50,EQ,14108,13212,93.65
20,2033,MOMENTUM,EQ,229971,210091,91.36
20,2034,MOMENTUM30,EQ,676856,660686,97.61
20,2035,MOMENTUM50,EQ,554699,358803,64.68
20,2036,MOMETAL,EQ,27345,24018,87.83
20,2037,MOMGF,EQ,310,237,76.45
20,2038,MOMIDMTM,EQ,82906,75757,91.38
20,2039,MOMMIDCAP,EQ,753302,578343,76.77
20,2040,MOMNC,EQ,27509,27359,99.45
20,2041,MOMOMENTUM,EQ,62660,34703,55.38
20,2042,MON100,EQ,1496649,756136,50.52
20,2043,MON50EQUAL,EQ,4858,3937,81.04
20,2044,MONARCH,EQ,113673,64111,56.40
20,2045,MONEXT50,EQ,2015,1102,54.69
20,2046,MONEYBOXX,EQ,349519,203502,58.22
20,2047,MONIFTY100,EQ,577647,483717,83.74
20,2048,MONIFTY500,EQ,1387568,1270938,91.59
20,2049,MONOLITH,SM,91750,65500,71.39
20,2050,MONOPHARMA,SM,22000,22000,100.00
20,2051,MONQ50,EQ,1928274,631326,32.74
20,2052,MONTECARLO,EQ,88323,57509,65.11
20,2053,MOOILGAS,EQ,8445,3680,43.58
20,2054,MOPSE,EQ,10786,9725,90.16
20,2055,MOQUALITY,EQ,1279,441,34.48
20,2056,MOREALTY,EQ,2572749,2002145,77.82
20,2057,MOREPENLAB,EQ,12527070,3032269,24.21
20,2058,MOS,ST,260000,252000,96.92
20,2059,MOSCHIP,EQ,1353450,500172,36.96
20,2060,MOSERVICE,EQ,6383,6383,100.00
20,2061,MOSILVER,EQ,25038,7863,31.40
20,2062,MOSMALL250,EQ,628553,383755,61.05
20,2063,MOTHERSON,EQ,6002467,3355328,55.90
20,2064,MOTILALOFS,EQ,489071,199638,40.82
20,2065,MOTISONS,EQ,31830543,6387096,20.07
20,2066,MOTOGENFIN,EQ,71800,60714,84.56
20,2067,MOTOUR,EQ,10418,8988,86.27
20,2068,MOVALUE,EQ,54956,35968,65.45
20,2069,MOXSH,SM,8000,4800,60.00
20,2070,MPEL,ST,1600,1600,100.00
20,2071,MPEL-RE,ST,48000,48000,100.00
20,2072,MPHASIS,EQ,288892,126632,43.83
20,2073,MPSLTD,EQ,31308,16218,51.80
20,2074,MRF,EQ,2834,1361,48.02
20,2075,MRIL,ST,19200,19200,100.00
20,2076,MRPL,EQ,47490869,6882554,14.49
20,2077,MSCI360,EQ,1082,1072,99.08
20,2078,MSCIADD,EQ,857,408,47.61
20,2079,MSCIINDIA,EQ,7010,4834,68.96
20,2080,MSL,EQ,307,306,99.67
20,2081,MSPL,EQ,1130276,780125,69.02
20,2082,MSTCLTD,EQ,218533,96261,44.05
20,2083,MSUMI,EQ,9188167,5448335,59.30
20,2084,MTNL,EQ,501277,208758,41.65
20,2085,MUFIN,EQ,444682,185587,41.73
20,2086,MUFTI,EQ,98309,51784,52.67
20,2087,MUKANDLTD,EQ,172124,126643,73.58
20,2088,MUKESHB,EQ,106,106,100.00
20,2089,MUKKA,EQ,1716557,772040,44.98
20,2090,MULTICAP,EQ,1640327,1576921,96.13
20,2091,MUNISH,SM,116400,94800,81.44
20,2092,MUNJALAU,EQ,418680,180892,43.21
20,2093,MUNJALSHOW,EQ,21573,12555,58.20
20,2094,MURUDCERA,EQ,50558,38395,75.94
20,2095,MUTHOOTCAP,EQ,5157,4190,81.25
20,2096,MUTHOOTFIN,EQ,1027017,527080,51.32
20,2097,MUTHOOTMF,EQ,242835,141720,58.36
20,2098,MVELECTRO,EQ,16480312,1131374,6.87
20,2099,MVGJL,EQ,1334420,439205,32.91
20,2100,MVKAGRO,SM,343500,343500,100.00
20,2101,MWL,EQ,254374,165166,64.93
20,2102,MYMUDRA,SM,9600,9600,100.00
20,2103,NACLIND,EQ,553243,142713,25.80
20,2104,NAGREEKCAP,EQ,1392,1316,94.54
20,2105,NAGREEKEXP,EQ,4404,3572,81.11
20,2106,NAHARCAP,EQ,1663,1432,86.11
20,2107,NAHARINDUS,EQ,15546,10804,69.50
20,2108,NAHARPOLY,EQ,6160,3749,60.86
20,2109,NAHARSPING,EQ,26272,17876,68.04
20,2110,NAM-INDIA,EQ,588058,319466,54.33
20,2111,NAMOEWASTE,ST,12000,9600,80.00
20,2112,NARMADA,EQ,457162,166263,36.37
20,2113,NATCOPHARM,EQ,537495,206622,38.44
20,2114,NATHBIOGEN,EQ,9450,7927,83.88
20,2115,NATIONALUM,EQ,9139475,3571928,39.08
20,2116,NATIONSTD,EQ,69353,50540,72.87
20,2117,NAUKRI,EQ,1281379,751819,58.67
20,2118,NAVA,EQ,309952,134447,43.38
20,2119,NAVINFLUOR,EQ,294169,130914,44.50
20,2120,NAVKARCORP,EQ,176714,95205,53.88
20,2121,NAVNETEDUL,EQ,181942,115923,63.71
20,2122,NAZARA,EQ,1723096,768057,44.57
20,2123,NBCC,EQ,5699936,2568620,45.06
20,2124,NBIFIN,EQ,9475,9223,97.34
20,2125,NCC,EQ,1300153,594614,45.73
20,2126,NCLIND,EQ,27116,17781,65.57
20,2127,NDGL,EQ,44,38,86.36
20,2128,NDL,EQ,1338011,816298,61.01
20,2129,NDLVENTURE,EQ,22755,20167,88.63
20,2130,NDRAUTO,EQ,8117,4501,55.45
20,2131,NDTV,EQ,77952,28526,36.59
20,2132,NEAGI,EQ,29,29,100.00
20,2133,NECLIFE,EQ,122330,90079,73.64
20,2134,NEELAM,SM,12000,12000,100.00
20,2135,NELCAST,EQ,47071,24218,51.45
20,2136,NELCO,EQ,381192,138144,36.24
20,2137,NEOCHEM,SM,115200,88800,77.08
20,2138,NEOGEN,EQ,234288,115943,49.49
20,2139,NEPHROCARE,SM,44800,34800,77.68
20,2140,NEPHROPLUS,EQ,204496,106012,51.84
20,2141,NEPTUNE,SM,1500,1500,100.00
20,2142,NESCO,EQ,42607,24747,58.08
20,2143,NESTLEIND,EQ,994121,661412,66.53
20,2144,NETF,EQ,7172,4676,65.20
20,2145,NETWEB,EQ,1696353,569075,33.55
20,2146,NETWORK18,EQ,3339531,1790928,53.63
20,2147,NEULANDLAB,EQ,57976,25071,43.24
20,2148,NEWGEN,EQ,587106,231593,39.45
20,2149,NEXT30ADD,EQ,24711,23864,96.57
20,2150,NEXT50,EQ,29774,14537,48.82
20,2151,NEXT50ADD,EQ,417,220,52.76
20,2152,NEXT50BETA,EQ,60519,43482,71.85
20,2153,NEXT50ETF,EQ,9452,7456,78.88
20,2154,NEXT50IETF,EQ,501933,331638,66.07
20,2155,NEXTMEDIA,EQ,19254,13281,68.98
20,2156,NFL,EQ,421662,195484,46.36
20,2157,NFPSAMPOOR,SM,8000,8000,100.00
20,2158,NGIL,EQ,43179,23608,54.67
20,2159,NGLFINE,EQ,2466,1173,47.57
20,2160,NH,EQ,179466,89912,50.10
20,2161,NHPC,EQ,17730521,7792977,43.95
20,2162,NIACL,EQ,10799389,1102550,10.21
20,2163,NIBE,EQ,25348,14166,55.89
20,2164,NIBL,EQ,18028,13858,76.87
20,2165,NICCOPAR,EQ,1769,1669,94.35
20,2166,NIDAN,SM,4000,4000,100.00
20,2167,NIF100BEES,EQ,57443,44076,76.73
20,2168,NIF100IETF,EQ,115573,67638,58.52
20,2169,NIF500BETA,EQ,912,912,100.00
20,2170,NIFTY1,EQ,147677,108067,73.18
20,2171,NIFTY100EW,EQ,38017,29758,78.28
20,2172,NIFTYADD,EQ,16177,12117,74.90
20,2173,NIFTYAXIS,EQ,72587,49522,68.22
20,2174,NIFTYBEES,EQ,7537478,5512028,73.13
20,2175,NIFTYBETA,EQ,65235,55043,84.38
20,2176,NIFTYBETF,EQ,2211,1885,85.26
20,2177,NIFTYCASE,EQ,1416249,1217926,86.00
20,2178,NIFTYETF,EQ,160962,133476,82.92
20,2179,NIFTYIETF,EQ,901843,565157,62.67
20,2180,NIFTYJBLK,EQ,179458,132811,74.01
20,2181,NIFTYQLITY,EQ,38855,34223,88.08
20,2182,NIITLTD,EQ,153514,78459,51.11
20,2183,NIITMTS,EQ,53748,28351,52.75
20,2184,NILAINFRA,EQ,433326,272893,62.98
20,2185,NILASPACES,EQ,3056613,1565702,51.22
20,2186,NILE,EQ,1800,1033,57.39
20,2187,NILKAMAL,EQ,13217,5840,44.19
20,2188,NIMBSPROJ,EQ,6680,5676,84.97
20,2189,NINSYS,EQ,3177,2576,81.08
20,2190,NIPPOBATRY,EQ,460,407,88.48
20,2191,NIRAJ,EQ,10845,6087,56.13
20,2192,NIRLON,EQ,5143,4706,91.50
20,2193,NIRMAN,SM,18000,17100,95.00
20,2194,NITCO,EQ,262356,148609,56.64
20,2195,NITINSPIN,EQ,109474,58308,53.26
20,2196,NITIRAJ,EQ,3604,2677,74.28
20,2197,NITTAGELA,EQ,2041,1343,65.80
20,2198,NIVABUPA,EQ,371286,209722,56.49
20,2199,NKIND,EQ,341,287,84.16
20,2200,NLCINDIA,EQ,4901961,1834011,37.41
20,2201,NMDC,EQ,14151248,7354696,51.97
20,2202,NMSTEEL,SM,4800,4800,100.00
20,2203,NOCIL,EQ,2843821,1244892,43.78
20,2204,NOIDATOLL,EQ,76812,71450,93.02
20,2205,NORBTEAEXP,EQ,2111,1012,47.94
20,2206,NORTHARC,EQ,1054140,548765,52.06
20,2207,NOVARTIND,EQ,785816,161295,20.53
20,2208,NPBET,EQ,427,230,53.86
20,2209,NPST,EQ,71432,32020,44.83
20,2210,NRAIL,EQ,41453,21150,51.02
20,2211,NRBBEARING,EQ,309450,152220,49.19
20,2212,NRVANDANA,SM,42000,39000,92.86
20,2213,NSIL,EQ,1373,1109,80.77
20,2214,NSLNISP,EQ,5018996,1693026,33.73
20,2215,NTCIND,EQ,3559,3209,90.17
20,2216,NTPC,EQ,11795145,7146097,60.59
20,2217,NTPCGREEN,EQ,2698297,1291112,47.85
20,2218,NUCLEUS,EQ,9393,5889,62.70
20,2219,NUVAMA,EQ,271476,139882,51.53
20,2220,NUVOCO,EQ,302497,178242,58.92
20,2221,NV20,EQ,205240,162747,79.30
20,2222,NV20BEES,EQ,29712,15845,53.33
20,2223,NV20IETF,EQ,776400,468096,60.29
20,2224,NXST,RR,387287,362684,93.65
20,2225,NXT-INFRA,IV,500000,500000,100.00
20,2226,NYKAA,EQ,4010750,2191553,54.64
20,2227,OAL,EQ,79289,44118,55.64
20,2228,OBCL,EQ,1427,1427,100.00
20,2229,OBEROIRLTY,EQ,222585,98418,44.22
20,2230,OBSCP,SM,214400,108400,50.56
20,2231,ODIGMA,EQ,26469,24176,91.34
20,2232,ODYCORP,EQ,51147,44886,87.76
20,2233,OFSS,EQ,156426,77843,49.76
20,2234,OIL,EQ,2471923,1033100,41.79
20,2235,OILIETF,EQ,887967,589373,66.37
20,2236,OLAELEC,EQ,19057493,5059841,26.55
20,2237,OLECTRA,EQ,256924,94007,36.59
20,2238,OLIL,SM,35600,31600,88.76
20,2239,OMAXAUTO,EQ,90664,34073,37.58
20,2240,OMAXE,EQ,1138054,436022,38.31
20,2241,OMFURN,SM,2400,2400,100.00
20,2242,OMINFRAL,EQ,37997,23379,61.53
20,2243,OMNI,EQ,1142132,514755,45.07
20,2244,OMPOWER,EQ,34790,18425,52.96
20,2245,ONDOOR,SM,2100,1800,85.71
20,2246,ONEGLOBAL,EQ,11378,6617,58.16
20,2247,ONEPOINT,EQ,847505,348594,41.13
20,2248,ONESOURCE,EQ,2411313,964771,40.01
20,2249,ONGC,EQ,12781171,7883441,61.68
20,2250,ONIDA,EQ,346700,230274,66.42
20,2251,ONIXSOLAR,EQ,462195,249999,54.09
20,2252,ONWARDTEC,EQ,35966,19964,55.51
20,2253,ONYX,ST,12000,12000,100.00
20,2254,OPTIEMUS,EQ,80387,41594,51.74
20,2255,OPTIFIN,EQ,18983,14562,76.71
20,2256,OPTIMYSTIX,SM,35200,22400,63.64
20,2257,OPTIVALUE,ST,92800,89600,96.55
20,2258,ORCHASP,EQ,417732,342210,81.92
20,2259,ORCHPHARMA,EQ,161851,84165,52.00
20,2260,ORIANA,SM,36300,23625,65.08
20,2261,ORICONENT,EQ,18760,10445,55.68
20,2262,ORIENTALTL,EQ,107809,44192,40.99
20,2263,ORIENTBELL,EQ,41864,16568,39.58
20,2264,ORIENTCEM,EQ,241975,131703,54.43
20,2265,ORIENTCER,EQ,353849,193434,54.67
20,2266,ORIENTELEC,EQ,324397,225390,69.48
20,2267,ORIENTHOT,EQ,724013,465964,64.36
20,2268,ORIENTPPR,EQ,288440,194356,67.38
20,2269,ORIENTTECH,EQ,89252,50457,56.53
20,2270,ORIRAIL,EQ,59102,30294,51.26
20,2271,ORISSAMINE,EQ,4202,2209,52.57
20,2272,ORKLAINDIA,EQ,44801,25466,56.84
20,2273,ORTINGLOBE,EQ,2934,2567,87.49
20,2274,OSELDEVICE,SM,28800,18400,63.89
20,2275,OSWALAGRO,EQ,21502,14879,69.20
20,2276,OSWALGREEN,EQ,77391,56005,72.37
20,2277,OSWALPUMPS,EQ,704387,248333,35.26
20,2278,OSWALSEEDS,EQ,295909,219489,74.17
20,2279,OWAIS,ST,13100,13000,99.24
20,2280,PACEDIGITK,EQ,802379,331452,41.31
20,2281,PACIFICI,EQ,313,311,99.36
20,2282,PAGEIND,EQ,15250,7010,45.97
20,2283,PAISALO,EQ,21010428,8177928,38.92
20,2284,PAKKA,EQ,152118,90230,59.32
20,2285,PALASHSECU,EQ,1181,1057,89.50
20,2286,PALREDTEC,EQ,1209,957,79.16
20,2287,PANACEABIO,EQ,143042,78664,54.99
20,2288,PANAMAPET,EQ,791161,225119,28.45
20,2289,PANCHMAHQ,EQ,62,62,100.00
20,2290,PANORAMA,EQ,198297,59617,30.06
20,2291,PANSARI,EQ,909,860,94.61
20,2292,PARACABLES,EQ,3622562,1550918,42.81
20,2293,PARADEEP,EQ,1680376,728923,43.38
20,2294,PARAGMILK,EQ,521490,242388,46.48
20,2295,PARAGON,SM,14400,10800,75.00
20,2296,PARAMATRIX,SM,2400,1200,50.00
20,2297,PARAMOUNT,SM,3600,3600,100.00
20,2298,PARAS,EQ,1212712,345522,28.49
20,2299,PARASPETRO,EQ,135723,93931,69.21
20,2300,PARIN,SM,3750,3000,80.00
20,2301,PARKHOSPS,EQ,209305,129146,61.70
20,2302,PARKHOTELS,EQ,62584,37803,60.40
20,2303,PARNAXLAB,EQ,1921,1915,99.69
20,2304,PARTH,SM,13200,10400,78.79
20,2305,PARTYCRUS,SM,3000,3000,100.00
20,2306,PASHUPATI,EQ,41925,24267,57.88
20,2307,PATANJALI,EQ,967972,477535,49.33
20,2308,PATELENG,EQ,1587356,756500,47.66
20,2309,PATELRMART,EQ,67218,47078,70.04
20,2310,PATILAUTOM,SM,222000,150000,67.57
20,2311,PAUSHAKLTD,EQ,32142,12021,37.40
20,2312,PAVNAIND,EQ,297906,189899,63.74
20,2313,PAYTM,EQ,8247684,3656166,44.33
20,2314,PBMPOLY,EQ,478,413,86.40
20,2315,PCBL,EQ,6364541,1625940,25.55
20,2316,PCCL,SM,32400,25200,77.78
20,2317,PCJEWELLER,EQ,697754870,113467170,16.26
20,2318,PDMJEPAPER,EQ,293437,90364,30.80
20,2319,PDSL,EQ,233662,145389,62.22
20,2320,PEARLPOLY,EQ,5371,5337,99.37
20,2321,PELATRO,SM,11700,8700,74.36
20,2322,PENIND,EQ,603270,222659,36.91
20,2323,PENINLAND,EQ,70378,63066,89.61
20,2324,PENTAGON,SM,56000,33000,58.93
20,2325,PERFECT,SZ,6000,6000,100.00
20,2326,PERMAGN,EQ,5717,4601,80.48
20,2327,PERNIASPOP,EQ,677914,201389,29.71
20,2328,PERSISTENT,EQ,599190,219911,36.70
20,2329,PETRONET,EQ,1133536,615694,54.32
20,2330,PFC,EQ,5426791,3321483,61.21
20,2331,PFIZER,EQ,125703,49522,39.40
20,2332,PFOCUS,EQ,761243,268370,35.25
20,2333,PFS,EQ,430257,259328,60.27
20,2334,PGEL,EQ,1621300,652554,40.25
20,2335,PGHH,EQ,8659,4893,56.51
20,2336,PGHL,EQ,8071,4766,59.05
20,2337,PGIL,EQ,97199,39271,40.40
20,2338,PGINVIT,IV,1073586,868396,80.89
20,2339,PHANTOMFX,SM,23400,17400,74.36
20,2340,PHARMABEES,EQ,3758240,2126212,56.57
20,2341,PHOENIXLTD,EQ,299790,176759,58.96
20,2342,PHOENXINTL,EQ,2017,1506,74.67
20,2343,PHOGLOBAL,SM,10000,6000,60.00
20,2344,PICCADIL,EQ,223548,108501,48.54
20,2345,PIDILITIND,EQ,276995,168380,60.79
20,2346,PIGL,EQ,332177,132520,39.89
20,2347,PIIND,EQ,100714,40079,39.79
20,2348,PILANIINVS,EQ,18239,9102,49.90
20,2349,PILITA,EQ,63380,43432,68.53
20,2350,PINELABS,EQ,40668170,12214327,30.03
20,2351,PIONEEREMB,EQ,11385,10013,87.95
20,2352,PIRAMALFIN,EQ,220456,141759,64.30
20,2353,PITTIENG,EQ,132385,59269,44.77
20,2354,PIXTRANS,EQ,13287,7238,54.47
20,2355,PKTEA,EQ,59199,18012,30.43
20,2356,PLASTIBLEN,EQ,13063,8229,62.99
20,2357,PLATIND,EQ,88798,54390,61.25
20,2358,PLAZACABLE,EQ,110358,71463,64.76
20,2359,PML,EQ,433,407,94.00
20,2360,PNB,EQ,11691129,6127407,52.41
20,2361,PNBGILTS,EQ,283795,162921,57.41
20,2362,PNBHOUSING,EQ,320435,179124,55.90
20,2363,PNC,EQ,14249,14032,98.48
20,2364,PNCINFRA,EQ,281660,149427,53.05
20,2365,PNGJL,EQ,402965,210930,52.34
20,2366,PNGSREVA,EQ,265641,113078,42.57
20,2367,POCL,EQ,581693,434337,74.67
20,2368,PODDARMENT,EQ,18372,12057,65.63
20,2369,POEL,EQ,24202,14203,58.69
20,2370,POKARNA,EQ,84126,51830,61.61
20,2371,POLICYBZR,EQ,1177932,799455,67.87
20,2372,POLYCAB,EQ,198567,91080,45.87
20,2373,POLYMED,EQ,75116,34221,45.56
20,2374,POLYPLEX,EQ,36081,19313,53.53
20,2375,POLYSIL,SM,122000,77000,63.11
20,2376,PONNIERODE,EQ,51562,39663,76.92
20,2377,POONAWALLA,EQ,963582,520253,53.99
20,2378,POSITRON,SM,5100,3600,70.59
20,2379,POWERGRID,EQ,11738891,8095007,68.96
20,2380,POWERICA,EQ,255922,129287,50.52
20,2381,POWERINDIA,EQ,94112,39834,42.33
20,2382,POWERMECH,EQ,123045,26202,21.29
20,2383,PPLPHARMA,EQ,3881596,1610998,41.50
20,2384,PPSL,SM,12000,9000,75.00
20,2385,PRABHA,EQ,597234,250398,41.93
20,2386,PRAENG,EQ,36814,29563,80.30
20,2387,PRAJIND,EQ,676653,328207,48.50
20,2388,PRAKASH,EQ,437689,283517,64.78
20,2389,PRAKASHSTL,EQ,85139,62985,73.98
20,2390,PRAMARA,SM,46500,45500,97.85
20,2391,PRAMODINI,SM,282000,186000,65.96
20,2392,PRATHAM,SM,800,800,100.00
20,2393,PRAVEG,EQ,31869,17788,55.82
20,2394,PRAXIS,EQ,161749,159080,98.35
20,2395,PRECAM,EQ,107492,57681,53.66
20,2396,PRECISION,ST,94000,94000,100.00
20,2397,PRECOT,EQ,9739,8092,83.09
20,2398,PRECWIRE,EQ,390910,158630,40.58
20,2399,PREMCO,EQ,896,874,97.54
20,2400,PREMEXPLN,EQ,572139,517777,90.50
20,2401,PREMIERENE,EQ,583491,318142,54.52
20,2402,PREMIERPOL,EQ,201085,100875,50.17
20,2403,PREMIUM,SM,12000,6000,50.00
20,2404,PRESSTONIC,SM,26400,18400,69.70
20,2405,PRESTIGE,EQ,499802,307910,61.61
20,2406,PRICOLLTD,EQ,304363,165524,54.38
20,2407,PRIMECAB,ST,136000,126400,92.94
20,2408,PRIMESECU,EQ,22760,11990,52.68
20,2409,PRIMO,EQ,162572,72832,44.80
20,2410,PRINCEPIPE,EQ,111190,71731,64.51
20,2411,PRISMX,EQ,231327,154756,66.90
20,2412,PRITIKA,SM,2000,2000,100.00
20,2413,PRIVISCL,EQ,130119,77129,59.28
20,2414,PRIZOR,ST,14400,14400,100.00
20,2415,PRLIND,SM,50000,48000,96.00
20,2416,PROPEQUITY,SM,1200,1200,100.00
20,2417,PROPSHOP,SM,200000,90000,45.00
20,2418,PROSTARM,EQ,119684,54598,45.62
20,2419,PROTEAN,EQ,135622,76023,56.06
20,2420,PROV,SM,800,640,80.00
20,2421,PROZONER,EQ,263133,168375,63.99
20,2422,PRSMJOHNSN,EQ,308878,205705,66.60
20,2423,PRUDENT,EQ,11980,7449,62.18
20,2424,PSB,EQ,610285,388253,63.62
20,2425,PSPPROJECT,EQ,48818,18044,36.96
20,2426,PSRAJ,ST,80000,70000,87.50
20,2427,PSUBANK,EQ,579398,460601,79.50
20,2428,PSUBANKADD,EQ,7250,3743,51.63
20,2429,PSUBNKBEES,EQ,1220617,811415,66.48
20,2430,PSUBNKIETF,EQ,67078,19382,28.89
20,2431,PTC,EQ,1062150,698823,65.79
20,2432,PTCIL,EQ,31474,13273,42.17
20,2433,PTL,EQ,35094,27178,77.44
20,2434,PULZ,SM,6000,6000,100.00
20,2435,PUNJABCHEM,EQ,3866,1789,46.28
20,2436,PURPLEUTED,ST,63500,60250,94.88
20,2437,PURVA,EQ,167897,59210,35.27
20,2438,PURVFLEXI,SM,20000,20000,100.00
20,2439,PVP,EQ,2883236,1087650,37.72
20,2440,PVRINOX,EQ,564590,227990,40.38
20,2441,PVSL,EQ,12038,8910,74.02
20,2442,PVTBANIETF,EQ,4144284,3416994,82.45
20,2443,PVTBANK,EQ,4949,4647,93.90
20,2444,PVTBANKADD,EQ,25064,17286,68.97
20,2445,PVTBKGROWW,EQ,3418,2161,63.22
20,2446,PWL,EQ,4582078,1381772,30.16
20,2447,PYRAMID,EQ,31370,17163,54.71
20,2448,QGOLDHALF,EQ,167434,69663,41.61
20,2449,QLINE,SM,349200,184400,52.81
20,2450,QNIFTY,EQ,6728,4442,66.02
20,2451,QPOWER,EQ,176606,94850,53.71
20,2452,QUADFUTURE,EQ,584350,186550,31.92
20,2453,QUADPRO,SM,12000,12000,100.00
20,2454,QUAL30IETF,EQ,83422,65315,78.29
20,2455,QUALITY30,EQ,2039,2027,99.41
20,2456,QUESS,EQ,821596,260377,31.69
20,2457,QUESTLAB,SM,8400,8400,100.00
20,2458,QUICKHEAL,EQ,70585,36972,52.38
20,2459,QUINT,EQ,5717,5565,97.34
20,2460,QVCEL,SM,6400,4800,75.00
20,2461,RACE,EQ,2903,2582,88.94
20,2462,RACLGEAR,EQ,98666,36339,36.83
20,2463,RADAAN,EQ,16689,10823,64.85
20,2464,RADHIKAJWE,EQ,5875923,951184,16.19
20,2465,RADIANTCMS,EQ,687614,443150,64.45
20,2466,RADICO,EQ,212920,127319,59.80
20,2467,RADIOCITY,EQ,196732,115439,58.68
20,2468,RADIOWALLA,ST,1600,1600,100.00
20,2469,RAILTEL,EQ,434791,171848,39.52
20,2470,RAIN,EQ,11435273,3362185,29.40
20,2471,RAINBOW,EQ,97345,63340,65.07
20,2472,RAJINDLTD,SM,16500,15000,90.91
20,2473,RAJMET,EQ,350812,272807,77.76
20,2474,RAJPALAYAM,EQ,4229,3807,90.02
20,2475,RAJPUTANA,SM,3500,2500,71.43
20,2476,RAJRATAN,EQ,285802,104010,36.39
20,2477,RAJSREESUG,EQ,26724,11007,41.19
20,2478,RAJTV,EQ,103033,101717,98.72
20,2479,RALLIS,EQ,450078,279040,62.00
20,2480,RAMANEWS,EQ,11958,9004,75.30
20,2481,RAMAPHO,EQ,10645,6937,65.17
20,2482,RAMBHAJO,EQ,714676,269239,37.67
20,2483,RAMCOCEM,EQ,177473,94128,53.04
20,2484,RAMCOIND,EQ,89199,45268,50.75
20,2485,RAMCOSYS,EQ,58410,32082,54.93
20,2486,RAMKY,EQ,15041,8461,56.25
20,2487,RAMRAT,EQ,184999,72094,38.97
20,2488,RANASUG,EQ,200511,131430,65.55
20,2489,RANEHOLDIN,EQ,15103,8357,55.33
20,2490,RAPIDFLEET,SM,9000,1800,20.00
20,2491,RAPPID,SM,7800,4200,53.85
20,2492,RATEGAIN,EQ,497731,275560,55.36
20,2493,RATNAMANI,EQ,126387,48191,38.13
20,2494,RATNAVEER,EQ,2550769,801125,31.41
20,2495,RAYMOND,EQ,5497465,932973,16.97
20,2496,RAYMONDLSL,EQ,1149008,341494,29.72
20,2497,RAYMONDREL,EQ,684383,307672,44.96
20,2498,RBA,EQ,7327768,3026138,41.30
20,2499,RBLBANK,EQ,3908840,2275371,58.21
20,2500,RBMINFRA,SM,252000,146600,58.17
20,2501,RBS,SM,9600,5600,58.33
20,2502,RCDL,SM,3000,3000,100.00
20,2503,RCDL-RE,ST,42000,42000,100.00
20,2504,RCF,EQ,668920,345011,51.58
20,2505,READYMIX,SM,90000,62000,68.89
20,2506,RECLTD,EQ,3145078,1763012,56.06
20,2507,REDINGTON,EQ,4173283,1692748,40.56
20,2508,REDTAPE,EQ,321602,120516,37.47
20,2509,REFEX,EQ,177778,99921,56.21
20,2510,REFRACTORY,SM,12000,12000,100.00
20,2511,REGAAL,EQ,260510,142803,54.82
20,2512,REGENCERAM,EQ,2140,1931,90.23
20,2513,RELAXO,EQ,121497,58056,47.78
20,2514,RELCHEMQ,EQ,994,527,53.02
20,2515,RELIABLE,EQ,26731,9043,33.83
20,2516,RELIANCE,EQ,12152819,7684696,63.23
20,2517,RELIGARE,EQ,1660145,905292,54.53
20,2518,RELTD,EQ,99769,58473,58.61
20,2519,REMSONSIND,EQ,54465,24561,45.10
20,2520,REMUS,SM,11700,9000,76.92
20,2521,RENUKA,EQ,15123230,5524715,36.53
20,2522,REPCOHOME,EQ,94098,63942,67.95
20,2523,REPRO,EQ,2610,1905,72.99
20,2524,RESPONIND,EQ,12729406,671693,5.28
20,2525,RETAIL,EQ,2101,1812,86.24
20,2526,REXPRO,SM,5000,4000,80.00
20,2527,RFBL,ST,6000,6000,100.00
20,2528,RGL,EQ,394708,130024,32.94
20,2529,RHETAN,EQ,55311416,28943575,52.33
20,2530,RHIM,EQ,559435,182061,32.54
20,2531,RHL,EQ,532,516,96.99
20,2532,RICHA,ST,3000,3000,100.00
20,2533,RICOAUTO,EQ,679050,313833,46.22
20,2534,RIIL,EQ,44392,15228,34.30
20,2535,RIIT,IV,657484,645438,98.17
20,2536,RILINFRA,SM,14000,11900,85.00
20,2537,RIR,EQ,932071,275458,29.55
20,2538,RISHABH,EQ,379932,140470,36.97
20,2539,RITCO,EQ,142503,65458,45.93
20,2540,RITES,EQ,329531,140331,42.59
20,2541,RITEZONE,SM,1600,1600,100.00
20,2542,RKDL,EQ,5500,5496,99.93
20,2543,RKEC,EQ,40247,35215,87.50
20,2544,RKFORGE,EQ,806230,399649,49.57
20,2545,RKSWAMY,EQ,34636,13612,39.30
20,2546,RMC,EQ,49359,22253,45.08
20,2547,RML,EQ,77426,30261,39.08
20,2548,RNFI,SM,80400,52200,64.93
20,2549,RNPL,SM,25200,20400,80.95
20,2550,ROCKINGDCE,SM,1250,1000,80.00
20,2551,ROHLTD,EQ,16081,10157,63.16
20,2552,ROLEXRINGS,EQ,946177,484487,51.20
20,2553,ROML,EQ,394,345,87.56
20,2554,ROSSARI,EQ,42336,23759,56.12
20,2555,ROSSELLIND,EQ,66742,28619,42.88
20,2556,ROSSTECH,EQ,189157,71791,37.95
20,2557,ROTO,EQ,863803,190511,22.05
20,2558,ROUTE,EQ,76517,35417,46.29
20,2559,ROXHITECH,SM,14400,11200,77.78
20,2560,RPEL,EQ,57819,27658,47.84
20,2561,RPGLIFE,EQ,51216,19097,37.29
20,2562,RPOWER,EQ,72139512,9430169,13.07
20,2563,RPPINFRA,EQ,1013641,237364,23.42
20,2564,RPSGVENT,EQ,136757,46833,34.25
20,2565,RPTECH,EQ,390735,174608,44.69
20,2566,RRECL,EQ,450,450,100.00
20,2567,RRIL,EQ,8537,6465,75.73
20,2568,RRKABEL,EQ,386308,226728,58.69
20,2569,RSL,EQ,144256,58426,40.50
20,2570,RSSOFTWARE,EQ,18618,15637,83.99
20,2571,RSYSTEMS,EQ,260433,124950,47.98
20,2572,RTL,SM,46000,8000,17.39
20,2573,RTNINDIA,EQ,1379212,797150,57.80
20,2574,RTNPOWER,EQ,18178604,7510991,41.32
20,2575,RTSPOWR,EQ,941,898,95.43
20,2576,RUBFILA,EQ,99559,63194,63.47
20,2577,RUBICON,EQ,189015,97020,51.33
20,2578,RUBYMILLS,EQ,50253,23670,47.10
20,2579,RUCHINFRA,EQ,39452,26679,67.62
20,2580,RUCHIRA,EQ,53343,31377,58.82
20,2581,RUDRA,EQ,25516,18763,73.53
20,2582,RULKA,SM,1500,1200,80.00
20,2583,RUPA,EQ,97808,48291,49.37
20,2584,RUSHIL,EQ,286105,194630,68.03
20,2585,RUSTOMJEE,EQ,29197,15882,54.40
20,2586,RVHL,EQ,9927,8300,83.61
20,2587,RVNL,EQ,3171906,783438,24.70
20,2588,RVTH,EQ,4161,3002,72.15
20,2589,S&SPOWER,EQ,7426,5215,70.23
20,2590,SAAKSHI,ST,36600,34800,95.08
20,2591,SAATVIKGL,EQ,25784,11216,43.50
20,2592,SAB,EQ,51,51,100.00
20,2593,SACHEEROME,SM,21600,13200,61.11
20,2594,SADBHAV,EQ,286011,160602,56.15
20,2595,SADHAV,SM,10800,7200,66.67
20,2596,SAFARI,EQ,36130,21938,60.72
20,2597,SAFEENTP,SM,22000,16000,72.73
20,2598,SAGARDEEP,EQ,6387,4950,77.50
20,2599,SAGCEM,EQ,52413,24211,46.19
20,2600,SAGILITY,EQ,9776027,4034098,41.27
20,2601,SAHAJSOLAR,SM,24000,17200,71.67
20,2602,SAHANA,SM,16800,13050,77.68
20,2603,SAHASRA,SM,18800,12000,63.83
20,2604,SAHLIBHFI,EQ,34749,19548,56.25
20,2605,SAHYADRI,EQ,11550,6858,59.38
20,2606,SAICAPI,EQ,472,395,83.69
20,2607,SAIFL,SM,240000,136000,56.67
20,2608,SAIL,EQ,13768193,5624331,40.85
20,2609,SAILIFE,EQ,1332770,686929,51.54
20,2610,SAIPARENT,EQ,68600,35470,51.71
20,2611,SAJHOTELS,ST,6000,6000,100.00
20,2612,SAKAR,EQ,141701,59730,42.15
20,2613,SAKHTISUG,EQ,96334,61512,63.85
20,2614,SAKSOFT,EQ,243104,99826,41.06
20,2615,SAKUMA,EQ,538066,423020,78.62
20,2616,SALASAR,EQ,3215266,1820625,56.62
20,2617,SALONA,EQ,246,238,96.75
20,2618,SALSTEEL,EQ,697277,168184,24.12
20,2619,SALZERELEC,EQ,21705,11507,53.02
20,2620,SAMAY,ST,8000,4000,50.00
20,2621,SAMBANDAM,EQ,633,622,98.26
20,2622,SAMBHAAV,EQ,21822,13371,61.27
20,2623,SAMBHV,EQ,2972046,1039108,34.96
20,2624,SAMHI,EQ,989725,634640,64.12
20,2625,SAMMAANCAP,EQ,4799914,2926424,60.97
20,2626,SAMPANN,EQ,13466,11462,85.12
20,2627,SANATHAN,EQ,243757,127335,52.24
20,2628,SANDESH,EQ,2318,1720,74.20
20,2629,SANDHAR,EQ,92102,36238,39.35
20,2630,SANDUMA,EQ,974554,351023,36.02
20,2631,SANGAMIND,EQ,16843,8229,48.86
20,2632,SANGANI,SM,6000,4500,75.00
20,2633,SANGHVIMOV,EQ,171856,81849,47.63
20,2634,SANOFI,EQ,13834,7450,53.85
20,2635,SANOFICONR,EQ,11920,10772,90.37
20,2636,SANSERA,EQ,470508,236615,50.29
20,2637,SANSTAR,EQ,126988,50063,39.42
20,2638,SAPPHIRE,EQ,1393585,968556,69.50
20,2639,SAPPL,EQ,1192,930,78.02
20,2640,SARDAEN,EQ,5268817,1006704,19.11
20,2641,SAREGAMA,EQ,742876,316965,42.67
20,2642,SARLAPOLY,EQ,45112,30334,67.24
20,2643,SAROJA,SM,3200,3200,100.00
20,2644,SARTELE,SM,66500,39000,58.65
20,2645,SARVESHWAR,EQ,7131865,4083682,57.26
20,2646,SASKEN,EQ,16837,10675,63.40
20,2647,SATECH,SM,12000,10000,83.33
20,2648,SATIA,EQ,119974,73918,61.61
20,2649,SATIN,EQ,148870,92535,62.16
20,2650,SATKARTAR,SM,38400,28800,75.00
20,2651,SATTVAENGG,SM,17600,16000,90.91
20,2652,SAURASHCEM,EQ,23875,14907,62.44
20,2653,SAVY,SM,4800,3600,75.00
20,2654,SAWALIYA,SM,21000,16800,80.00
20,2655,SAYAJIHOTL,EQ,108,57,52.78
20,2656,SAYAJIIND,EQ,66,66,100.00
20,2657,SBC,EQ,12797508,5415068,42.31
20,2658,SBCL,EQ,383467,144178,37.60
20,2659,SBFC,EQ,1121688,478002,42.61
20,2660,SBGLP,EQ,30066,25387,84.44
20,2661,SBIBPB,EQ,4978966,4729447,94.99
20,2662,SBICARD,EQ,2199393,1308999,59.52
20,2663,SBIETFCON,EQ,2629,2341,89.05
20,2664,SBIETFIT,EQ,20685,16895,81.68
20,2665,SBIETFPB,EQ,2460,2147,87.28
20,2666,SBIETFQLTY,EQ,1205,1012,83.98
20,2667,SBIFUNDS,EQ,653948,389176,59.51
20,2668,SBILIFE,EQ,1020022,657478,64.46
20,2669,SBILIQETF,EQ,5892,4660,79.09
20,2670,SBIMIDMOM,EQ,55241,50217,90.91
20,2671,SBIN,EQ,7091386,3766503,53.11
20,2672,SBINEQWETF,EQ,31916,21187,66.38
20,2673,SBINMID150,EQ,16113,10890,67.59
20,2674,SBISILVER,EQ,1523756,991620,65.08
20,2675,SBISMLETF,EQ,32248,20950,64.97
20,2676,SBIVALETF,EQ,10839,5708,52.66
20,2677,SCHAEFFLER,EQ,76961,61721,80.20
20,2678,SCHAND,EQ,21258,12155,57.18
20,2679,SCHNEIDER,EQ,184315,99178,53.81
20,2680,SCI,EQ,1073224,415310,38.70
20,2681,SCILAL,EQ,141169,88572,62.74
20,2682,SCLZC26,NB,22,22,100.00
20,2683,SCML,SM,32000,19000,59.38
20,2684,SCODATUBES,EQ,228232,148444,65.04
20,2685,SDBL,EQ,408987,219200,53.60
20,2686,SEAMECLTD,EQ,97645,57693,59.08
20,2687,SECMARK,EQ,4964,3759,75.73
20,2688,SECURKLOUD,EQ,12897,11495,89.13
20,2689,SEDEMAC,EQ,80637,36045,44.70
20,2690,SEIL,EQ,205180,128199,62.48
20,2691,SEJALLTD,EQ,2864,1981,69.17
20,2692,SEKURITIND,EQ,29556,20935,70.83
20,2693,SEL,SM,1800,1800,100.00
20,2694,SELECTIPO,EQ,55023,33792,61.41
20,2695,SELLOWRAP,SM,3200,1600,50.00
20,2696,SELMC,EQ,335077,159517,47.61
20,2697,SEMAC,EQ,512,293,57.23
20,2698,SENCO,EQ,534010,197035,36.90
20,2699,SENORES,EQ,233104,105376,45.21
20,2700,SENSEXADD,EQ,9684,7695,79.46
20,2701,SENSEXAXIS,EQ,3092,2772,89.65
20,2702,SENSEXBETA,EQ,3870,3672,94.88
20,2703,SENSEXETF,EQ,49785,33656,67.60
20,2704,SENSEXIETF,EQ,12977,9964,76.78
20,2705,SEPC,EQ,6609217,2381942,36.04
20,2706,SERVICE,SM,10000,8000,80.00
20,2707,SERVOTECH,EQ,367678,179809,48.90
20,2708,SESHAPAPER,EQ,74510,53740,72.12
20,2709,SETF10GILT,EQ,6790,6011,88.53
20,2710,SETFGOLD,EQ,4242284,2534680,59.75
20,2711,SETFNIF50,EQ,1608380,1421991,88.41
20,2712,SETFNIFBK,EQ,26284,15008,57.10
20,2713,SETFNN50,EQ,41835,19457,46.51
20,2714,SETL,EQ,1743094,905649,51.96
20,2715,SFL,EQ,377404,129639,34.35
20,2716,SFML,SM,4800,3200,66.67
20,2717,SGBAPR28I,GB,216,167,77.31
20,2718,SGBAUG27,GB,62,53,85.48
20,2719,SGBAUG28V,GB,838,561,66.95
20,2720,SGBAUG29V,GB,75,39,52.00
20,2721,SGBAUG30,GB,104,76,73.08
20,2722,SGBD29VIII,GB,86,78,90.70
20,2723,SGBDC27VII,GB,25,16,64.00
20,2724,SGBDE30III,GB,285,158,55.44
20,2725,SGBDE31III,GB,959,472,49.22
20,2726,SGBFEB27,GB,22,20,90.91
20,2727,SGBFEB28IX,GB,150,87,58.00
20,2728,SGBFEB29XI,GB,56,53,94.64
20,2729,SGBFEB32IV,GB,1659,1119,67.45
20,2730,SGBJ28VIII,GB,3,3,100.00
20,2731,SGBJAN27,GB,44,44,100.00
20,2732,SGBJAN29IX,GB,286,268,93.71
20,2733,SGBJAN29X,GB,146,136,93.15
20,2734,SGBJAN30IX,GB,219,147,67.12
20,2735,SGBJU29III,GB,75,61,81.33
20,2736,SGBJUL27,GB,37,23,62.16
20,2737,SGBJUL28IV,GB,387,303,78.29
20,2738,SGBJUL29IV,GB,98,64,65.31
20,2739,SGBJUN27,GB,191,191,100.00
20,2740,SGBJUN28,GB,120,113,94.17
20,2741,SGBJUN29II,GB,95,68,71.58
20,2742,SGBJUN30,GB,51,47,92.16
20,2743,SGBJUN31I,GB,900,514,57.11
20,2744,SGBMAR28X,GB,36,19,52.78
20,2745,SGBMAR30X,GB,42,42,100.00
20,2746,SGBMAR31IV,GB,136,99,72.79
20,2747,SGBMAY28,GB,197,184,93.40
20,2748,SGBMAY29I,GB,467,332,71.09
20,2749,SGBMR29XII,GB,177,149,84.18
20,2750,SGBN28VIII,GB,77,55,71.43
20,2751,SGBNOV26,GB,26,26,100.00
20,2752,SGBNV29VII,GB,83,55,66.27
20,2753,SGBOC28VII,GB,39,39,100.00
20,2754,SGBOCT27,GB,6,6,100.00
20,2755,SGBOCT27VI,GB,21,21,100.00
20,2756,SGBSEP27,GB,22,14,63.64
20,2757,SGBSEP28VI,GB,258,207,80.23
20,2758,SGBSEP29VI,GB,463,294,63.50
20,2759,SGBSEP31II,GB,718,521,72.56
20,2760,SGFIN,EQ,153142,79269,51.76
20,2761,SGIL,EQ,10782,6354,58.93
20,2762,SGL,EQ,33380,9657,28.93
20,2763,SGLRES,EQ,49785,40080,80.51
20,2764,SGMART,EQ,336290,203932,60.64
20,2765,SGRL,EQ,15678,11471,73.17
20,2766,SHADOWFAX,EQ,2461406,1150065,46.72
20,2767,SHAH,EQ,4466881,2009267,44.98
20,2768,SHAILY,EQ,243432,143102,58.79
20,2769,SHAKTIPUMP,EQ,389496,144654,37.14
20,2770,SHALBY,EQ,87527,56512,64.57
20,2771,SHANKARA,EQ,61629,46105,74.81
20,2772,SHANKESH,EQ,3732363,835526,22.39
20,2773,SHANTHALA,SM,2400,1200,50.00
20,2774,SHANTI,EQ,12792,10922,85.38
20,2775,SHANTIGEAR,EQ,936332,244072,26.07
20,2776,SHANTIGOLD,EQ,1281587,498557,38.90
20,2777,SHANTIINOR,ST,379200,340800,89.87
20,2778,SHARDACROP,EQ,90922,48554,53.40
20,2779,SHARDAMOTR,EQ,72950,41015,56.22
20,2780,SHAREINDIA,EQ,28867559,1557271,5.39
20,2781,SHARIABEES,EQ,13292,9618,72.36
20,2782,SHBAJRG,EQ,4905,4046,82.49
20,2783,SHEEL,ST,6000,6000,100.00
20,2784,SHEETAL,SM,6000,6000,100.00
20,2785,SHERA,SM,41000,33000,80.49
20,2786,SHERVANI,EQ,6,4,66.67
20,2787,SHETHJI,SM,36000,32000,88.89
20,2788,SHIGAN,SM,4500,3000,66.67
20,2789,SHILCTECH,EQ,15750,8832,56.08
20,2790,SHILGRAVQ,EQ,826,695,84.14
20,2791,SHILPAMED,EQ,694978,332360,47.82
20,2792,SHINDL,EQ,153215,11780,7.69
20,2793,SHIPROCKET,EQ,4190927,894034,21.33
20,2794,SHIVAAGRO,EQ,1176,1169,99.40
20,2795,SHIVACEM,EQ,45230,37035,81.88
20,2796,SHIVALIK,EQ,471778,190086,40.29
20,2797,SHIVAMAUTO,EQ,34231,26988,78.84
20,2798,SHIVAMILLS,EQ,2344,1954,83.36
20,2799,SHIVASHRIT,SM,271000,85000,31.37
20,2800,SHIVATEX,EQ,4458,2924,65.59
20,2801,SHIVAUM,EQ,1445,843,58.34
20,2802,SHK,EQ,298967,144732,48.41
20,2803,SHKSIL,SM,4000,4000,100.00
20,2804,SHOPERSTOP,EQ,8498,4011,47.20
20,2805,SHRADDHA,EQ,5567,3273,58.79
20,2806,SHRADHA,EQ,9114,6499,71.31
20,2807,SHREDIGCEM,EQ,94661,60224,63.62
20,2808,SHREECEM,EQ,12133,5191,42.78
20,2809,SHREEDHAR,ST,66000,66000,100.00
20,2810,SHREEJISPG,EQ,735559,318028,43.24
20,2811,SHREEKARNI,SM,150,150,100.00
20,2812,SHREEOSFM,SM,5000,4000,80.00
20,2813,SHREEPUSHK,EQ,46803,26887,57.45
20,2814,SHREERAMA,EQ,417234,186907,44.80
20,2815,SHREMINVIT,IV,75000,75000,100.00
20,2816,SHREYANIND,EQ,6056,4674,77.18
20,2817,SHRIAHIMSA,ST,12000,10200,85.00
20,2818,SHRIKANHA,SM,19200,16000,83.33
20,2819,SHRIKRISH,EQ,223,217,97.31
20,2820,SHRINGARMS,EQ,104841,44020,41.99
20,2821,SHRIPISTON,EQ,101461,60351,59.48
20,2822,SHRIRAMFIN,EQ,3641454,2310693,63.46
20,2823,SHRIRAMPPS,EQ,410646,252464,61.48
20,2824,SHRJAGP,EQ,253,184,72.73
20,2825,SHUBHLAXMI,SM,7000,7000,100.00
20,2826,SHUBHSHREE,SM,2400,2400,100.00
20,2827,SHUKRAPHAR,EQ,2827806,1639126,57.96
20,2828,SHYAMDHANI,ST,10000,6000,60.00
20,2829,SHYAMMETL,EQ,153996,93625,60.80
20,2830,SHYAMTEL,EQ,4155,3645,87.73
20,2831,SICAGEN,EQ,42516,29073,68.38
20,2832,SIDDHICOTS,SM,6000,6000,100.00
20,2833,SIDDHIKA,SM,500,500,100.00
20,2834,SIEL,EQ,346,346,100.00
20,2835,SIEMENS,EQ,378664,198305,52.37
20,2836,SIGACHI,EQ,3396501,1646873,48.49
20,2837,SIGMA,EQ,112657,69992,62.13
20,2838,SIGNATURE,EQ,172473,9359,5.43
20,2839,SIGNPOST,EQ,1028495,194771,18.94
20,2840,SIKA,EQ,26269,13596,51.76
20,2841,SIL,EQ,75317,61559,81.73
20,2842,SILGO,EQ,309476,217207,70.19
20,2843,SILINV,EQ,1855,1173,63.23
20,2844,SILKFLEX,SM,21000,16000,76.19
20,2845,SILKY,SM,800,800,100.00
20,2846,SILLYMONKS,EQ,31902,31145,97.63
20,2847,SILVER,EQ,554586,185744,33.49
20,2848,SILVER001,EQ,10116,5363,53.02
20,2849,SILVER1,EQ,7579686,5024050,66.28
20,2850,SILVER360,EQ,25160,8824,35.07
20,2851,SILVERADD,EQ,2795835,1256076,44.93
20,2852,SILVERAG,EQ,73101,34796,47.60
20,2853,SILVERAXIS,EQ,153962,55101,35.79
20,2854,SILVERBEES,EQ,13917585,5917074,42.52
20,2855,SILVERBETA,EQ,301611,176776,58.61
20,2856,SILVERBND,EQ,12000,6334,52.78
20,2857,SILVERCASE,EQ,7178481,1898717,26.45
20,2858,SILVERIETF,EQ,1953780,756645,38.73
20,2859,SILVERTUC,EQ,418255,179052,42.81
20,2860,SIMCA,ST,13200,12600,95.45
20,2861,SIMPLEXINF,EQ,75525,54328,71.93
20,2862,SIMPLXREA,EQ,6,4,66.67
20,2863,SINCLAIR,EQ,54639,26947,49.32
20,2864,SINDHUTRAD,EQ,11179609,10701306,95.72
20,2865,SINGERIND,EQ,32579,17995,55.23
20,2866,SINTERCOM,EQ,8585,6577,76.61
20,2867,SIRCA,EQ,201874,93759,46.44
20,2868,SIS,EQ,365193,160027,43.82
20,2869,SIYSIL,EQ,80328,50429,62.78
20,2870,SJLOGISTIC,SM,23750,16250,68.42
20,2871,SJS,EQ,88371,47976,54.29
20,2872,SJVN,EQ,5367026,1426997,26.59
20,2873,SKFINDIA,EQ,26668,13876,52.03
20,2874,SKFINDUS,EQ,36285,19861,54.74
20,2875,SKIPPER,EQ,1704618,674105,39.55
20,2876,SKMEGGPROD,EQ,123540,59324,48.02
20,2877,SKP,SM,18000,1500,8.33
20,2878,SKYGOLD,EQ,1092277,440247,40.31
20,2879,SKYTECH,SM,40000,40000,100.00
20,2880,SKYWAYS,EQ,5424457,1202228,22.16
20,2881,SLONE,ST,2000,1600,80.00
20,2882,SMALL250,EQ,431576,215242,49.87
20,2883,SMALLADD,EQ,20581,18404,89.42
20,2884,SMALLCAP,EQ,1617862,1214602,75.07
20,2885,SMALLGROWW,EQ,4260,3128,73.43
20,2886,SMALLIETF,EQ,21712,15666,72.15
20,2887,SMARTEN,ST,13200,13200,100.00
20,2888,SMARTWORKS,EQ,63358,36333,57.35
20,2889,SMCGLOBAL,EQ,804605,332103,41.28
20,2890,SML100CASE,EQ,733407,479969,65.44
20,2891,SMLMAH,EQ,134865,47276,35.05
20,2892,SMLT,EQ,2857,2234,78.19
20,2893,SMSPHARMA,EQ,523724,180688,34.50
20,2894,SNEHAA,SM,3000,3000,100.00
20,2895,SNOWMAN,EQ,75581,40998,54.24
20,2896,SNXT30BEES,EQ,15467,12043,77.86
20,2897,SNXT50BETA,EQ,1586,1364,86.00
20,2898,SOBHA,EQ,40274,21830,54.20
20,2899,SOCL,SM,14400,14400,100.00
20,2900,SOFTTECH,EQ,2570,1787,69.53
20,2901,SOLARA,EQ,271068,131242,48.42
20,2902,SOLARINDS,EQ,94443,49361,52.27
20,2903,SOLARWORLD,EQ,109693,57458,52.38
20,2904,SOLEX,EQ,16403,7968,48.58
20,2905,SOMANYCERA,EQ,93463,62433,66.80
20,2906,SOMATEX,EQ,7478,6151,82.25
20,2907,SOMICONVEY,EQ,7428,5985,80.57
20,2908,SONACOMS,EQ,549181,263371,47.96
20,2909,SONAL,EQ,125,125,100.00
20,2910,SONAMAC,SM,3000,2000,66.67
20,2911,SONATSOFTW,EQ,909749,405733,44.60
20,2912,SONUINFRA,ST,129000,105000,81.40
20,2913,SOTL,EQ,375794,119317,31.75
20,2914,SOUTHBANK,EQ,8187411,3671541,44.84
20,2915,SOUTHWEST,EQ,1192055,592950,49.74
20,2916,SPAL,EQ,128022,65525,51.18
20,2917,SPANDANA,EQ,88510,56991,64.39
20,2918,SPARC,EQ,519851,254862,49.03
20,2919,SPCENET,EQ,573087,408854,71.34
20,2920,SPCL,SM,18000,12000,66.67
20,2921,SPCON,SM,4800,2400,50.00
20,2922,SPEB,SM,4000,4000,100.00
20,2923,SPELS,EQ,22324,14660,65.67
20,2924,SPENCERS,EQ,9742,8088,83.02
20,2925,SPIC,EQ,398972,241871,60.62
20,2926,SPLIL,EQ,4330,2948,68.08
20,2927,SPLPETRO,EQ,196496,95097,48.40
20,2928,SPMLINFRA,EQ,206020,112810,54.76
20,2929,SPORTKING,EQ,171997,82949,48.23
20,2930,SPPPOLY,SM,2000,2000,100.00
20,2931,SPUNWEB,SM,30000,26400,88.00
20,2932,SRD,EQ,20414,15296,74.93
20,2933,SREEL,EQ,635232,405065,63.77
20,2934,SRF,EQ,68501,35699,52.11
20,2935,SRGHFL,EQ,5845,5403,92.44
20,2936,SRHHYPOLTD,EQ,14320,10896,76.09
20,2937,SRIVASAVI,ST,5000,3000,60.00
20,2938,SRM,EQ,43801,27169,62.03
20,2939,SRTL,EQ,24830,18044,72.67
20,2940,SSDL,EQ,20816,13985,67.18
20,2941,SSEGL,SM,100600,60800,60.44
20,2942,SSFL,ST,13500,13000,96.30
20,2943,SSWL,EQ,676147,287361,42.50
20,2944,STANLEY,EQ,74144,46076,62.14
20,2945,STAR,EQ,376096,169980,45.20
20,2946,STARCEMENT,EQ,260534,164782,63.25
20,2947,STARHEALTH,EQ,289071,173061,59.87
20,2948,STARPAPER,EQ,8830,8309,94.10
20,2949,STARTECK,EQ,142,93,65.49
20,2950,STCINDIA,EQ,11312,4904,43.35
20,2951,STEELCAS,EQ,78377,45236,57.72
20,2952,STEELCITY,EQ,5821,5206,89.43
20,2953,STEELXIND,EQ,57173683,7717181,13.50
20,2954,STEL,EQ,4063,1968,48.44
20,2955,STLNETWORK,EQ,12406425,6553838,52.83
20,2956,STLSTRINF,EQ,1642,1468,89.40
20,2957,STOVEKRAFT,EQ,77414,39624,51.18
20,2958,STRIDERS,SM,12800,9600,75.00
20,2959,STUDDS,EQ,46514,32089,68.99
20,2960,STUDIOLSD,SM,16000,10000,62.50
20,2961,STYL,EQ,178377,58114,32.58
20,2962,STYLAMIND,EQ,26241,10242,39.03
20,2963,STYLEBAAZA,EQ,821639,471624,57.40
20,2964,STYRENIX,EQ,47541,31833,66.96
20,2965,SUBAHOTELS,SM,14400,13200,91.67
20,2966,SUBEXLTD,EQ,23896769,4912062,20.56
20,2967,SUBROS,EQ,96607,34039,35.23
20,2968,SUDARCOLOR,EQ,3623,2821,77.86
20,2969,SUDARSCHEM,EQ,371328,167659,45.15
20,2970,SUDEEPPHRM,EQ,318567,173399,54.43
20,2971,SUKHJITS,EQ,91683,69073,75.34
20,2972,SULA,EQ,1328109,634073,47.74
20,2973,SUMAX,ST,337200,302400,89.68
20,2974,SUMEDHA,EQ,1112,892,80.22
20,2975,SUMEETINDS,EQ,957437,580038,60.58
20,2976,SUMICHEM,EQ,294934,126830,43.00
20,2977,SUMIT,EQ,11078,10677,96.38
20,2978,SUMMITSEC,EQ,7674,4275,55.71
20,2979,SUNCLAY,EQ,3555,2732,76.85
20,2980,SUNDARAM,EQ,366921,245713,66.97
20,2981,SUNDARMFIN,EQ,24537,16066,65.48
20,2982,SUNDRMFAST,EQ,99959,53899,53.92
20,2983,SUNDROP,EQ,50091,44643,89.12
20,2984,SUNFLAG,EQ,129992,79122,60.87
20,2985,SUNLITE,SM,119700,81900,68.42
20,2986,SUNLOC,EQ,189,188,99.47
20,2987,SUNPHARMA,EQ,1396896,867867,62.13
20,2988,SUNRAKSHAK,EQ,6679,5913,88.53
20,2989,SUNREST,SM,1600,1600,100.00
20,2990,SUNSHIEL,EQ,1041,815,78.29
20,2991,SUNSHINE,EQ,850225,169468,19.93
20,2992,SUNTECH,SM,1600,1600,100.00
20,2993,SUNTECK,EQ,85230,49547,58.13
20,2994,SUNTV,EQ,194146,99528,51.26
20,2995,SUPERHOUSE,EQ,73213,36008,49.18
20,2996,SUPRAJIT,EQ,99934,65335,65.38
20,2997,SUPREME,EQ,245015,117120,47.80
20,2998,SUPREMEIND,EQ,99750,44455,44.57
20,2999,SUPREMEINF,EQ,42204,15034,35.62
20,3000,SUPREMEPWR,SM,54500,37000,67.89
20,3001,SUPRIYA,EQ,196499,84418,42.96
20,3002,SURAJEST,EQ,385372,279798,72.60
20,3003,SURAJLTD,EQ,1117,1089,97.49
20,3004,SURAKSHA,EQ,117233,63543,54.20
20,3005,SURANASOL,EQ,27564,20529,74.48
20,3006,SURANAT&P,EQ,49078,42430,86.45
20,3007,SURYALA,EQ,126,123,97.62
20,3008,SURYALAXMI,EQ,957,661,69.07
20,3009,SURYAROSNI,EQ,831791,507002,60.95
20,3010,SURYODAY,EQ,151992,78410,51.59
20,3011,SUVEN,EQ,780037,362417,46.46
20,3012,SUVIDHAA,EQ,363122,277641,76.46
20,3013,SUYOG,EQ,77111,26747,34.69
20,3014,SUZLON,EQ,52512738,25111318,47.82
20,3015,SVGLOBAL,EQ,1965,1344,68.40
20,3016,SVPGLOB,EQ,35835,33309,92.95
20,3017,SWANCORP,EQ,830009,202613,24.41
20,3018,SWARAJENG,EQ,9033,5587,61.85
20,3019,SWARNSAR,EQ,123602,68194,55.17
20,3020,SWASTIK,ST,4800,4800,100.00
20,3021,SWELECTES,EQ,15629,7395,47.32
20,3022,SWIGGY,EQ,23545618,10955103,46.53
20,3023,SWSOLAR,EQ,570016,295136,51.78
20,3024,SYMBIOTEC,EQ,3521358,674383,19.15
20,3025,SYMPHONY,EQ,331925,90767,27.35
20,3026,SYNCOMF,EQ,6347357,2764751,43.56
20,3027,SYNGENE,EQ,358624,165653,46.19
20,3028,SYRMA,EQ,1096481,379300,34.59
20,3029,SYSTANGO,SM,21200,13600,64.15
20,3030,TAALTECH,EQ,45586,18249,40.03
20,3031,TAC,ST,74200,69200,93.26
20,3032,TAINWALCHM,EQ,2674,1277,47.76
20,3033,TAJGVK,EQ,57365,35412,61.73
20,3034,TAKE,EQ,796799,472717,59.33
20,3035,TALBROAUTO,EQ,106061,57701,54.40
20,3036,TANAA,EQ,19162,11448,59.74
20,3037,TANKUP,ST,1750,1750,100.00
20,3038,TANLA,EQ,500496,189149,37.79
20,3039,TAPIFRUIT,SM,1500,1500,100.00
20,3040,TARACHAND,EQ,66478,35989,54.14
20,3041,TARAPUR,EQ,24086,18066,75.01
20,3042,TARC,EQ,519332,248220,47.80
20,3043,TARIL,EQ,775856,358561,46.21
20,3044,TARMAT,EQ,27947,16248,58.14
20,3045,TARSONS,EQ,113511,56168,49.48
20,3046,TASTYBITE,EQ,1538,770,50.07
20,3047,TATACAP,EQ,617731,362317,58.65
20,3048,TATACHEM,EQ,311583,116449,37.37
20,3049,TATACOMM,EQ,207805,97557,46.95
20,3050,TATACONSUM,EQ,973918,656441,67.40
20,3051,TATAELXSI,EQ,246727,113849,46.14
20,3052,TATAGOLD,EQ,27633939,9528737,34.48
20,3053,TATAINVEST,EQ,129846,57207,44.06
20,3054,TATAPOWER,EQ,5668226,2072536,36.56
20,3055,TATASTEEL,EQ,45985325,21762385,47.32
20,3056,TATATECH,EQ,610440,274079,44.90
20,3057,TATSILV,EQ,30151602,11324429,37.56
20,3058,TATVA,EQ,32908,16424,49.91
20,3059,TAURIAN,ST,8000,8000,100.00
20,3060,TBI,SM,30000,26400,88.00
20,3061,TBOTEK,EQ,87150,46503,53.36
20,3062,TBZ,EQ,5742152,2279140,39.69
20,3063,TCC,EQ,32714581,1605102,4.91
20,3064,TCHF30,NB,300,300,100.00
20,3065,TCI,EQ,18299,10967,59.93
20,3066,TCIEXP,EQ,33793,16419,48.59
20,3067,TCL,SM,36800,27200,73.91
20,3068,TCPLPACK,EQ,4307,2507,58.21
20,3069,TCS,EQ,3370071,2005311,59.50
20,3070,TDPOWERSYS,EQ,1286601,526914,40.95
20,3071,TEAMGTY,EQ,248,232,93.55
20,3072,TEAMLEASE,EQ,20453,10520,51.43
20,3073,TEAMTECH,ST,10000,8000,80.00
20,3074,TECH,EQ,122686,92866,75.69
20,3075,TECHD,SM,22800,14100,61.84
20,3076,TECHERA,SM,36800,28000,76.09
20,3077,TECHLABS,SM,20500,18750,91.46
20,3078,TECHM,EQ,1329200,601624,45.26
20,3079,TECHNOCRAF,EQ,1401837,398867,28.45
20,3080,TECHNOE,EQ,156026,74643,47.84
20,3081,TECHNVISN,EQ,156,101,64.74
20,3082,TECILCHEM,EQ,16420,14806,90.17
20,3083,TEGA,EQ,1152710,600244,52.07
20,3084,TEJA,SM,101400,95400,94.08
20,3085,TEJASCARGO,SM,2000,2000,100.00
20,3086,TEJASNET,EQ,2049808,552226,26.94
20,3087,TEMBO,EQ,487518,317548,65.14
20,3088,TEMPSENS,EQ,7543324,1404957,18.63
20,3089,TENNIND,EQ,564878,287655,50.92
20,3090,TERAI,EQ,1258,838,66.61
20,3091,TERASOFT,EQ,40624,23369,57.53
20,3092,TEXINFRA,EQ,380617,270176,70.98
20,3093,TEXMOPIPES,EQ,998839,447512,44.80
20,3094,TEXRAIL,EQ,1397158,615336,44.04
20,3095,TFCILTD,EQ,5715933,2047259,35.82
20,3096,TFL,EQ,662,617,93.20
20,3097,TGBHOTELS,EQ,135707,84107,61.98
20,3098,TGL,ST,2400,2400,100.00
20,3099,TGVSL,EQ,103034,52298,50.76
20,3100,THACKER,EQ,44,42,95.45
20,3101,THAKDEV,EQ,17,15,88.24
20,3102,THANGAMAYL,EQ,89077,48384,54.32
20,3103,THEINVEST,EQ,11001,7231,65.73
20,3104,THEJO,EQ,5976,3667,61.36
20,3105,THELEELA,EQ,244629,144274,58.98
20,3106,THEMISMED,EQ,305033,95281,31.24
20,3107,THERMAX,EQ,140751,73792,52.43
20,3108,THESL,ST,3000,3000,100.00
20,3109,THOMASCOOK,EQ,809014,318692,39.39
20,3110,THOMASCOTT,EQ,69512,44168,63.54
20,3111,THYROCARE,EQ,171583,91765,53.48
20,3112,TI,EQ,653479,448452,68.63
20,3113,TIGERLOGS,EQ,71997,37782,52.48
20,3114,TIIL,EQ,63318,36186,57.15
20,3115,TIINDIA,EQ,234838,101082,43.04
20,3116,TIMESCAN,SM,6000,6000,100.00
20,3117,TIMETECHNO,EQ,1710617,598131,34.97
20,3118,TIMEX,EQ,313646,132459,42.23
20,3119,TIMKEN,EQ,30907,15248,49.34
20,3120,TINNARUBR,EQ,221674,57065,25.74
20,3121,TIPSFILMS,EQ,3246,2290,70.55
20,3122,TIPSMUSIC,EQ,162290,72132,44.45
20,3123,TIRUMALCHM,EQ,339118,170956,50.41
20,3124,TIRUPATI,SM,125,125,100.00
20,3125,TITAGARH,EQ,869717,287585,33.07
20,3126,TITAN,EQ,502050,326646,65.06
20,3127,TMB,EQ,68604,35007,51.03
20,3128,TMCV,EQ,5681388,3110384,54.75
20,3129,TMPV,EQ,6971556,3316966,47.58
20,3130,TNIDETF,EQ,75049,57459,76.56
20,3131,TNPETRO,EQ,1993687,550056,27.59
20,3132,TNPL,EQ,188419,106904,56.74
20,3133,TNTELE,EQ,9038,7036,77.85
20,3134,TOKYOPLAST,EQ,2024,1679,82.95
20,3135,TOLINS,EQ,31300,21312,68.09
20,3136,TOP100CASE,EQ,966569,659282,68.21
20,3137,TOP10ADD,EQ,638719,537661,84.18
20,3138,TOP15IETF,EQ,149833,113274,75.60
20,3139,TOP20,EQ,67063,66946,99.83
20,3140,TORNTPHARM,EQ,165089,102389,62.02
20,3141,TORNTPOWER,EQ,486733,162426,33.37
20,3142,TOTAL,EQ,36891,28798,78.06
20,3143,TOUCHWOOD,EQ,375,232,61.87
20,3144,TOYAMSL,EQ,326303,267121,81.86
20,3145,TPLPLASTEH,EQ,115475,38094,32.99
20,3146,TRACXN,EQ,375201,299072,79.71
20,3147,TRANSCOR,EQ,2330,2328,99.91
20,3148,TRANSRAILL,EQ,461612,215450,46.67
20,3149,TRANSTEEL,SM,140000,105000,75.00
20,3150,TRAVELFOOD,EQ,27394,13968,50.99
20,3151,TREEHOUSE,EQ,21266,14850,69.83
20,3152,TREJHARA,EQ,20042,12748,63.61
20,3153,TREL,EQ,213848,160897,75.24
20,3154,TRENT,EQ,601991,285276,47.39
20,3155,TRF,EQ,3357,2427,72.30
20,3156,TRIDENT,EQ,1905033,1007406,52.88
20,3157,TRIDHYA,ST,3000,3000,100.00
20,3158,TRIGYN,EQ,73190,28749,39.28
20,3159,TRITONV,EQ,2202,1536,69.75
20,3160,TRITURBINE,EQ,454425,264312,58.16
20,3161,TRIVENI,EQ,445094,210532,47.30
20,3162,TROM,SM,600,600,100.00
20,3163,TRU,EQ,122358,99689,81.47
20,3164,TRUALT,EQ,119790,73879,61.67
20,3165,TRUST,SM,34200,30600,89.47
20,3166,TSC,ST,6000,6000,100.00
20,3167,TSFINV,EQ,86541,49204,56.86
20,3168,TTKHLTCARE,EQ,244268,97819,40.05
20,3169,TTKPRESTIG,EQ,60712,32148,52.95
20,3170,TTL,EQ,296238,176239,59.49
20,3171,TTML,EQ,1205146,602801,50.02
20,3172,TUNWAL,SM,36000,28000,77.78
20,3173,TURTLEMINT,EQ,423536,239379,56.52
20,3174,TUTIALKA,EQ,14318,11538,80.58
20,3175,TVSELECT,EQ,30987,15303,49.39
20,3176,TVSHLTD,EQ,5346,2434,45.53
20,3177,TVSMOTOR,EQ,1044264,655099,62.73
20,3178,TVSSCS,EQ,635388,393973,62.01
20,3179,TVSSRICHAK,EQ,7739,4422,57.14
20,3180,TVTODAY,EQ,17754,14073,79.27
20,3181,TWCGOLDETF,EQ,12189,12132,99.53
20,3182,UBL,EQ,189906,97211,51.19
20,3183,UCL,ST,8000,8000,100.00
20,3184,UCOBANK,EQ,4455335,2148562,48.22
20,3185,UDAYJEW,EQ,366777,60202,16.41
20,3186,UDS,EQ,449284,128695,28.64
20,3187,UEL,EQ,24874,17992,72.33
20,3188,UFLEX,EQ,154643,72913,47.15
20,3189,UFO,EQ,57074,41802,73.24
20,3190,UGARSUGAR,EQ,369523,195934,53.02
20,3191,UGROCAP,EQ,164949,110800,67.17
20,3192,UHTL,ST,10000,10000,100.00
20,3193,UJJIVANSFB,EQ,14563305,6353675,43.63
20,3194,ULTRACEMCO,EQ,325637,234673,72.07
20,3195,ULTRAMAR,EQ,35369,17869,50.52
20,3196,UMA,SM,4000,4000,100.00
20,3197,UMESLTD,EQ,1680,1103,65.65
20,3198,UMIYA-MRO,EQ,15283,9173,60.02
20,3199,UNICHEMLAB,EQ,94121,41787,44.40
20,3200,UNIECOM,EQ,308642,181981,58.96
20,3201,UNIENTER,EQ,11028,9462,85.80
20,3202,UNIHEALTH,SM,3500,2000,57.14
20,3203,UNIINFO,EQ,2923,2902,99.28
20,3204,UNIMECH,EQ,399949,156206,39.06
20,3205,UNIONBANK,EQ,7080822,3150525,44.49
20,3206,UNIONGOLD,EQ,1800,1183,65.72
20,3207,UNIPARTS,EQ,142933,40386,28.26
20,3208,UNITDSPR,EQ,493439,250720,50.81
20,3209,UNITECH,EQ,6591605,4087154,62.01
20,3210,UNITEDPOLY,EQ,110087,77908,70.77
20,3211,UNITEDTEA,EQ,5647,5517,97.70
20,3212,UNIVCABLES,EQ,91480,44109,48.22
20,3213,UNOMINDA,EQ,375564,223027,59.38
20,3214,UPHOT,EQ,420,420,100.00
20,3215,UPL,EQ,1763304,1006981,57.11
20,3216,URBAN,SM,8000,4800,60.00
20,3217,URBANCO,EQ,5656330,2127448,37.61
20,3218,URJA,EQ,777063,372270,47.91
20,3219,USASEEDS,SM,428,428,100.00
20,3220,USHAFIN,SM,44800,28800,64.29
20,3221,USHAMART,EQ,273561,156757,57.30
20,3222,USK,EQ,30662,23954,78.12
20,3223,UTIAMC,EQ,57773,32715,56.63
20,3224,UTKAL,SM,8000,6000,75.00
20,3225,UTKARSHBNK,EQ,50487332,16834954,33.34
20,3226,UTLSOLAR,EQ,356144,177587,49.86
20,3227,UTSSAV,SM,19200,15600,81.25
20,3228,UTTAMSUGAR,EQ,213906,58220,27.22
20,3229,UWCSL,SM,3000,3000,100.00
20,3230,V2RETAIL,EQ,1035755,623978,60.24
20,3231,VADILALIND,EQ,8592,4326,50.35
20,3232,VADILENT,EQ,51,47,92.16
20,3233,VAIBHAVGBL,EQ,178200,100162,56.21
20,3234,VAISHALI,EQ,166181,133502,80.34
20,3235,VAKRANGEE,EQ,1423887,959492,67.39
20,3236,VAL30IETF,EQ,855942,670581,78.34
20,3237,VALUE,EQ,17546,14047,80.06
20,3238,VALUE360,SM,15600,10800,69.23
20,3239,VALUEAXIS,EQ,46207,28615,61.93
20,3240,VAML,EQ,6748411,3703846,54.88
20,3241,VARDMNPOLY,EQ,188275,126868,67.38
20,3242,VARROC,EQ,163818,73776,45.04
20,3243,VASA,SM,4000,4000,100.00
20,3244,VASCONEQ,EQ,236751,168359,71.11
20,3245,VASUPRADA,EQ,36,36,100.00
20,3246,VASWANI,EQ,14935,9718,65.07
20,3247,VBL,EQ,11284331,6777633,60.06
20,3248,VDEAL,SM,24000,19800,82.50
20,3249,VEDAVAAG,EQ,7155,5601,78.28
20,3250,VEDL,EQ,8634652,4957481,57.41
20,3251,VEDPOWER,EQ,8453812,3973623,47.00
20,3252,VEEDOL,EQ,8441,5272,62.46
20,3253,VEEKAYEM,SM,2500,2000,80.00
20,3254,VENKEYS,EQ,62910,29178,46.38
20,3255,VENTIVE,EQ,66140,44685,67.56
20,3256,VENUSPIPES,EQ,287398,102502,35.67
20,3257,VERANDA,EQ,146699,72384,49.34
20,3258,VERTEXPLUS,SM,3000,2400,80.00
20,3259,VERTIS,IV,100000,100000,100.00
20,3260,VERTOZ,EQ,26874,17806,66.26
20,3261,VESUVIUS,EQ,175627,73758,42.00
20,3262,VGCL,EQ,8103,7662,94.56
20,3263,VGINFOTECH,SM,44000,30000,68.18
20,3264,VGL,EQ,37102,24502,66.04
20,3265,VGUARD,EQ,454074,229727,50.59
20,3266,VHL,EQ,3434,2427,70.68
20,3267,VIAZ,SM,8000,8000,100.00
20,3268,VICTORYEV,SM,9000,6000,66.67
20,3269,VIDHIING,EQ,59111,37844,64.02
20,3270,VIDYAWIRES,EQ,974594,472712,48.50
20,3271,VIESL,SM,15200,10400,68.42
20,3272,VIGOR,SM,22400,20800,92.86
20,3273,VIJAYA,EQ,569495,119598,21.00
20,3274,VIJAYPD,SM,8000,8000,100.00
20,3275,VIJSOLX,EQ,1478,1400,94.72
20,3276,VIKASECO,EQ,1762614,847670,48.09
20,3277,VIKASLIFE,EQ,1436150,883974,61.55
20,3278,VIKRAMSOLR,EQ,1713809,841355,49.09
20,3279,VIKRAN,EQ,589225,301953,51.25
20,3280,VILAS,SM,30500,23250,76.23
20,3281,VILINBIO,SM,40000,32000,80.00
20,3282,VIMTALABS,EQ,176456,64504,36.56
20,3283,VINATIORGA,EQ,42455,24524,57.76
20,3284,VINCOFE,EQ,2464634,1016383,41.24
20,3285,VINDHYATEL,EQ,163314,51545,31.56
20,3286,VINEETLAB,EQ,73018,44319,60.70
20,3287,VINNY,EQ,234737,213639,91.01
20,3288,VINSYS,ST,1000,1000,100.00
20,3289,VINYAS,SM,8800,6000,68.18
20,3290,VINYLINDIA,EQ,5240,3890,74.24
20,3291,VIPCLOTHNG,EQ,204395,129552,63.38
20,3292,VIPIND,EQ,340693,159395,46.79
20,3293,VIRAT,EQ,6736,5015,74.45
20,3294,VIRINCHI,EQ,36907,31500,85.35
20,3295,VISACHROME,EQ,102411,84187,82.21
20,3296,VISAKAIND,EQ,143775,76747,53.38
20,3297,VISAMAN,SM,4000,4000,100.00
20,3298,VISDEM,SM,1200,1200,100.00
20,3299,VISHAL,EQ,21745,13103,60.26
20,3300,VISHNU,EQ,181853,85238,46.87
20,3301,VISHNUINFR,SM,35000,30500,87.14
20,3302,VISHWARAJ,EQ,406094,293063,72.17
20,3303,VISL,EQ,30736292,16288433,52.99
20,3304,VITAL,EQ,1748,1737,99.37
20,3305,VIVIANA,EQ,33047,18168,54.98
20,3306,VIVIDEL,SM,20880,18240,87.36
20,3307,VIVIDHA,EQ,132103,94218,71.32
20,3308,VIVOBIOT,EQ,8752,7109,81.23
20,3309,VIYASH,EQ,2327034,1237851,53.19
20,3310,VLEGOV,EQ,61183,40059,65.47
20,3311,VLINFRA,SM,6000,6000,100.00
20,3312,VLSFINANCE,EQ,6221,4156,66.81
20,3313,VMARCIND,SM,327000,174000,53.21
20,3314,VMART,EQ,101696,56476,55.53
20,3315,VMM,EQ,6949596,3571493,51.39
20,3316,VMOBILE,SM,17600,13600,77.27
20,3317,VMSTMT,EQ,22344,15802,70.72
20,3318,VOEPL,EQ,107371,56077,52.23
20,3319,VOGL,EQ,28877181,11821736,40.94
20,3320,VOITHPAPR,EQ,454,382,84.14
20,3321,VOLERCAR,SM,15200,8000,52.63
20,3322,VOLTAMP,EQ,17603,7192,40.86
20,3323,VOLTAS,EQ,475069,274680,57.82
20,3324,VPRPL,EQ,814216,323372,39.72
20,3325,VR,SM,1600,1600,100.00
20,3326,VRAJ,EQ,29237,18714,64.01
20,3327,VRLLOG,EQ,119096,71176,59.76
20,3328,VSSL,EQ,78919,39869,50.52
20,3329,VSTIND,EQ,122818,74888,60.97
20,3330,VSTL,EQ,12007,8491,70.72
20,3331,VSTTILLERS,EQ,9863,5848,59.29
20,3332,VTL,EQ,175793,83618,47.57
20,3333,VTMLTD,EQ,6773,3654,53.95
20,3334,WAAREEENER,EQ,282648,136761,48.39
20,3335,WAAREEINDO,EQ,83420,45994,55.14
20,3336,WAAREERTL,EQ,94062,47801,50.82
20,3337,WABAG,EQ,2441516,784225,32.12
20,3338,WAKEFIT,EQ,614979,215747,35.08
20,3339,WALCHANNAG,EQ,447376,191952,42.91
20,3340,WANBURY,EQ,60141,25300,42.07
20,3341,WARDINMOBI,EQ,217866,166007,76.20
20,3342,WATERBASE,EQ,12104,9446,78.04
20,3343,WCIL,EQ,121217,67089,55.35
20,3344,WEALTH,EQ,695,577,83.02
20,3345,WEBELSOLAR,EQ,3125206,1642238,52.55
20,3346,WEIZMANIND,EQ,477,360,75.47
20,3347,WEL,EQ,1058750,537607,50.78
20,3348,WELCORP,EQ,759849,372340,49.00
20,3349,WELENT,EQ,160929,85051,52.85
20,3350,WELSPLSOL,EQ,914578,365621,39.98
20,3351,WELSPUNLIV,EQ,8012610,1541625,19.24
20,3352,WENDT,EQ,5305,3312,62.43
20,3353,WESTLIFE,EQ,543690,133940,24.64
20,3354,WEWIN,EQ,195,162,83.08
20,3355,WEWORK,EQ,134282,80324,59.82
20,3356,WHBRADY,EQ,9,9,100.00
20,3357,WHEELS,EQ,6608762,596278,9.02
20,3358,WHIRLPOOL,EQ,167593,90703,54.12
20,3359,WHITEFORCE,SM,3200,3200,100.00
20,3360,WILLAMAGOR,EQ,1616,1354,83.79
20,3361,WINDLAS,EQ,145841,57606,39.50
20,3362,WINDMACHIN,EQ,20771,12864,61.93
20,3363,WINNY,SM,1000,500,50.00
20,3364,WINSOL,SM,800,800,100.00
20,3365,WIPL,EQ,839,822,97.97
20,3366,WIPRO,EQ,12001620,5840104,48.66
20,3367,WOCKPHARMA,EQ,1394874,427924,30.68
20,3368,WOL3D,SM,1000,1000,100.00
20,3369,WOMANCART,ST,15600,13600,87.18
20,3370,WONDERLA,EQ,29909,19842,66.34
20,3371,WORTHPERI,EQ,15250,13254,86.91
20,3372,WPIL,EQ,21399,11980,55.98
20,3373,WSI,EQ,57431,30790,53.61
20,3374,WSTCSTPAPR,EQ,126973,57840,45.55
20,3375,WTICAB,SM,8000,6500,81.25
20,3376,XCHANGING,EQ,78595,42182,53.67
20,3377,XELPMOC,EQ,6890,4042,58.66
20,3378,XPROINDIA,EQ,85041,37904,44.57
20,3379,XTGLOBAL,EQ,51263,19947,38.91
20,3380,XTRANET,EQ,5261019,781919,14.86
20,3381,YAAP,SM,14000,13000,92.86
20,3382,YASHO,EQ,30608,15436,50.43
20,3383,YASHOPTICS,SM,16800,12000,71.43
20,3384,YATHARTH,EQ,233441,92347,39.56
20,3385,YATRA,EQ,1456925,739780,50.78
20,3386,YCCL,SM,3000,3000,100.00
20,3387,YESBANK,EQ,38540281,21762071,56.47
20,3388,YOGI,EQ,49,49,100.00
20,3389,YUDIZ,SM,800,800,100.00
20,3390,YUKEN,EQ,38375,22647,59.01
20,3391,ZAGGLE,EQ,813875,397905,48.89
20,3392,ZEAL,SM,6000,4200,70.00
20,3393,ZEEL,EQ,12868445,3891013,30.24
20,3394,ZEEMEDIA,EQ,1750424,1036495,59.21
20,3395,ZENITHDRUG,SM,7200,7200,100.00
20,3396,ZENITHEXPO,EQ,18,15,83.33
20,3397,ZENITHSTL,EQ,92313,68110,73.78
20,3398,ZENSARTECH,EQ,870647,370917,42.60
20,3399,ZENTEC,EQ,447868,204906,45.75
20,3400,ZFCVINDIA,EQ,88800,64750,72.92
20,3401,ZFSTEERING,EQ,6549,4325,66.04
20,3402,ZIMLAB,EQ,170175,107512,63.18
20,3403,ZODIAC,EQ,7149,4156,58.13
20,3404,ZODIACLOTH,EQ,3803,2898,76.20
20,3405,ZOTA,EQ,42339,27773,65.60
20,3406,ZSARACOM,EQ,43,37,86.05
20,3407,ZTECH,SM,27000,19800,73.33
20,3408,ZUARI,EQ,42224,24113,57.11
20,3409,ZUARIIND,EQ,32325,18964,58.67
20,3410,ZYDUSLIFE,EQ,1185373,693996,58.55
20,3411,ZYDUSWELL,EQ,195180,85559,43.84
