Security Wise Delivery Position - Compulsory Rolling Settlement
10,MTO,15092026,1922914637,0003415
Trade Date <15-SEP-2026>,Settlement Type <N>
Record Type,Sr No,Name of Security,Quantity Traded,Deliverable Quantity(gross across client level),% of Deliverable Quantity to Traded Quantity
20,1,1003IIFL29,NC,102,100,98.04
20,2,1003SFIL28,NX,30,30,100.00
20,3,1015ECL29,NR,150,140,93.33
20,4,1015SCFL29,YY,10,10,100.00
20,5,1015SCL29,ZL,108,108,100.00
20,6,1025SCL35A,N1,239,239,100.00
20,7,1039UCL26,NE,88,88,100.00
20,8,1040UCL27B,N1,4,2,50.00
20,9,1050ISFL28,N5,50,50,100.00
20,10,1050UCL28,NH,201,100,49.75
20,11,105IIFL29,N7,282,282,100.00
20,12,1060ECL29,NS,761,761,100.00
20,13,1075SCL33,YK,100,100,100.00
20,14,1075SCL33A,N2,5,5,100.00
20,15,1075SCL35,N1,20,20,100.00
20,16,10IIFL28,N4,35,35,100.00
20,17,10IIFL28A,NE,350,350,100.00
20,18,10ISFL26,N3,4,4,100.00
20,19,10MWL29,N0,1,1,100.00
20,20,10UCL26,ND,9,9,100.00
20,21,1119NFL27,ND,120,120,100.00
20,22,1125AFIL29,N0,4,4,100.00
20,23,1150AFIL28,N0,5,5,100.00
20,24,115VCCL31,N0,1,1,100.00
20,25,115VCCL31A,N0,8,8,100.00
20,26,115VCCL31B,N0,3,3,100.00
20,27,1225IFL27,N0,8,8,100.00
20,28,1225IFL28,N0,2,2,100.00
20,29,125VCCL31,N0,5,4,80.00
20,30,12AFIL27,N0,8,8,100.00
20,31,12AFIL27A,N0,3,3,100.00
20,32,12AFIL28,N0,41,41,100.00
20,33,182D151026,TB,200,100,50.00
20,34,20MICRONS,EQ,111270,62529,56.20
20,35,21STCENMGM,EQ,1658,1407,84.86
20,36,360ONE,EQ,896308,475769,53.08
20,37,3BBLACKBIO,EQ,10026,5062,50.49
20,38,3MINDIA,EQ,2096,1260,60.11
20,39,3PLAND,EQ,7541,5478,72.64
20,40,5PAISA,EQ,40835,22340,54.71
20,41,601GS2030,GS,4380,2190,50.00
20,42,603GS2029,GS,1180,590,50.00
20,43,610GS2031,GS,100,100,100.00
20,44,619GS2034,GS,2202,1102,50.05
20,45,620GS2029,GS,250,250,100.00
20,46,622GS2035,GS,60,30,50.00
20,47,636GS2031,GS,2042,1442,70.62
20,48,63MOONS,EQ,310775,143919,46.31
20,49,648GS2035,GS,3490,3490,100.00
20,50,653GS2031,GS,721,721,100.00
20,51,657GS2033A,GS,90,90,100.00
20,52,659CG28,SG,100,100,100.00
20,53,664GS2035,GS,604,604,100.00
20,54,667GS2050,GS,1000,1000,100.00
20,55,668GS2033,GS,4440,4100,92.34
20,56,668GS2040,GS,10955,10953,99.98
20,57,674MH29,SG,200,200,100.00
20,58,676GS2061,GS,7128,6128,85.97
20,59,690GS2065,GS,21700,17700,81.57
20,60,694GS2036,GS,36350,25450,70.01
20,61,695GS2061,GS,1921,1867,97.19
20,62,697GR2034,GS,253,253,100.00
20,63,699GS2051,GS,1000,1000,100.00
20,64,702GJ31,SG,200,200,100.00
20,65,702GS2027,GS,2212,2212,100.00
20,66,702GS2031,GS,20,10,50.00
20,67,704GS2029,GS,7860,7860,100.00
20,68,706GS2028,GS,4300,4300,100.00
20,69,706GS2041,GS,600,600,100.00
20,70,706GS2046,GS,1,1,100.00
20,71,708UK29,SG,100,100,100.00
20,72,709GS2054,GS,10600,10600,100.00
20,73,709GS2074,GS,18080,16553,91.55
20,74,710GS2029,GS,1506501,1503500,99.80
20,75,714PY30,SG,100,100,100.00
20,76,715TN32,SG,100,100,100.00
20,77,717GS2030,GS,100,100,100.00
20,78,718GS2037,GS,4405,4405,100.00
20,79,719HUDCO28,N7,5,4,80.00
20,80,724GS2055,GS,11752,11752,100.00
20,81,724KL41,SG,100,100,100.00
20,82,724TN31,SG,100,100,100.00
20,83,725GS2063,GS,151034,146504,97.00
20,84,726GS2029,GS,5000,5000,100.00
20,85,726GS2032,GS,2360,2360,100.00
20,86,726GS2033,GS,9600,9600,100.00
20,87,729CG30,SG,100,100,100.00
20,88,732GS2030,GS,1100,1100,100.00
20,89,733GS2026,GS,310,310,100.00
20,90,733RJ31,SG,100,100,100.00
20,91,734GS2064,GS,99574,98974,99.40
20,92,734IRFC28,N4,441,230,52.15
20,93,735MH31,SG,1500,1400,93.33
20,94,735NHAI31,N9,100,100,100.00
20,95,736GS2052,GS,6984,6185,88.56
20,96,737GS2028,GS,202,202,100.00
20,97,738GS2027,GS,44011,44010,100.00
20,98,73GS2053,GS,15494,14984,96.71
20,99,741GS2036,GS,17944,13878,77.34
20,100,743GS2076,GS,39933,39927,99.98
20,101,745TS48,SG,100,100,100.00
20,102,745TS53,SG,200,200,100.00
20,103,746GS2073,GS,13211,13106,99.21
20,104,748PN31,SG,200,200,100.00
20,105,74GS2062,GS,136,136,100.00
20,106,750GS2056,GS,21,21,100.00
20,107,751HUDCO28,N5,214,213,99.53
20,108,753IRFC30,NJ,205,203,99.02
20,109,753NTPC30E,NC,1,1,100.00
20,110,754GS2036,GS,580605,571208,98.38
20,111,757GS2033,GS,2000,2000,100.00
20,112,75UK29,SG,200,200,100.00
20,113,760PFCL35,N3,143,143,100.00
20,114,762NTPC35F,ND,6,6,100.00
20,115,764HUDCO31,N8,50,30,60.00
20,116,764IRFC31,NO,25,25,100.00
20,117,764MP34,SG,100,100,100.00
20,118,764NABAR31,N2,25,25,100.00
20,119,769HUDCO31,N9,1734,1174,67.70
20,120,769NHAI31,NE,2006,1997,99.55
20,121,76KA32,SG,800,800,100.00
20,122,76NHAI31,NA,3657,3558,97.29
20,123,771GS2066,GS,3466,3466,100.00
20,124,772GS2049,GS,1357,1357,100.00
20,125,774IREDA31,N7,2,2,100.00
20,126,779PN38,SG,100,100,100.00
20,127,77MH34A,SG,1200,1200,100.00
20,128,795GS2032,GS,2103,1853,88.11
20,129,79NHIT35,N1,695,695,100.00
20,130,79NHIT47,N3,65,55,84.62
20,131,810IRFC27,N2,3225,3225,100.00
20,132,812REC27,NI,20,20,100.00
20,133,81ABCL33,N4,260,260,100.00
20,134,81TCHF28,N8,21,21,100.00
20,135,824GS2027,GS,1000,1000,100.00
20,136,828GS2032,GS,304,302,99.34
20,137,82HUDCO27,N2,20,20,100.00
20,138,830NHAI27,N2,2618,2614,99.85
20,139,830PFCL27,N5,350,350,100.00
20,140,835SCL23B,YM,5,5,100.00
20,141,837IIFL28,Y4,5,5,100.00
20,142,83GS2040,GS,851,851,100.00
20,143,83GS2042,GS,160,160,100.00
20,144,842IIFL26,NL,1194,1094,91.62
20,145,843IHFL29,NC,293,293,100.00
20,146,848AEL29,NJ,20,20,100.00
20,147,852IIFL29,Y5,1,1,100.00
20,148,862AEL31,NM,88,88,100.00
20,149,863IRFC29,NC,20,20,100.00
20,150,865IHFL27,N1,10,10,100.00
20,151,865IIFL28,NS,561,561,100.00
20,152,865IRFC29,NA,500,500,100.00
20,153,865LTF26,NN,11,11,100.00
20,154,865SCL27,N4,10,10,100.00
20,155,865TCAPS27,N8,100,100,100.00
20,156,870IIFL28,Y7,100,100,100.00
20,157,871REC28,N9,51,51,100.00
20,158,875AEL29,NK,138,138,100.00
20,159,875IIFL26,NM,193,193,100.00
20,160,875NHAI29,N6,638,638,100.00
20,161,875SFL27,ZF,10,10,100.00
20,162,876HUDCO28,ND,100,100,100.00
20,163,879NHPC28,N5,13,13,100.00
20,164,879SCL30,N0,11,11,100.00
20,165,87HMDA39,N0,200,200,100.00
20,166,87LTF27,NH,200,200,100.00
20,167,880IREDA29,N5,52,52,100.00
20,168,885TCAPS29,NC,227,225,99.12
20,169,888IRFC29,NE,543,543,100.00
20,170,888SCL25E,N4,41,41,100.00
20,171,889SCFL27,YC,20,20,100.00
20,172,889SCL28,NU,2,2,100.00
20,173,890AEL31,NN,160,160,100.00
20,174,890SFIL23A,NZ,134,134,100.00
20,175,891IIFCL34,N4,2072,1620,78.19
20,176,891NTPC33,N6,1290,1289,99.92
20,177,892NHPC33,N6,260,260,100.00
20,178,892PFCL33,N8,102,102,100.00
20,179,895AEL27,N9,2,1,50.00
20,180,897GS2030,GS,4000,4000,100.00
20,181,897MOFSL29,N4,505,505,100.00
20,182,898LTF29,N7,157,151,96.18
20,183,901HUDCO34,NE,200,200,100.00
20,184,901NHB34,N6,248,159,64.11
20,185,902SCL28,N1,100,100,100.00
20,186,903SFL28,YI,589,539,91.51
20,187,905LTF27,NF,650,650,100.00
20,188,910TCAP28,NA,952,952,100.00
20,189,915APSBC27,N0,1,1,100.00
20,190,915APSBC31,N0,1,1,100.00
20,191,91D011026,TB,300,200,66.67
20,192,91D051126,TB,3000,3000,100.00
20,193,91D081026,TB,700,700,100.00
20,194,91D101226,TB,1300,1300,100.00
20,195,91D121126,TB,5000,3000,60.00
20,196,91D151026,TB,100,100,100.00
20,197,91D240926,TB,5100,5100,100.00
20,198,920HFL30,N0,1,1,100.00
20,199,925ECL28,N2,50,50,100.00
20,200,925ISF28,N0,74,42,56.76
20,201,925SCFL27,YA,10,10,100.00
20,202,92GS2030,GS,11978,9848,82.22
20,203,930APMD27,N0,2,1,50.00
20,204,930APMD30,N0,10,10,100.00
20,205,930APMD32,N0,5,5,100.00
20,206,930SFL28,YP,5,5,100.00
20,207,935LTF29,N5,101,100,99.01
20,208,935TSIIC28,N0,1,1,100.00
20,209,93MOFSL34,N6,186,186,100.00
20,210,945SCL28,N0,1,1,100.00
20,211,948SCL26B,Y8,130,130,100.00
20,212,948SCL27D,N1,5,5,100.00
20,213,94SFL28,YL,30,30,100.00
20,214,950ISF27C,N0,11,11,100.00
20,215,956AEL29,N6,40,40,100.00
20,216,957ICCL25,YW,15,15,100.00
20,217,957IIFLS27,NA,30,30,100.00
20,218,965AEL27,N4,1138,1138,100.00
20,219,965SCL25C,N0,102,101,99.02
20,220,96IIFL28,N5,880,880,100.00
20,221,96IIFL28A,NF,1841,1841,100.00
20,222,970CAGL28,ND,84,75,89.29
20,223,975ISF28,N0,1,1,100.00
20,224,97MOFSL34,N7,50,50,100.00
20,225,97SFL29,YZ,200,0,0.00
20,226,985ECL28,NK,345,345,100.00
20,227,990SCL27,YT,165,165,100.00
20,228,99AEL29,N7,13,11,84.62
20,229,9IIFL28,Y0,100,100,100.00
20,230,9SCL27,N2,30,30,100.00
20,231,A2ZINFRA,EQ,95954,67182,70.01
20,232,AAATECH,EQ,189713,180240,95.01
20,233,AADHARHFC,EQ,231528,116378,50.27
20,234,AAKAAR,SM,9600,9600,100.00
20,235,AAKASH,EQ,132523,87508,66.03
20,236,AARADHYA,ST,19200,18000,93.75
20,237,AAREYDRUGS,EQ,212869,169162,79.47
20,238,AARON,EQ,14325,11123,77.65
20,239,AARTIDRUGS,EQ,143544,70320,48.99
20,240,AARTIIND,EQ,789421,430537,54.54
20,241,AARTIPHARM,EQ,386201,196886,50.98
20,242,AARVI,EQ,5231,4173,79.77
20,243,AASTHA,EQ,772986,379084,49.04
20,244,AATMAJ,SM,16000,14000,87.50
20,245,AAVAS,EQ,114642,63952,55.78
20,246,ABANSENT,EQ,5280,4536,85.91
20,247,ABB,EQ,195095,93336,47.84
20,248,ABBOTINDIA,EQ,10732,5633,52.49
20,249,ABCAPITAL,EQ,2529778,1275946,50.44
20,250,ABCOTS,EQ,6697,5100,76.15
20,251,ABDL,EQ,522432,239563,45.86
20,252,ABFRL,EQ,9099306,5564423,61.15
20,253,ABGSEC,EQ,5,3,60.00
20,254,ABH,ST,30000,30000,100.00
20,255,ABHAPOWER,SM,1600,1600,100.00
20,256,ABLBL,EQ,625654,339874,54.32
20,257,ABMKNO,EQ,2678,2536,94.70
20,258,ABREL,EQ,197639,92103,46.60
20,259,ABSL10BANK,EQ,3511,3466,98.72
20,260,ABSLAMC,EQ,129497,64335,49.68
20,261,ABSLBANETF,EQ,23799,12539,52.69
20,262,ABSLLIQUID,EQ,9016,8305,92.11
20,263,ABSLMSCIN,EQ,354,309,87.29
20,264,ABSLNN50ET,EQ,43922,21485,48.92
20,265,ABSLPSE,EQ,109470,94089,85.95
20,266,ABSMARINE,SM,70000,50500,72.14
20,267,ACC,EQ,205903,111703,54.25
20,268,ACCELYA,EQ,5132,3405,66.35
20,269,ACCENTMIC,SM,141000,105500,74.82
20,270,ACCPL,ST,8400,8400,100.00
20,271,ACE,EQ,332640,169151,50.85
20,272,ACEINTEG,EQ,6074,5935,97.71
20,273,ACETEC,SM,22800,16800,73.68
20,274,ACGL,EQ,944,743,78.71
20,275,ACI,EQ,295921,168469,56.93
20,276,ACL,EQ,4611,3172,68.79
20,277,ACMESOLAR,EQ,5262214,2254141,42.84
20,278,ACTIVEINFR,SM,600,600,100.00
20,279,ACUTAAS,EQ,264234,116164,43.96
20,280,ADANIENSOL,EQ,822951,347380,42.21
20,281,ADANIENT,EQ,1783310,920830,51.64
20,282,ADANIGREEN,EQ,980470,490785,50.06
20,283,ADANIPORTS,EQ,1610729,921384,57.20
20,284,ADANIPOWER,EQ,14417003,6742915,46.77
20,285,ADDICTIVE,SM,5500,5000,90.91
20,286,ADDIND,EQ,6,4,66.67
20,287,ADFFOODS,EQ,65591,23622,36.01
20,288,ADISOFT,SM,87200,56800,65.14
20,289,ADL,EQ,3183,912,28.65
20,290,ADOR,EQ,31262,17269,55.24
20,291,ADROITINFO,EQ,36084,23562,65.30
20,292,ADSL,EQ,112407,55112,49.03
20,293,ADVAIT,EQ,34911,17509,50.15
20,294,ADVANCE,EQ,66283,45242,68.26
20,295,ADVANIHOTR,EQ,35019,27543,78.65
20,296,ADVENTHTL,EQ,361220,91862,25.43
20,297,ADVENZYMES,EQ,247159,144677,58.54
20,298,ADVIKCA,EQ,431765,365212,84.59
20,299,AEGISLOG,EQ,701470,269962,38.49
20,300,AEGISVOPAK,EQ,4447657,1272685,28.61
20,301,AEL120924A,N5,2,2,100.00
20,302,AEL17725,NA,20,20,100.00
20,303,AEPL,EQ,53631,43468,81.05
20,304,AEQUS,EQ,2201591,902939,41.01
20,305,AEROENTER,EQ,1916380,877292,45.78
20,306,AEROFLEX,EQ,1836440,819087,44.60
20,307,AERON,SM,8000,6000,75.00
20,308,AERONEU,EQ,22172,20231,91.25
20,309,AEROPLANE,EQ,921171,572064,62.10
20,310,AESTHETIK,SM,8000,8000,100.00
20,311,AETHER,EQ,405221,164649,40.63
20,312,AFCONS,EQ,26501568,3962714,14.95
20,313,AFFLE,EQ,132668,66102,49.83
20,314,AFFORDABLE,EQ,16702,11718,70.16
20,315,AFIL,EQ,634241,437668,69.01
20,316,AFSL,EQ,7901,6454,81.69
20,317,AGARIND,EQ,51633,23873,46.24
20,318,AGARWALEYE,EQ,195769,103821,53.03
20,319,AGARWALTUF,SM,27600,20400,73.91
20,320,AGI,EQ,91711,44560,48.59
20,321,AGIIL,EQ,382898,174084,45.46
20,322,AGL,EQ,2608653,1411281,54.10
20,323,AGRITECH,EQ,2551,2144,84.05
20,324,AGROPHOS,EQ,22908,16358,71.41
20,325,AHCL,EQ,165056337,17797082,10.78
20,326,AHLADA,EQ,10913,8610,78.90
20,327,AHLEAST,EQ,1187,1081,91.07
20,328,AHLUCONT,EQ,66007,34413,52.14
20,329,AIAENG,EQ,43966,23861,54.27
20,330,AIIL,EQ,279515,122652,43.88
20,331,AILIMITED,SM,6000,6000,100.00
20,332,AIMTRON,SM,63000,40000,63.49
20,333,AIRAN,EQ,157643,91815,58.24
20,334,AIROLAM,EQ,2779,1825,65.67
20,335,AISL,SM,1800,1800,100.00
20,336,AJANTPHARM,EQ,78118,54482,69.74
20,337,AJAXENGG,EQ,70412,41247,58.58
20,338,AJMERA,EQ,421507,228661,54.25
20,339,AJOONI,EQ,317027,232342,73.29
20,340,AKANKSHA,SM,9000,9000,100.00
20,341,AKASH,EQ,1710,1612,94.27
20,342,AKCAPIT,EQ,1383,1322,95.59
20,343,AKG,EQ,49896,46977,94.15
20,344,AKIKO,SM,2400,2400,100.00
20,345,AKSHAR,EQ,395939,246908,62.36
20,346,AKUMS,EQ,345164,169964,49.24
20,347,ALANKIT,EQ,78407,65772,83.89
20,348,ALBERTDAVD,EQ,5779,2984,51.64
20,349,ALCODIS,SM,1250,1250,100.00
20,350,ALEMBICLTD,EQ,840743,474039,56.38
20,351,ALFREDHE,EQ,69,55,79.71
20,352,ALGOQUANT,EQ,1404240,505557,36.00
20,353,ALICON,EQ,11860,6414,54.08
20,354,ALIVUS,EQ,79325,42559,53.65
20,355,ALKALI,EQ,10853,6190,57.03
20,356,ALKEM,EQ,253213,112761,44.53
20,357,ALKYLAMINE,EQ,85642,42243,49.33
20,358,ALLCARGO,EQ,11548427,3986212,34.52
20,359,ALLDIGI,EQ,2913,2115,72.61
20,360,ALLETEC,SM,12400,10000,80.65
20,361,ALLTIME,EQ,111414,44291,39.75
20,362,ALMONDZ,EQ,546923,385140,70.42
20,363,ALOKINDS,EQ,16675898,7093215,42.54
20,364,ALPA,EQ,10739,8806,82.00
20,365,ALPEXSOLAR,SM,44900,31300,69.71
20,366,ALPHA,EQ,1858489,1156432,62.22
20,367,ALPHAETF,EQ,494292,366112,74.07
20,368,ALPINETEX,EQ,94673,51006,53.88
20,369,ALPL30IETF,EQ,2987998,2793069,93.48
20,370,ALUFLUOR,EQ,4714,4123,87.46
20,371,ALUWIND,SM,4500,4500,100.00
20,372,AMAGI,EQ,291602,121712,41.74
20,373,AMAL,EQ,7292,5078,69.64
20,374,AMARJOTHI,EQ,3047,2720,89.27
20,375,AMBAAUTO,SM,25000,17000,68.00
20,376,AMBER,EQ,145928,49788,34.12
20,377,AMBICAAGAR,EQ,8112,6205,76.49
20,378,AMBIKCO,EQ,10233,8545,83.50
20,379,AMBUJACEM,EQ,1367462,615162,44.99
20,380,AMCL,SM,10800,10400,96.30
20,381,AMDIND,EQ,1440694,360155,25.00
20,382,AMEYA,SM,24000,17000,70.83
20,383,AMJLAND,EQ,20539,17414,84.79
20,384,AMNPLST,EQ,1450,1321,91.10
20,385,AMRUTANJAN,EQ,26954,15753,58.44
20,386,ANANDRATHI,EQ,126796,78401,61.83
20,387,ANANTAM,IV,3997,3685,92.19
20,388,ANANTRAJ,EQ,1793456,802379,44.74
20,389,ANAWIL,SM,160400,106800,66.58
20,390,ANDHRAPAP,EQ,1506455,513709,34.10
20,391,ANDHRSUGAR,EQ,366347,176355,48.14
20,392,ANDREWYU,EQ,63569,48277,75.94
20,393,ANGELONE,EQ,5536817,1976176,35.69
20,394,ANIKINDS,EQ,23241,14896,64.09
20,395,ANLON,SM,3600,3200,88.89
20,396,ANMOL,EQ,977450,480858,49.20
20,397,ANNAPURNA,EQ,14823,8860,59.77
20,398,ANONDITA,SM,58400,35800,61.30
20,399,ANSALBU,EQ,10068,8783,87.24
20,400,ANTELOPUS,EQ,1129576,186935,16.55
20,401,ANTGRAPHIC,EQ,87794,57044,64.97
20,402,ANTHEM,EQ,599280,335159,55.93
20,403,ANUHPHR,EQ,208793,98349,47.10
20,404,ANUP,EQ,24723,14107,57.06
20,405,ANURAS,EQ,493232,288207,58.43
20,406,ANYA,SM,5000,5000,100.00
20,407,AONEGOLD,EQ,394998,181523,45.96
20,408,AONELIQUID,EQ,10143,7276,71.73
20,409,AONENIFTY,EQ,237957,217760,91.51
20,410,AONESILVER,EQ,565305,355107,62.82
20,411,AONETMMQ50,EQ,204288,163001,79.79
20,412,AONETOTAL,EQ,226437,115690,51.09
20,413,APARINDS,EQ,100710,39728,39.45
20,414,APCL,EQ,4097,3935,96.05
20,415,APCOTEXIND,EQ,118177,66581,56.34
20,416,APEX,EQ,81885,38979,47.60
20,417,APEXECO,ST,14400,14400,100.00
20,418,APLAPOLLO,EQ,434016,219587,50.59
20,419,APLLTD,EQ,165473,72601,43.87
20,420,APOLLO,EQ,9564451,3539988,37.01
20,421,APOLLOHOSP,EQ,247091,152948,61.90
20,422,APOLLOPIPE,EQ,406249,184431,45.40
20,423,APOLLOTYRE,EQ,329820,136141,41.28
20,424,APOLSINHOT,EQ,636,527,82.86
20,425,APOORVA,EQ,296,296,100.00
20,426,APRAMEYA,SM,14000,14000,100.00
20,427,APS,SM,18000,12250,68.06
20,428,APSISAERO,ST,7200,7200,100.00
20,429,APTUS,EQ,1042351,607836,58.31
20,430,AQYLON,EQ,4195907,4073221,97.08
20,431,ARABIAN,SM,2000,2000,100.00
20,432,ARCHIDPLY,EQ,16131,11124,68.96
20,433,ARCHIES,EQ,10834,9792,90.38
20,434,ARCIIL,SM,2000,2000,100.00
20,435,ARCL,EQ,1510,1510,100.00
20,436,ARDEE,EQ,5215440,2950277,56.57
20,437,ARE&M,EQ,408139,198813,48.71
20,438,ARENTERP,EQ,547,392,71.66
20,439,ARFIN,EQ,1085971,186720,17.19
20,440,ARHAM,SM,19000,15000,78.95
20,441,ARIHANT,EQ,6740,1378,20.45
20,442,ARIHANTACA,SM,400,400,100.00
20,443,ARIHANTCAP,EQ,1185062,581095,49.03
20,444,ARIHANTSUP,EQ,4749,3484,73.36
20,445,ARIS,EQ,1323454,543604,41.07
20,446,ARISTO,SM,3200,3200,100.00
20,447,ARKADE,EQ,194033,78703,40.56
20,448,ARMANFIN,EQ,37939,19886,52.42
20,449,AROGRANITE,EQ,9200,8684,94.39
20,450,ARROWGREEN,EQ,225224,119090,52.88
20,451,ARSSBL,EQ,149916,81854,54.60
20,452,ARTEMISMED,EQ,380378,203253,53.43
20,453,ARTNIRMAN,EQ,834,829,99.40
20,454,ARUNAYA,SM,4000,4000,100.00
20,455,ARVEE,EQ,5648,3126,55.35
20,456,ARVIND,EQ,1581072,565614,35.77
20,457,ARVINDFASN,EQ,218586,83252,38.09
20,458,ARVINDPORT,SM,7500,7500,100.00
20,459,ARVSMART,EQ,232819,111230,47.78
20,460,ARYAMAN,EQ,5,5,100.00
20,461,ASAHIINDIA,EQ,181950,111542,61.30
20,462,ASAL,EQ,19416,11547,59.47
20,463,ASALCBR,EQ,38899,22894,58.85
20,464,ASHALOG,SM,16000,15000,93.75
20,465,ASHAPURMIN,EQ,299127,146956,49.13
20,466,ASHIANA,EQ,26206,17507,66.81
20,467,ASHIMASYN,EQ,30749,22572,73.41
20,468,ASHOKA,EQ,542158,279190,51.50
20,469,ASHOKAMET,EQ,900455,421159,46.77
20,470,ASHOKLEY,EQ,17917014,8878502,49.55
20,471,ASHUTOSH,ST,338400,312000,92.20
20,472,ASHWINI,SM,2000,2000,100.00
20,473,ASIANENE,EQ,855416,408363,47.74
20,474,ASIANHOTNR,EQ,111275,18857,16.95
20,475,ASIANPAINT,EQ,539643,332510,61.62
20,476,ASIANTILES,EQ,2855354,1116484,39.10
20,477,ASIANTNE,EQ,11719,11592,98.92
20,478,ASKAUTOLTD,EQ,480326,128346,26.72
20,479,ASPINWALL,EQ,2956,2302,77.88
20,480,ASTAR,EQ,164,164,100.00
20,481,ASTEC,EQ,47020,16177,34.40
20,482,ASTERDM,EQ,1030702,634778,61.59
20,483,ASTRAL,EQ,609291,367972,60.39
20,484,ASTRAMICRO,EQ,496962,293291,59.02
20,485,ASTRAZEN,EQ,14843,10763,72.51
20,486,ATALREAL,EQ,13631375,6355867,46.63
20,487,ATAM,EQ,10388,6927,66.68
20,488,ATCENERGY,ST,25200,25200,100.00
20,489,ATGL,EQ,517239,196722,38.03
20,490,ATHERENERG,EQ,3713971,1326951,35.73
20,491,ATL,EQ,162315,117606,72.46
20,492,ATLANTAA,EQ,26472,22254,84.07
20,493,ATLANTAELE,EQ,106063,57750,54.45
20,494,ATLASCYCLE,EQ,26406,19272,72.98
20,495,ATLPP,E1,2656,2656,100.00
20,496,ATMASTCO,SM,14800,12800,86.49
20,497,ATUL,EQ,34391,20355,59.19
20,498,ATULAUTO,EQ,132601,55282,41.69
20,499,AUBANK,EQ,815819,517307,63.41
20,500,AUGMONT,EQ,930427,322439,34.65
20,501,AURIONPRO,EQ,306875,137216,44.71
20,502,AUROIMPEX,SM,4800,4800,100.00
20,503,AUROPHARMA,EQ,438757,213790,48.73
20,504,AURUM,EQ,121746,80737,66.32
20,505,AURUS,EQ,12400,10383,83.73
20,506,AUSL,SM,4000,4000,100.00
20,507,AUSOMENT,EQ,5047,3994,79.14
20,508,AUSTENG,EQ,6842,5213,76.19
20,509,AUTOAXLES,EQ,3806,2554,67.10
20,510,AUTOBEES,EQ,187772,98178,52.29
20,511,AUTOIETF,EQ,695282,409854,58.95
20,512,AUTOIND,EQ,129975,80453,61.90
20,513,AVADHSUGAR,EQ,195986,89446,45.64
20,514,AVALON,EQ,355969,178096,50.03
20,515,AVANA,ST,8000,8000,100.00
20,516,AVANCE,EQ,4652378,2985085,64.16
20,517,AVANTEL,EQ,1853714,1004430,54.18
20,518,AVANTIFEED,EQ,282723,126331,44.68
20,519,AVATAR,ST,6000,6000,100.00
20,520,AVIANSH,SM,4000,3000,75.00
20,521,AVIENCE,SM,46800,28800,61.54
20,522,AVL,EQ,421337,201077,47.72
20,523,AVONMORE,EQ,298526,237307,79.49
20,524,AVPINFRA,SM,46400,41600,89.66
20,525,AVROIND,EQ,222508,172793,77.66
20,526,AVTNPL,EQ,279706,152449,54.50
20,527,AWFIS,EQ,3801941,645844,16.99
20,528,AWHCL,EQ,82561,43840,53.10
20,529,AWL,EQ,1154132,609821,52.84
20,530,AXISBANK,EQ,5698466,3319643,58.26
20,531,AXISCADES,EQ,176313,98118,55.65
20,532,AXITA,EQ,425828,322384,75.71
20,533,AXTEL,EQ,21380,17296,80.90
20,534,AYE,EQ,1154930,540403,46.79
20,535,AYMSYNTEX,EQ,73158,57157,78.13
20,536,AZAD,EQ,427305,198493,46.45
20,537,AZADIND,EQ,13007,5483,42.15
20,538,BABAFP,SM,8000,8000,100.00
20,539,BAGFILMS,EQ,94381,64167,67.99
20,540,BAGMANE,RR,2349887,2069956,88.09
20,541,BAHETI,SM,48000,34125,71.09
20,542,BAIDFIN,EQ,552693,356910,64.58
20,543,BAJAJ-AUTO,EQ,236796,147488,62.28
20,544,BAJAJCON,EQ,824896,423955,51.39
20,545,BAJAJELEC,EQ,127113,47887,37.67
20,546,BAJAJFINSV,EQ,486164,278637,57.31
20,547,BAJAJHCARE,EQ,95072,58889,61.94
20,548,BAJAJHFL,EQ,3993670,2521407,63.14
20,549,BAJAJHIND,EQ,19892199,6309552,31.72
20,550,BAJAJHLDNG,EQ,56888,35167,61.82
20,551,BAJAJINDEF,EQ,10651,6266,58.83
20,552,BAJAJST,EQ,7410,5952,80.32
20,553,BAJEL,EQ,305666,168942,55.27
20,554,BAJFINANCE,EQ,5792124,4060046,70.10
20,555,BALAJEE,EQ,16947,9549,56.35
20,556,BALAJIPHOS,SM,2000,2000,100.00
20,557,BALAJITELE,EQ,1605822,357395,22.26
20,558,BALAMINES,EQ,256830,121197,47.19
20,559,BALAXI,EQ,26067,17681,67.83
20,560,BALKRISHNA,EQ,9171,5085,55.45
20,561,BALKRISIND,EQ,166038,92717,55.84
20,562,BALMLAWRIE,EQ,203640,116446,57.18
20,563,BALPHARMA,EQ,107727,48284,44.82
20,564,BALRAMCHIN,EQ,1081870,264527,24.45
20,565,BALUFORGE,EQ,876986,380513,43.39
20,566,BANARBEADS,EQ,3820,2830,74.08
20,567,BANARISUG,EQ,1035,538,51.98
20,568,BANCOINDIA,EQ,144544,72758,50.34
20,569,BANDHANBNK,EQ,10329258,4691483,45.42
20,570,BANG,EQ,54164,26220,48.41
20,571,BANK10ADD,EQ,37455,22427,59.88
20,572,BANK10BETF,EQ,7312,3205,43.83
20,573,BANKA,EQ,2696,1874,69.51
20,574,BANKADD,EQ,16276,12926,79.42
20,575,BANKBARODA,EQ,7383660,3834703,51.93
20,576,BANKBEES,EQ,533936,289461,54.21
20,577,BANKBETA,EQ,62803,29962,47.71
20,578,BANKBETF,EQ,11849,6022,50.82
20,579,BANKETF,EQ,30068,8207,27.29
20,580,BANKIETF,EQ,151138,95709,63.33
20,581,BANKINDIA,EQ,4479489,2005036,44.76
20,582,BANKNIFTY1,EQ,332242,188223,56.65
20,583,BANKPSU,EQ,18464,12799,69.32
20,584,BANSALWIRE,EQ,82917,45184,54.49
20,585,BANSWRAS,EQ,9076,6654,73.31
20,586,BARFLEX,SM,14000,4000,28.57
20,587,BASF,EQ,17640,9987,56.62
20,588,BASILIC,SM,4800,3900,81.25
20,589,BATAINDIA,EQ,174746,97198,55.62
20,590,BATLIBOI,EQ,26108,20920,80.13
20,591,BAWEJA,SM,7200,7200,100.00
20,592,BAYERCROP,EQ,9354,5677,60.69
20,593,BBETF0432,EQ,680,463,68.09
20,594,BBL,EQ,28880,15785,54.66
20,595,BBNPNBETF,EQ,315,182,57.78
20,596,BBNPPGOLD,EQ,1723,1109,64.36
20,597,BBOX,EQ,1510478,407464,26.98
20,598,BBTC,EQ,34860,14636,41.99
20,599,BBTCL,EQ,4937,3627,73.47
20,600,BCG,EQ,10744108,3810129,35.46
20,601,BCLIND,EQ,648439,366439,56.51
20,602,BCONCEPTS,EQ,10173,7536,74.08
20,603,BCPL,EQ,7601,6528,85.88
20,604,BDL,EQ,1293584,508336,39.30
20,605,BEACON,SM,17000,12000,70.59
20,606,BEARDSELL,EQ,15640,9826,62.83
20,607,BECTORFOOD,EQ,2295967,902134,39.29
20,608,BEDMUTHA,EQ,3658,2475,67.66
20,609,BEEKAY,EQ,2968,2263,76.25
20,610,BEL,EQ,16741114,9645722,57.62
20,611,BELLACASA,EQ,8516,6146,72.17
20,612,BELRISE,EQ,2660988,1120869,42.12
20,613,BEML,EQ,234307,110346,47.09
20,614,BENARAS,EQ,250,153,61.20
20,615,BENGALASM,EQ,372,186,50.00
20,616,BEPL,EQ,1830786,884734,48.33
20,617,BERGEPAINT,EQ,220721,112361,50.91
20,618,BESTAGRO,EQ,767826,363026,47.28
20,619,BETA,EQ,34753,13859,39.88
20,620,BEWLTD,SM,15000,13000,86.67
20,621,BFINVEST,EQ,25747,19992,77.65
20,622,BFSI,EQ,162863,96314,59.14
20,623,BFUTILITIE,EQ,40177,19517,48.58
20,624,BHADORA,ST,40800,40800,100.00
20,625,BHAGCHEM,EQ,54531,31003,56.85
20,626,BHAGYANGR,EQ,183392,85909,46.84
20,627,BHANDARI,EQ,141743,141201,99.62
20,628,BHARATCOAL,EQ,3087850,1846459,59.80
20,629,BHARATFORG,EQ,293090,139312,47.53
20,630,BHARATRAS,EQ,12759,6932,54.33
20,631,BHARATSE,EQ,128545,69219,53.85
20,632,BHARATWIRE,EQ,170021,55715,32.77
20,633,BHARTIARTL,EQ,4066471,2849811,70.08
20,634,BHARTIHEXA,EQ,47838,26251,54.87
20,635,BHEL,EQ,7340842,4109026,55.97
20,636,BIGBLOC,EQ,53036,42619,80.36
20,637,BIKAJI,EQ,111374,44626,40.07
20,638,BIKEWO,ST,58000,58000,100.00
20,639,BIL,EQ,12076,7053,58.41
20,640,BIMETAL,EQ,193,176,91.19
20,641,BIOCON,EQ,2543144,1121582,44.10
20,642,BIOFILCHEM,EQ,33485,19122,57.11
20,643,BIOPOL,SM,50400,40800,80.95
20,644,BIRET,RR,432711,347737,80.36
20,645,BIRLACABLE,EQ,1025099,413933,40.38
20,646,BIRLACORPN,EQ,33029,17065,51.67
20,647,BIRLAMONEY,EQ,36546,25902,70.88
20,648,BIRLANU,EQ,8252,5060,61.32
20,649,BLACKBUCK,EQ,1773025,602452,33.98
20,650,BLAL,EQ,47310,42548,89.93
20,651,BLBLIMITED,EQ,180878,155390,85.91
20,652,BLEL,EQ,646232,204100,31.58
20,653,BLIL,EQ,144750,106153,73.34
20,654,BLKASHYAP,EQ,679073,423674,62.39
20,655,BLS,EQ,1252796,360481,28.77
20,656,BLSE,EQ,302523,138274,45.71
20,657,BLUECLOUDS,EQ,1858911,625351,33.64
20,658,BLUECOAST,EQ,2067,1990,96.27
20,659,BLUEDART,EQ,7941,3336,42.01
20,660,BLUEJET,EQ,364930,202837,55.58
20,661,BLUEPEBBLE,SM,2400,1600,66.67
20,662,BLUESTARCO,EQ,509083,207030,40.67
20,663,BLUESTONE,EQ,950222,287822,30.29
20,664,BLUEWATER,ST,11000,11000,100.00
20,665,BLUSPRING,EQ,214823,91741,42.71
20,666,BMETRICS,SM,4000,4000,100.00
20,667,BMLL,SM,7000,5000,71.43
20,668,BMWVENTLTD,EQ,133104,109247,82.08
20,669,BNAGROCHEM,EQ,961,788,82.00
20,670,BNKETFAXIS,EQ,2506,323,12.89
20,671,BODALCHEM,EQ,2894993,1190961,41.14
20,672,BOHRAIND,EQ,21413,11633,54.33
20,673,BOMDYEING,EQ,754544,304617,40.37
20,674,BONLON,EQ,6018,4744,78.83
20,675,BORANA,EQ,56889,30381,53.40
20,676,BOROLTD,EQ,135344,74625,55.14
20,677,BORORENEW,EQ,720224,307587,42.71
20,678,BOROSCI,EQ,61828,35401,57.26
20,679,BOSCH-HCIL,EQ,25201,13028,51.70
20,680,BOSCHLTD,EQ,30224,15581,51.55
20,681,BOSS,SM,6000,6000,100.00
20,682,BPCL,EQ,3512731,1693388,48.21
20,683,BPL,EQ,34419,22850,66.39
20,684,BPLPHARMA,EQ,2207,1779,80.61
20,685,BRACEPORT,SM,3200,3200,100.00
20,686,BRAHMINFRA,EQ,7774,6778,87.19
20,687,BRANDMAN,SM,39200,32800,83.67
20,688,BRIGADE,EQ,201825,73723,36.53
20,689,BRIGHOTEL,EQ,72260,55982,77.47
20,690,BRIGHTBR,EQ,1183,1161,98.14
20,691,BRITANNIA,EQ,209279,120691,57.67
20,692,BRNL,EQ,33211,27644,83.24
20,693,BROOKS,EQ,26350,18608,70.62
20,694,BSE,EQ,3901579,1450559,37.18
20,695,BSE500IETF,EQ,305682,237564,77.72
20,696,BSHSL,EQ,3443,2709,78.68
20,697,BSL,EQ,2783,2510,90.19
20,698,BSLGOLDETF,EQ,2171574,2037949,93.85
20,699,BSLNIFTY,EQ,1886384,1641035,86.99
20,700,BSLSENETFG,EQ,10770,8359,77.61
20,701,BSOFT,EQ,8595221,1655924,19.27
20,702,BTML,EQ,1112013,614632,55.27
20,703,BUILDPRO,EQ,95748,42259,44.14
20,704,BULKCORP,ST,3600,3600,100.00
20,705,BUTTERFLY,EQ,89943,34455,38.31
20,706,BVCL,EQ,18121,13035,71.93
20,707,C2C,SM,112050,82050,73.23
20,708,CAMLINFINE,EQ,634588,335732,52.91
20,709,CAMPUS,EQ,432209,199883,46.25
20,710,CAMS,EQ,1973247,907630,46.00
20,711,CANARYS,SM,132000,80000,60.61
20,712,CANBK,EQ,12696568,6800167,53.56
20,713,CANFINHOME,EQ,203614,110176,54.11
20,714,CANHLIFE,EQ,591395,349229,59.05
20,715,CANTABIL,EQ,198186,111525,56.27
20,716,CAPACITE,EQ,319841,170822,53.41
20,717,CAPILLARY,EQ,428715,273395,63.77
20,718,CAPINVIT,IV,315832,282476,89.44
20,719,CAPITALSFB,EQ,31682,22176,70.00
20,720,CAPLIPOINT,EQ,216544,88370,40.81
20,721,CARBORUNIV,EQ,188036,96757,51.46
20,722,CARERATING,EQ,28190,16041,56.90
20,723,CARRARO,EQ,95342,55364,58.07
20,724,CARTRADE,EQ,337654,122560,36.30
20,725,CARYSIL,EQ,73083,35887,49.10
20,726,CASHIETF,EQ,1011652,747440,73.88
20,727,CASTROLIND,EQ,2080994,1391597,66.87
20,728,CCAVENUE,EQ,16515500,6916668,41.88
20,729,CCCL,EQ,158953,132879,83.60
20,730,CCHHL,EQ,15566,12332,79.22
20,731,CCL,EQ,118848,68384,57.54
20,732,CDSL,EQ,1265342,586473,46.35
20,733,CEATLTD,EQ,60254,30978,51.41
20,734,CEDAAR,ST,89000,88000,98.88
20,735,CEIGALL,EQ,317006,156295,49.30
20,736,CEINSYS,EQ,49837,27602,55.38
20,737,CELEBRITY,EQ,21421,18374,85.78
20,738,CELLECOR,SM,78000,69000,88.46
20,739,CELLO,EQ,382117,196252,51.36
20,740,CELLPOINT,SM,6000,4800,80.00
20,741,CEMNTGROWW,EQ,351863,337219,95.84
20,742,CEMPRO,EQ,270250,172126,63.69
20,743,CENTENKA,EQ,42064,20934,49.77
20,744,CENTEXT,EQ,888517,551129,62.03
20,745,CENTRALBK,EQ,5054888,2606649,51.57
20,746,CENTRUM,EQ,128168,89939,70.17
20,747,CENTUM,EQ,42588,13857,32.54
20,748,CENTURYPLY,EQ,37273,17390,46.66
20,749,CERA,EQ,4096,2837,69.26
20,750,CESC,EQ,1720693,1035785,60.20
20,751,CEWATER,EQ,142855,76868,53.81
20,752,CFEL,EQ,171314,97728,57.05
20,753,CGCL,EQ,2889142,1151681,39.86
20,754,CGPOWER,EQ,3474919,1664786,47.91
20,755,CGRAPHICS,SM,58400,35200,60.27
20,756,CGVAK,EQ,2089,2021,96.74
20,757,CHALET,EQ,51795,27003,52.13
20,758,CHAMBLFERT,EQ,447469,274978,61.45
20,759,CHANDAN,SM,46400,32800,70.69
20,760,CHAVDA,SM,6000,3000,50.00
20,761,CHEMBOND,EQ,32132,13953,43.42
20,762,CHEMCRUX,EQ,5107,4033,78.97
20,763,CHEMFAB,EQ,2148,1590,74.02
20,764,CHEMICAL,EQ,511729,312555,61.08
20,765,CHEMPLASTS,EQ,241434,152233,63.05
20,766,CHENNPETRO,EQ,2061830,618792,30.01
20,767,CHETANA,SM,102400,88000,85.94
20,768,CHEVIOT,EQ,1305,1132,86.74
20,769,CHOICEGOLD,EQ,5092,2388,46.90
20,770,CHOICEIN,EQ,193485,91291,47.18
20,771,CHOLAFIN,EQ,1709145,961645,56.26
20,772,CHOLAHLDNG,EQ,79301,37108,46.79
20,773,CIEINDIA,EQ,207605,130548,62.88
20,774,CIFL,EQ,23450,14562,62.10
20,775,CINELINE,EQ,12901,7977,61.83
20,776,CINEVISTA,EQ,6564,5716,87.08
20,777,CIPLA,EQ,1225305,819754,66.90
20,778,CITIUSINVT,IV,30902,27497,88.98
20,779,CKKRETAIL,SM,1600,1600,100.00
20,780,CLASSICEIL,SM,46400,36800,79.31
20,781,CLAYCRAFT,SM,13200,9000,68.18
20,782,CLEAN,EQ,281497,144947,51.49
20,783,CLEANMAX,EQ,405886,201246,49.58
20,784,CLEDUCATE,EQ,24865,22713,91.35
20,785,CLSEL,EQ,80059,39040,48.76
20,786,CLSL,ST,4000,4000,100.00
20,787,CMLL,EQ,292036,143070,48.99
20,788,CMNL,SM,33000,29250,88.64
20,789,CMPDI,EQ,1650955,755411,45.76
20,790,CMRGREEN,EQ,282768,105412,37.28
20,791,CMSINFO,EQ,1409704,620261,44.00
20,792,CNL,EQ,20384,7040,34.54
20,793,COALINDIA,EQ,6128458,3806416,62.11
20,794,COASTCORP,EQ,132609,77087,58.13
20,795,COCHINSHIP,EQ,1989625,726811,36.53
20,796,COCKERILL,EQ,34982,11338,32.41
20,797,COFFEEDAY,EQ,693779,442405,63.77
20,798,COFORGE,EQ,4583784,2272318,49.57
20,799,COHANCE,EQ,383863,206023,53.67
20,800,COLPAL,EQ,670867,379105,56.51
20,801,COMFINTE,EQ,127261,110198,86.59
20,802,COMMITTED,SM,1600,1600,100.00
20,803,COMMOIETF,EQ,64836,36192,55.82
20,804,COMPEAU,EQ,10,5,50.00
20,805,COMPUSOFT,EQ,12297,7326,59.58
20,806,COMSYN,EQ,208274,142865,68.59
20,807,CONCOR,EQ,566088,246795,43.60
20,808,CONCORDBIO,EQ,97030,43868,45.21
20,809,CONFIPET,EQ,4869333,1511057,31.03
20,810,CONNPLEX,SM,96800,70400,72.73
20,811,CONS,EQ,23897,18151,75.96
20,812,CONSUMAXIS,EQ,1155,945,81.82
20,813,CONSUMBEES,EQ,78981,46873,59.35
20,814,CONSUMER,EQ,341421,243007,71.18
20,815,CONSUMIETF,EQ,6164,3275,53.13
20,816,CONTI,SM,9999,6666,66.67
20,817,CONTROLPR,EQ,22163,15878,71.64
20,818,COOLCAPS,SM,26250,22500,85.71
20,819,CORALFINAC,EQ,13223,7382,55.83
20,820,CORDELIA,EQ,2990405,1179102,39.43
20,821,CORDSCABLE,EQ,181308,90164,49.73
20,822,COROMANDEL,EQ,93758,60697,64.74
20,823,CORONA,EQ,90921,36083,39.69
20,824,COSMOFIRST,EQ,54106,31211,57.68
20,825,CPCAP,EQ,81592,31998,39.22
20,826,CPEDU,EQ,1860,1824,98.06
20,827,CPL,EQ,22223,13729,61.78
20,828,CPPLUS,EQ,182895,93183,50.95
20,829,CPS,SM,300,300,100.00
20,830,CPSEETF,EQ,1059209,753337,71.12
20,831,CRAFTSMAN,EQ,74009,43605,58.92
20,832,CRAMC,EQ,341060,179012,52.49
20,833,CRAVATEX,EQ,231,192,83.12
20,834,CRAYONS,SM,2000,2000,100.00
20,835,CREATIVEYE,EQ,4750,3977,83.73
20,836,CREDENT,SM,64200,48600,75.70
20,837,CREDITACC,EQ,188404,118971,63.15
20,838,CREST,EQ,6243,4399,70.46
20,839,CRESTO,EQ,25866,20080,77.63
20,840,CRISIL,EQ,45895,25710,56.02
20,841,CRIZAC,EQ,323052,165955,51.37
20,842,CROMPTON,EQ,1492514,743000,49.78
20,843,CROWN,EQ,7616,5975,78.45
20,844,CSBBANK,EQ,496189,237694,47.90
20,845,CSLFINANCE,EQ,78193,40834,52.22
20,846,CSM,EQ,1303153,233451,17.91
20,847,CSSL,SM,20000,15000,75.00
20,848,CUB,EQ,1260751,491164,38.96
20,849,CUBEINVIT,IV,305614,301481,98.65
20,850,CUBEXTUB,EQ,50132,27522,54.90
20,851,CUDML,SM,8000,7000,87.50
20,852,CUMMINSIND,EQ,304824,180206,59.12
20,853,CUPID,EQ,10885946,4541069,41.71
20,854,CURAA,EQ,419,323,77.09
20,855,CURIS,ST,21000,17000,80.95
20,856,CURRENT,SM,6400,6400,100.00
20,857,CYIENT,EQ,857646,333620,38.90
20,858,CYIENTDLM,EQ,468701,222958,47.57
20,859,DABUR,EQ,9936721,6351070,63.92
20,860,DALBHARAT,EQ,56698,31875,56.22
20,861,DALMIASUG,EQ,191352,96715,50.54
20,862,DAMCAPITAL,EQ,215682,116925,54.21
20,863,DANGEE,EQ,85525,78571,91.87
20,864,DANISH,SM,143400,130650,91.11
20,865,DATAMATICS,EQ,1393528,124238,8.92
20,866,DATAPATTNS,EQ,1100262,418482,38.03
20,867,DAVANGERE,EQ,38601423,15558020,40.30
20,868,DBCORP,EQ,119959,79409,66.20
20,869,DBEIL,EQ,205425,131053,63.80
20,870,DBL,EQ,222795,68671,30.82
20,871,DBOL,EQ,264141,153645,58.17
20,872,DBREALTY,EQ,1376663,875983,63.63
20,873,DCAL,EQ,903157,232441,25.74
20,874,DCBBANK,EQ,845015,453539,53.67
20,875,DCCL,SM,6000,6000,100.00
20,876,DCG,SM,93600,63600,67.95
20,877,DCI,EQ,4004396,413316,10.32
20,878,DCM,EQ,18824,16597,88.17
20,879,DCMFINSERV,EQ,16937,14896,87.95
20,880,DCMNVL,EQ,11960,7537,63.02
20,881,DCMSHRIRAM,EQ,54350,31227,57.46
20,882,DCMSIL,EQ,117329,75701,64.52
20,883,DCMSRIND,EQ,241420,165765,68.66
20,884,DCW,EQ,962522,511430,53.13
20,885,DCXINDIA,EQ,430267,203429,47.28
20,886,DDEVPLSTIK,EQ,77123,48431,62.80
20,887,DECCANCE,EQ,84609,25222,29.81
20,888,DECCANTRAN,SM,9600,7200,75.00
20,889,DECNGOLD,EQ,2417752,1056766,43.71
20,890,DEEDEV,EQ,225832,150602,66.69
20,891,DEEM,ST,2000,2000,100.00
20,892,DEEP,EQ,112049,59952,53.51
20,893,DEEPA,EQ,3282691,975905,29.73
20,894,DEEPAKFERT,EQ,232642,113648,48.85
20,895,DEEPAKNTR,EQ,208902,115803,55.43
20,896,DEEPINDS,EQ,492116,225753,45.87
20,897,DEFENCE,EQ,1049090,536231,51.11
20,898,DELAPLEX,SM,10800,7200,66.67
20,899,DELHIVERY,EQ,4661661,2655724,56.97
20,900,DELTACORP,EQ,983195,423072,43.03
20,901,DELTAMAGNT,EQ,2736,2100,76.75
20,902,DELTIC,SM,6000,4000,66.67
20,903,DEN,EQ,260934,212235,81.34
20,904,DENEERS,SM,7200,4800,66.67
20,905,DENORA,EQ,2684,1678,62.52
20,906,DENTA,EQ,83817,41935,50.03
20,907,DENTALKART,SM,32000,26750,83.59
20,908,DEVIT,EQ,25147,21773,86.58
20,909,DEVX,EQ,51741,28845,55.75
20,910,DEVYANI,EQ,2125386,1096244,51.58
20,911,DGCONTENT,EQ,4109,3807,92.65
20,912,DHAMPURSUG,EQ,529298,260162,49.15
20,913,DHANBANK,EQ,593184,344314,58.05
20,914,DHANSA,SM,42000,30000,71.43
20,915,DHANUKA,EQ,10086,6403,63.48
20,916,DHARARAIL,ST,15000,14000,93.33
20,917,DHARIWAL,SM,87000,66000,75.86
20,918,DHARMAJ,EQ,39754,24706,62.15
20,919,DHATRE,EQ,12333,10810,87.65
20,920,DHOOTTRANS,EQ,1966272,1071279,54.48
20,921,DHRUV,EQ,3779,3148,83.30
20,922,DHTL,SM,1600,1600,100.00
20,923,DHUNINV,EQ,570,490,85.96
20,924,DIAMINESQ,EQ,9661,4933,51.06
20,925,DIAMONDYD,EQ,11209,5678,50.66
20,926,DICIND,EQ,6058,4499,74.27
20,927,DIFFNKG,EQ,231431,80581,34.82
20,928,DIGIDRIVE,EQ,14370,9774,68.02
20,929,DIGIKORE,SM,30800,21200,68.83
20,930,DIGISPICE,EQ,161772,113606,70.23
20,931,DIGITIDE,EQ,220676,112141,50.82
20,932,DIGJAMLMTD,EQ,123964,85994,69.37
20,933,DISAQ,EQ,295,86,29.15
20,934,DISHTV,EQ,1142262,1025459,89.77
20,935,DIVGIITTS,EQ,113571,53156,46.80
20,936,DIVIDEND,EQ,7148,3895,54.49
20,937,DIVINEHIRA,ST,26400,22800,86.36
20,938,DIVISLAB,EQ,380826,265013,69.59
20,939,DIVOPPBEES,EQ,63890,38060,59.57
20,940,DIXON,EQ,431603,225864,52.33
20,941,DJML,EQ,92791,25518,27.50
20,942,DKEGL,SM,3000,1500,50.00
20,943,DLF,EQ,3668098,1997572,54.46
20,944,DLINKINDIA,EQ,110182,74532,67.64
20,945,DMART,EQ,496744,314303,63.27
20,946,DMCC,EQ,109990,62758,57.06
20,947,DNAMEDIA,EQ,16001,11673,72.95
20,948,DODLA,EQ,23425,13845,59.10
20,949,DOLATALGO,EQ,126104,56174,44.55
20,950,DOLLAR,EQ,46906,26725,56.98
20,951,DOLLEX,EQ,53119,46385,87.32
20,952,DOLPHIN,EQ,52528,22429,42.70
20,953,DOMS,EQ,19480,9059,46.50
20,954,DONEAR,EQ,15977,13346,83.53
20,955,DPABHUSHAN,EQ,18910,10154,53.70
20,956,DPEL,SM,52000,33500,64.42
20,957,DRAGARWQ,EQ,1747,1257,71.95
20,958,DRCSYSTEMS,EQ,32134,23584,73.39
20,959,DREAMFOLKS,EQ,74003,46797,63.24
20,960,DREDGECORP,EQ,75067,36549,48.69
20,961,DRONE,SM,41500,26500,63.86
20,962,DRREDDY,EQ,1810974,984566,54.37
20,963,DSSL,EQ,38862,17822,45.86
20,964,DUCOL,SM,6400,6400,100.00
20,965,DUCON,EQ,3110461,2515342,80.87
20,966,DUGLOBAL,SM,2500,2500,100.00
20,967,DURLAX,SM,98000,84000,85.71
20,968,DVL,EQ,13896,10668,76.77
20,969,DWARKESH,EQ,3030956,1369133,45.17
20,970,DYCL,EQ,406393,213648,52.57
20,971,DYNAMATECH,EQ,22745,10334,45.43
20,972,DYNAMIC,ST,2500,1500,60.00
20,973,DYNPRO,EQ,20261,12550,61.94
20,974,E2ERAIL,SM,315200,134400,42.64
20,975,EASEMYTRIP,EQ,14324287,5093395,35.56
20,976,EASTWEST,EQ,21580,12841,59.50
20,977,EBANK10,EQ,260,162,62.31
20,978,EBANKNIFTY,EQ,1851,1842,99.51
20,979,EBBETF0430,EQ,9077,6170,67.97
20,980,EBBETF0431,EQ,8761,7716,88.07
20,981,EBBETF0433,EQ,3976,2589,65.12
20,982,EBGNG,EQ,1306597,343225,26.27
20,983,ECAPINSURE,EQ,164338,110356,67.15
20,984,ECLERX,EQ,202420,77288,38.18
20,985,ECOLINE,ST,18000,13000,72.22
20,986,ECORECO,EQ,6437,4535,70.45
20,987,ECOSMOBLTY,EQ,96779,53631,55.42
20,988,EDELWEISS,EQ,9385808,4099505,43.68
20,989,EEPL,ST,11000,9000,81.82
20,990,EFACTOR,SM,9200,6400,69.57
20,991,EFCIL,EQ,171436,90534,52.81
20,992,EFFWA,SM,30000,17600,58.67
20,993,EFORCE,SM,4800,4800,100.00
20,994,EGOLD,EQ,53334,38406,72.01
20,995,EICHERMOT,EQ,353472,198460,56.15
20,996,EIDPARRY,EQ,339905,198477,58.39
20,997,EIEL,EQ,875481,398406,45.51
20,998,EIHAHOTELS,EQ,20478,12072,58.95
20,999,EIHOTEL,EQ,203168,118583,58.37
20,1000,EIMCOELECO,EQ,26475,14587,55.10
20,1001,EKC,EQ,215796,129018,59.79
20,1002,EKI,EQ,11049,7913,71.62
20,1003,ELANTAS,EQ,9233,3091,33.48
20,1004,ELCIDIN,EQ,11,8,72.73
20,1005,ELDEHSG,EQ,1007,645,64.05
20,1006,ELECON,EQ,171029,85968,50.27
20,1007,ELECTCAST,EQ,1365788,721866,52.85
20,1008,ELECTHERM,EQ,16105,8885,55.17
20,1009,ELGIEQUIP,EQ,626303,308067,49.19
20,1010,ELGIRUBCO,EQ,47619,32873,69.03
20,1011,ELGNZ,SM,13000,8000,61.54
20,1012,ELIN,EQ,169405,107449,63.43
20,1013,ELIQUID,EQ,26313,22620,85.97
20,1014,ELITECON,EQ,12249273,9266366,75.65
20,1015,ELLEN,EQ,1197962,526185,43.92
20,1016,ELM250,EQ,178808,134955,75.47
20,1017,ELMDIV,EQ,1456,1456,100.00
20,1018,ELPROINTL,EQ,17260,16017,92.80
20,1019,EMAMILTD,EQ,2883728,911343,31.60
20,1020,EMAMIREAL,EQ,5992,4297,71.71
20,1021,EMAPARTNER,SM,15000,13000,86.67
20,1022,EMBASSY,RR,489706,399974,81.68
20,1023,EMBDL,EQ,3033004,1381966,45.56
20,1024,EMCURE,EQ,239137,122057,51.04
20,1025,EMETAL,EQ,14974,13488,90.08
20,1026,EMIL,EQ,1398144,624110,44.64
20,1027,EMKAY,EQ,26566,19107,71.92
20,1028,EMKAYTOOLS,SM,1200,1050,87.50
20,1029,EMMIL,SM,2250,2250,100.00
20,1030,EMMVEE,EQ,2890305,1326893,45.91
20,1031,EMPIND,EQ,3778,2177,57.62
20,1032,EMPOWER,EQ,20036776,10701379,53.41
20,1033,EMSLIMITED,EQ,200788,85224,42.44
20,1034,EMUDHRA,EQ,1550701,509804,32.88
20,1035,EMULTIMQ,EQ,40554,35019,86.35
20,1036,ENCOMPAS,SM,800,800,100.00
20,1037,ENDURANCE,EQ,45517,23280,51.15
20,1038,ENERGY,EQ,440593,278868,63.29
20,1039,ENERGYAXIS,EQ,24801,22147,89.30
20,1040,ENERGYDEV,EQ,50557,32831,64.94
20,1041,ENEXT50,EQ,952,556,58.40
20,1042,ENFUSE,SM,1200,1200,100.00
20,1043,ENGINERSIN,EQ,2408462,1054794,43.80
20,1044,ENIFTY,EQ,7916,7900,99.80
20,1045,ENIL,EQ,9593,7342,76.53
20,1046,ENKEIWHEL,EQ,2736,2047,74.82
20,1047,ENRIN,EQ,304976,167523,54.93
20,1048,ENSER,SM,10000,10000,100.00
20,1049,ENTERO,EQ,144363,75791,52.50
20,1050,ENVIRO,SM,114000,96000,84.21
20,1051,EPACK,EQ,422360,180844,42.82
20,1052,EPACKPEB,EQ,705316,292326,41.45
20,1053,EPIGRAL,EQ,49513,29869,60.33
20,1054,EPL,EQ,1961583,1053018,53.68
20,1055,EPWINDIA,ST,12000,9600,80.00
20,1056,EQUAL200,EQ,30673,18940,61.75
20,1057,EQUAL50,EQ,1653,818,49.49
20,1058,EQUAL50ADD,EQ,78106,66912,85.67
20,1059,EQUITASBNK,EQ,1749775,1022844,58.46
20,1060,ERIS,EQ,44182,22949,51.94
20,1061,ESABINDIA,EQ,5649,3431,60.74
20,1062,ESCONET,ST,11600,9600,82.76
20,1063,ESCORTS,EQ,49945,24512,49.08
20,1064,ESDS,EQ,6742443,1132421,16.80
20,1065,ESENSEX,EQ,149,106,71.14
20,1066,ESFL,SM,21600,18360,85.00
20,1067,ESG,EQ,17564,12329,70.19
20,1068,ESILVER,EQ,23787,7585,31.89
20,1069,ESPRIT,SM,1600,1600,100.00
20,1070,ESSARSHPNG,EQ,184779,135042,73.08
20,1071,ESSENTIA,EQ,1407735,1134505,80.59
20,1072,ESTER,EQ,59979,37622,62.73
20,1073,ETERNAL,EQ,12538697,5944993,47.41
20,1074,ETHOSLTD,EQ,26476,11976,45.23
20,1075,ETML,SM,12000,8400,70.00
20,1076,EUREKAFORB,EQ,97508,40401,41.43
20,1077,EUROBOND,EQ,2050,1649,80.44
20,1078,EUROPRATIK,EQ,231445,25115,10.85
20,1079,EVEREADY,EQ,204803,85920,41.95
20,1080,EVIETF,EQ,138619,77543,55.94
20,1081,EVINDIA,EQ,246999,146654,59.37
20,1082,EXCELINDUS,EQ,12066,6220,51.55
20,1083,EXCELSOFT,EQ,2340141,568541,24.30
20,1084,EXICOM,EQ,1644397,751262,45.69
20,1085,EXIDEIND,EQ,1537472,702818,45.71
20,1086,EXIMROUTES,SM,92800,92800,100.00
20,1087,EXPLEOSOL,EQ,33126,14093,42.54
20,1088,EXXARO,EQ,241706,201079,83.19
20,1089,FABTECH,EQ,95273,71472,75.02
20,1090,FACT,EQ,118792,40946,34.47
20,1091,FALCONTECH,SM,1200,1200,100.00
20,1092,FASCINATE,SM,71200,64800,91.01
20,1093,FAZE3Q,EQ,16501,9448,57.26
20,1094,FCL,EQ,29470137,9020891,30.61
20,1095,FCSSOFT,EQ,1322981,848722,64.15
20,1096,FDC,EQ,470213,175873,37.40
20,1097,FEDDERSHOL,EQ,1540025,356687,23.16
20,1098,FEDERALBNK,EQ,3090047,1846260,59.75
20,1099,FEDFINA,EQ,598566,310490,51.87
20,1100,FELIX,SM,166000,94000,56.63
20,1101,FERMENTA,EQ,59767,40328,67.48
20,1102,FIBERWEB,EQ,17411,12784,73.42
20,1103,FIDEL,SM,7000,6000,85.71
20,1104,FIEMIND,EQ,61058,37180,60.89
20,1105,FILATEX,EQ,8356838,2290940,27.41
20,1106,FILATFASH,EQ,17462471,14665065,83.98
20,1107,FINBUD,SM,30000,22000,73.33
20,1108,FINCABLES,EQ,1266116,468850,37.03
20,1109,FINEORG,EQ,18010,12483,69.31
20,1110,FINIETF,EQ,463798,255328,55.05
20,1111,FINKURVE,EQ,389220,124428,31.97
20,1112,FINOPB,EQ,136375,70196,51.47
20,1113,FINPIPE,EQ,428132,232686,54.35
20,1114,FIRSTCRY,EQ,53340405,3306214,6.20
20,1115,FISCHER,EQ,300708,180404,59.99
20,1116,FIVESTAR,EQ,513721,218081,42.45
20,1117,FLAIR,EQ,69539,38491,55.35
20,1118,FLEXIADD,EQ,585333,318255,54.37
20,1119,FLUOROCHEM,EQ,130548,72491,55.53
20,1120,FLYSBS,SM,101200,70000,69.17
20,1121,FMCGADD,EQ,31238,11703,37.46
20,1122,FMCGIETF,EQ,1575053,960769,61.00
20,1123,FMGOETZE,EQ,274593,104245,37.96
20,1124,FMNL,EQ,45720,41614,91.02
20,1125,FONEBOX,SM,25000,25000,100.00
20,1126,FOODSIN,EQ,50438,34197,67.80
20,1127,FORCAS,ST,16000,16000,100.00
20,1128,FORCEMOT,EQ,68042,34607,50.86
20,1129,FORGEAUTO,SM,7200,7200,100.00
20,1130,FORTIS,EQ,842800,471977,56.00
20,1131,FOSECOIND,EQ,11949,5276,44.15
20,1132,FRACTAL,EQ,404374,252636,62.48
20,1133,FREDUN,EQ,66072,28536,43.19
20,1134,FRESHARA,ST,14400,14400,100.00
20,1135,FROG,SM,114400,63200,55.24
20,1136,FRONTSP,EQ,19127,11916,62.30
20,1137,FSL,EQ,33931358,3500036,10.32
20,1138,FUSION,EQ,495689,250946,50.63
20,1139,GABRIEL,EQ,212338,82865,39.03
20,1140,GAEL,EQ,602826,305243,50.64
20,1141,GAIL,EQ,6202446,4013018,64.70
20,1142,GAJA,EQ,792538,382084,48.21
20,1143,GAJANAND,SM,3000,3000,100.00
20,1144,GALAPREC,EQ,25832,13302,51.49
20,1145,GALAXYSURF,EQ,22677,9544,42.09
20,1146,GALLANTT,EQ,75010,45098,60.12
20,1147,GANDHAR,EQ,886074,442500,49.94
20,1148,GANDHITUBE,EQ,3736,2481,66.41
20,1149,GANECOS,EQ,80714,36800,45.59
20,1150,GANESHCP,EQ,70307,28207,40.12
20,1151,GANESHHOU,EQ,26112,15820,60.59
20,1152,GANESHIN,ST,30400,27200,89.47
20,1153,GANGABATH,SM,3000,3000,100.00
20,1154,GANGAFORGE,EQ,5791282,2691311,46.47
20,1155,GANGESSECU,EQ,355,219,61.69
20,1156,GARFIBRES,EQ,70578,32795,46.47
20,1157,GARUDA,EQ,384253,157314,40.94
20,1158,GATEWAY,EQ,543148,356978,65.72
20,1159,GAUDIUMIVF,EQ,217265,143891,66.23
20,1160,GAYAHWS,EQ,169792,154502,90.99
20,1161,GAYAPROJ,EQ,3617474,1835339,50.74
20,1162,GCHOTELS,ST,58200,56400,96.91
20,1163,GCSL,EQ,1181049,661802,56.04
20,1164,GEEKAYWIRE,EQ,463841,148249,31.96
20,1165,GEMAROMA,EQ,100204,77995,77.84
20,1166,GENCON,EQ,240268,17010,7.08
20,1167,GENESYS,EQ,945103,290260,30.71
20,1168,GENUSPAPER,EQ,197130,133552,67.75
20,1169,GENUSPOWER,EQ,1644408,923621,56.17
20,1170,GENXAI,SM,21600,21600,100.00
20,1171,GEOJITFSL,EQ,214765,109674,51.07
20,1172,GESHIP,EQ,1189720,711164,59.78
20,1173,GFLLIMITED,EQ,88311,52845,59.84
20,1174,GFSTEELS,EQ,6049,5409,89.42
20,1175,GGBL,SM,30300,22800,75.25
20,1176,GHCL,EQ,100745,58962,58.53
20,1177,GHCLTEXTIL,EQ,1302642,674416,51.77
20,1178,GICHSGFIN,EQ,50826,35493,69.83
20,1179,GICRE,EQ,370114,205905,55.63
20,1180,GILLANDERS,EQ,3729,2981,79.94
20,1181,GILLETTE,EQ,11161,5915,53.00
20,1182,GILT10BETA,EQ,464,359,77.37
20,1183,GILT5BETA,EQ,5511,4564,82.82
20,1184,GILT5YBEES,EQ,285839,211112,73.86
20,1185,GIPCL,EQ,638722,404243,63.29
20,1186,GIRIRAJ,SM,16250,15750,96.92
20,1187,GJL,ST,1600,1600,100.00
20,1188,GKB,EQ,340,340,100.00
20,1189,GKENERGY,EQ,220707,135478,61.38
20,1190,GKSL,EQ,852318,252635,29.64
20,1191,GKWLIMITED,EQ,423,358,84.63
20,1192,GLAND,EQ,497958,305756,61.40
20,1193,GLAXO,EQ,39814,21054,52.88
20,1194,GLENMARK,EQ,275789,141296,51.23
20,1195,GLFL,EQ,13041,11439,87.72
20,1196,GLOBAL,EQ,86903,51141,58.85
20,1197,GLOBALE,EQ,2350,1193,50.77
20,1198,GLOBALPET,SM,750,750,100.00
20,1199,GLOBALVECT,EQ,7660,4920,64.23
20,1200,GLOBE,EQ,241250,183831,76.20
20,1201,GLOBECIVIL,EQ,83670,21442,25.63
20,1202,GLOBUSSPR,EQ,116617,59792,51.27
20,1203,GLOSTERLTD,EQ,2489,2313,92.93
20,1204,GLOTTIS,EQ,26442,22404,84.73
20,1205,GMBREW,EQ,19543,11704,59.89
20,1206,GMDCLTD,EQ,947898,397889,41.98
20,1207,GMMPFAUDLR,EQ,1157001,475712,41.12
20,1208,GMRAIRPORT,EQ,10370386,5988651,57.75
20,1209,GMRP&UI,EQ,813767,403675,49.61
20,1210,GNA,EQ,183815,104575,56.89
20,1211,GNFC,EQ,486266,315361,64.85
20,1212,GNRL,EQ,76246,41106,53.91
20,1213,GOACARBON,EQ,48024,20697,43.10
20,1214,GOCLCORP,EQ,209907,91391,43.54
20,1215,GOCOLORS,EQ,186618,94665,50.73
20,1216,GODAVARIB,EQ,65919,42225,64.06
20,1217,GODFRYPHLP,EQ,153558,49299,32.10
20,1218,GODIGIT,EQ,89335,38862,43.50
20,1219,GODREJAGRO,EQ,210484,98871,46.97
20,1220,GODREJCP,EQ,1176819,686620,58.35
20,1221,GODREJIND,EQ,51244,20908,40.80
20,1222,GODREJPROP,EQ,1071741,417593,38.96
20,1223,GOKEX,EQ,222959,112396,50.41
20,1224,GOKUL,EQ,194895,57528,29.52
20,1225,GOKULAGRO,EQ,250526,143640,57.34
20,1226,GOLD1,EQ,2132188,1406369,65.96
20,1227,GOLD360,EQ,13408,7856,58.59
20,1228,GOLDADD,EQ,4200093,2695779,64.18
20,1229,GOLDAXIS,EQ,3738148,2912542,77.91
20,1230,GOLDBEES,EQ,23136571,12184573,52.66
20,1231,GOLDBETA,EQ,719783,567628,78.86
20,1232,GOLDBND,EQ,7270,3265,44.91
20,1233,GOLDCASE,EQ,9637798,4463003,46.31
20,1234,GOLDETF,EQ,1698626,843304,49.65
20,1235,GOLDIAM,EQ,797777,256367,32.14
20,1236,GOLDIETF,EQ,6488971,3679012,56.70
20,1237,GOLDSTAR,SM,135000,123750,91.67
20,1238,GOODLUCK,EQ,708900,292033,41.20
20,1239,GOODYEAR,EQ,2756,2048,74.31
20,1240,GOPAL,EQ,99187,67083,67.63
20,1241,GOYALALUM,EQ,79378,53594,67.52
20,1242,GPECO,SM,9400,7800,82.98
20,1243,GPIL,EQ,1827411,945072,51.72
20,1244,GPPL,EQ,3555183,1758947,49.48
20,1245,GPTHEALTH,EQ,140502,66423,47.28
20,1246,GPTINFRA,EQ,131226,67346,51.32
20,1247,GRADIENTE,EQ,732804,398566,54.39
20,1248,GRANDOAK,EQ,6532,5069,77.60
20,1249,GRANULES,EQ,2106282,1133539,53.82
20,1250,GRAPHISAD,SM,18000,15600,86.67
20,1251,GRAPHITE,EQ,1871773,667045,35.64
20,1252,GRASIM,EQ,1332882,834939,62.64
20,1253,GRAUWEIL,EQ,415681,216527,52.09
20,1254,GRAVISSHO,EQ,129348,73809,57.06
20,1255,GRAVITA,EQ,126737,67435,53.21
20,1256,GREAVESCOT,EQ,743150,395376,53.20
20,1257,GREENCHEF,SM,32800,26400,80.49
20,1258,GREENLAM,EQ,75209,47421,63.05
20,1259,GREENLEAF,ST,23000,21000,91.30
20,1260,GREENPANEL,EQ,312484,176041,56.34
20,1261,GREENPLY,EQ,133626,68655,51.38
20,1262,GREENPOWER,EQ,2901357,1540668,53.10
20,1263,GRETEX,SM,1500,1500,100.00
20,1264,GRINDWELL,EQ,25743,14969,58.15
20,1265,GRINFRA,EQ,11367,6285,55.29
20,1266,GRMOVER,EQ,1030464,240029,23.29
20,1267,GROBTEA,EQ,29,28,96.55
20,1268,GROWW,EQ,30383521,14327049,47.15
20,1269,GROWWCAPM,EQ,363928,276180,75.89
20,1270,GROWWCHEM,EQ,61518,40645,66.07
20,1271,GROWWDEFNC,EQ,976099,568430,58.23
20,1272,GROWWEV,EQ,410821,284651,69.29
20,1273,GROWWGOLD,EQ,1300210,734686,56.51
20,1274,GROWWHOSPI,EQ,451511,387542,85.83
20,1275,GROWWLIQID,EQ,665002,454458,68.34
20,1276,GROWWLOVOL,EQ,13459,6468,48.06
20,1277,GROWWMC150,EQ,1163,1021,87.79
20,1278,GROWWMETAL,EQ,481451,281328,58.43
20,1279,GROWWMOM50,EQ,325305,265471,81.61
20,1280,GROWWN200,EQ,47350,24617,51.99
20,1281,GROWWNET,EQ,698152,549477,78.70
20,1282,GROWWNIFTY,EQ,1309024,917047,70.06
20,1283,GROWWNXT50,EQ,10799,5251,48.62
20,1284,GROWWPOWER,EQ,3180372,2210809,69.51
20,1285,GROWWPSE,EQ,6296,4693,74.54
20,1286,GROWWPSUBK,EQ,11159,5905,52.92
20,1287,GROWWRAIL,EQ,1062100,905124,85.22
20,1288,GROWWRLTY,EQ,1423895,1215942,85.40
20,1289,GROWWSC250,EQ,240576,199076,82.75
20,1290,GROWWSLVR,EQ,1709364,538154,31.48
20,1291,GRPLTD,EQ,20058,16432,81.92
20,1292,GRSE,EQ,270785,133895,49.45
20,1293,GRWRHITECH,EQ,31955,13501,42.25
20,1294,GSEC10ABSL,EQ,6,6,100.00
20,1295,GSEC10ADD,EQ,519,507,97.69
20,1296,GSEC10IETF,EQ,387,387,100.00
20,1297,GSEC10YEAR,EQ,1000,786,78.60
20,1298,GSEC5IETF,EQ,18951,10000,52.77
20,1299,GSFC,EQ,1068484,593985,55.59
20,1300,GSLSU,EQ,84868,53089,62.55
20,1301,GSMFOILS,SM,738500,374000,50.64
20,1302,GSPCROP,EQ,389136,67053,17.23
20,1303,GSS,EQ,64657,50280,77.76
20,1304,GSTL,SM,4000,4000,100.00
20,1305,GTECJAINX,EQ,20231,12309,60.84
20,1306,GTL,EQ,147661,91487,61.96
20,1307,GTLINFRA,EQ,39824241,18714756,46.99
20,1308,GTPL,EQ,88762,73468,82.77
20,1309,GUFICBIO,EQ,60589,36771,60.69
20,1310,GUJALKALI,EQ,138916,57761,41.58
20,1311,GUJAPOLLO,EQ,126274,93747,74.24
20,1312,GUJENERGY,EQ,1350191,727570,53.89
20,1313,GUJRAFFIA,EQ,607,392,64.58
20,1314,GUJTHEM,EQ,668088,313270,46.89
20,1315,GULFOILLUB,EQ,43293,21476,49.61
20,1316,GULPOLY,EQ,150847,83210,55.16
20,1317,GURUNANAK,SM,8000,8000,100.00
20,1318,GVPIL,EQ,211646,118530,56.00
20,1319,GVT&D,EQ,1106490,500736,45.25
20,1320,GYFTR,EQ,26808,18171,67.78
20,1321,HAL,EQ,809202,391901,48.43
20,1322,HALDER,EQ,20914,5080,24.29
20,1323,HALEOSLABS,EQ,1964,1530,77.90
20,1324,HAMPTON,EQ,363072,357413,98.44
20,1325,HAPPSTMNDS,EQ,1167686,356959,30.57
20,1326,HAPPY,SM,52000,32000,61.54
20,1327,HAPPYFORGE,EQ,75023,49086,65.43
20,1328,HARDWYN,EQ,3135827,2527113,80.59
20,1329,HARIOMPIPE,EQ,64036,36994,57.77
20,1330,HARRMALAYA,EQ,9460,5803,61.34
20,1331,HARSHA,EQ,103103,59233,57.45
20,1332,HATHWAY,EQ,1951309,936061,47.97
20,1333,HATSUN,EQ,874664,105691,12.08
20,1334,HAVELLS,EQ,1017899,570509,56.05
20,1335,HAVISHA,EQ,8098,7172,88.57
20,1336,HAWKINCOOK,EQ,2478,1292,52.14
20,1337,HAZOOR,EQ,297628,173696,58.36
20,1338,HBESD,EQ,650,526,80.92
20,1339,HBLENGINE,EQ,1095218,597758,54.58
20,1340,HBPOR,EQ,1364,1346,98.68
20,1341,HBSL,EQ,348,289,83.05
20,1342,HCC,EQ,20566631,8684258,42.22
20,1343,HCG,EQ,69865,32518,46.54
20,1344,HCL-INSYS,EQ,219639,149488,68.06
20,1345,HCLTECH,EQ,4443984,1375726,30.96
20,1346,HDBFS,EQ,220611,138781,62.91
20,1347,HDFCAMC,EQ,652383,421588,64.62
20,1348,HDFCBANK,EQ,50387632,27250373,54.08
20,1349,HDFCBSE500,EQ,722175,684792,94.82
20,1350,HDFCGOLD,EQ,4525096,2623499,57.98
20,1351,HDFCGROWTH,EQ,6778,3029,44.69
20,1352,HDFCLIFE,EQ,4844755,3252846,67.14
20,1353,HDFCLIQUID,EQ,35033,27313,77.96
20,1354,HDFCLOWVOL,EQ,16438,15116,91.96
20,1355,HDFCMID150,EQ,1419493,625622,44.07
20,1356,HDFCMOMENT,EQ,317341,173791,54.76
20,1357,HDFCNEXT50,EQ,160026,100934,63.07
20,1358,HDFCNIF100,EQ,114491,48153,42.06
20,1359,HDFCNIFBAN,EQ,81621,38498,47.17
20,1360,HDFCNIFIT,EQ,358822,254527,70.93
20,1361,HDFCNIFTY,EQ,1811012,1613569,89.10
20,1362,HDFCNIMEG,EQ,4153,2278,54.85
20,1363,HDFCPSUBK,EQ,26997,14221,52.68
20,1364,HDFCPVTBAN,EQ,63514,49997,78.72
20,1365,HDFCQUAL,EQ,17570,7931,45.14
20,1366,HDFCSENSEX,EQ,134553,110241,81.93
20,1367,HDFCSILVER,EQ,3464974,1544949,44.59
20,1368,HDFCSML250,EQ,3283413,2434912,74.16
20,1369,HDFCVALUE,EQ,10278,5491,53.42
20,1370,HEADSUP,EQ,7511,6517,86.77
20,1371,HEALTHADD,EQ,66843,62842,94.01
20,1372,HEALTHAXIS,EQ,3445,2104,61.07
20,1373,HEALTHCARE,EQ,50176,29981,59.75
20,1374,HEALTHIETF,EQ,136608,70002,51.24
20,1375,HEALTHX,EQ,1370,1207,88.10
20,1376,HEALTHY,EQ,239809,145046,60.48
20,1377,HECPROJECT,EQ,3554,2887,81.23
20,1378,HEIDELBERG,EQ,283324,103015,36.36
20,1379,HEMIPROP,EQ,524451,247063,47.11
20,1380,HERANBA,EQ,25094,11895,47.40
20,1381,HERITGFOOD,EQ,572936,229473,40.05
20,1382,HEROMOTOCO,EQ,666103,383983,57.65
20,1383,HESTERBIO,EQ,4443,2213,49.81
20,1384,HEXATRADEX,EQ,5215,4866,93.31
20,1385,HEXT,EQ,441056,109365,24.80
20,1386,HGINFRA,EQ,46258,29628,64.05
20,1387,HGM,EQ,5577,5317,95.34
20,1388,HGS,EQ,8605,5345,62.12
20,1389,HIGREEN,SM,13600,9600,70.59
20,1390,HIKAL,EQ,851825,359891,42.25
20,1391,HILINFRA,EQ,189762,63584,33.51
20,1392,HILTON,EQ,144053,104335,72.43
20,1393,HIMATSEIDE,EQ,571755,377116,65.96
20,1394,HINDADH,EQ,5611,5245,93.48
20,1395,HINDALCO,EQ,2245506,1269156,56.52
20,1396,HINDALUMI,EQ,2235,1495,66.89
20,1397,HINDCOMPOS,EQ,2565,1982,77.27
20,1398,HINDCON,EQ,23558,18897,80.21
20,1399,HINDCOPPER,EQ,6982438,3605965,51.64
20,1400,HINDOILEXP,EQ,844381,392975,46.54
20,1401,HINDPETRO,EQ,2494296,1121476,44.96
20,1402,HINDUNILVR,EQ,1715702,1014913,59.15
20,1403,HINDWAREAP,EQ,75927,39182,51.60
20,1404,HINDZINC,EQ,2402454,1396193,58.12
20,1405,HIRECT,EQ,59699,30119,50.45
20,1406,HISARMETAL,EQ,327,259,79.20
20,1407,HITECH,EQ,553825,335487,60.58
20,1408,HLEGLAS,EQ,745010,228768,30.71
20,1409,HLVLTD,EQ,150511,119667,79.51
20,1410,HMAAGRO,EQ,35613186,7985931,22.42
20,1411,HNDFDS,EQ,67519,37438,55.45
20,1412,HNGSNGBEES,EQ,115384,73930,64.07
20,1413,HOACFOODS,ST,4875,4875,100.00
20,1414,HOLMARC,SM,21750,21750,100.00
20,1415,HOMEFIRST,EQ,137211,93618,68.23
20,1416,HONASA,EQ,707821,408549,57.72
20,1417,HONAUT,EQ,2651,1289,48.62
20,1418,HONDAPOWER,EQ,3003,2057,68.50
20,1419,HORIZONIND,EQ,3996553,2434143,60.91
20,1420,HPAL,EQ,64781,40341,62.27
20,1421,HPIL,EQ,353,349,98.87
20,1422,HPL,EQ,76209,45728,60.00
20,1423,HPTL,SM,13200,10800,81.82
20,1424,HRHNEXT,SM,16500,16500,100.00
20,1425,HRYNSHP,EQ,1212,1159,95.63
20,1426,HSBCGOLD,EQ,17672,10384,58.76
20,1427,HSCL,EQ,7510515,1768479,23.55
20,1428,HTMEDIA,EQ,254895,213065,83.59
20,1429,HUBTOWN,EQ,309472,195385,63.13
20,1430,HUDCO,EQ,1454761,880314,60.51
20,1431,HUHTAMAKI,EQ,241632,131883,54.58
20,1432,HVAX,SM,3750,3600,96.00
20,1433,HYBRIDETF,EQ,94732,94674,99.94
20,1434,HYUNDAI,EQ,451786,178661,39.55
20,1435,IBLFL,SM,4000,4000,100.00
20,1436,IBULLSLTD,EQ,2593006,2586956,99.77
20,1437,ICELCO,SM,40800,30000,73.53
20,1438,ICEMAKE,EQ,33055,20936,63.34
20,1439,ICICIAMC,EQ,840166,520219,61.92
20,1440,ICICIB22,EQ,463142,261672,56.50
20,1441,ICICIBANK,EQ,10133488,6648943,65.61
20,1442,ICICIGI,EQ,951910,515035,54.11
20,1443,ICICIPRULI,EQ,941756,544588,57.83
20,1444,ICIL,EQ,281524,123218,43.77
20,1445,ICRA,EQ,17598,9833,55.88
20,1446,IDBI,EQ,50187288,16100301,32.08
20,1447,IDEA,EQ,368743044,140168133,38.01
20,1448,IDEAFORGE,EQ,238794,138243,57.89
20,1449,IDENTICAL,SM,16000,8000,50.00
20,1450,IDFCFIRSTB,EQ,25183922,15090849,59.92
20,1451,IDFNIFTYET,EQ,1273,744,58.44
20,1452,IEML,ST,86500,85000,98.27
20,1453,IEX,EQ,5438969,2852281,52.44
20,1454,IFBAGRO,EQ,2760,1927,69.82
20,1455,IFBIND,EQ,43228,18339,42.42
20,1456,IFCI,EQ,81195084,16181360,19.93
20,1457,IFGLEXPOR,EQ,26283,13381,50.91
20,1458,IGARASHI,EQ,13011373,503412,3.87
20,1459,IGCL,EQ,238447,91670,38.44
20,1460,IGIL,EQ,503750,296474,58.85
20,1461,IGL,EQ,1069089,663857,62.10
20,1462,IGPL,EQ,69170,37609,54.37
20,1463,IIFL,EQ,2152091,997336,46.34
20,1464,IIFL60326,YB,50,50,100.00
20,1465,IIFLCAPS,EQ,305457,213838,70.01
20,1466,IIFLZC28C,N6,10,10,100.00
20,1467,IITL,EQ,96948,14835,15.30
20,1468,IKIO,EQ,350513,149172,42.56
20,1469,IKS,EQ,172263,92112,53.47
20,1470,IMAGICAA,EQ,686219,359924,52.45
20,1471,IMC1,N1,93,93,100.00
20,1472,IMC1,N2,813,813,100.00
20,1473,IMC1,N3,345,345,100.00
20,1474,IMFA,EQ,142336,62238,43.73
20,1475,IMPAL,EQ,2157,1512,70.10
20,1476,INA,EQ,1853188,767317,41.41
20,1477,INCREDIBLE,EQ,3062,2111,68.94
20,1478,INDBANK,EQ,37094,24549,66.18
20,1479,INDGN,EQ,317962,187817,59.07
20,1480,INDHOTEL,EQ,2423706,1190570,49.12
20,1481,INDIACEM,EQ,61327,30445,49.64
20,1482,INDIAMART,EQ,56056,27302,48.70
20,1483,INDIANB,EQ,754029,444895,59.00
20,1484,INDIANCARD,EQ,589,374,63.50
20,1485,INDIANHUME,EQ,31542,18579,58.90
20,1486,INDIASHLTR,EQ,99067,47382,47.83
20,1487,INDIGO,EQ,860472,442342,51.41
20,1488,INDIGOPNTS,EQ,62095,29924,48.19
20,1489,INDIGRID,IV,464327,424532,91.43
20,1490,INDIQUBE,EQ,30153,21073,69.89
20,1491,INDNIPPON,EQ,96043,40007,41.66
20,1492,INDOBORAX,EQ,103157,45264,43.88
20,1493,INDOCO,EQ,354504,135387,38.19
20,1494,INDOFARM,EQ,72050,34121,47.36
20,1495,INDOKEM,EQ,3603,2339,64.92
20,1496,INDOMIM,EQ,1440023,557595,38.72
20,1497,INDORAMA,EQ,4750924,1428271,30.06
20,1498,INDOSTAR,EQ,94427,49563,52.49
20,1499,INDOTECH,EQ,32734,19324,59.03
20,1500,INDOTHAI,EQ,690854,440253,63.73
20,1501,INDOUS,EQ,2244,1869,83.29
20,1502,INDOWIND,EQ,81422,63022,77.40
20,1503,INDPRUD,EQ,67,67,100.00
20,1504,INDRAMEDCO,EQ,259219,169419,65.36
20,1505,INDSWFTLAB,EQ,366134,188852,51.58
20,1506,INDTERRAIN,EQ,30326,26046,85.89
20,1507,INDUSINDBK,EQ,1511601,889994,58.88
20,1508,INDUSINVIT,IV,74876,55836,74.57
20,1509,INDUSTOWER,EQ,3807593,2221802,58.35
20,1510,INFINIUM,SM,8500,7000,82.35
20,1511,INFLUX,SM,49800,36000,72.29
20,1512,INFOBEAN,EQ,416949,119613,28.69
20,1513,INFOLLION,SM,8400,6400,76.19
20,1514,INFOMEDIA,EQ,2424,1916,79.04
20,1515,INFRA,EQ,173654,113585,65.41
20,1516,INFRABEES,EQ,14798,9141,61.77
20,1517,INFRAIETF,EQ,181412,113694,62.67
20,1518,INFY,EQ,14816117,7570972,51.10
20,1519,INGERRAND,EQ,31530,14247,45.19
20,1520,INNOMET,ST,70800,63600,89.83
20,1521,INNOVACAP,EQ,216521,52506,24.25
20,1522,INNOVANA,EQ,29412,4909,16.69
20,1523,INNOVISION,EQ,13741,7107,51.72
20,1524,INOXGREEN,EQ,1508686,651383,43.18
20,1525,INOXINDIA,EQ,531067,237072,44.64
20,1526,INOXWIND,EQ,9034365,3375775,37.37
20,1527,INSECTICID,EQ,10796,6380,59.10
20,1528,INSPIRISYS,EQ,5846,5263,90.03
20,1529,INSUREIETF,EQ,646486,580961,89.86
20,1530,INTELLECT,EQ,405465,187382,46.21
20,1531,INTENTECH,EQ,8255,3213,38.92
20,1532,INTERARCH,EQ,49337,32439,65.75
20,1533,INTERNET,EQ,237631,124217,52.27
20,1534,INTLCONV,EQ,38383,23530,61.30
20,1535,INVENTURE,EQ,357866,235435,65.79
20,1536,INVICTA,SM,12800,8000,62.50
20,1537,IOB,EQ,2198392,1079210,49.09
20,1538,IOC,EQ,10870933,6853228,63.04
20,1539,IOLCP,EQ,5315214,2261390,42.55
20,1540,IONEXCHANG,EQ,401926,175152,43.58
20,1541,IPCALAB,EQ,274487,174308,63.50
20,1542,IPHL,SM,16800,13200,78.57
20,1543,IPL,EQ,99694,60923,61.11
20,1544,IPRINGLTD,EQ,1943,1608,82.76
20,1545,IRB,EQ,9392762,4684704,49.88
20,1546,IRBINVIT,IV,448609,403077,89.85
20,1547,IRCON,EQ,1868607,900767,48.21
20,1548,IRCTC,EQ,660178,373681,56.60
20,1549,IREDA,EQ,3982851,1896538,47.62
20,1550,IRFC,EQ,8655447,4219871,48.75
20,1551,IRIS,EQ,28017,12139,43.33
20,1552,IRISDOREME,EQ,514737,299566,58.20
20,1553,IRMENERGY,EQ,78878,36007,45.65
20,1554,ISFT,EQ,115249,8295,7.20
20,1555,ISGEC,EQ,33880,19398,57.26
20,1556,ISHAN,SM,528000,528000,100.00
20,1557,ISHANCH,EQ,55167,52799,95.71
20,1558,ISTLTD,EQ,311,236,75.88
20,1559,IT,EQ,995806,319780,32.11
20,1560,ITADD,EQ,131176,56479,43.06
20,1561,ITALIANE,SM,2000,2000,100.00
20,1562,ITAXIS,EQ,12083,7384,61.11
20,1563,ITBEES,EQ,26293348,11948473,45.44
20,1564,ITBETA,EQ,1781,1332,74.79
20,1565,ITC,EQ,12133201,6580980,54.24
20,1566,ITCHOTELS,EQ,1141335,662529,58.05
20,1567,ITDC,EQ,186964,46971,25.12
20,1568,ITETF,EQ,430820,220002,51.07
20,1569,ITI,EQ,160701,70704,44.00
20,1570,ITIETF,EQ,1570613,489359,31.16
20,1571,ITL,EQ,412,312,75.73
20,1572,IVALUE,EQ,112181,53866,48.02
20,1573,IVC,EQ,1241350,802468,64.64
20,1574,IVZBANKNF,EQ,10711,10633,99.27
20,1575,IVZINGOLD,EQ,10693,4974,46.52
20,1576,IVZINNIFTY,EQ,892,708,79.37
20,1577,IVZSENSEX,EQ,2639,2173,82.34
20,1578,IWARE,ST,19200,19200,100.00
20,1579,IWP,EQ,7145,5854,81.93
20,1580,IXIGO,EQ,2920496,1374275,47.06
20,1581,IZMO,EQ,183154,61727,33.70
20,1582,J&KBANK,EQ,3037724,1639827,53.98
20,1583,JAGRAN,EQ,189794,108560,57.20
20,1584,JAGSNPHARM,EQ,57007,30030,52.68
20,1585,JAIBALAJI,EQ,672658,392917,58.41
20,1586,JAICORPLTD,EQ,336929,163795,48.61
20,1587,JAINIK,ST,6000,6000,100.00
20,1588,JAINREC,EQ,694511,318794,45.90
20,1589,JAIPURKURT,EQ,3714,2371,63.84
20,1590,JAMNAAUTO,EQ,3184124,1178399,37.01
20,1591,JARO,EQ,330906,98807,29.86
20,1592,JASH,EQ,94635,58391,61.70
20,1593,JAYAGROGN,EQ,35008,21417,61.18
20,1594,JAYBARMARU,EQ,383222,189830,49.54
20,1595,JAYBEE,SM,21500,17500,81.40
20,1596,JAYESH,SM,14000,11000,78.57
20,1597,JAYKAY,EQ,519085,262327,50.54
20,1598,JAYNECOIND,EQ,2854456,1545935,54.16
20,1599,JAYSREETEA,EQ,41257,28365,68.75
20,1600,JBMA,EQ,226951,83132,36.63
20,1601,JENBURPH,EQ,4111,3756,91.36
20,1602,JETFREIGHT,EQ,76485,51158,66.89
20,1603,JEYYAM,ST,22000,22000,100.00
20,1604,JFLLIFE,SM,24000,24000,100.00
20,1605,JGCHEM,EQ,249766,123259,49.35
20,1606,JHS,EQ,376577,235632,62.57
20,1607,JINDALPHOT,EQ,83635,40372,48.27
20,1608,JINDALPOLY,EQ,346025,148378,42.88
20,1609,JINDALSAW,EQ,2584168,1189012,46.01
20,1610,JINDALSTEL,EQ,816410,371086,45.45
20,1611,JINDRILL,EQ,319605,107597,33.67
20,1612,JINDWORLD,EQ,10265488,2824475,27.51
20,1613,JIOFIN,EQ,13273805,6521630,49.13
20,1614,JISLDVREQS,EQ,2483,2110,84.98
20,1615,JISLJALEQS,EQ,1419781,934562,65.82
20,1616,JITFINFRA,EQ,27837,17416,62.56
20,1617,JIWANRAM,SM,18000,12000,66.67
20,1618,JKCEMENT,EQ,24671,14545,58.96
20,1619,JKIL,EQ,61527,36756,59.74
20,1620,JKIPL,EQ,16190,10762,66.47
20,1621,JKLAKSHMI,EQ,138286,76125,55.05
20,1622,JKPAPER,EQ,256584,103777,40.45
20,1623,JKTYRE,EQ,438110,243400,55.56
20,1624,JLHL,EQ,62199,22276,35.81
20,1625,JMA,EQ,15451,9404,60.86
20,1626,JMFINANCIL,EQ,2800356,1221141,43.61
20,1627,JNKINDIA,EQ,142537,77524,54.39
20,1628,JNPR,EQ,840795,266577,31.71
20,1629,JOCIL,EQ,8184,5173,63.21
20,1630,JPOLYINVST,EQ,23363,5817,24.90
20,1631,JPPOWER,EQ,30754969,11980407,38.95
20,1632,JSFB,EQ,344324,169568,49.25
20,1633,JSL,EQ,547512,291448,53.23
20,1634,JSLL,EQ,305700,181290,59.30
20,1635,JSWCEMENT,EQ,928470,524013,56.44
20,1636,JSWDULUX,EQ,50943,30551,59.97
20,1637,JSWENERGY,EQ,897315,434555,48.43
20,1638,JSWHL,EQ,58618,55056,93.92
20,1639,JSWINFRA,EQ,3396380,1918123,56.48
20,1640,JSWSTEEL,EQ,1030088,542037,52.62
20,1641,JTEKTINDIA,EQ,93642,55041,58.78
20,1642,JTLIND,EQ,3227041,1401640,43.43
20,1643,JUBLCPL,EQ,4591,2953,64.32
20,1644,JUBLFOOD,EQ,471771,188925,40.05
20,1645,JUBLINGREA,EQ,165058,76642,46.43
20,1646,JUBLPHARMA,EQ,190713,86538,45.38
20,1647,JUNIORBEES,EQ,586902,392758,66.92
20,1648,JUNIPER,EQ,124447,66970,53.81
20,1649,JUSTDIAL,EQ,149638,57574,38.48
20,1650,JWL,EQ,630241,338350,53.69
20,1651,JYOTHYLAB,EQ,405665,226634,55.87
20,1652,JYOTICNC,EQ,550288,262999,47.79
20,1653,JYOTIGLOBL,SM,6000,4000,66.67
20,1654,JYOTIRES,EQ,7780,4618,59.36
20,1655,JYOTISTRUC,EQ,10215578,5393989,52.80
20,1656,K2INFRA,ST,30600,27600,90.20
20,1657,KABRAEXTRU,EQ,313142,154410,49.31
20,1658,KAJARIACER,EQ,99558,68642,68.95
20,1659,KAKATCEM,EQ,1411,1204,85.33
20,1660,KALAMANDIR,EQ,748945,427495,57.08
20,1661,KALANA,SM,2000,2000,100.00
20,1662,KALPATARU,EQ,80848,53886,66.65
20,1663,KALYANKJIL,EQ,8522494,3017362,35.40
20,1664,KAMAHOLD,EQ,8835,5295,59.93
20,1665,KAMANWALA,EQ,640,440,68.75
20,1666,KAMATHOTEL,EQ,118268,59719,50.49
20,1667,KAMOPAINTS,EQ,295047,193072,65.44
20,1668,KANANIIND,EQ,194238,169042,87.03
20,1669,KANCHI,EQ,1278,1113,87.09
20,1670,KANCOTEA,EQ,1089,1033,94.86
20,1671,KANDARP,SM,20000,10000,50.00
20,1672,KANPRPLA,EQ,24653,12826,52.03
20,1673,KANSAINER,EQ,138520,77565,56.00
20,1674,KAPSTON,EQ,45325,26290,58.00
20,1675,KARMAENG,EQ,4644,3102,66.80
20,1676,KARNIKA,SM,35000,30000,85.71
20,1677,KARURVYSYA,EQ,1975015,1051873,53.26
20,1678,KATARIA,SM,63000,61800,98.10
20,1679,KAVDEFENCE,EQ,2090584,746721,35.72
20,1680,KAYNES,EQ,689922,229130,33.21
20,1681,KAYTEX,SM,3200,3200,100.00
20,1682,KCEIL,SM,5000,4500,90.00
20,1683,KCK,ST,265000,262500,99.06
20,1684,KCP,EQ,118488,66605,56.21
20,1685,KDDL,EQ,23873,13165,55.15
20,1686,KDGREEN,EQ,33359,23911,71.68
20,1687,KDL,SM,21450,16800,78.32
20,1688,KEC,EQ,5009834,1045900,20.88
20,1689,KECL,EQ,107901,56523,52.38
20,1690,KEEPLEARN,EQ,13270,12979,97.81
20,1691,KEI,EQ,371320,157259,42.35
20,1692,KELLTONTEC,EQ,5613507,1272399,22.67
20,1693,KEN,SM,15600,14400,92.31
20,1694,KENNAMET,EQ,50119,23024,45.94
20,1695,KERNEX,EQ,124877,60822,48.71
20,1696,KEYFINSERV,EQ,345,311,90.14
20,1697,KFINTECH,EQ,761367,337775,44.36
20,1698,KHAICHEM,EQ,260512,127814,49.06
20,1699,KHAITANLTD,EQ,5040,4245,84.23
20,1700,KHANDSE,EQ,1300,879,67.62
20,1701,KHFM,SM,1550,1550,100.00
20,1702,KICL,EQ,1570,812,51.72
20,1703,KIMS,EQ,493213,292910,59.39
20,1704,KINGFA,EQ,37408,19852,53.07
20,1705,KIOCL,EQ,91774,49224,53.64
20,1706,KIRANVYPAR,EQ,3176,2768,87.15
20,1707,KIRIINDUS,EQ,551796,260189,47.15
20,1708,KIRLFER,EQ,211119,115459,54.69
20,1709,KIRLOSBROS,EQ,80121,46334,57.83
20,1710,KIRLOSENG,EQ,639048,333147,52.13
20,1711,KIRLOSIND,EQ,37165,6467,17.40
20,1712,KIRLPNU,EQ,172157,108168,62.83
20,1713,KISSHT,EQ,4238984,1291051,30.46
20,1714,KITEX,EQ,375463,199658,53.18
20,1715,KJMCFIN,EQ,214,187,87.38
20,1716,KKCL,EQ,108121,82177,76.00
20,1717,KKJEWELS,SM,47000,37000,78.72
20,1718,KLBRENG-B,EQ,216254,135708,62.75
20,1719,KLL,SM,7200,5600,77.78
20,1720,KMCSHIL,EQ,108615,55028,50.66
20,1721,KMEW,EQ,78412,33881,43.21
20,1722,KMSUGAR,EQ,227201,146191,64.34
20,1723,KNACK,EQ,656445,342118,52.12
20,1724,KNAGRI,EQ,6861,5967,86.97
20,1725,KNRCON,EQ,956758,545004,56.96
20,1726,KODYTECH,ST,5800,5500,94.83
20,1727,KOHINOOR,EQ,72803,35136,48.26
20,1728,KOKUYOCMLN,EQ,27082,12280,45.34
20,1729,KOLTEPATIL,EQ,69335,29319,42.29
20,1730,KONSTELEC,ST,7000,7000,100.00
20,1731,KOPRAN,EQ,15857726,1019747,6.43
20,1732,KORE,ST,10500,10250,97.62
20,1733,KOTAKBANK,EQ,14367343,10001175,69.61
20,1734,KOTHARIPET,EQ,123365,85619,69.40
20,1735,KOTHARIPRO,EQ,7715,7238,93.82
20,1736,KOTIC,EQ,23198,11983,51.66
20,1737,KOVAI,EQ,11357,6989,61.54
20,1738,KPEL,EQ,324350,139701,43.07
20,1739,KPIGREEN,EQ,686169,301453,43.93
20,1740,KPIL,EQ,110460,55332,50.09
20,1741,KPITTECH,EQ,4090759,972459,23.77
20,1742,KPL,EQ,57728,22022,38.15
20,1743,KPRMILL,EQ,204356,113887,55.73
20,1744,KRBL,EQ,697222,299343,42.93
20,1745,KREBSBIO,EQ,7980,6709,84.07
20,1746,KRIDHANINF,EQ,16747,16393,97.89
20,1747,KRISHANA,EQ,700166,361553,51.64
20,1748,KRISHCA,SM,13500,13000,96.30
20,1749,KRISHIVAL,EQ,7459,5628,75.45
20,1750,KRISHNADEF,EQ,121172,41784,34.48
20,1751,KRITI,EQ,5506,4163,75.61
20,1752,KRITIKA,EQ,102293,85987,84.06
20,1753,KRITINUT,EQ,9657,7870,81.50
20,1754,KRMAYURVED,SM,231000,149000,64.50
20,1755,KRN,EQ,232761,168921,72.57
20,1756,KROSS,EQ,885883,349139,39.41
20,1757,KRSNAA,EQ,38940,25055,64.34
20,1758,KRT,RR,839511,755615,90.01
20,1759,KRYSTAL,EQ,8328,3513,42.18
20,1760,KSB,EQ,182033,96962,53.27
20,1761,KSCL,EQ,66169,41511,62.73
20,1762,KSE,EQ,17510,15447,88.22
20,1763,KSHINTL,EQ,500166,221640,44.31
20,1764,KSHITIJPOL,EQ,7902695,4434392,56.11
20,1765,KSL,EQ,163411,82628,50.56
20,1766,KSOLVES,EQ,43296,27356,63.18
20,1767,KSR,EQ,100470,64640,64.34
20,1768,KTKBANK,EQ,3508307,1767637,50.38
20,1769,KUANTUM,EQ,324561,161412,49.73
20,1770,KUSUMGAR,EQ,213151,152478,71.54
20,1771,KWIL,EQ,11063147,5346892,48.33
20,1772,LADDERUP,EQ,62133,28549,45.95
20,1773,LAGNAM,EQ,8595,5415,63.00
20,1774,LAHOTIOV,EQ,13284,13179,99.21
20,1775,LAKSHMIMIL,EQ,96,83,86.46
20,1776,LAKSHYA,SM,14400,12000,83.33
20,1777,LAL,EQ,18605,11186,60.12
20,1778,LALITHAA,EQ,947094,946810,99.97
20,1779,LALPATHLAB,EQ,171214,113000,66.00
20,1780,LAMBODHARA,EQ,16281,8159,50.11
20,1781,LAMOSAIC,ST,57000,55800,97.89
20,1782,LANCER,EQ,274163,214767,78.34
20,1783,LANDMARK,EQ,61400,38361,62.48
20,1784,LANDSMILL,EQ,1865848,1296136,69.47
20,1785,LAOPALA,EQ,442956,231786,52.33
20,1786,LARGEMID50,EQ,3975,3272,82.31
20,1787,LASERPOWER,EQ,1156486,659316,57.01
20,1788,LATENTVIEW,EQ,1164017,320138,27.50
20,1789,LATTEYS,EQ,67559,58493,86.58
20,1790,LAURUSLABS,EQ,1538262,870311,56.58
20,1791,LAXMICOT,EQ,13495,3726,27.61
20,1792,LAXMIDENTL,EQ,65633,27840,42.42
20,1793,LAXMIINDIA,EQ,330864,169663,51.28
20,1794,LCCINFOTEC,EQ,115767,97972,84.63
20,1795,LCL,EQ,297525,185994,62.51
20,1796,LEAPIND,EQ,3444783,1524879,44.27
20,1797,LEMERITE,EQ,242138,151911,62.74
20,1798,LEMONTREE,EQ,2149510,1271437,59.15
20,1799,LENSKART,EQ,6456204,4096929,63.46
20,1800,LEXUS,EQ,20196,13304,65.87
20,1801,LFIC,EQ,32513,12564,38.64
20,1802,LGBBROSLTD,EQ,21277,15340,72.10
20,1803,LGEINDIA,EQ,617142,440136,71.32
20,1804,LGHL,EQ,11020,3835,34.80
20,1805,LIBAS,EQ,180219,98185,54.48
20,1806,LIBERTSHOE,EQ,49862,26763,53.67
20,1807,LICHSGFIN,EQ,4654811,2706275,58.14
20,1808,LICI,EQ,12174521,7832073,64.33
20,1809,LICMFGOLD,EQ,71303,39551,55.47
20,1810,LICNETFGSC,EQ,2720,2604,95.74
20,1811,LICNETFN50,EQ,387,372,96.12
20,1812,LICNETFSEN,EQ,40,34,85.00
20,1813,LICNFNHGP,EQ,140,128,91.43
20,1814,LICNMID100,EQ,8554,5755,67.28
20,1815,LIKHITHA,EQ,176186,62683,35.58
20,1816,LINC,EQ,5415,3992,73.72
20,1817,LINCOLN,EQ,62529,21986,35.16
20,1818,LINDEINDIA,EQ,15285,9988,65.35
20,1819,LIQGRWBEES,EQ,82587,64180,77.71
20,1820,LIQUID,EQ,503276,137064,27.23
20,1821,LIQUID1,EQ,702499,457871,65.18
20,1822,LIQUIDADD,EQ,703069,574953,81.78
20,1823,LIQUIDBEES,EQ,4879279,2861773,58.65
20,1824,LIQUIDBETA,EQ,108,108,100.00
20,1825,LIQUIDBETF,EQ,305217,262352,85.96
20,1826,LIQUIDCASE,EQ,21015069,16936487,80.59
20,1827,LIQUIDETF,EQ,112514,89055,79.15
20,1828,LIQUIDIETF,EQ,325912,197251,60.52
20,1829,LIQUIDPLUS,EQ,903247,850333,94.14
20,1830,LIQUIDSBI,EQ,6431,5511,85.69
20,1831,LIQUIDSHRI,EQ,3625,2998,82.70
20,1832,LKPSEC,EQ,12628,10547,83.52
20,1833,LLOYDS,SM,2000,2000,100.00
20,1834,LLOYDSENGG,EQ,4655333,2579230,55.40
20,1835,LLOYDSENT,EQ,1887015,967635,51.28
20,1836,LLOYDSME,EQ,587090,298651,50.87
20,1837,LMW,EQ,2531,1399,55.27
20,1838,LODHA,EQ,1480215,808577,54.63
20,1839,LOKESHMACH,EQ,24268,14734,60.71
20,1840,LORDSCHLO,EQ,11716,7386,63.04
20,1841,LOTUSCHO,EQ,2708,1749,64.59
20,1842,LOTUSEYE,EQ,16668,12824,76.94
20,1843,LOVABLE,EQ,10863,4404,40.54
20,1844,LOWVOL,EQ,160,80,50.00
20,1845,LOWVOL1,EQ,511920,415200,81.11
20,1846,LOWVOLIETF,EQ,3329463,2994167,89.93
20,1847,LOYALTEX,EQ,73,73,100.00
20,1848,LPDC,EQ,23268,17583,75.57
20,1849,LRRPL,SM,6000,6000,100.00
20,1850,LT,EQ,1848703,1087451,58.82
20,1851,LTF,EQ,3858315,2013046,52.17
20,1852,LTFOODS,EQ,376661,183741,48.78
20,1853,LTGILTBEES,EQ,1553396,1309012,84.27
20,1854,LTGILTCASE,EQ,178942,177080,98.96
20,1855,LTM,EQ,663212,113851,17.17
20,1856,LTTS,EQ,60380,20986,34.76
20,1857,LUMAXIND,EQ,12304,6168,50.13
20,1858,LUMAXTECH,EQ,233217,122261,52.42
20,1859,LUMINO,EQ,7645621,2314693,30.27
20,1860,LUPIN,EQ,599677,380507,63.45
20,1861,LUXIND,EQ,34774,17417,50.09
20,1862,LXCHEM,EQ,901508,458053,50.81
20,1863,M&M,EQ,2176832,1331485,61.17
20,1864,M&MFIN,EQ,1375707,753737,54.79
20,1865,MAANALU,EQ,90260,58712,65.05
20,1866,MACOBSTECH,SM,800,800,100.00
20,1867,MACPOWER,EQ,51674,20578,39.82
20,1868,MADHAV,EQ,1158,634,54.75
20,1869,MADHAVBAUG,ST,1600,1600,100.00
20,1870,MADHAVIPL,EQ,112440,96283,85.63
20,1871,MADHURKNIT,ST,4800,4800,100.00
20,1872,MADHUSUDAN,ST,27000,23000,85.19
20,1873,MADRASFERT,EQ,36951,25609,69.31
20,1874,MAFANG,EQ,931372,502199,53.92
20,1875,MAFATIND,EQ,58688,35726,60.87
20,1876,MAGADSUGAR,EQ,18117,8531,47.09
20,1877,MAGNUM,EQ,12637,9759,77.23
20,1878,MAGSON,SM,118000,115000,97.46
20,1879,MAHABANK,EQ,14589564,6801720,46.62
20,1880,MAHAPEXLTD,EQ,4322,2519,58.28
20,1881,MAHEPC,EQ,19128,12460,65.14
20,1882,MAHESHWARI,EQ,9099,8741,96.07
20,1883,MAHKTECH,EQ,1392067,888276,63.81
20,1884,MAHLIFE,EQ,92194,41414,44.92
20,1885,MAHLOG,EQ,147295,78960,53.61
20,1886,MAHSCOOTER,EQ,4586,2387,52.05
20,1887,MAHSEAMLES,EQ,328878,162676,49.46
20,1888,MAITHANALL,EQ,80106,43895,54.80
20,1889,MAITREYA,SM,1200,400,33.33
20,1890,MAKEINDIA,EQ,44125,28943,65.59
20,1891,MAKERSL,EQ,4843,4475,92.40
20,1892,MAKS,SM,1500,1500,100.00
20,1893,MAL,SM,289600,187200,64.64
20,1894,MALLCOM,EQ,3685,2620,71.10
20,1895,MALUPAPER,EQ,11021,8843,80.24
20,1896,MAMATA,EQ,46873,27105,57.83
20,1897,MANAKALUCO,EQ,91668,67845,74.01
20,1898,MANAKCOAT,EQ,148602,70324,47.32
20,1899,MANAKSIA,EQ,62854,39064,62.15
20,1900,MANALIPETC,EQ,1729990,710416,41.06
20,1901,MANAPPURAM,EQ,3726323,1816998,48.76
20,1902,MANBA,EQ,104730,36278,34.64
20,1903,MANCREDIT,EQ,145803,16930,11.61
20,1904,MANGALAM,EQ,109928,77017,70.06
20,1905,MANGLMCEM,EQ,49675,27847,56.06
20,1906,MANILAM,SM,4000,4000,100.00
20,1907,MANINDS,EQ,1027095,342161,33.31
20,1908,MANINFRA,EQ,1734690,966690,55.73
20,1909,MANIPALHOS,EQ,589061,320376,54.39
20,1910,MANKIND,EQ,446450,271586,60.83
20,1911,MANOMAY,EQ,116912,20914,17.89
20,1912,MANORAMA,EQ,151439,80308,53.03
20,1913,MANORG,EQ,11510,7387,64.18
20,1914,MANUFGBEES,EQ,19404,10172,52.42
20,1915,MANUGRAPH,EQ,50721,39210,77.31
20,1916,MANYAVAR,EQ,399110,211099,52.89
20,1917,MAPMYINDIA,EQ,177627,84276,47.45
20,1918,MARALOVER,EQ,15938,12724,79.83
20,1919,MARATHON,EQ,56871,34122,60.00
20,1920,MARCO,SM,16500,15000,90.91
20,1921,MARICO,EQ,1533193,1068974,69.72
20,1922,MARINE,EQ,1230221,585425,47.59
20,1923,MARINETRAN,ST,4000,4000,100.00
20,1924,MARKOLINES,EQ,166974,64459,38.60
20,1925,MARKSANS,EQ,2298117,1099092,47.83
20,1926,MARSONS,EQ,2630119,1038078,39.47
20,1927,MARUSHIKA,SM,2400,1200,50.00
20,1928,MARUTI,EQ,286167,160219,55.99
20,1929,MASFIN,EQ,140211,101606,72.47
20,1930,MASKINVEST,EQ,190,147,77.37
20,1931,MASON,SM,5000,4000,80.00
20,1932,MASPTOP50,EQ,1078493,495164,45.91
20,1933,MASTEK,EQ,341353,60638,17.76
20,1934,MASTERTR,EQ,1302449,374289,28.74
20,1935,MATRIMONY,EQ,13536,9655,71.33
20,1936,MAWANASUG,EQ,195212,88467,45.32
20,1937,MAXESTATES,EQ,257350,186745,72.56
20,1938,MAXHEALTH,EQ,2836517,1581501,55.76
20,1939,MAXIND,EQ,80771,49875,61.75
20,1940,MAXPOSURE,SM,4000,4000,100.00
20,1941,MAXVOLT,SM,68400,58400,85.38
20,1942,MAYASHEEL,SM,3000,3000,100.00
20,1943,MAYURUNIQ,EQ,314452,89970,28.61
20,1944,MAZDOCK,EQ,762530,341211,44.75
20,1945,MBAPL,EQ,1205876,657719,54.54
20,1946,MBEL,EQ,230610,106621,46.23
20,1947,MBLINFRA,EQ,13462,10835,80.49
20,1948,MCCHRLS-B,EQ,226,225,99.56
20,1949,MCL,EQ,39754,25553,64.28
20,1950,MCLEODRUSS,EQ,364882,205003,56.18
20,1951,MCLOUD,EQ,1685258,681426,40.43
20,1952,MCON,SM,7000,7000,100.00
20,1953,MCX,EQ,1746940,708266,40.54
20,1954,MDL,SM,1000,1000,100.00
20,1955,MEDANTA,EQ,65507,35560,54.28
20,1956,MEDIASSIST,EQ,149893,94089,62.77
20,1957,MEDICAMEQ,EQ,154184,80845,52.43
20,1958,MEDICAPQ,EQ,34469,23421,67.95
20,1959,MEDICO,EQ,163751,110166,67.28
20,1960,MEDIORG,SM,8000,8000,100.00
20,1961,MEDPLUS,EQ,61605,41527,67.41
20,1962,MEESHO,EQ,20742207,12310144,59.35
20,1963,MEGASTAR,EQ,11101,7608,68.53
20,1964,MEGATHERM,SM,82000,63200,77.07
20,1965,MEIL,EQ,57165,28140,49.23
20,1966,MERCANTILE,EQ,3578,3166,88.49
20,1967,MERCURYEV,EQ,1209534,791302,65.42
20,1968,METAL,EQ,3768383,2391583,63.46
20,1969,METALIC,ST,91200,73600,80.70
20,1970,METALIETF,EQ,11323031,5975536,52.77
20,1971,METROBRAND,EQ,34577,18587,53.76
20,1972,METROGLOBL,EQ,893,572,64.05
20,1973,METROPOLIS,EQ,118075,63515,53.79
20,1974,MFML,EQ,2803,2099,74.88
20,1975,MFSL,EQ,557252,384051,68.92
20,1976,MGEL,EQ,227004,135988,59.91
20,1977,MGL,EQ,66528,36861,55.41
20,1978,MGSL,SM,15600,10800,69.23
20,1979,MHRIL,EQ,132435,70769,53.44
20,1980,MICROPRO,SM,4800,3200,66.67
20,1981,MID150,EQ,51260,34215,66.75
20,1982,MID150BEES,EQ,1215175,740084,60.90
20,1983,MID150CASE,EQ,1659047,1162799,70.09
20,1984,MIDBANKADD,EQ,536738,406494,75.73
20,1985,MIDCAP,EQ,493281,308687,62.58
20,1986,MIDCAPADD,EQ,33965,28905,85.10
20,1987,MIDCAPBETA,EQ,2858,1269,44.40
20,1988,MIDCAPETF,EQ,2930640,2384815,81.38
20,1989,MIDCAPIETF,EQ,1443451,830324,57.52
20,1990,MIDHANI,EQ,2748265,1170208,42.58
20,1991,MIDQ50ADD,EQ,101598,93523,92.05
20,1992,MIDSELIETF,EQ,342179,185043,54.08
20,1993,MIDSMALL,EQ,246418,191272,77.62
20,1994,MIDWESTLTD,EQ,50494,30218,59.84
20,1995,MIEL,SM,2000,2000,100.00
20,1996,MIIL,EQ,89895,52144,58.01
20,1997,MILKYMIST,EQ,10778708,3768145,34.96
20,1998,MILTON,SM,2200,2200,100.00
20,1999,MINDACORP,EQ,184069,95341,51.80
20,2000,MINDSPACE,RR,939617,893181,95.06
20,2001,MINDTECK,EQ,44745,23399,52.29
20,2002,MIRZAINT,EQ,299174,151315,50.58
20,2003,MITCON,EQ,753,587,77.95
20,2004,MITTAL,EQ,2832041,2036107,71.90
20,2005,MKEXIM,EQ,4900,3736,76.24
20,2006,MKPL,EQ,84266,74513,88.43
20,2007,MLKFOOD,EQ,5091,4542,89.22
20,2008,MMEL,SM,4000,4000,100.00
20,2009,MMFL,EQ,198758,137069,68.96
20,2010,MMP,EQ,68004,30467,44.80
20,2011,MMTC,EQ,973978,440975,45.28
20,2012,MMWL,EQ,30090,18274,60.73
20,2013,MNC,EQ,154691,137193,88.69
20,2014,MOALPHA50,EQ,24436,17789,72.80
20,2015,MOBANK10,EQ,1948,1169,60.01
20,2016,MOBIKWIK,EQ,3070663,879962,28.66
20,2017,MOCAPITAL,EQ,972221,704548,72.47
20,2018,MODEFENCE,EQ,4664150,2831331,60.70
20,2019,MODINATUR,EQ,7810,7087,90.74
20,2020,MODIRUBBER,EQ,2584,1732,67.03
20,2021,MODIS,EQ,14475,8143,56.26
20,2022,MODTHREAD,EQ,5839,3586,61.41
20,2023,MOENERGY,EQ,147550,124444,84.34
20,2024,MOGOLD,EQ,27721,8898,32.10
20,2025,MOGSEC,EQ,1521,1322,86.92
20,2026,MOHEALTH,EQ,136793,68778,50.28
20,2027,MOHITE,EQ,228258,141764,62.11
20,2028,MOHITIND,EQ,6206,4585,73.88
20,2029,MOIL,EQ,756254,419102,55.42
20,2030,MOINFRA,EQ,4927,4453,90.38
20,2031,MOIPO,EQ,8532,6820,79.93
20,2032,MOKSH,EQ,123393,106691,86.46
20,2033,MOL,EQ,828296,421983,50.95
20,2034,MOLBIO,EQ,3774360,428699,11.36
20,2035,MOLDTKPAC,EQ,53186,28343,53.29
20,2036,MOLOWVOL,EQ,4112,4032,98.05
20,2037,MOM100,EQ,539284,309758,57.44
20,2038,MOM30IETF,EQ,1202788,739591,61.49
20,2039,MOM50,EQ,3874,3109,80.25
20,2040,MOMENTUM,EQ,160931,122731,76.26
20,2041,MOMENTUM30,EQ,194013,73386,37.83
20,2042,MOMENTUM50,EQ,1075624,712224,66.21
20,2043,MOMETAL,EQ,28627,27255,95.21
20,2044,MOMGF,EQ,1547,1539,99.48
20,2045,MOMIDMTM,EQ,64529,57251,88.72
20,2046,MOMMIDCAP,EQ,1704461,1517541,89.03
20,2047,MOMNC,EQ,1595,1509,94.61
20,2048,MOMOMENTUM,EQ,104191,63148,60.61
20,2049,MON100,EQ,785006,441507,56.24
20,2050,MON50EQUAL,EQ,3116,3109,99.78
20,2051,MONARCH,EQ,73907,37603,50.88
20,2052,MONEXT50,EQ,10781,4635,42.99
20,2053,MONEYBOXX,EQ,85676,79449,92.73
20,2054,MONIFTY100,EQ,8248,6835,82.87
20,2055,MONIFTY500,EQ,2616214,2459508,94.01
20,2056,MONOLITH,SM,90250,55500,61.50
20,2057,MONQ50,EQ,656015,291407,44.42
20,2058,MONTECARLO,EQ,63656,42721,67.11
20,2059,MOOILGAS,EQ,35075,32393,92.35
20,2060,MOPSE,EQ,3900,3444,88.31
20,2061,MOQUALITY,EQ,572,397,69.41
20,2062,MOREALTY,EQ,790268,500062,63.28
20,2063,MOREPENLAB,EQ,18625874,5909411,31.73
20,2064,MOS,ST,600000,540000,90.00
20,2065,MOSCHIP,EQ,1146326,534353,46.61
20,2066,MOSERVICE,EQ,5995,5976,99.68
20,2067,MOSILVER,EQ,23991,10249,42.72
20,2068,MOSMALL250,EQ,4772214,2736889,57.35
20,2069,MOTHERSON,EQ,13755237,8779908,63.83
20,2070,MOTILALOFS,EQ,581522,266935,45.90
20,2071,MOTISONS,EQ,9434969,2883071,30.56
20,2072,MOTOGENFIN,EQ,41480,31198,75.21
20,2073,MOTOUR,EQ,24983,19286,77.20
20,2074,MOVALUE,EQ,46233,30379,65.71
20,2075,MPEL,ST,12800,8000,62.50
20,2076,MPEL-RE,ST,102400,102400,100.00
20,2077,MPHASIS,EQ,1176828,396590,33.70
20,2078,MPSLTD,EQ,19900,12420,62.41
20,2079,MRF,EQ,2921,1460,49.98
20,2080,MRIL,ST,48000,48000,100.00
20,2081,MRPL,EQ,8734694,2663313,30.49
20,2082,MSCI360,EQ,13928,13427,96.40
20,2083,MSCIADD,EQ,1208,1100,91.06
20,2084,MSCIINDIA,EQ,7421,6497,87.55
20,2085,MSL,EQ,405,388,95.80
20,2086,MSPL,EQ,721973,512198,70.94
20,2087,MSTCLTD,EQ,387780,212168,54.71
20,2088,MSUMI,EQ,10784713,6036652,55.97
20,2089,MTNL,EQ,1071039,460666,43.01
20,2090,MUFIN,EQ,403703,217749,53.94
20,2091,MUFTI,EQ,57214,35779,62.54
20,2092,MUKANDLTD,EQ,53683,30316,56.47
20,2093,MUKKA,EQ,2284101,1140012,49.91
20,2094,MULTICAP,EQ,191369,144536,75.53
20,2095,MUNISH,SM,57600,45600,79.17
20,2096,MUNJALAU,EQ,299371,126304,42.19
20,2097,MUNJALSHOW,EQ,18586,12839,69.08
20,2098,MURUDCERA,EQ,11482,8887,77.40
20,2099,MUTHOOTCAP,EQ,11449,7434,64.93
20,2100,MUTHOOTFIN,EQ,451554,262946,58.23
20,2101,MUTHOOTMF,EQ,333669,152870,45.81
20,2102,MVELECTRO,EQ,1768387,217569,12.30
20,2103,MVGJL,EQ,407195,158422,38.91
20,2104,MVKAGRO,SM,380100,255600,67.25
20,2105,MWL,EQ,7108354,1551147,21.82
20,2106,MYMUDRA,SM,4800,4800,100.00
20,2107,NACLIND,EQ,481375,275237,57.18
20,2108,NAGREEKCAP,EQ,47603,33071,69.47
20,2109,NAGREEKEXP,EQ,18145,13616,75.04
20,2110,NAHARCAP,EQ,6628,5824,87.87
20,2111,NAHARINDUS,EQ,15027,8092,53.85
20,2112,NAHARPOLY,EQ,9176,6143,66.95
20,2113,NAHARSPING,EQ,17043,10936,64.17
20,2114,NAM-INDIA,EQ,1238154,790673,63.86
20,2115,NAMAN,SM,1600,1600,100.00
20,2116,NAMOEWASTE,ST,82400,71200,86.41
20,2117,NARMADA,EQ,188355,105360,55.94
20,2118,NATCOPHARM,EQ,434634,210940,48.53
20,2119,NATHBIOGEN,EQ,7164,6463,90.21
20,2120,NATIONALUM,EQ,3640356,1936952,53.21
20,2121,NATIONSTD,EQ,45167,30190,66.84
20,2122,NAUKRI,EQ,1716983,793200,46.20
20,2123,NAVA,EQ,261101,152037,58.23
20,2124,NAVINFLUOR,EQ,111387,54751,49.15
20,2125,NAVKARCORP,EQ,261219,164691,63.05
20,2126,NAVNETEDUL,EQ,90749,70123,77.27
20,2127,NAZARA,EQ,1012532,615867,60.82
20,2128,NBCC,EQ,5854402,2894472,49.44
20,2129,NBIFIN,EQ,5209,5141,98.69
20,2130,NCC,EQ,1413062,772602,54.68
20,2131,NCLIND,EQ,39682,30739,77.46
20,2132,NDGL,EQ,174,164,94.25
20,2133,NDL,EQ,1065293,671876,63.07
20,2134,NDLVENTURE,EQ,40636,33885,83.39
20,2135,NDRAUTO,EQ,44559,23212,52.09
20,2136,NDRINVIT,IV,25000,25000,100.00
20,2137,NDTV,EQ,58950,35066,59.48
20,2138,NEAGI,EQ,10,9,90.00
20,2139,NECLIFE,EQ,129977,90211,69.41
20,2140,NELCAST,EQ,50573,28266,55.89
20,2141,NELCO,EQ,220149,97138,44.12
20,2142,NEOCHEM,SM,140400,85200,60.68
20,2143,NEOGEN,EQ,264415,136082,51.47
20,2144,NEPHROCARE,SM,27600,19200,69.57
20,2145,NEPHROPLUS,EQ,306493,170236,55.54
20,2146,NEPTUNE,SM,500,500,100.00
20,2147,NESCO,EQ,77281,42273,54.70
20,2148,NESTLEIND,EQ,1597455,965260,60.42
20,2149,NETF,EQ,2881,1597,55.43
20,2150,NETWEB,EQ,1907037,607417,31.85
20,2151,NETWORK18,EQ,3466061,2262905,65.29
20,2152,NEULANDLAB,EQ,54667,30084,55.03
20,2153,NEWGEN,EQ,1695640,306321,18.07
20,2154,NEWJAISA,ST,49500,49500,100.00
20,2155,NEXT30ADD,EQ,4424,3329,75.25
20,2156,NEXT50,EQ,56707,37072,65.37
20,2157,NEXT50ADD,EQ,114949,103459,90.00
20,2158,NEXT50BETA,EQ,122831,85775,69.83
20,2159,NEXT50ETF,EQ,26824,26149,97.48
20,2160,NEXT50IETF,EQ,1139608,894575,78.50
20,2161,NEXTMEDIA,EQ,15210,6185,40.66
20,2162,NFL,EQ,471098,197068,41.83
20,2163,NFPSAMPOOR,SM,26000,14000,53.85
20,2164,NGIL,EQ,8373,7452,89.00
20,2165,NGLFINE,EQ,7736,4578,59.18
20,2166,NH,EQ,249620,136028,54.49
20,2167,NHIT,IV,25000,25000,100.00
20,2168,NHPC,EQ,8558617,4601977,53.77
20,2169,NIACL,EQ,3487564,1080854,30.99
20,2170,NIBE,EQ,39048,22656,58.02
20,2171,NIBL,EQ,45821,30645,66.88
20,2172,NICCOPAR,EQ,1411,1328,94.12
20,2173,NIDAN,SM,1000,1000,100.00
20,2174,NIF100BEES,EQ,39979,20514,51.31
20,2175,NIF100IETF,EQ,131694,68355,51.90
20,2176,NIF500BETA,EQ,1428,1426,99.86
20,2177,NIFTY1,EQ,195379,109808,56.20
20,2178,NIFTY100EW,EQ,111737,104028,93.10
20,2179,NIFTYADD,EQ,14910,9401,63.05
20,2180,NIFTYAXIS,EQ,15282,11906,77.91
20,2181,NIFTYBEES,EQ,7069412,4949429,70.01
20,2182,NIFTYBETA,EQ,53891,40455,75.07
20,2183,NIFTYBETF,EQ,14854,4994,33.62
20,2184,NIFTYCASE,EQ,1012463,818781,80.87
20,2185,NIFTYETF,EQ,119757,78596,65.63
20,2186,NIFTYIETF,EQ,638243,428930,67.20
20,2187,NIFTYJBLK,EQ,178450,155162,86.95
20,2188,NIFTYQLITY,EQ,31338,24853,79.31
20,2189,NIITLTD,EQ,391512,184644,47.16
20,2190,NIITMTS,EQ,297370,157353,52.91
20,2191,NIKITA,SM,10800,7200,66.67
20,2192,NILAINFRA,EQ,177793,149831,84.27
20,2193,NILASPACES,EQ,1058264,431044,40.73
20,2194,NILE,EQ,1972,1607,81.49
20,2195,NILKAMAL,EQ,19596,10675,54.48
20,2196,NIMBSPROJ,EQ,1551,1393,89.81
20,2197,NINSYS,EQ,3821,2300,60.19
20,2198,NIPPOBATRY,EQ,1619,1100,67.94
20,2199,NIRAJ,EQ,19209,13975,72.75
20,2200,NIRLON,EQ,3067,2239,73.00
20,2201,NIRMAN,SM,13800,10800,78.26
20,2202,NITCO,EQ,464560,256836,55.29
20,2203,NITINSPIN,EQ,182683,105738,57.88
20,2204,NITIRAJ,EQ,4441,3363,75.73
20,2205,NITTAGELA,EQ,14085,9124,64.78
20,2206,NIVABUPA,EQ,1416460,613554,43.32
20,2207,NKIND,EQ,1139,934,82.00
20,2208,NLCINDIA,EQ,1337838,689974,51.57
20,2209,NMDC,EQ,10462679,6252336,59.76
20,2210,NMSTEEL,SM,1600,1600,100.00
20,2211,NOCIL,EQ,1291473,473090,36.63
20,2212,NOIDATOLL,EQ,48722,40782,83.70
20,2213,NORBTEAEXP,EQ,1569,1170,74.57
20,2214,NORTHARC,EQ,1045895,581214,55.57
20,2215,NOVAAGRI,EQ,107024,68157,63.68
20,2216,NOVARTIND,EQ,135595,41597,30.68
20,2217,NPBET,EQ,484,268,55.37
20,2218,NPST,EQ,27585,14137,51.25
20,2219,NRAIL,EQ,113606,43999,38.73
20,2220,NRBBEARING,EQ,504748,241875,47.92
20,2221,NRVANDANA,SM,6000,6000,100.00
20,2222,NSIL,EQ,1651,1234,74.74
20,2223,NSLNISP,EQ,3741526,2027705,54.19
20,2224,NTCIND,EQ,2427,1450,59.74
20,2225,NTPC,EQ,8445501,5383822,63.75
20,2226,NTPCGREEN,EQ,2073084,1290600,62.26
20,2227,NUCLEUS,EQ,20850,10059,48.24
20,2228,NUVAMA,EQ,217310,131715,60.61
20,2229,NUVOCO,EQ,321519,190419,59.22
20,2230,NV20,EQ,362180,181883,50.22
20,2231,NV20BEES,EQ,114375,101573,88.81
20,2232,NV20IETF,EQ,447667,251083,56.09
20,2233,NXST,RR,664717,495311,74.51
20,2234,NYKAA,EQ,2338555,1300953,55.63
20,2235,OAL,EQ,101439,24874,24.52
20,2236,OBCL,EQ,18533,18300,98.74
20,2237,OBEROIRLTY,EQ,362748,194910,53.73
20,2238,OBSCP,SM,40000,30000,75.00
20,2239,ODIGMA,EQ,9536,7703,80.78
20,2240,ODYCORP,EQ,17867,14855,83.14
20,2241,OFSS,EQ,231321,87183,37.69
20,2242,OIL,EQ,1967012,998145,50.74
20,2243,OILIETF,EQ,2438800,1883376,77.23
20,2244,OLAELEC,EQ,60999122,16133598,26.45
20,2245,OLECTRA,EQ,381768,126016,33.01
20,2246,OLIL,SM,2000,1600,80.00
20,2247,OMAXAUTO,EQ,63651,32247,50.66
20,2248,OMAXE,EQ,801155,262722,32.79
20,2249,OMINFRAL,EQ,219096,40417,18.45
20,2250,OMNI,EQ,457673,228512,49.93
20,2251,OMPOWER,EQ,103029,55935,54.29
20,2252,ONDOOR,SM,7500,6600,88.00
20,2253,ONEGLOBAL,EQ,19227,10276,53.45
20,2254,ONEPOINT,EQ,5466042,1440822,26.36
20,2255,ONESOURCE,EQ,724751,362382,50.00
20,2256,ONGC,EQ,14549134,8821336,60.63
20,2257,ONIDA,EQ,1068890,559575,52.35
20,2258,ONIXSOLAR,EQ,279187,201807,72.28
20,2259,ONWARDTEC,EQ,20077,12888,64.19
20,2260,ONYX,ST,48000,48000,100.00
20,2261,OPTIEMUS,EQ,1979704,480049,24.25
20,2262,OPTIFIN,EQ,28858,20283,70.29
20,2263,OPTIMYSTIX,SM,37600,24800,65.96
20,2264,OPTIVALUE,ST,289600,264000,91.16
20,2265,ORCHASP,EQ,766655,621154,81.02
20,2266,ORCHPHARMA,EQ,135724,25267,18.62
20,2267,ORIANA,SM,86475,58200,67.30
20,2268,ORICONENT,EQ,18903,7352,38.89
20,2269,ORIENTALTL,EQ,85709,46904,54.72
20,2270,ORIENTBELL,EQ,55451,36725,66.23
20,2271,ORIENTCEM,EQ,433788,211824,48.83
20,2272,ORIENTCER,EQ,89199,48625,54.51
20,2273,ORIENTELEC,EQ,138909,81179,58.44
20,2274,ORIENTHOT,EQ,1117544,514397,46.03
20,2275,ORIENTPPR,EQ,341559,240147,70.31
20,2276,ORIENTTECH,EQ,345230,98988,28.67
20,2277,ORIRAIL,EQ,99410,53679,54.00
20,2278,ORISSAMINE,EQ,10016,4684,46.77
20,2279,ORKLAINDIA,EQ,34460,20337,59.02
20,2280,ORTINGLOBE,EQ,17178,15410,89.71
20,2281,OSELDEVICE,SM,30200,24200,80.13
20,2282,OSWALAGRO,EQ,16012,10799,67.44
20,2283,OSWALGREEN,EQ,101172,64459,63.71
20,2284,OSWALPUMPS,EQ,347502,173792,50.01
20,2285,OSWALSEEDS,EQ,988892,481470,48.69
20,2286,OWAIS,ST,13800,13400,97.10
20,2287,PACEDIGITK,EQ,628622,312809,49.76
20,2288,PACIFICI,EQ,66,63,95.45
20,2289,PAGEIND,EQ,12827,7323,57.09
20,2290,PAISALO,EQ,14460925,7872056,54.44
20,2291,PAKKA,EQ,174152,94886,54.48
20,2292,PALASHSECU,EQ,1481,1094,73.87
20,2293,PALREDTEC,EQ,4452,3435,77.16
20,2294,PANACEABIO,EQ,292361,128928,44.10
20,2295,PANAMAPET,EQ,455986,239518,52.53
20,2296,PANCHMAHQ,EQ,698,557,79.80
20,2297,PANORAMA,EQ,572747,153644,26.83
20,2298,PANSARI,EQ,312,200,64.10
20,2299,PARACABLES,EQ,1879764,1135089,60.38
20,2300,PARADEEP,EQ,2126737,991045,46.60
20,2301,PARAGMILK,EQ,1542890,589883,38.23
20,2302,PARAGON,SM,14400,10800,75.00
20,2303,PARAMOUNT,SM,1200,1200,100.00
20,2304,PARAS,EQ,1276494,507085,39.72
20,2305,PARASPETRO,EQ,123328,91912,74.53
20,2306,PARIN,SM,15000,7750,51.67
20,2307,PARKHOSPS,EQ,530232,232890,43.92
20,2308,PARKHOTELS,EQ,151020,93141,61.67
20,2309,PARNAXLAB,EQ,1731,1192,68.86
20,2310,PARTH,SM,13200,12400,93.94
20,2311,PARTYCRUS,SM,13000,11000,84.62
20,2312,PASHUPATI,EQ,67301,55767,82.86
20,2313,PASUPTAC,EQ,667184,410056,61.46
20,2314,PATANJALI,EQ,2567906,1044495,40.67
20,2315,PATELENG,EQ,1903899,1013820,53.25
20,2316,PATELRMART,EQ,61869,40488,65.44
20,2317,PATILAUTOM,SM,103800,61200,58.96
20,2318,PAUSHAKLTD,EQ,35145,18982,54.01
20,2319,PAVNAIND,EQ,207036,113940,55.03
20,2320,PAYTM,EQ,3226150,1378018,42.71
20,2321,PCBL,EQ,962916,450068,46.74
20,2322,PCCL,SM,13600,9600,70.59
20,2323,PCJEWELLER,EQ,356317461,105652315,29.65
20,2324,PDMJEPAPER,EQ,1160437,288128,24.83
20,2325,PDSL,EQ,70697,39228,55.49
20,2326,PEARLPOLY,EQ,21771,19772,90.82
20,2327,PELATRO,SM,7200,5400,75.00
20,2328,PENIND,EQ,338236,193259,57.14
20,2329,PENINLAND,EQ,100074,80430,80.37
20,2330,PENTAGON,ST,7000,7000,100.00
20,2331,PERFECT,SZ,6000,6000,100.00
20,2332,PERMAGN,EQ,2721,2002,73.58
20,2333,PERNIASPOP,EQ,391989,121132,30.90
20,2334,PERSISTENT,EQ,812335,333205,41.02
20,2335,PETRONET,EQ,1170508,744415,63.60
20,2336,PFC,EQ,7488255,4503870,60.15
20,2337,PFCL41A,NE,10,10,100.00
20,2338,PFIZER,EQ,36144,16247,44.95
20,2339,PFOCUS,EQ,1807027,763907,42.27
20,2340,PFS,EQ,303757,167019,54.98
20,2341,PGEL,EQ,837345,273222,32.63
20,2342,PGHH,EQ,11202,5418,48.37
20,2343,PGHL,EQ,10415,6230,59.82
20,2344,PGIL,EQ,82391,40546,49.21
20,2345,PGINVIT,IV,1158786,962169,83.03
20,2346,PHANTOMFX,SM,158100,111300,70.40
20,2347,PHARMABEES,EQ,3727254,2371586,63.63
20,2348,PHOENIXLTD,EQ,366872,224986,61.33
20,2349,PHOENXINTL,EQ,4669,4414,94.54
20,2350,PICCADIL,EQ,118995,62867,52.83
20,2351,PIDILITIND,EQ,455854,281270,61.70
20,2352,PIGL,EQ,104396,65627,62.86
20,2353,PIIND,EQ,286400,112866,39.41
20,2354,PILANIINVS,EQ,2461,1624,65.99
20,2355,PILITA,EQ,18276,16195,88.61
20,2356,PINELABS,EQ,62792856,21246610,33.84
20,2357,PIONEEREMB,EQ,2658,2563,96.43
20,2358,PIRAMALFIN,EQ,257641,158890,61.67
20,2359,PITTIENG,EQ,110111,48481,44.03
20,2360,PIXTRANS,EQ,12970,7624,58.78
20,2361,PKTEA,EQ,3649,2218,60.78
20,2362,PLADAINFO,SM,6000,6000,100.00
20,2363,PLASTIBLEN,EQ,24239,11049,45.58
20,2364,PLATIND,EQ,39048,22811,58.42
20,2365,PLAZACABLE,EQ,226444,127101,56.13
20,2366,PML,EQ,105,90,85.71
20,2367,PNB,EQ,12031284,5704217,47.41
20,2368,PNBGILTS,EQ,569582,316509,55.57
20,2369,PNBHOUSING,EQ,321850,151171,46.97
20,2370,PNC,EQ,7941,6233,78.49
20,2371,PNCINFRA,EQ,4938381,2364489,47.88
20,2372,PNGJL,EQ,655158,407907,62.26
20,2373,PNGSREVA,EQ,228691,121060,52.94
20,2374,POCL,EQ,443507,234535,52.88
20,2375,PODDARMENT,EQ,22527,17261,76.62
20,2376,POEL,EQ,34559,25532,73.88
20,2377,POKARNA,EQ,102781,49485,48.15
20,2378,POLICYBZR,EQ,750563,401927,53.55
20,2379,POLYCAB,EQ,301764,164634,54.56
20,2380,POLYMED,EQ,49164,25865,52.61
20,2381,POLYPLEX,EQ,46033,31090,67.54
20,2382,POLYSIL,SM,2500,2500,100.00
20,2383,POLYSPIN,EQ,806,751,93.18
20,2384,PONNIERODE,EQ,20410,12906,63.23
20,2385,POONAWALLA,EQ,859283,494101,57.50
20,2386,POSITRON,SM,6600,4500,68.18
20,2387,POWERGRID,EQ,10519594,6428436,61.11
20,2388,POWERICA,EQ,169220,87196,51.53
20,2389,POWERINDIA,EQ,98157,42669,43.47
20,2390,POWERMECH,EQ,39034,21932,56.19
20,2391,PPLPHARMA,EQ,3104010,1378488,44.41
20,2392,PPSL,SM,69000,66000,95.65
20,2393,PRABHA,EQ,307312,174902,56.91
20,2394,PRAENG,EQ,47240,32545,68.89
20,2395,PRAJIND,EQ,504700,275470,54.58
20,2396,PRAKASH,EQ,716947,498259,69.50
20,2397,PRAKASHSTL,EQ,278843,198517,71.19
20,2398,PRAMARA,SM,16000,15500,96.88
20,2399,PRAMODINI,SM,108000,87600,81.11
20,2400,PRANAV,EQ,41828214,17295077,41.35
20,2401,PRATHAM,SM,10400,8800,84.62
20,2402,PRAVEG,EQ,31819,18395,57.81
20,2403,PRAXIS,EQ,151922,134686,88.65
20,2404,PRECAM,EQ,244954,150197,61.32
20,2405,PRECISION,ST,4000,4000,100.00
20,2406,PRECOT,EQ,3291,2359,71.68
20,2407,PRECWIRE,EQ,413745,187547,45.33
20,2408,PREMCO,EQ,484,450,92.98
20,2409,PREMEXPLN,EQ,192979,153225,79.40
20,2410,PREMIERENE,EQ,569740,286899,50.36
20,2411,PREMIERPOL,EQ,359684,173315,48.19
20,2412,PRESSTONIC,SM,48000,45600,95.00
20,2413,PRESTIGE,EQ,410061,169268,41.28
20,2414,PRICOLLTD,EQ,392758,204478,52.06
20,2415,PRIMECAB,ST,51200,46400,90.63
20,2416,PRIMESECU,EQ,4273,2811,65.79
20,2417,PRIMO,EQ,179451,107998,60.18
20,2418,PRINCEPIPE,EQ,208774,112166,53.73
20,2419,PRISMX,EQ,524693,426681,81.32
20,2420,PRITI,EQ,4850,3183,65.63
20,2421,PRITIKA,SM,2000,2000,100.00
20,2422,PRIVISCL,EQ,98065,62691,63.93
20,2423,PRIZOR,ST,5600,5600,100.00
20,2424,PRLIND,SM,24000,19000,79.17
20,2425,PROFX,SM,4800,4800,100.00
20,2426,PROPEQUITY,SM,3000,1800,60.00
20,2427,PROPSHOP,SM,26000,20000,76.92
20,2428,PROSTARM,EQ,284943,156523,54.93
20,2429,PROTEAN,EQ,234669,143820,61.29
20,2430,PROV,SM,80,80,100.00
20,2431,PROZONER,EQ,311137,223644,71.88
20,2432,PRSMJOHNSN,EQ,251455,143452,57.05
20,2433,PRUDENT,EQ,43255,17825,41.21
20,2434,PSB,EQ,653723,476285,72.86
20,2435,PSFL,SM,4000,4000,100.00
20,2436,PSPPROJECT,EQ,58315,33258,57.03
20,2437,PSRAJ,SM,17500,12500,71.43
20,2438,PSUBANK,EQ,95380,43111,45.20
20,2439,PSUBANKADD,EQ,58726,35109,59.78
20,2440,PSUBNKBEES,EQ,1588284,1003940,63.21
20,2441,PSUBNKIETF,EQ,129060,77666,60.18
20,2442,PTC,EQ,1610691,1160022,72.02
20,2443,PTCIL,EQ,34722,12036,34.66
20,2444,PTL,EQ,23165,12810,55.30
20,2445,PULZ,SM,2000,2000,100.00
20,2446,PUNJABCHEM,EQ,9565,5155,53.89
20,2447,PURPLEUTED,ST,29750,28500,95.80
20,2448,PURVA,EQ,188428,68353,36.28
20,2449,PURVFLEXI,SM,4800,3200,66.67
20,2450,PUSHPA,SM,58000,7000,12.07
20,2451,PVP,EQ,853205,470295,55.12
20,2452,PVRINOX,EQ,291985,155298,53.19
20,2453,PVSL,EQ,12722,8610,67.68
20,2454,PVTBANIETF,EQ,1242955,674896,54.30
20,2455,PVTBANK,EQ,7206,6470,89.79
20,2456,PVTBANKADD,EQ,409732,375597,91.67
20,2457,PVTBKGROWW,EQ,17868,9457,52.93
20,2458,PWL,EQ,7983867,2627385,32.91
20,2459,PYRAMID,EQ,41198,22849,55.46
20,2460,QGOLDHALF,EQ,339170,129595,38.21
20,2461,QLINE,SM,127200,74800,58.81
20,2462,QNIFTY,EQ,7801,4460,57.17
20,2463,QPOWER,EQ,415519,216413,52.08
20,2464,QUADFUTURE,EQ,4009846,465679,11.61
20,2465,QUAL30IETF,EQ,74969,43944,58.62
20,2466,QUALIANCE,ST,94000,94000,100.00
20,2467,QUALITY30,EQ,57105,26701,46.76
20,2468,QUESS,EQ,783201,251837,32.15
20,2469,QUESTLAB,SM,68400,62400,91.23
20,2470,QUICKHEAL,EQ,2076441,491779,23.68
20,2471,QUICKTOUCH,SM,1000,1000,100.00
20,2472,QUINT,EQ,43332,39069,90.16
20,2473,QVCEL,SM,6400,4800,75.00
20,2474,RACE,EQ,2080,1382,66.44
20,2475,RACLGEAR,EQ,219097,49959,22.80
20,2476,RADAAN,EQ,13131,8332,63.45
20,2477,RADHIKAJWE,EQ,1325850,616090,46.47
20,2478,RADIANTCMS,EQ,362902,129174,35.59
20,2479,RADICO,EQ,242365,107072,44.18
20,2480,RADIOCITY,EQ,144035,125445,87.09
20,2481,RADIOWALLA,ST,4800,4800,100.00
20,2482,RAILTEL,EQ,418439,184964,44.20
20,2483,RAIN,EQ,5273699,2453702,46.53
20,2484,RAINBOW,EQ,72380,39004,53.89
20,2485,RAJINDLTD,SM,4500,3000,66.67
20,2486,RAJMET,EQ,372173,257604,69.22
20,2487,RAJPALAYAM,EQ,1355,1188,87.68
20,2488,RAJPUTANA,SM,3500,3500,100.00
20,2489,RAJRATAN,EQ,153932,79763,51.82
20,2490,RAJSREESUG,EQ,35214,20645,58.63
20,2491,RAJTV,EQ,39790,29945,75.26
20,2492,RALLIS,EQ,1097997,397946,36.24
20,2493,RAMANEWS,EQ,16171,11119,68.76
20,2494,RAMAPHO,EQ,28796,19830,68.86
20,2495,RAMBHAJO,EQ,537792,306945,57.08
20,2496,RAMCOCEM,EQ,187590,117512,62.64
20,2497,RAMCOIND,EQ,83193,35305,42.44
20,2498,RAMCOSYS,EQ,46824,26403,56.39
20,2499,RAMKY,EQ,47492,27318,57.52
20,2500,RAMRAT,EQ,217043,82795,38.15
20,2501,RANASUG,EQ,451004,410007,90.91
20,2502,RANEHOLDIN,EQ,15327,7739,50.49
20,2503,RAPIDFLEET,SM,7800,1200,15.38
20,2504,RAPPID,SM,1800,600,33.33
20,2505,RATEGAIN,EQ,262687,133641,50.87
20,2506,RATNAMANI,EQ,55253,26947,48.77
20,2507,RATNAVEER,EQ,6487828,2759266,42.53
20,2508,RAYMOND,EQ,22726056,1753201,7.71
20,2509,RAYMONDLSL,EQ,675263,366357,54.25
20,2510,RAYMONDREL,EQ,2720847,875393,32.17
20,2511,RBA,EQ,2819981,1317127,46.71
20,2512,RBLBANK,EQ,1249135,524373,41.98
20,2513,RBMINFRA,SM,32800,29600,90.24
20,2514,RBS,SM,17600,9600,54.55
20,2515,RCDL,SM,42000,24000,57.14
20,2516,RCDL-RE,ST,51000,51000,100.00
20,2517,RCF,EQ,1070656,507499,47.40
20,2518,READYMIX,SM,13000,13000,100.00
20,2519,RECLTD,EQ,4665696,2734076,58.60
20,2520,REDINGTON,EQ,4338609,1815668,41.85
20,2521,REDTAPE,EQ,33802011,921351,2.73
20,2522,REFEX,EQ,184866,112809,61.02
20,2523,REFRACTORY,SM,7000,7000,100.00
20,2524,REGAAL,EQ,301749,179751,59.57
20,2525,REGENCERAM,EQ,3945,3207,81.29
20,2526,RELAXO,EQ,109701,51180,46.65
20,2527,RELCHEMQ,EQ,138336,51454,37.19
20,2528,RELIABLE,EQ,3657,2036,55.67
20,2529,RELIANCE,EQ,13754376,8426050,61.26
20,2530,RELIGARE,EQ,584107,287807,49.27
20,2531,RELTD,EQ,106567,56970,53.46
20,2532,REMSONSIND,EQ,146432,74848,51.11
20,2533,REMUS,SM,6500,4100,63.08
20,2534,RENUKA,EQ,11649203,4547563,39.04
20,2535,REPCOHOME,EQ,159662,93703,58.69
20,2536,REPRO,EQ,9288,6200,66.75
20,2537,RESPONIND,EQ,957892,394500,41.18
20,2538,RETAIL,EQ,629,599,95.23
20,2539,RFBL,ST,15000,15000,100.00
20,2540,RGL,EQ,1223848,451142,36.86
20,2541,RHETAN,EQ,246294,246243,99.98
20,2542,RHIM,EQ,156169,103275,66.13
20,2543,RHL,EQ,17789,13694,76.98
20,2544,RICOAUTO,EQ,643528,273839,42.55
20,2545,RIIL,EQ,36914,14927,40.44
20,2546,RIIT,IV,195082,181195,92.88
20,2547,RILINFRA,SM,12100,11200,92.56
20,2548,RIR,EQ,512746,147277,28.72
20,2549,RISHABH,EQ,224609,118231,52.64
20,2550,RITCO,EQ,60571,41257,68.11
20,2551,RITES,EQ,262779,134095,51.03
20,2552,RKDL,EQ,5592,4766,85.23
20,2553,RKEC,EQ,22880,17877,78.13
20,2554,RKFORGE,EQ,685117,391857,57.20
20,2555,RKSWAMY,EQ,44355,25567,57.64
20,2556,RMC,EQ,55581,28199,50.73
20,2557,RML,EQ,36201,17400,48.06
20,2558,RNFI,SM,19800,15000,75.76
20,2559,RNPL,SM,4800,4800,100.00
20,2560,ROCKINGDCE,SM,2000,1000,50.00
20,2561,ROHLTD,EQ,20115,13590,67.56
20,2562,ROLEXRINGS,EQ,1102758,503689,45.68
20,2563,ROML,EQ,144,85,59.03
20,2564,ROSSARI,EQ,59590,31727,53.24
20,2565,ROSSELLIND,EQ,68654,36049,52.51
20,2566,ROSSTECH,EQ,1062808,199512,18.77
20,2567,ROTO,EQ,289946,138173,47.65
20,2568,ROUTE,EQ,216143,125255,57.95
20,2569,ROXHITECH,SM,28800,25600,88.89
20,2570,ROYALARC,SM,2400,2400,100.00
20,2571,RPEL,EQ,225914,99485,44.04
20,2572,RPGLIFE,EQ,60664,20309,33.48
20,2573,RPOWER,EQ,17702828,6038556,34.11
20,2574,RPPINFRA,EQ,87771,57836,65.89
20,2575,RPSGVENT,EQ,38746,12923,33.35
20,2576,RPTECH,EQ,377031,188451,49.98
20,2577,RRECL,EQ,160,124,77.50
20,2578,RRIL,EQ,14455,9746,67.42
20,2579,RRKABEL,EQ,208267,122281,58.71
20,2580,RSL,EQ,670942,212648,31.69
20,2581,RSSOFTWARE,EQ,32806,25987,79.21
20,2582,RSYSTEMS,EQ,217291,87317,40.18
20,2583,RTL,SM,2000,2000,100.00
20,2584,RTNINDIA,EQ,2120638,937632,44.21
20,2585,RTNPOWER,EQ,27592104,13868824,50.26
20,2586,RTSPOWR,EQ,668,642,96.11
20,2587,RUBFILA,EQ,103797,78110,75.25
20,2588,RUBICON,EQ,200388,94382,47.10
20,2589,RUBYMILLS,EQ,13641,5923,43.42
20,2590,RUCHINFRA,EQ,80698,57832,71.66
20,2591,RUCHIRA,EQ,37224,21316,57.26
20,2592,RUDRA,EQ,28636,21171,73.93
20,2593,RULKA,SM,1800,1800,100.00
20,2594,RUPA,EQ,98326,54733,55.66
20,2595,RUSHIL,EQ,229040,166501,72.70
20,2596,RUSTOMJEE,EQ,76157,43852,57.58
20,2597,RVHL,EQ,6411,4673,72.89
20,2598,RVNL,EQ,3967219,1611103,40.61
20,2599,RVTH,EQ,4976,2959,59.47
20,2600,S&SPOWER,EQ,2992,2385,79.71
20,2601,SAAKSHI,ST,37800,26400,69.84
20,2602,SAATVIKGL,EQ,105059,51700,49.21
20,2603,SAB,EQ,5,5,100.00
20,2604,SACHEEROME,SM,22200,15000,67.57
20,2605,SADBHAV,EQ,224092,149641,66.78
20,2606,SADBHIN,EQ,60864,55478,91.15
20,2607,SADHAV,SM,35400,25800,72.88
20,2608,SAFARI,EQ,74589,38484,51.59
20,2609,SAFEENTP,SM,33000,22500,68.18
20,2610,SAGARDEEP,EQ,4366,3668,84.01
20,2611,SAGCEM,EQ,35191,26441,75.14
20,2612,SAGILITY,EQ,23912914,8892134,37.19
20,2613,SAHAJSOLAR,SM,13600,10000,73.53
20,2614,SAHANA,SM,22950,19200,83.66
20,2615,SAHASRA,SM,82000,73200,89.27
20,2616,SAHLIBHFI,EQ,41398,28572,69.02
20,2617,SAHYADRI,EQ,27611,16593,60.10
20,2618,SAICAPI,EQ,134,125,93.28
20,2619,SAIFL,SM,224000,112000,50.00
20,2620,SAIL,EQ,10217048,4302258,42.11
20,2621,SAILIFE,EQ,433185,212207,48.99
20,2622,SAIPARENT,EQ,74691,44053,58.98
20,2623,SAKAR,EQ,119031,51036,42.88
20,2624,SAKHTISUG,EQ,135785,87947,64.77
20,2625,SAKSOFT,EQ,505365,170157,33.67
20,2626,SAKUMA,EQ,742269,539434,72.67
20,2627,SALASAR,EQ,11156788,6790444,60.86
20,2628,SALONA,EQ,65,38,58.46
20,2629,SALSTEEL,EQ,351889,201240,57.19
20,2630,SALZERELEC,EQ,34986,19150,54.74
20,2631,SAMAY,ST,4000,4000,100.00
20,2632,SAMBANDAM,EQ,1,1,100.00
20,2633,SAMBHAAV,EQ,16941,15405,90.93
20,2634,SAMBHV,EQ,1638704,793820,48.44
20,2635,SAMHI,EQ,468454,244374,52.17
20,2636,SAMMAANCAP,EQ,5171011,2451071,47.40
20,2637,SAMPANN,EQ,27614,21753,78.78
20,2638,SANATHAN,EQ,58337,36069,61.83
20,2639,SANDESH,EQ,502,411,81.87
20,2640,SANDHAR,EQ,119259,74511,62.48
20,2641,SANDUMA,EQ,1127169,594208,52.72
20,2642,SANGAMIND,EQ,34764,19400,55.80
20,2643,SANGHVIMOV,EQ,514577,309866,60.22
20,2644,SANOFI,EQ,23468,11740,50.03
20,2645,SANOFICONR,EQ,7742,3303,42.66
20,2646,SANSERA,EQ,276179,160854,58.24
20,2647,SANSTAR,EQ,130368,82815,63.52
20,2648,SAPPHIRE,EQ,399696,245311,61.37
20,2649,SAPPL,EQ,1738,1351,77.73
20,2650,SARDAEN,EQ,380876,210755,55.33
20,2651,SAREGAMA,EQ,194289,87202,44.88
20,2652,SARLAPOLY,EQ,102414,71754,70.06
20,2653,SAROJA,SM,1600,1600,100.00
20,2654,SARTELE,SM,56500,38500,68.14
20,2655,SARVESHWAR,EQ,1905933,1292186,67.80
20,2656,SASKEN,EQ,55350,26060,47.08
20,2657,SATECH,SM,20000,16000,80.00
20,2658,SATIA,EQ,106260,61405,57.79
20,2659,SATIN,EQ,158812,76815,48.37
20,2660,SATIPOLY,ST,1000,1000,100.00
20,2661,SATKARTAR,SM,140000,107200,76.57
20,2662,SATTVAENGG,SM,8000,6400,80.00
20,2663,SAURASHCEM,EQ,107268,84941,79.19
20,2664,SAVY,SM,7200,6000,83.33
20,2665,SAWALIYA,SM,22200,16200,72.97
20,2666,SAYAJIHOTL,EQ,605,549,90.74
20,2667,SAYAJIIND,EQ,312,311,99.68
20,2668,SBC,EQ,9919587,3738312,37.69
20,2669,SBCL,EQ,482862,224756,46.55
20,2670,SBFC,EQ,630989,316713,50.19
20,2671,SBGLP,EQ,56281,37698,66.98
20,2672,SBIBPB,EQ,56517,46623,82.49
20,2673,SBICARD,EQ,1751822,858867,49.03
20,2674,SBIETFCON,EQ,3428,1981,57.79
20,2675,SBIETFIT,EQ,32283,10739,33.27
20,2676,SBIETFPB,EQ,3089,2410,78.02
20,2677,SBIETFQLTY,EQ,17934,11226,62.60
20,2678,SBIFUNDS,EQ,1079997,602314,55.77
20,2679,SBILIFE,EQ,1139205,738329,64.81
20,2680,SBILIQETF,EQ,5977,5976,99.98
20,2681,SBIMIDMOM,EQ,53326,50838,95.33
20,2682,SBIN,EQ,10004115,6015570,60.13
20,2683,SBINEQWETF,EQ,36302,26238,72.28
20,2684,SBINMID150,EQ,36224,19069,52.64
20,2685,SBISILVER,EQ,1062753,491917,46.29
20,2686,SBISMLETF,EQ,76273,51956,68.12
20,2687,SBIVALETF,EQ,12957,12532,96.72
20,2688,SCHAEFFLER,EQ,50304,31600,62.82
20,2689,SCHAND,EQ,17433,12784,73.33
20,2690,SCHNEIDER,EQ,233496,156102,66.85
20,2691,SCI,EQ,1967345,807233,41.03
20,2692,SCILAL,EQ,182150,135069,74.15
20,2693,SCL01825,N6,10,10,100.00
20,2694,SCML,SM,2000,2000,100.00
20,2695,SCODATUBES,EQ,123440,83809,67.89
20,2696,SDBL,EQ,535458,341247,63.73
20,2697,SDREAMS,SM,28000,25000,89.29
20,2698,SEAMECLTD,EQ,83528,40599,48.61
20,2699,SECL,SZ,6250,6250,100.00
20,2700,SECMARK,EQ,802,405,50.50
20,2701,SECURKLOUD,EQ,31638,21882,69.16
20,2702,SEDEMAC,EQ,95665,34164,35.71
20,2703,SEIL,EQ,382765,215326,56.26
20,2704,SEJALLTD,EQ,6101,4741,77.71
20,2705,SEKURITIND,EQ,52685,33248,63.11
20,2706,SEL,SM,3400,2400,70.59
20,2707,SELECTIPO,EQ,61098,49295,80.68
20,2708,SEMAC,EQ,702,630,89.74
20,2709,SENCO,EQ,504318,247428,49.06
20,2710,SENORES,EQ,162042,83753,51.69
20,2711,SENSEXADD,EQ,5048,4354,86.25
20,2712,SENSEXAXIS,EQ,2720,1521,55.92
20,2713,SENSEXBETA,EQ,240273,240046,99.91
20,2714,SENSEXETF,EQ,24562,14120,57.49
20,2715,SENSEXIETF,EQ,16466,11153,67.73
20,2716,SEPC,EQ,8695082,4836334,55.62
20,2717,SERVICE,SM,4000,4000,100.00
20,2718,SERVOTECH,EQ,844722,392908,46.51
20,2719,SESHAPAPER,EQ,43579,28393,65.15
20,2720,SETF10GILT,EQ,5042,4100,81.32
20,2721,SETFGOLD,EQ,8275144,4956321,59.89
20,2722,SETFNIF50,EQ,863309,530472,61.45
20,2723,SETFNIFBK,EQ,166307,153527,92.32
20,2724,SETFNN50,EQ,51047,37384,73.23
20,2725,SETL,EQ,194608,193107,99.23
20,2726,SFL,EQ,159797,73288,45.86
20,2727,SFML,SM,1600,1600,100.00
20,2728,SGBAPR28I,GB,1598,1532,95.87
20,2729,SGBAUG27,GB,66,42,63.64
20,2730,SGBAUG28V,GB,657,425,64.69
20,2731,SGBAUG29V,GB,42,29,69.05
20,2732,SGBAUG30,GB,128,119,92.97
20,2733,SGBD29VIII,GB,155,123,79.35
20,2734,SGBDC27VII,GB,15,10,66.67
20,2735,SGBDE30III,GB,172,129,75.00
20,2736,SGBDE31III,GB,819,517,63.13
20,2737,SGBFEB27,GB,5,5,100.00
20,2738,SGBFEB28IX,GB,2,2,100.00
20,2739,SGBFEB29XI,GB,55,41,74.55
20,2740,SGBFEB32IV,GB,1161,836,72.01
20,2741,SGBJ28VIII,GB,24,13,54.17
20,2742,SGBJAN27,GB,38,15,39.47
20,2743,SGBJAN29IX,GB,273,245,89.74
20,2744,SGBJAN29X,GB,45,44,97.78
20,2745,SGBJAN30IX,GB,486,157,32.30
20,2746,SGBJU29III,GB,85,80,94.12
20,2747,SGBJUL27,GB,4,4,100.00
20,2748,SGBJUL28IV,GB,100,67,67.00
20,2749,SGBJUL29IV,GB,198,198,100.00
20,2750,SGBJUN27,GB,24,13,54.17
20,2751,SGBJUN28,GB,88,66,75.00
20,2752,SGBJUN29II,GB,300,214,71.33
20,2753,SGBJUN30,GB,369,217,58.81
20,2754,SGBJUN31I,GB,528,372,70.45
20,2755,SGBMAR28X,GB,3,3,100.00
20,2756,SGBMAR30X,GB,2,2,100.00
20,2757,SGBMAR31IV,GB,126,109,86.51
20,2758,SGBMAY28,GB,110,57,51.82
20,2759,SGBMAY29I,GB,309,289,93.53
20,2760,SGBMR29XII,GB,114,110,96.49
20,2761,SGBN28VIII,GB,41,26,63.41
20,2762,SGBNOV26,GB,23,16,69.57
20,2763,SGBNV29VII,GB,191,130,68.06
20,2764,SGBOC28VII,GB,566,555,98.06
20,2765,SGBOCT27,GB,9,6,66.67
20,2766,SGBOCT27VI,GB,115,115,100.00
20,2767,SGBSEP27,GB,19,13,68.42
20,2768,SGBSEP28VI,GB,237,202,85.23
20,2769,SGBSEP29VI,GB,371,325,87.60
20,2770,SGBSEP31II,GB,715,501,70.07
20,2771,SGFIN,EQ,272203,153629,56.44
20,2772,SGIL,EQ,16573,12711,76.70
20,2773,SGL,EQ,6382,4874,76.37
20,2774,SGLRES,EQ,31022,25167,81.13
20,2775,SGMART,EQ,198309,105357,53.13
20,2776,SGRL,EQ,15689,10152,64.71
20,2777,SHADOWFAX,EQ,3355837,2211894,65.91
20,2778,SHAH,EQ,1406837,902437,64.15
20,2779,SHAILY,EQ,108535,50233,46.28
20,2780,SHAKTIPUMP,EQ,609362,307608,50.48
20,2781,SHALBY,EQ,364825,189828,52.03
20,2782,SHANKARA,EQ,415745,389893,93.78
20,2783,SHANKESH,EQ,5763565,1747005,30.31
20,2784,SHANTI,EQ,27186,24057,88.49
20,2785,SHANTIGEAR,EQ,102653,42952,41.84
20,2786,SHANTIGOLD,EQ,888493,401827,45.23
20,2787,SHANTIINOR,ST,300800,268800,89.36
20,2788,SHARDACROP,EQ,179500,115525,64.36
20,2789,SHARDAMOTR,EQ,147923,71360,48.24
20,2790,SHAREINDIA,EQ,4211096,682560,16.21
20,2791,SHARIABEES,EQ,13753,7398,53.79
20,2792,SHBAJRG,EQ,1495,1378,92.17
20,2793,SHEETAL,SM,5500,3000,54.55
20,2794,SHERA,SM,68000,51000,75.00
20,2795,SHERVANI,EQ,382,298,78.01
20,2796,SHETHJI,SM,11000,11000,100.00
20,2797,SHIGAN,SM,1500,1500,100.00
20,2798,SHILCTECH,EQ,15004,8567,57.10
20,2799,SHILGRAVQ,EQ,3504,2838,80.99
20,2800,SHILPAMED,EQ,756740,323705,42.78
20,2801,SHINDL,EQ,154154,25689,16.66
20,2802,SHIPROCKET,EQ,2797182,788635,28.19
20,2803,SHIVAAGRO,EQ,1547,1543,99.74
20,2804,SHIVACEM,EQ,43700,34071,77.97
20,2805,SHIVALIK,EQ,97952,49573,50.61
20,2806,SHIVAMAUTO,EQ,41093,32938,80.15
20,2807,SHIVAMILLS,EQ,1396,981,70.27
20,2808,SHIVASHRIT,SM,75000,53000,70.67
20,2809,SHIVATEX,EQ,3009,2063,68.56
20,2810,SHIVAUM,EQ,815,196,24.05
20,2811,SHK,EQ,298458,176134,59.01
20,2812,SHKSIL,SM,10000,6000,60.00
20,2813,SHOPERSTOP,EQ,2756422,112589,4.08
20,2814,SHRADDHA,EQ,7567,6898,91.16
20,2815,SHRADHA,EQ,1488,1177,79.10
20,2816,SHREDIGCEM,EQ,130681,84381,64.57
20,2817,SHREECEM,EQ,12171,6897,56.67
20,2818,SHREEDHAR,ST,24000,22000,91.67
20,2819,SHREEJISPG,EQ,3269593,1309028,40.04
20,2820,SHREEKARNI,SM,4800,3600,75.00
20,2821,SHREEOSFM,SM,4000,4000,100.00
20,2822,SHREEPUSHK,EQ,310949,68447,22.01
20,2823,SHREERAMA,EQ,84445,38209,45.25
20,2824,SHREYANIND,EQ,4777,3494,73.14
20,2825,SHRIAHIMSA,SM,12600,9600,76.19
20,2826,SHRIKANHA,SM,4800,4800,100.00
20,2827,SHRIKRISH,EQ,917,894,97.49
20,2828,SHRINGARMS,EQ,157933,75898,48.06
20,2829,SHRIPISTON,EQ,76632,44598,58.20
20,2830,SHRIRAMFIN,EQ,5927612,3658587,61.72
20,2831,SHRIRAMPPS,EQ,287955,168064,58.36
20,2832,SHRITECH,SM,16000,16000,100.00
20,2833,SHRJAGP,EQ,451,391,86.70
20,2834,SHUBHLAXMI,SM,1000,1000,100.00
20,2835,SHUBHSHREE,SM,2400,1800,75.00
20,2836,SHUKRAPHAR,EQ,2366428,954941,40.35
20,2837,SHYAMDHANI,ST,22000,22000,100.00
20,2838,SHYAMMETL,EQ,231835,146827,63.33
20,2839,SHYAMTEL,EQ,1365,835,61.17
20,2840,SICAGEN,EQ,13896,10838,77.99
20,2841,SIDDHICOTS,SM,4800,4800,100.00
20,2842,SIDDHIKA,SM,500,500,100.00
20,2843,SIEL,EQ,510,507,99.41
20,2844,SIEMENS,EQ,347469,150096,43.20
20,2845,SIGACHI,EQ,20492367,7128567,34.79
20,2846,SIGMA,EQ,139128,54256,39.00
20,2847,SIGNATURE,EQ,179141,11932,6.66
20,2848,SIGNPOST,EQ,57010,28087,49.27
20,2849,SIKA,EQ,46605,21509,46.15
20,2850,SIL,EQ,31415,23229,73.94
20,2851,SILGO,EQ,259419,222208,85.66
20,2852,SILINV,EQ,1485,980,65.99
20,2853,SILKFLEX,SM,19000,11000,57.89
20,2854,SILKY,SM,1600,1600,100.00
20,2855,SILVER,EQ,926183,458004,49.45
20,2856,SILVER001,EQ,6706,3906,58.25
20,2857,SILVER1,EQ,10647931,6416020,60.26
20,2858,SILVER360,EQ,15321,6104,39.84
20,2859,SILVERADD,EQ,5796850,3010594,51.93
20,2860,SILVERAG,EQ,216997,125195,57.69
20,2861,SILVERAXIS,EQ,657007,547650,83.36
20,2862,SILVERBEES,EQ,16405242,8023599,48.91
20,2863,SILVERBETA,EQ,529462,204125,38.55
20,2864,SILVERBND,EQ,13863,12676,91.44
20,2865,SILVERCASE,EQ,5588161,2606463,46.64
20,2866,SILVERIETF,EQ,3710345,1888429,50.90
20,2867,SILVERTUC,EQ,420284,130347,31.01
20,2868,SIMCA,ST,76200,76200,100.00
20,2869,SIMPLEXINF,EQ,110563,70626,63.88
20,2870,SIMPLXREA,EQ,169,169,100.00
20,2871,SINCLAIR,EQ,46998,31935,67.95
20,2872,SINDHUTRAD,EQ,385853,108178,28.04
20,2873,SINGERIND,EQ,66642,45378,68.09
20,2874,SINTERCOM,EQ,1098,696,63.39
20,2875,SIRCA,EQ,200970,93847,46.70
20,2876,SIS,EQ,450780,193163,42.85
20,2877,SIYSIL,EQ,26520,14649,55.24
20,2878,SJLOGISTIC,SM,27750,22000,79.28
20,2879,SJS,EQ,151469,89948,59.38
20,2880,SJVN,EQ,1708205,802246,46.96
20,2881,SKFINDIA,EQ,23487,13500,57.48
20,2882,SKFINDUS,EQ,56181,23079,41.08
20,2883,SKIPPER,EQ,1092523,484890,44.38
20,2884,SKMEGGPROD,EQ,116381,72011,61.88
20,2885,SKP,SM,36500,11500,31.51
20,2886,SKYGOLD,EQ,773753,352975,45.62
20,2887,SKYTECH,SM,35200,35200,100.00
20,2888,SKYWAYS,EQ,1875473,579763,30.91
20,2889,SLONE,ST,4800,3600,75.00
20,2890,SMALL250,EQ,505834,304272,60.15
20,2891,SMALLADD,EQ,90981,59656,65.57
20,2892,SMALLCAP,EQ,7245494,3469741,47.89
20,2893,SMALLGROWW,EQ,12495,11431,91.48
20,2894,SMALLIETF,EQ,63411,40791,64.33
20,2895,SMARTEN,ST,6000,6000,100.00
20,2896,SMARTWORKS,EQ,39490,25384,64.28
20,2897,SMCGLOBAL,EQ,1251208,576606,46.08
20,2898,SML100CASE,EQ,2166984,1237277,57.10
20,2899,SMLMAH,EQ,45556,23907,52.48
20,2900,SMLT,EQ,2686,1626,60.54
20,2901,SMSPHARMA,EQ,4315277,1286644,29.82
20,2902,SMVD,SM,4040,4040,100.00
20,2903,SNEHAA,SM,3000,3000,100.00
20,2904,SNOWMAN,EQ,188142,115674,61.48
20,2905,SNXT30BEES,EQ,59482,53012,89.12
20,2906,SNXT50BETA,EQ,1657,1313,79.24
20,2907,SOBHA,EQ,110757,43348,39.14
20,2908,SOCL,SM,12800,9600,75.00
20,2909,SOFTTECH,EQ,13382,13144,98.22
20,2910,SOLARA,EQ,696761,272906,39.17
20,2911,SOLARINDS,EQ,1304570,425477,32.61
20,2912,SOLARWORLD,EQ,463874,225443,48.60
20,2913,SOLEX,EQ,61445,33541,54.59
20,2914,SOMANYCERA,EQ,76905,46995,61.11
20,2915,SOMATEX,EQ,4172,2201,52.76
20,2916,SOMICONVEY,EQ,11112,7998,71.98
20,2917,SONACOMS,EQ,1635076,979783,59.92
20,2918,SONAL,EQ,98,98,100.00
20,2919,SONAMAC,SM,5000,4000,80.00
20,2920,SONATSOFTW,EQ,6788610,1063568,15.67
20,2921,SONUINFRA,ST,153000,151500,99.02
20,2922,SOTL,EQ,243431,102302,42.03
20,2923,SOUTHBANK,EQ,12742655,5468339,42.91
20,2924,SOUTHWEST,EQ,304793,172769,56.68
20,2925,SPAL,EQ,53942,26947,49.96
20,2926,SPANDANA,EQ,188234,101328,53.83
20,2927,SPARC,EQ,627126,328528,52.39
20,2928,SPCENET,EQ,1132328,713308,62.99
20,2929,SPCL,SM,24000,18600,77.50
20,2930,SPCON,SM,10800,9600,88.89
20,2931,SPEB,SM,2000,2000,100.00
20,2932,SPENCERS,EQ,30766,25109,81.61
20,2933,SPIC,EQ,418875,271300,64.77
20,2934,SPLIL,EQ,13439,11172,83.13
20,2935,SPLPETRO,EQ,170064,98393,57.86
20,2936,SPMLINFRA,EQ,163272,103646,63.48
20,2937,SPORTKING,EQ,471319,272028,57.72
20,2938,SPPPOLY,SM,12000,10000,83.33
20,2939,SPUNWEB,SM,19200,16800,87.50
20,2940,SRD,EQ,53352,44271,82.98
20,2941,SRF,EQ,149986,83630,55.76
20,2942,SRGHFL,EQ,66874,62822,93.94
20,2943,SRHHYPOLTD,EQ,59413,37553,63.21
20,2944,SRIVASAVI,ST,12000,11000,91.67
20,2945,SRM,EQ,63636,37671,59.20
20,2946,SRTL,EQ,23754,20230,85.16
20,2947,SSDL,EQ,41431,28278,68.25
20,2948,SSEGL,SM,69000,54200,78.55
20,2949,SSFL,ST,21000,21000,100.00
20,2950,SSWL,EQ,1724329,828764,48.06
20,2951,STANLEY,EQ,114098,81212,71.18
20,2952,STAR,EQ,421480,218321,51.80
20,2953,STARCEMENT,EQ,272570,171375,62.87
20,2954,STARHEALTH,EQ,873422,564105,64.59
20,2955,STARPAPER,EQ,14400,10675,74.13
20,2956,STARTECK,EQ,127,98,77.17
20,2957,STCINDIA,EQ,11964,9804,81.95
20,2958,STEELCAS,EQ,49977,28332,56.69
20,2959,STEELCITY,EQ,17883,11251,62.91
20,2960,STEELXIND,EQ,5762202,1991087,34.55
20,2961,STEL,EQ,3096,1729,55.85
20,2962,STLNETWORK,EQ,14945148,7246955,48.49
20,2963,STLSTRINF,EQ,40095,30266,75.49
20,2964,STOVEKRAFT,EQ,105247,58635,55.71
20,2965,STRIDERS,SM,4800,3200,66.67
20,2966,STUDDS,EQ,20247,11210,55.37
20,2967,STUDIOLSD,SM,20000,16000,80.00
20,2968,STYL,EQ,155799,108771,69.81
20,2969,STYLAMIND,EQ,31650,17041,53.84
20,2970,STYLEBAAZA,EQ,431277,282904,65.60
20,2971,STYRENIX,EQ,22209,13808,62.17
20,2972,SUBAHOTELS,SM,68400,46800,68.42
20,2973,SUBEXLTD,EQ,25531437,6911059,27.07
20,2974,SUBROS,EQ,29668,16529,55.71
20,2975,SUDARCOLOR,EQ,5728,3654,63.79
20,2976,SUDARSCHEM,EQ,176492,93591,53.03
20,2977,SUDEEPPHRM,EQ,124977,67383,53.92
20,2978,SUKHJITS,EQ,29472,18934,64.24
20,2979,SULA,EQ,354017,195240,55.15
20,2980,SUMAX,ST,534000,417600,78.20
20,2981,SUMEDHA,EQ,12042,10578,87.84
20,2982,SUMEETINDS,EQ,1550724,1035087,66.75
20,2983,SUMICHEM,EQ,263903,126184,47.81
20,2984,SUMIT,EQ,25085,20363,81.18
20,2985,SUMMITSEC,EQ,4644,3346,72.05
20,2986,SUNCLAY,EQ,6584,4484,68.10
20,2987,SUNDARAM,EQ,192563,136519,70.90
20,2988,SUNDARMFIN,EQ,64086,34190,53.35
20,2989,SUNDRMFAST,EQ,130043,68550,52.71
20,2990,SUNDROP,EQ,5387,3473,64.47
20,2991,SUNFLAG,EQ,103768,52563,50.65
20,2992,SUNLITE,SM,26400,17100,64.77
20,2993,SUNLOC,EQ,506,504,99.60
20,2994,SUNPHARMA,EQ,1437151,1009585,70.25
20,2995,SUNRAKSHAK,EQ,8173,6313,77.24
20,2996,SUNREST,SM,14400,14400,100.00
20,2997,SUNSHIEL,EQ,4496,3157,70.22
20,2998,SUNSHINE,EQ,7326036,2476045,33.80
20,2999,SUNTECH,SM,11200,9600,85.71
20,3000,SUNTECK,EQ,243697,119466,49.02
20,3001,SUNTV,EQ,323101,174931,54.14
20,3002,SUPERHOUSE,EQ,4382,3354,76.54
20,3003,SUPRAJIT,EQ,113378,45832,40.42
20,3004,SUPREME,EQ,111772,38191,34.17
20,3005,SUPREMEIND,EQ,157956,77928,49.34
20,3006,SUPREMEINF,EQ,33793,26500,78.42
20,3007,SUPREMEPWR,SM,71500,45500,63.64
20,3008,SUPRIYA,EQ,166220,75945,45.69
20,3009,SURAJEST,EQ,123897,69444,56.05
20,3010,SURAJLTD,EQ,1313,1127,85.83
20,3011,SURAKSHA,EQ,70378,32648,46.39
20,3012,SURANASOL,EQ,24580,19537,79.48
20,3013,SURANAT&P,EQ,39617,32571,82.21
20,3014,SURANI,SM,5200,2600,50.00
20,3015,SURYALA,EQ,41,41,100.00
20,3016,SURYALAXMI,EQ,4782,4058,84.86
20,3017,SURYAROSNI,EQ,375749,241451,64.26
20,3018,SURYODAY,EQ,322480,208551,64.67
20,3019,SUVEN,EQ,870622,458814,52.70
20,3020,SUVIDHAA,EQ,87341,75745,86.72
20,3021,SUYOG,EQ,25996,14543,55.94
20,3022,SUZLON,EQ,40276349,17777630,44.14
20,3023,SVGLOBAL,EQ,2536,1998,78.79
20,3024,SVLL,EQ,1173,978,83.38
20,3025,SVPGLOB,EQ,37542,30915,82.35
20,3026,SWANCORP,EQ,2810162,576808,20.53
20,3027,SWARAJENG,EQ,7502,4451,59.33
20,3028,SWARNSAR,EQ,17383,12687,72.99
20,3029,SWASTIK,ST,1200,1200,100.00
20,3030,SWELECTES,EQ,14842,7491,50.47
20,3031,SWIGGY,EQ,13233851,6564467,49.60
20,3032,SWSOLAR,EQ,1684846,608515,36.12
20,3033,SYLVANPLY,SM,6000,4000,66.67
20,3034,SYMBIOTEC,EQ,1313080,314470,23.95
20,3035,SYMPHONY,EQ,81544,35607,43.67
20,3036,SYNCOMF,EQ,5369736,2482808,46.24
20,3037,SYNGENE,EQ,337576,197887,58.62
20,3038,SYNOPTICS,ST,600,600,100.00
20,3039,SYRMA,EQ,1180574,499801,42.34
20,3040,SYSTANGO,SM,26800,18800,70.15
20,3041,TAALTECH,EQ,20898,8416,40.27
20,3042,TAC,ST,41200,35200,85.44
20,3043,TAINWALCHM,EQ,6228,5977,95.97
20,3044,TAJGVK,EQ,58026,33965,58.53
20,3045,TAKE,EQ,44031,44030,100.00
20,3046,TALBROAUTO,EQ,454628,164883,36.27
20,3047,TANAA,EQ,15969,9191,57.56
20,3048,TANKUP,ST,2000,2000,100.00
20,3049,TANLA,EQ,453227,175852,38.80
20,3050,TARACHAND,EQ,59887,27102,45.26
20,3051,TARAPUR,EQ,30649,20946,68.34
20,3052,TARC,EQ,473899,292876,61.80
20,3053,TARIL,EQ,1167264,633375,54.26
20,3054,TARMAT,EQ,25511,9157,35.89
20,3055,TARSONS,EQ,98302,50715,51.59
20,3056,TASTYBITE,EQ,3830,2365,61.75
20,3057,TATACAP,EQ,1237142,683259,55.23
20,3058,TATACHEM,EQ,1823658,1753814,96.17
20,3059,TATACOMM,EQ,285951,104009,36.37
20,3060,TATACONSUM,EQ,1567952,908659,57.95
20,3061,TATAELXSI,EQ,424602,97184,22.89
20,3062,TATAGOLD,EQ,40637526,18873207,46.44
20,3063,TATAINVEST,EQ,24516580,1833475,7.48
20,3064,TATAPOWER,EQ,3710579,1328259,35.80
20,3065,TATASTEEL,EQ,31857708,15313473,48.07
20,3066,TATATECH,EQ,1235230,351849,28.48
20,3067,TATSILV,EQ,30441996,12536390,41.18
20,3068,TATVA,EQ,42445,24533,57.80
20,3069,TAURIAN,ST,44000,35200,80.00
20,3070,TBI,SM,120600,76200,63.18
20,3071,TBOTEK,EQ,81145,43955,54.17
20,3072,TBZ,EQ,1933695,637583,32.97
20,3073,TCC,EQ,3680305,408163,11.09
20,3074,TCHF30,NB,96,96,100.00
20,3075,TCI,EQ,17354,11035,63.59
20,3076,TCIEXP,EQ,25494,14778,57.97
20,3077,TCIFINANCE,EQ,20473,12919,63.10
20,3078,TCL,SM,59200,54400,91.89
20,3079,TCPLPACK,EQ,5613,2885,51.40
20,3080,TCS,EQ,5406210,2347086,43.41
20,3081,TDPOWERSYS,EQ,5769493,2442964,42.34
20,3082,TEAMGTY,EQ,467,399,85.44
20,3083,TEAMLEASE,EQ,14425,8657,60.01
20,3084,TEAMTECH,ST,24000,22000,91.67
20,3085,TECH,EQ,173875,86590,49.80
20,3086,TECHD,SM,18300,12300,67.21
20,3087,TECHERA,SM,80000,60800,76.00
20,3088,TECHLABS,SM,13750,10375,75.45
20,3089,TECHM,EQ,2577135,946196,36.72
20,3090,TECHNOCRAF,EQ,1500330,629732,41.97
20,3091,TECHNOE,EQ,129290,73650,56.96
20,3092,TECHNVISN,EQ,744,579,77.82
20,3093,TECILCHEM,EQ,13722,12811,93.36
20,3094,TEGA,EQ,138967,66879,48.13
20,3095,TEJA,SM,68400,42600,62.28
20,3096,TEJASCARGO,SM,1200,1200,100.00
20,3097,TEJASNET,EQ,2713607,782686,28.84
20,3098,TEMBO,EQ,967188,601427,62.18
20,3099,TEMPSENS,EQ,2634136,922358,35.02
20,3100,TENNIND,EQ,1307869,579731,44.33
20,3101,TERAI,EQ,57,57,100.00
20,3102,TERASOFT,EQ,24003,13774,57.38
20,3103,TEXINFRA,EQ,226217,185106,81.83
20,3104,TEXMOPIPES,EQ,669660,325246,48.57
20,3105,TEXRAIL,EQ,2149805,1029953,47.91
20,3106,TFCILTD,EQ,9687578,3942772,40.70
20,3107,TFL,EQ,7273,6620,91.02
20,3108,TGBHOTELS,EQ,7842,7510,95.77
20,3109,TGL,ST,600,600,100.00
20,3110,TGVSL,EQ,127830,93673,73.28
20,3111,THACKER,EQ,38,35,92.11
20,3112,THAKDEV,EQ,10,10,100.00
20,3113,THANGAMAYL,EQ,100172,57276,57.18
20,3114,THEINVEST,EQ,4818,4005,83.13
20,3115,THEJO,EQ,14877,8572,57.62
20,3116,THELEELA,EQ,189584,88100,46.47
20,3117,THEMISMED,EQ,127347,65638,51.54
20,3118,THERMAX,EQ,211945,106041,50.03
20,3119,THESL,ST,12000,6000,50.00
20,3120,THOMASCOOK,EQ,989497,484739,48.99
20,3121,THOMASCOTT,EQ,60938,25794,42.33
20,3122,THYROCARE,EQ,194375,111475,57.35
20,3123,TI,EQ,786869,345610,43.92
20,3124,TIGERLOGS,EQ,100468,76892,76.53
20,3125,TIIL,EQ,24762,13418,54.19
20,3126,TIINDIA,EQ,195410,91348,46.75
20,3127,TIMETECHNO,EQ,1721801,564039,32.76
20,3128,TIMEX,EQ,315563,165342,52.40
20,3129,TIMKEN,EQ,60795,29186,48.01
20,3130,TINNARUBR,EQ,86015,44695,51.96
20,3131,TIPSFILMS,EQ,3349,2922,87.25
20,3132,TIPSMUSIC,EQ,210300,122408,58.21
20,3133,TIRUMALCHM,EQ,646717,327922,50.71
20,3134,TITAGARH,EQ,476266,218582,45.89
20,3135,TITAN,EQ,504447,277236,54.96
20,3136,TMB,EQ,209458,106600,50.89
20,3137,TMCV,EQ,4286778,1767691,41.24
20,3138,TMPV,EQ,19003987,8730447,45.94
20,3139,TNIDETF,EQ,119416,66109,55.36
20,3140,TNPETRO,EQ,1021991,409306,40.05
20,3141,TNPL,EQ,240597,135761,56.43
20,3142,TNTELE,EQ,8615,6744,78.28
20,3143,TOKYOPLAST,EQ,1311,786,59.95
20,3144,TOLINS,EQ,38721,29078,75.10
20,3145,TOP100CASE,EQ,868118,726816,83.72
20,3146,TOP10ADD,EQ,826254,746039,90.29
20,3147,TOP15IETF,EQ,72745,35980,49.46
20,3148,TOP20,EQ,170172,163413,96.03
20,3149,TORNTPHARM,EQ,397030,267149,67.29
20,3150,TORNTPOWER,EQ,436537,207170,47.46
20,3151,TOUCHWOOD,EQ,635,182,28.66
20,3152,TOYAMSL,EQ,667929,597888,89.51
20,3153,TPLPLASTEH,EQ,153584,43977,28.63
20,3154,TRACXN,EQ,478090,230285,48.17
20,3155,TRANSCOR,EQ,1157,1049,90.67
20,3156,TRANSRAILL,EQ,368086,188497,51.21
20,3157,TRANSTEEL,SM,128000,98000,76.56
20,3158,TRAVELFOOD,EQ,18613,9706,52.15
20,3159,TREEHOUSE,EQ,21449,7722,36.00
20,3160,TREJHARA,EQ,7177,5086,70.87
20,3161,TREL,EQ,82719,55034,66.53
20,3162,TRENT,EQ,494769,247503,50.02
20,3163,TRF,EQ,42549,22928,53.89
20,3164,TRIDENT,EQ,2850365,1492553,52.36
20,3165,TRIDHYA,ST,6000,6000,100.00
20,3166,TRIGYN,EQ,58590,23429,39.99
20,3167,TRITONV,EQ,5609,3541,63.13
20,3168,TRITURBINE,EQ,1820501,983651,54.03
20,3169,TRIVENI,EQ,661461,348628,52.71
20,3170,TRU,EQ,206874,136107,65.79
20,3171,TRUALT,EQ,224114,151243,67.48
20,3172,TRUST,SM,10800,9600,88.89
20,3173,TSC,ST,6000,6000,100.00
20,3174,TSFINV,EQ,92881,50560,54.44
20,3175,TTKHLTCARE,EQ,33869,17365,51.27
20,3176,TTKPRESTIG,EQ,65503,32152,49.08
20,3177,TTL,EQ,43242,39157,90.55
20,3178,TTML,EQ,2840915,806225,28.38
20,3179,TUNWAL,SM,38000,32000,84.21
20,3180,TURTLEMINT,EQ,357604,161371,45.13
20,3181,TUTIALKA,EQ,6626,4759,71.82
20,3182,TVSELECT,EQ,27977,13913,49.73
20,3183,TVSHLTD,EQ,6044,3125,51.70
20,3184,TVSMOTOR,EQ,496058,275954,55.63
20,3185,TVSSCS,EQ,528148,240646,45.56
20,3186,TVSSRICHAK,EQ,5607,2558,45.62
20,3187,TVTODAY,EQ,93068,63871,68.63
20,3188,TWCGOLDETF,EQ,10349,1099,10.62
20,3189,UBL,EQ,52994,24593,46.41
20,3190,UCOBANK,EQ,3373905,1727382,51.20
20,3191,UDAYJEW,EQ,66824,30481,45.61
20,3192,UDS,EQ,95017,46247,48.67
20,3193,UEL,EQ,50156,27398,54.63
20,3194,UFLEX,EQ,129497,68945,53.24
20,3195,UFO,EQ,36249,28146,77.65
20,3196,UGARSUGAR,EQ,1194220,327374,27.41
20,3197,UGROCAP,EQ,189556,99576,52.53
20,3198,UHTL,ST,30000,30000,100.00
20,3199,UJJIVANSFB,EQ,7611153,3776499,49.62
20,3200,ULTRACEMCO,EQ,335172,208152,62.10
20,3201,ULTRAMAR,EQ,39348,26730,67.93
20,3202,UMESLTD,EQ,145521,139688,95.99
20,3203,UMIYA-MRO,EQ,28955,21349,73.73
20,3204,UNICHEMLAB,EQ,57806,30945,53.53
20,3205,UNIDT,EQ,42891,31259,72.88
20,3206,UNIECOM,EQ,152701,96155,62.97
20,3207,UNIENTER,EQ,12219,10708,87.63
20,3208,UNIHEALTH,SM,10000,7500,75.00
20,3209,UNIINFO,EQ,4784,2810,58.74
20,3210,UNILEX,SM,3200,3200,100.00
20,3211,UNIMECH,EQ,269490,111768,41.47
20,3212,UNIONBANK,EQ,4444675,2329245,52.41
20,3213,UNIONGOLD,EQ,1984,1030,51.92
20,3214,UNIPARTS,EQ,115818,61777,53.34
20,3215,UNITDSPR,EQ,343060,198848,57.96
20,3216,UNITECH,EQ,10640815,5741482,53.96
20,3217,UNITEDPOLY,EQ,129163,85803,66.43
20,3218,UNITEDTEA,EQ,6153,3806,61.86
20,3219,UNIVCABLES,EQ,235116,111353,47.36
20,3220,UNOMINDA,EQ,417139,229918,55.12
20,3221,UPHOT,EQ,8,8,100.00
20,3222,UPL,EQ,1588857,808693,50.90
20,3223,URBAN,SM,4800,3200,66.67
20,3224,URBANCO,EQ,4152047,1962023,47.25
20,3225,URJA,EQ,719687,446877,62.09
20,3226,USHAFIN,SM,24000,22400,93.33
20,3227,USHAMART,EQ,604747,393721,65.11
20,3228,USK,EQ,21328,13209,61.93
20,3229,UTIAMC,EQ,109601,67815,61.87
20,3230,UTKAL,SM,24000,22000,91.67
20,3231,UTKARSHBNK,EQ,10678279,4198337,39.32
20,3232,UTLSOLAR,EQ,342061,151621,44.33
20,3233,UTSSAV,SM,242400,119400,49.26
20,3234,UTTAMSUGAR,EQ,240789,106297,44.15
20,3235,V2RETAIL,EQ,925313,549820,59.42
20,3236,VADILALIND,EQ,32305,16672,51.61
20,3237,VADILENT,EQ,11,11,100.00
20,3238,VAIBHAVGBL,EQ,158830,86487,54.45
20,3239,VAISHALI,EQ,357226,281608,78.83
20,3240,VAKRANGEE,EQ,1176438,690211,58.67
20,3241,VAL30IETF,EQ,258219,156987,60.80
20,3242,VALUE,EQ,21562,21078,97.76
20,3243,VALUE360,SM,1200,1200,100.00
20,3244,VALUEAXIS,EQ,98731,51874,52.54
20,3245,VAML,EQ,8429673,5025583,59.62
20,3246,VARDMNPOLY,EQ,186182,157495,84.59
20,3247,VARROC,EQ,278443,110943,39.84
20,3248,VASCONEQ,EQ,368759,243351,65.99
20,3249,VASWANI,EQ,41920,33758,80.53
20,3250,VBL,EQ,3118516,1812315,58.11
20,3251,VDEAL,SM,6000,4800,80.00
20,3252,VEDAVAAG,EQ,184975,106279,57.46
20,3253,VEDL,EQ,9234199,5251319,56.87
20,3254,VEDPOWER,EQ,15567840,9233016,59.31
20,3255,VEEDOL,EQ,15287,9112,59.61
20,3256,VEEKAYEM,SM,3000,2000,66.67
20,3257,VENKEYS,EQ,115324,43317,37.56
20,3258,VENTIVE,EQ,79959,69253,86.61
20,3259,VENUSPIPES,EQ,238550,117207,49.13
20,3260,VERANDA,EQ,149157,92999,62.35
20,3261,VERITAAS,SM,4800,2400,50.00
20,3262,VERTEXPLUS,ST,1800,1800,100.00
20,3263,VERTIS,IV,250000,250000,100.00
20,3264,VERTOZ,EQ,44396,28080,63.25
20,3265,VESUVIUS,EQ,58269,37123,63.71
20,3266,VGCL,EQ,3504,3501,99.91
20,3267,VGINFOTECH,SM,16000,12000,75.00
20,3268,VGL,EQ,361556,184832,51.12
20,3269,VGUARD,EQ,439497,265644,60.44
20,3270,VHL,EQ,495,453,91.52
20,3271,VICTORYEV,SM,30000,21000,70.00
20,3272,VIDHIING,EQ,23677,13673,57.75
20,3273,VIDYAWIRES,EQ,707334,428188,60.54
20,3274,VIESL,SM,33600,28800,85.71
20,3275,VIGOR,SM,51200,30400,59.38
20,3276,VIJAYA,EQ,116091,65070,56.05
20,3277,VIJSOLX,EQ,561,494,88.06
20,3278,VIKASECO,EQ,1278805,813770,63.64
20,3279,VIKASLIFE,EQ,1607155,1084137,67.46
20,3280,VIKRAMSOLR,EQ,2131509,1205332,56.55
20,3281,VIKRAN,EQ,936506,430126,45.93
20,3282,VILAS,SM,47750,39250,82.20
20,3283,VILINBIO,SM,4000,4000,100.00
20,3284,VIMTALABS,EQ,121161,59465,49.08
20,3285,VINATIORGA,EQ,41505,24481,58.98
20,3286,VINCOFE,EQ,2128186,826966,38.86
20,3287,VINDHYATEL,EQ,100076,45126,45.09
20,3288,VINEETLAB,EQ,164341,87085,52.99
20,3289,VINNY,EQ,250857,212162,84.57
20,3290,VINSYS,ST,9750,9000,92.31
20,3291,VINYAS,SM,8600,6100,70.93
20,3292,VINYLINDIA,EQ,7205,6453,89.56
20,3293,VIPCLOTHNG,EQ,140164,89899,64.14
20,3294,VIPIND,EQ,220240,137304,62.34
20,3295,VIRAT,EQ,7551,6258,82.88
20,3296,VIRINCHI,EQ,76595,62047,81.01
20,3297,VISACHROME,EQ,10883,8258,75.88
20,3298,VISAKAIND,EQ,124953,73330,58.69
20,3299,VISAMAN,SM,6000,6000,100.00
20,3300,VISDEM,SM,15600,12000,76.92
20,3301,VISHAL,EQ,32987,19869,60.23
20,3302,VISHNU,EQ,102967,53958,52.40
20,3303,VISHNUINFR,SM,16500,13000,78.79
20,3304,VISHWARAJ,EQ,329218,245630,74.61
20,3305,VISHWAS,ST,3200,3200,100.00
20,3306,VISL,EQ,18491355,12169018,65.81
20,3307,VITAL,EQ,6752,6725,99.60
20,3308,VIVIANA,EQ,22028,14222,64.56
20,3309,VIVIDEL,SM,74400,45120,60.65
20,3310,VIVIDHA,EQ,347149,229132,66.00
20,3311,VIVOBIOT,EQ,12191,10540,86.46
20,3312,VIYASH,EQ,3290032,1808770,54.98
20,3313,VLEGOV,EQ,218706,190274,87.00
20,3314,VLINFRA,SM,7500,7500,100.00
20,3315,VLSFINANCE,EQ,23045,7352,31.90
20,3316,VMARCIND,SM,223500,126000,56.38
20,3317,VMART,EQ,122376,56857,46.46
20,3318,VMM,EQ,7678106,3575850,46.57
20,3319,VMOBILE,SM,6400,4800,75.00
20,3320,VMSTMT,EQ,161894,106175,65.58
20,3321,VOEPL,EQ,79658,43114,54.12
20,3322,VOGL,EQ,23297053,12702478,54.52
20,3323,VOITHPAPR,EQ,609,533,87.52
20,3324,VOLERCAR,SM,4800,4800,100.00
20,3325,VOLTAMP,EQ,26149,12927,49.44
20,3326,VOLTAS,EQ,477143,194162,40.69
20,3327,VPRPL,EQ,723981,518082,71.56
20,3328,VR,SM,400,400,100.00
20,3329,VRAJ,EQ,18615,12363,66.41
20,3330,VRLLOG,EQ,109956,84102,76.49
20,3331,VSCL,SM,6000,6000,100.00
20,3332,VSSL,EQ,203103,84395,41.55
20,3333,VSTIND,EQ,101421,63513,62.62
20,3334,VSTL,EQ,12485,9688,77.60
20,3335,VSTTILLERS,EQ,7195,3866,53.73
20,3336,VTL,EQ,162882,84970,52.17
20,3337,VTMLTD,EQ,235189,174454,74.18
20,3338,WAAREEENER,EQ,734115,340809,46.42
20,3339,WAAREEINDO,EQ,92977,40373,43.42
20,3340,WAAREERTL,EQ,213833,87196,40.78
20,3341,WABAG,EQ,894663,375716,42.00
20,3342,WAKEFIT,EQ,422271,214137,50.71
20,3343,WALCHANNAG,EQ,668236,314005,46.99
20,3344,WANBURY,EQ,227244,121810,53.60
20,3345,WARDINMOBI,EQ,258296,203736,78.88
20,3346,WATERBASE,EQ,10908,7062,64.74
20,3347,WCIL,EQ,455441,142395,31.27
20,3348,WEALTH,EQ,2078,1806,86.91
20,3349,WEBELSOLAR,EQ,1752314,948738,54.14
20,3350,WEIZMANIND,EQ,1373,1205,87.76
20,3351,WEL,EQ,697448,392112,56.22
20,3352,WELCORP,EQ,3340619,1615268,48.35
20,3353,WELENT,EQ,4638248,3738122,80.59
20,3354,WELSPLSOL,EQ,746478,426519,57.14
20,3355,WELSPUNLIV,EQ,5087632,3036321,59.68
20,3356,WENDT,EQ,38273,11004,28.75
20,3357,WESTLIFE,EQ,84067,22448,26.70
20,3358,WEWIN,EQ,2599,2476,95.27
20,3359,WEWORK,EQ,304823,198665,65.17
20,3360,WHBRADY,EQ,19,18,94.74
20,3361,WHEELS,EQ,383920,126121,32.85
20,3362,WHIRLPOOL,EQ,150797,82389,54.64
20,3363,WHITEFORCE,SM,8000,8000,100.00
20,3364,WILLAMAGOR,EQ,887,673,75.87
20,3365,WINDLAS,EQ,83578,43308,51.82
20,3366,WINDMACHIN,EQ,472746,333342,70.51
20,3367,WINSOL,SM,800,800,100.00
20,3368,WIPL,EQ,472,412,87.29
20,3369,WIPRO,EQ,11722173,3507523,29.92
20,3370,WOCKPHARMA,EQ,851928,384055,45.08
20,3371,WOL3D,SM,4000,4000,100.00
20,3372,WOMANCART,ST,18800,16000,85.11
20,3373,WONDERLA,EQ,73992,47188,63.77
20,3374,WORTHPERI,EQ,3575,2592,72.50
20,3375,WPIL,EQ,30776,17571,57.09
20,3376,WSI,EQ,72062,23474,32.57
20,3377,WSTCSTPAPR,EQ,375037,200508,53.46
20,3378,WTICAB,SM,21000,18000,85.71
20,3379,XCHANGING,EQ,511238,189824,37.13
20,3380,XELPMOC,EQ,10867,8741,80.44
20,3381,XPROINDIA,EQ,54197,35536,65.57
20,3382,XTGLOBAL,EQ,82382,31868,38.68
20,3383,XTRANET,EQ,2631980,467216,17.75
20,3384,YAAP,SM,9000,7000,77.78
20,3385,YASHO,EQ,72056,34658,48.10
20,3386,YASHOPTICS,SM,78400,75200,95.92
20,3387,YATHARTH,EQ,693776,236304,34.06
20,3388,YATRA,EQ,969513,521831,53.82
20,3389,YCCL,SM,9000,6000,66.67
20,3390,YESBANK,EQ,95413759,39300920,41.19
20,3391,YOGI,EQ,390,350,89.74
20,3392,YUDIZ,SM,1600,1600,100.00
20,3393,YUKEN,EQ,43272,24109,55.72
20,3394,ZAGGLE,EQ,1178475,500552,42.47
20,3395,ZEAL,SM,7200,6600,91.67
20,3396,ZEEL,EQ,13904557,5437963,39.11
20,3397,ZEELEARN,EQ,371367,302354,81.42
20,3398,ZEEMEDIA,EQ,1749367,1066381,60.96
20,3399,ZENITHDRUG,SM,6400,4800,75.00
20,3400,ZENITHEXPO,EQ,238,210,88.24
20,3401,ZENITHSTL,EQ,54663,34757,63.58
20,3402,ZENSARTECH,EQ,42017111,2078890,4.95
20,3403,ZENTEC,EQ,529917,225085,42.48
20,3404,ZFCVINDIA,EQ,78066,48687,62.37
20,3405,ZFSTEERING,EQ,21612,12871,59.55
20,3406,ZIMLAB,EQ,146082,68702,47.03
20,3407,ZODIAC,EQ,14986,9007,60.10
20,3408,ZODIACLOTH,EQ,5490,3161,57.58
20,3409,ZOTA,EQ,53200,33965,63.84
20,3410,ZSARACOM,EQ,43,36,83.72
20,3411,ZTECH,SM,34200,30300,88.60
20,3412,ZUARI,EQ,103154,64586,62.61
20,3413,ZUARIIND,EQ,52743,32988,62.54
20,3414,ZYDUSLIFE,EQ,522672,293146,56.09
20,3415,ZYDUSWELL,EQ,260004,146340,56.28
