Security Wise Delivery Position - Compulsory Rolling Settlement
10,MTO,07092026,2014396224,0003429
Trade Date <07-SEP-2026>,Settlement Type <N>
Record Type,Sr No,Name of Security,Quantity Traded,Deliverable Quantity(gross across client level),% of Deliverable Quantity to Traded Quantity
20,1,1003ISFL28,N4,546,546,100.00
20,2,1003SCL30A,NV,96,5,5.21
20,3,1015ECL29,NR,214,157,73.36
20,4,1015UCL27,NF,37,37,100.00
20,5,1018GS2026,GS,5694,5683,99.81
20,6,1025SCL34,Z8,26,13,50.00
20,7,1025SCL34A,ZT,4,4,100.00
20,8,1025SCL35A,N1,59,50,84.75
20,9,1025VCCL28,N0,1,1,100.00
20,10,1040UCL27B,N1,158,158,100.00
20,11,1050UCL28,NH,38,38,100.00
20,12,105IIFL29,N7,602,302,50.17
20,13,1060ECL29,NS,270,185,68.52
20,14,1065NFL27,NC,24,24,100.00
20,15,1075SCL33A,N2,65,65,100.00
20,16,1075SCL34,ZR,20,20,100.00
20,17,1075WCA28,N0,5,5,100.00
20,18,10CAGL27,N5,27,27,100.00
20,19,10IIFL28,N4,830,830,100.00
20,20,1119NFL27,ND,81,81,100.00
20,21,1125AFIL29,N0,15,15,100.00
20,22,1165ESF32,N0,1,1,100.00
20,23,1225IFL27,N0,15,15,100.00
20,24,1225IFL28,N0,4,4,100.00
20,25,125VCCL31,N0,2,2,100.00
20,26,12AFIL27,N0,1,1,100.00
20,27,12AFIL28,N0,6,6,100.00
20,28,12VCCL27,N0,8,5,62.50
20,29,12VCCL29B,N0,5,5,100.00
20,30,182D180926,TB,12000,12000,100.00
20,31,182D311226,TB,200,100,50.00
20,32,20MICRONS,EQ,373719,141267,37.80
20,33,21STCENMGM,EQ,8675,5902,68.03
20,34,360ONE,EQ,407077,204269,50.18
20,35,364D110327,TB,100,100,100.00
20,36,364D240926,TB,100,100,100.00
20,37,3BBLACKBIO,EQ,14265,7103,49.79
20,38,3MINDIA,EQ,1326,644,48.57
20,39,3PLAND,EQ,1703,1634,95.95
20,40,574GS2026,GS,5,5,100.00
20,41,591GS2028,GS,99,99,100.00
20,42,5PAISA,EQ,29942,12856,42.94
20,43,603GS2029,GS,5,5,100.00
20,44,610GS2031,GS,1,1,100.00
20,45,636GS2031,GS,100,100,100.00
20,46,63MOONS,EQ,249471,116689,46.77
20,47,645GS2029,GS,5,5,100.00
20,48,648GS2035,GS,3350,2625,78.36
20,49,654GS2032,GS,26000,26000,100.00
20,50,657GS2033A,GS,2100,2100,100.00
20,51,663ML31,SG,100,100,100.00
20,52,664GS2027,GS,100,100,100.00
20,53,667GS2035,GS,100,100,100.00
20,54,667GS2050,GS,6413,6413,100.00
20,55,668GS2033,GS,5000,5000,100.00
20,56,676GS2061,GS,15861,15843,99.89
20,57,679GS2031,GS,390,390,100.00
20,58,690GS2065,GS,3600,3600,100.00
20,59,692GS2039,GS,111,100,90.09
20,60,694GS2036,GS,400,400,100.00
20,61,695GS2061,GS,438,419,95.66
20,62,698GR2054,GS,201,200,99.50
20,63,698HR31,SG,100,100,100.00
20,64,702GS2027,GS,199,199,100.00
20,65,702GS2031,GS,1000,1000,100.00
20,66,704GS2029,GS,2000,2000,100.00
20,67,706GS2028,GS,7275,7275,100.00
20,68,706GS2041,GS,1000,1000,100.00
20,69,706GS2046,GS,11591,11591,100.00
20,70,709GS2054,GS,30487,30487,100.00
20,71,709GS2074,GS,4498,4498,100.00
20,72,710GS2029,GS,1,1,100.00
20,73,717GS2030,GS,10,10,100.00
20,74,718GS2037,GS,47811,42807,89.53
20,75,723GS2039,GS,1000,1000,100.00
20,76,724GS2055,GS,15921,15021,94.35
20,77,725GS2063,GS,345123,289350,83.84
20,78,726GS2032,GS,114010,109570,96.11
20,79,726GS2033,GS,25000,25000,100.00
20,80,729CG30,SG,100,100,100.00
20,81,729PN33,SG,6200,6200,100.00
20,82,732GS2030,GS,200,200,100.00
20,83,733GS2026,GS,210,210,100.00
20,84,734GS2064,GS,10885,9677,88.90
20,85,735UP39,SG,700,700,100.00
20,86,736GS2052,GS,493,493,100.00
20,87,736PFCL28,N2,22,20,90.91
20,88,738GS2027,GS,18236,18188,99.74
20,89,738REC27TF,N2,285,255,89.47
20,90,73GS2053,GS,10200,10200,100.00
20,91,740IIFCL33,N1,6,6,100.00
20,92,741GS2036,GS,433,433,100.00
20,93,743GJ27,SG,100,100,100.00
20,94,743GS2076,GS,459559,459054,99.89
20,95,743REC35,NH,371,236,63.61
20,96,746GS2073,GS,1965,1957,99.59
20,97,746TS49,SG,300,300,100.00
20,98,748PN31,SG,100,100,100.00
20,99,749TN36,SG,1900,1900,100.00
20,100,749UP34A,SG,100,100,100.00
20,101,74GS2062,GS,20,20,100.00
20,102,751HUDCO28,N5,16,15,93.75
20,103,753IRFC30,NJ,2000,2000,100.00
20,104,754GS2036,GS,463584,444137,95.81
20,105,755MH34,SG,400,400,100.00
20,106,760PFCL35,N3,3,3,100.00
20,107,763TN56,SG,300,300,100.00
20,108,764HUDCO31,N8,1,1,100.00
20,109,764IRFC31,NO,609,600,98.52
20,110,764JK50,SG,100,100,100.00
20,111,764NABAR31,N2,200,200,100.00
20,112,764TS44A,SG,200,200,100.00
20,113,769HUDCO31,N9,20,20,100.00
20,114,769NHAI31,NE,300,300,100.00
20,115,76NHAI31,NA,528,514,97.35
20,116,771GS2066,GS,11379,10788,94.81
20,117,772UP36A,SG,100,100,100.00
20,118,772UP44,SG,1000,1000,100.00
20,119,774IREDA31,N7,11,11,100.00
20,120,777HP49,SG,200,200,100.00
20,121,779PN38,SG,100,100,100.00
20,122,782TN32,SG,100,100,100.00
20,123,791MH39,SG,100,100,100.00
20,124,792BR51,SG,200,200,100.00
20,125,795GS2032,GS,12,12,100.00
20,126,797RJ43,SG,600,600,100.00
20,127,797TS43,SG,700,700,100.00
20,128,799HR44,SG,1000,1000,100.00
20,129,79NHIT35,N1,16,15,93.75
20,130,79NHIT40,N2,155,151,97.42
20,131,79NHIT47,N3,87,50,57.47
20,132,7PFCL31,N3,17,17,100.00
20,133,804KL46,SG,1000,1000,100.00
20,134,805NMC31,N3,1,1,100.00
20,135,807MH49,SG,2000,2000,100.00
20,136,810IRFC27,N2,1319,1319,100.00
20,137,812REC27,NI,1431,1431,100.00
20,138,81TCHF28,N8,151,131,86.75
20,139,820IIFL27,N9,1,1,100.00
20,140,824GS2027,GS,1,1,100.00
20,141,828GS2027,GS,17,17,100.00
20,142,82HUDCO27,N2,10,10,100.00
20,143,830NHAI27,N2,765,765,100.00
20,144,830PFCL27,N5,104,104,100.00
20,145,842IIFL26,NL,176,176,100.00
20,146,846REC28,N6,26,26,100.00
20,147,848AEL29,NJ,15,15,100.00
20,148,851HUDCO28,NB,20,20,100.00
20,149,852IIFL29,Y5,395,395,100.00
20,150,860AEL28,NH,39,39,100.00
20,151,862AEL31,NM,21,21,100.00
20,152,863IRFC29,NC,40,40,100.00
20,153,865IHFL27,N1,890,600,67.42
20,154,865IIFL28,NS,2522,2522,100.00
20,155,865IIFL31,Y6,40,40,100.00
20,156,865IRFC29,NA,483,481,99.59
20,157,865LTF26,NN,1,1,100.00
20,158,865SCL26,N8,530,340,64.15
20,159,865TCAPS27,N8,22,21,95.45
20,160,870IIFL28,Y7,50,50,100.00
20,161,871REC28,N9,104,104,100.00
20,162,875AEL29,NK,2,2,100.00
20,163,875NHAI29,N6,994,975,98.09
20,164,876HUDCO28,ND,651,651,100.00
20,165,87HMDA39,N0,200,200,100.00
20,166,880IREDA29,N5,20,20,100.00
20,167,885AEL28,NB,99,99,100.00
20,168,885SCL26,N9,200,200,100.00
20,169,885TCAPS29,NC,2,0,0.00
20,170,888IRFC29,NE,610,610,100.00
20,171,888SCL25E,N4,86,86,100.00
20,172,888SCL28,NA,501,501,100.00
20,173,889SCFL27,YC,3,3,100.00
20,174,890AEL31,NN,112,112,100.00
20,175,891IIFCL34,N4,5,5,100.00
20,176,891NTPC33,N6,115,115,100.00
20,177,892NHPC33,N6,186,186,100.00
20,178,892PFCL33,N8,55,35,63.64
20,179,895AEL27,N9,851,700,82.26
20,180,897GS2030,GS,2050,2050,100.00
20,181,898LTF29,N7,152,151,99.34
20,182,89IHFL29,N1,100,100,100.00
20,183,8SMC29,N1,16,16,100.00
20,184,901HUDCO34,NE,1815,1814,99.94
20,185,901NHB34,N6,3,2,66.67
20,186,903SFL28,YI,149,149,100.00
20,187,915AEL28,NC,1,1,100.00
20,188,915APSBC28,N0,2,2,100.00
20,189,915APSBC30,N0,6,6,100.00
20,190,915APSBC31,N0,3,2,66.67
20,191,915APSBC33,N0,4,4,100.00
20,192,915SCL26,NE,73,73,100.00
20,193,91D011026,TB,700,700,100.00
20,194,91D221026,TB,1000,1000,100.00
20,195,91D271126,TB,50100,50100,100.00
20,196,91D291026,TB,100,100,100.00
20,197,91MOFSL27,N2,25,25,100.00
20,198,925IHFL31,N1,100,100,100.00
20,199,925ISF29,N0,30,30,100.00
20,200,925SCL27B,N1,15,15,100.00
20,201,925SCL29A,ZM,1518,1218,80.24
20,202,92GS2030,GS,3600,3600,100.00
20,203,930APMD34,N0,15,15,100.00
20,204,930SFL28,YP,152,152,100.00
20,205,935MOFSL29,N5,72,72,100.00
20,206,935PFL33,N3,65,65,100.00
20,207,935TSIIC33,N0,8,8,100.00
20,208,943ECL28,NJ,110,110,100.00
20,209,948SCL26A,NN,62,62,100.00
20,210,94SFL28,YL,100,100,100.00
20,211,950ISF27C,N0,15,15,100.00
20,212,956AEL29,N6,5,5,100.00
20,213,957ICCL25,YW,106,106,100.00
20,214,957ISFL26,N2,100,100,100.00
20,215,965AEL27,N4,57,57,100.00
20,216,965SCL25F,NZ,108,52,48.15
20,217,96IIFL28,N5,1674,1374,82.08
20,218,96IIFL28A,NF,1490,1490,100.00
20,219,96SFIL24A,NB,123,64,52.03
20,220,970CAGL28,ND,851,672,78.97
20,221,975SCL28,NT,100,100,100.00
20,222,97MOFSL34,N7,50,50,100.00
20,223,97SFL28,YS,200,200,100.00
20,224,985ECL28,NK,432,431,99.77
20,225,985SFIL28,NO,65,45,69.23
20,226,995SCL2035,NM,405,405,100.00
20,227,99AEL29,N7,201,200,99.50
20,228,9AEL30,NE,82,82,100.00
20,229,9IIFL28,Y0,10,10,100.00
20,230,9IIFL31,Y9,30,25,83.33
20,231,9PFL31A,NA,60,60,100.00
20,232,9SCL26BA,NA,165,165,100.00
20,233,A2ZINFRA,EQ,96495,64480,66.82
20,234,AAATECH,EQ,10152,6353,62.58
20,235,AADHARHFC,EQ,270755,139601,51.56
20,236,AAKAAR,SM,12800,12800,100.00
20,237,AAKASH,EQ,251561,188315,74.86
20,238,AARADHYA,SM,10800,10800,100.00
20,239,AAREYDRUGS,EQ,218466,154252,70.61
20,240,AARON,EQ,4586,3493,76.17
20,241,AARTIDRUGS,EQ,94385,51719,54.80
20,242,AARTIIND,EQ,518899,225807,43.52
20,243,AARTIPHARM,EQ,745049,368416,49.45
20,244,AARVI,EQ,10492,6568,62.60
20,245,AASTHA,EQ,177179,89295,50.40
20,246,AATMAJ,SM,20000,16000,80.00
20,247,AAVAS,EQ,82507,44062,53.40
20,248,ABANSENT,EQ,4724,3702,78.37
20,249,ABB,EQ,111152,52918,47.61
20,250,ABBOTINDIA,EQ,5392,2641,48.98
20,251,ABCAPITAL,EQ,2451987,1497764,61.08
20,252,ABCOTS,EQ,10187,6474,63.55
20,253,ABDL,EQ,428345,320436,74.81
20,254,ABFRL,EQ,10440736,3686440,35.31
20,255,ABGSEC,EQ,1748,1725,98.68
20,256,ABH,ST,10800,10800,100.00
20,257,ABHAPOWER,SM,4800,4800,100.00
20,258,ABLBL,EQ,543434,227053,41.78
20,259,ABMKNO,EQ,2557,2491,97.42
20,260,ABREL,EQ,65234,37254,57.11
20,261,ABSL10BANK,EQ,1301,680,52.27
20,262,ABSLAMC,EQ,197790,110242,55.74
20,263,ABSLBANETF,EQ,118426,62687,52.93
20,264,ABSLLIQUID,EQ,1522,1457,95.73
20,265,ABSLMSCIN,EQ,289,276,95.50
20,266,ABSLNN50ET,EQ,10606,6501,61.30
20,267,ABSLPSE,EQ,88062,70040,79.53
20,268,ABSMARINE,SM,169500,106000,62.54
20,269,ACC,EQ,90302,45854,50.78
20,270,ACCELYA,EQ,5455,3766,69.04
20,271,ACCENTMIC,SM,59500,39500,66.39
20,272,ACCPL,ST,68400,66000,96.49
20,273,ACE,EQ,109007,60958,55.92
20,274,ACEINTEG,EQ,2039,1287,63.12
20,275,ACETEC,SM,4800,2400,50.00
20,276,ACGL,EQ,1000,649,64.90
20,277,ACI,EQ,619983,296779,47.87
20,278,ACL,EQ,7960,5518,69.32
20,279,ACMESOLAR,EQ,1367600,545815,39.91
20,280,ACTIVEINFR,SM,3600,3600,100.00
20,281,ACUTAAS,EQ,141224,78219,55.39
20,282,ADANIENSOL,EQ,1342576,660949,49.23
20,283,ADANIENT,EQ,981218,442279,45.07
20,284,ADANIGREEN,EQ,685684,288855,42.13
20,285,ADANIPORTS,EQ,1175225,711557,60.55
20,286,ADANIPOWER,EQ,9839611,3949843,40.14
20,287,ADDICTIVE,SM,4000,4000,100.00
20,288,ADDIND,EQ,2067,1941,93.90
20,289,ADFFOODS,EQ,120114,66470,55.34
20,290,ADISOFT,SM,161600,115200,71.29
20,291,ADL,EQ,646,445,68.89
20,292,ADOR,EQ,37401,20134,53.83
20,293,ADROITINFO,EQ,24445,18757,76.73
20,294,ADSL,EQ,126207,67470,53.46
20,295,ADVAIT,EQ,49298,29486,59.81
20,296,ADVANCE,EQ,95430,54407,57.01
20,297,ADVANIHOTR,EQ,19626,14595,74.37
20,298,ADVENTHTL,EQ,123600,63223,51.15
20,299,ADVENZYMES,EQ,151606,98837,65.19
20,300,ADVIKCA,EQ,337126,302810,89.82
20,301,AEGISLOG,EQ,378402,175119,46.28
20,302,AEGISVOPAK,EQ,615354,262287,42.62
20,303,AEL120924A,N5,51,51,100.00
20,304,AEL12126,NI,4,4,100.00
20,305,AEL170725A,NG,114,114,100.00
20,306,AEPL,EQ,99702,57416,57.59
20,307,AEQUS,EQ,2461232,1187777,48.26
20,308,AEROENTER,EQ,3260028,1451063,44.51
20,309,AEROFLEX,EQ,1428851,514123,35.98
20,310,AERON,SM,19000,17000,89.47
20,311,AERONEU,EQ,36220,17538,48.42
20,312,AEROPLANE,EQ,994634,706493,71.03
20,313,AESTHETIK,SM,10000,5000,50.00
20,314,AETHER,EQ,122482,60219,49.17
20,315,AFCONS,EQ,425086,226502,53.28
20,316,AFFLE,EQ,423635,124918,29.49
20,317,AFFORDABLE,EQ,23084,15847,68.65
20,318,AFIL,EQ,552669,327622,59.28
20,319,AFSL,EQ,3949,2360,59.76
20,320,AGARIND,EQ,45037,22137,49.15
20,321,AGARWALEYE,EQ,402398,240507,59.77
20,322,AGARWALFT,SM,1500,1500,100.00
20,323,AGARWALTUF,SM,91200,70800,77.63
20,324,AGI,EQ,98108,51362,52.35
20,325,AGIIL,EQ,1078054,295238,27.39
20,326,AGL,EQ,8294166,5560811,67.04
20,327,AGNI,SM,17500,10000,57.14
20,328,AGRITECH,EQ,921,717,77.85
20,329,AGROPHOS,EQ,35970,25936,72.10
20,330,AGUL,SM,10000,8000,80.00
20,331,AHCL,EQ,2176718,1078131,49.53
20,332,AHLADA,EQ,20508,13748,67.04
20,333,AHLEAST,EQ,1897,806,42.49
20,334,AHLUCONT,EQ,80503,47538,59.05
20,335,AIAENG,EQ,15736,7052,44.81
20,336,AIIL,EQ,136349,62401,45.77
20,337,AILIMITED,SM,6000,6000,100.00
20,338,AIMTRON,SM,34000,22000,64.71
20,339,AIRAN,EQ,430162,249187,57.93
20,340,AIROLAM,EQ,1008,526,52.18
20,341,AISL,SM,11400,9600,84.21
20,342,AJANTPHARM,EQ,72590,42895,59.09
20,343,AJAXENGG,EQ,123620,66097,53.47
20,344,AJMERA,EQ,184338,80138,43.47
20,345,AJOONI,EQ,1511024,1143415,75.67
20,346,AKANKSHA,SM,13000,11000,84.62
20,347,AKASH,EQ,2451,1633,66.63
20,348,AKCAPIT,EQ,1137,1014,89.18
20,349,AKG,EQ,18592,18510,99.56
20,350,AKI,EQ,701339,616593,87.92
20,351,AKIKO,SM,27200,23200,85.29
20,352,AKSHAR,EQ,1198508,833603,69.55
20,353,AKUMS,EQ,120744,62476,51.74
20,354,ALANKIT,EQ,120164,96540,80.34
20,355,ALBERTDAVD,EQ,4087,2720,66.55
20,356,ALCODIS,SM,625,625,100.00
20,357,ALEMBICLTD,EQ,1721715,699968,40.66
20,358,ALFREDHE,EQ,126,106,84.13
20,359,ALGOQUANT,EQ,1553966,497521,32.02
20,360,ALICON,EQ,8931,5299,59.33
20,361,ALIVUS,EQ,128673,54380,42.26
20,362,ALKALI,EQ,72483,44898,61.94
20,363,ALKEM,EQ,139659,85770,61.41
20,364,ALKYLAMINE,EQ,126528,36669,28.98
20,365,ALLCARGO,EQ,15107126,4886271,32.34
20,366,ALLDIGI,EQ,8789,6453,73.42
20,367,ALLETEC,SM,28800,26000,90.28
20,368,ALLTIME,EQ,264900,136250,51.43
20,369,ALMONDZ,EQ,773910,541719,70.00
20,370,ALOKINDS,EQ,27360409,13724718,50.16
20,371,ALPA,EQ,3393,1138,33.54
20,372,ALPEXSOLAR,SM,116600,80900,69.38
20,373,ALPHA,EQ,574919,373180,64.91
20,374,ALPHAETF,EQ,184284,134533,73.00
20,375,ALPINETEX,EQ,1259777,420492,33.38
20,376,ALPL30IETF,EQ,408997,202072,49.41
20,377,ALUFLUOR,EQ,6241,4536,72.68
20,378,ALUWIND,SM,9000,7500,83.33
20,379,AMAGI,EQ,399014,195370,48.96
20,380,AMAL,EQ,4759,3680,77.33
20,381,AMARJOTHI,EQ,456,433,94.96
20,382,AMBAAUTO,SM,14000,12000,85.71
20,383,AMBER,EQ,122437,59490,48.59
20,384,AMBICAAGAR,EQ,23205,19643,84.65
20,385,AMBIKCO,EQ,7879,4069,51.64
20,386,AMBUJACEM,EQ,879449,458676,52.15
20,387,AMCL,SM,800,800,100.00
20,388,AMDIND,EQ,70502,28264,40.09
20,389,AMEYA,SM,5000,3000,60.00
20,390,AMIABLE,SM,9600,0,0.00
20,391,AMJLAND,EQ,9260,5952,64.28
20,392,AMNPLST,EQ,4663,3642,78.10
20,393,AMRUTANJAN,EQ,63397,32257,50.88
20,394,ANANDRATHI,EQ,270161,116612,43.16
20,395,ANANTAM,IV,19320,19028,98.49
20,396,ANANTRAJ,EQ,5173652,1560083,30.15
20,397,ANAWIL,SM,239600,142800,59.60
20,398,ANDHRAPAP,EQ,27336653,2217287,8.11
20,399,ANDHRSUGAR,EQ,443882,174350,39.28
20,400,ANDREWYU,EQ,65412,53290,81.47
20,401,ANGELONE,EQ,7522794,2870572,38.16
20,402,ANIKINDS,EQ,15794,11568,73.24
20,403,ANLON,SM,7600,7600,100.00
20,404,ANMOL,EQ,167944,130128,77.48
20,405,ANNAPURNA,EQ,101805,73296,72.00
20,406,ANONDITA,SM,68800,51800,75.29
20,407,ANSALBU,EQ,1438,1288,89.57
20,408,ANTELOPUS,EQ,2854173,292658,10.25
20,409,ANTGRAPHIC,EQ,207125,141396,68.27
20,410,ANTHEM,EQ,667717,326706,48.93
20,411,ANUHPHR,EQ,1069062,487950,45.64
20,412,ANUP,EQ,11158,5883,52.72
20,413,ANURAS,EQ,286021,128647,44.98
20,414,AONEGOLD,EQ,404500,273476,67.61
20,415,AONELIQUID,EQ,7111,5002,70.34
20,416,AONENIFTY,EQ,156717,142211,90.74
20,417,AONESILVER,EQ,389029,264258,67.93
20,418,AONETMMQ50,EQ,32677,14353,43.92
20,419,AONETOTAL,EQ,196397,84872,43.21
20,420,APARINDS,EQ,73366,25063,34.16
20,421,APCL,EQ,7097,5065,71.37
20,422,APCOTEXIND,EQ,96163,44254,46.02
20,423,APEX,EQ,115008,60172,52.32
20,424,APEXECO,ST,8000,8000,100.00
20,425,APLAPOLLO,EQ,709214,371901,52.44
20,426,APLLTD,EQ,171275,77584,45.30
20,427,APOLLO,EQ,11691954,4778118,40.87
20,428,APOLLOHOSP,EQ,303793,173460,57.10
20,429,APOLLOPIPE,EQ,115502,53094,45.97
20,430,APOLLOTYRE,EQ,438180,207501,47.36
20,431,APOLSINHOT,EQ,979,823,84.07
20,432,APOORVA,EQ,29,29,100.00
20,433,APRAMEYA,SM,14000,12500,89.29
20,434,APS,SM,9000,5750,63.89
20,435,APSISAERO,ST,32400,28800,88.89
20,436,APTUS,EQ,1460350,782457,53.58
20,437,AQYLON,EQ,522202,334434,64.04
20,438,ARCHIDPLY,EQ,16124,10632,65.94
20,439,ARCHIES,EQ,8213,5531,67.34
20,440,ARCIIL,SM,7000,6000,85.71
20,441,ARCL,EQ,1534,1250,81.49
20,442,ARDEE,EQ,4068340,1683014,41.37
20,443,ARE&M,EQ,694840,352855,50.78
20,444,ARENTERP,EQ,1895,1311,69.18
20,445,ARFIN,EQ,4760846,1997202,41.95
20,446,ARHAM,SM,77000,29000,37.66
20,447,ARIES,EQ,113668,56687,49.87
20,448,ARIHANT,EQ,1341,700,52.20
20,449,ARIHANTACA,SM,10400,10400,100.00
20,450,ARIHANTCAP,EQ,162170,95879,59.12
20,451,ARIHANTSUP,EQ,26550,25818,97.24
20,452,ARIS,EQ,539906,230519,42.70
20,453,ARKADE,EQ,121170,47149,38.91
20,454,ARMANFIN,EQ,25672,14788,57.60
20,455,ARMOUR,ST,2000,2000,100.00
20,456,AROGRANITE,EQ,25353,21578,85.11
20,457,ARSSBL,EQ,133960,63042,47.06
20,458,ARTEMISMED,EQ,782569,356835,45.60
20,459,ARTNIRMAN,EQ,1820,1749,96.10
20,460,ARUNAYA,SM,12000,6000,50.00
20,461,ARVEE,EQ,697,340,48.78
20,462,ARVIND,EQ,478679,236088,49.32
20,463,ARVINDFASN,EQ,81565,40194,49.28
20,464,ARVINDPORT,SM,7500,6000,80.00
20,465,ARVSMART,EQ,27106,13446,49.61
20,466,ARYAMAN,EQ,34,34,100.00
20,467,ASAHIINDIA,EQ,106030,71606,67.53
20,468,ASAL,EQ,18318,9321,50.88
20,469,ASALCBR,EQ,16434,8170,49.71
20,470,ASHALOG,SM,2000,2000,100.00
20,471,ASHAPURMIN,EQ,296446,163265,55.07
20,472,ASHIANA,EQ,71117,42125,59.23
20,473,ASHIMASYN,EQ,35393,29896,84.47
20,474,ASHOKA,EQ,581090,232338,39.98
20,475,ASHOKAMET,EQ,152039,78413,51.57
20,476,ASHOKLEY,EQ,10426646,4232978,40.60
20,477,ASHUTOSH,ST,3186000,3182400,99.89
20,478,ASHWINI,SM,2000,2000,100.00
20,479,ASIANENE,EQ,356718,155773,43.67
20,480,ASIANHOTNR,EQ,22793,12867,56.45
20,481,ASIANPAINT,EQ,240336,120227,50.02
20,482,ASIANTILES,EQ,2616485,1053466,40.26
20,483,ASIANTNE,EQ,12163,8168,67.15
20,484,ASKAUTOLTD,EQ,121536,53848,44.31
20,485,ASPINWALL,EQ,2192,1636,74.64
20,486,ASPIRE,SM,2000,2000,100.00
20,487,ASSAMENT,EQ,6,6,100.00
20,488,ASTAR,EQ,11,10,90.91
20,489,ASTEC,EQ,41084,22314,54.31
20,490,ASTERDM,EQ,881643,464833,52.72
20,491,ASTRAL,EQ,742651,480686,64.73
20,492,ASTRAMICRO,EQ,471255,195529,41.49
20,493,ASTRAZEN,EQ,5460,2138,39.16
20,494,ATALREAL,EQ,28399351,11145054,39.24
20,495,ATAM,EQ,17563,12773,72.73
20,496,ATCENERGY,ST,10800,10800,100.00
20,497,ATGL,EQ,415933,156487,37.62
20,498,ATHERENERG,EQ,3789386,852952,22.51
20,499,ATL,EQ,187311,87184,46.55
20,500,ATLANTAA,EQ,73904,44655,60.42
20,501,ATLANTAELE,EQ,141076,72125,51.12
20,502,ATLASCYCLE,EQ,2973,2596,87.32
20,503,ATLPP,E1,8424,7804,92.64
20,504,ATMASTCO,SM,6400,6000,93.75
20,505,ATUL,EQ,21154,11376,53.78
20,506,ATULAUTO,EQ,58661,34509,58.83
20,507,AUBANK,EQ,939647,480857,51.17
20,508,AUGMONT,EQ,1669696,316708,18.97
20,509,AURIONPRO,EQ,203606,118711,58.30
20,510,AUROIMPEX,SM,1600,1600,100.00
20,511,AUROPHARMA,EQ,536717,259622,48.37
20,512,AURUM,EQ,45681,32413,70.96
20,513,AURUS,EQ,64024,55471,86.64
20,514,AUSL,SM,10000,10000,100.00
20,515,AUSOMENT,EQ,7654,6837,89.33
20,516,AUSTENG,EQ,5309,3784,71.28
20,517,AUTOAXLES,EQ,7960,5605,70.41
20,518,AUTOBEES,EQ,190612,115159,60.42
20,519,AUTOIETF,EQ,633914,505237,79.70
20,520,AUTOIND,EQ,302191,176178,58.30
20,521,AVADHSUGAR,EQ,187551,69498,37.06
20,522,AVALON,EQ,1652753,295193,17.86
20,523,AVANA,ST,28000,28000,100.00
20,524,AVANCE,EQ,3867349,1793386,46.37
20,525,AVANTEL,EQ,676368,304659,45.04
20,526,AVANTIFEED,EQ,183898,93430,50.81
20,527,AVIANSH,SM,2000,2000,100.00
20,528,AVIENCE,SM,16200,12000,74.07
20,529,AVL,EQ,168049,118882,70.74
20,530,AVONMORE,EQ,647927,505729,78.05
20,531,AVPINFRA,SM,51200,35200,68.75
20,532,AVROIND,EQ,339333,201398,59.35
20,533,AVTNPL,EQ,126113,75112,59.56
20,534,AWFIS,EQ,304253,199434,65.55
20,535,AWHCL,EQ,66405,35218,53.04
20,536,AWL,EQ,1402294,683157,48.72
20,537,AXISBANK,EQ,1592707,961730,60.38
20,538,AXISCADES,EQ,192175,94212,49.02
20,539,AXITA,EQ,574580,338437,58.90
20,540,AXTEL,EQ,1357,867,63.89
20,541,AYE,EQ,1370435,674306,49.20
20,542,AYMSYNTEX,EQ,78696,52537,66.76
20,543,AZAD,EQ,493178,189359,38.40
20,544,AZADIND,EQ,66631,10738,16.12
20,545,BABAFP,SM,6400,4800,75.00
20,546,BAGDIGITAL,SM,1600,1600,100.00
20,547,BAGFILMS,EQ,596328,289004,48.46
20,548,BAGMANE,RR,712552,624056,87.58
20,549,BAHETI,SM,15000,8625,57.50
20,550,BAIDFIN,EQ,194252,167762,86.36
20,551,BAJAJ-AUTO,EQ,106111,52275,49.26
20,552,BAJAJCON,EQ,1131292,628712,55.57
20,553,BAJAJELEC,EQ,243527,92416,37.95
20,554,BAJAJFINSV,EQ,502611,314545,62.58
20,555,BAJAJHCARE,EQ,184124,75805,41.17
20,556,BAJAJHFL,EQ,3878435,1724079,44.45
20,557,BAJAJHIND,EQ,47854998,10910191,22.80
20,558,BAJAJHLDNG,EQ,40066,23755,59.29
20,559,BAJAJINDEF,EQ,10012,5845,58.38
20,560,BAJAJST,EQ,16911,14385,85.06
20,561,BAJEL,EQ,535172,246865,46.13
20,562,BAJFINANCE,EQ,3586860,1934962,53.95
20,563,BALAJEE,EQ,12936,9518,73.58
20,564,BALAJIPHOS,SM,10000,7000,70.00
20,565,BALAJITELE,EQ,181918,93166,51.21
20,566,BALAMINES,EQ,490283,164842,33.62
20,567,BALAXI,EQ,69369,50857,73.31
20,568,BALKRISHNA,EQ,28940,21211,73.29
20,569,BALKRISIND,EQ,364047,204881,56.28
20,570,BALMLAWRIE,EQ,165626,86506,52.23
20,571,BALPHARMA,EQ,156982,83615,53.26
20,572,BALRAMCHIN,EQ,5509645,567189,10.29
20,573,BALUFORGE,EQ,2264071,618485,27.32
20,574,BANARBEADS,EQ,2938,2807,95.54
20,575,BANARISUG,EQ,2346,693,29.54
20,576,BANCOINDIA,EQ,82486,43799,53.10
20,577,BANDHANBNK,EQ,5204215,1595077,30.65
20,578,BANG,EQ,18690,12371,66.19
20,579,BANK10ADD,EQ,1853887,1846393,99.60
20,580,BANK10BETF,EQ,1418,1414,99.72
20,581,BANKA,EQ,9023,8494,94.14
20,582,BANKADD,EQ,82169,74361,90.50
20,583,BANKBARODA,EQ,6824391,3510899,51.45
20,584,BANKBEES,EQ,929935,555461,59.73
20,585,BANKBETA,EQ,233415,143378,61.43
20,586,BANKBETF,EQ,41761,35339,84.62
20,587,BANKETF,EQ,37630,25082,66.65
20,588,BANKIETF,EQ,543968,364507,67.01
20,589,BANKINDIA,EQ,3604727,1706087,47.33
20,590,BANKNIFTY1,EQ,246660,181851,73.73
20,591,BANKPSU,EQ,60427,52365,86.66
20,592,BANSALWIRE,EQ,51358,29913,58.24
20,593,BANSWRAS,EQ,29695,23855,80.33
20,594,BARFLEX,SM,8000,8000,100.00
20,595,BASF,EQ,20383,11706,57.43
20,596,BASILIC,SM,13200,9900,75.00
20,597,BATAINDIA,EQ,68230,34854,51.08
20,598,BATLIBOI,EQ,71900,60679,84.39
20,599,BAWEJA,SM,4000,4000,100.00
20,600,BAYERCROP,EQ,7323,4383,59.85
20,601,BBETF0432,EQ,7586,7107,93.69
20,602,BBL,EQ,26757,16800,62.79
20,603,BBNPNBETF,EQ,2199,1858,84.49
20,604,BBNPPGOLD,EQ,7224,5745,79.53
20,605,BBOX,EQ,1254584,381843,30.44
20,606,BBTC,EQ,58433,23700,40.56
20,607,BBTCL,EQ,3577,2951,82.50
20,608,BCG,EQ,18043444,7396127,40.99
20,609,BCLIND,EQ,419893,214590,51.11
20,610,BCONCEPTS,EQ,8363,4789,57.26
20,611,BCPL,EQ,8075,4636,57.41
20,612,BDL,EQ,807688,278520,34.48
20,613,BEACON,SM,13000,9000,69.23
20,614,BEARDSELL,EQ,12167,8889,73.06
20,615,BECTORFOOD,EQ,1048506,442557,42.21
20,616,BEDMUTHA,EQ,1518,1337,88.08
20,617,BEEKAY,EQ,2437,1738,71.32
20,618,BEL,EQ,5965784,3126254,52.40
20,619,BELLACASA,EQ,7879,3421,43.42
20,620,BELRISE,EQ,3431813,1766298,51.47
20,621,BEML,EQ,487014,154143,31.65
20,622,BENARAS,EQ,39,32,82.05
20,623,BENGALASM,EQ,438,295,67.35
20,624,BEPL,EQ,1042410,473520,45.43
20,625,BERGEPAINT,EQ,305409,156232,51.16
20,626,BESTAGRO,EQ,1602936,708007,44.17
20,627,BETA,EQ,42831,22712,53.03
20,628,BEWLTD,SM,2000,2000,100.00
20,629,BFINVEST,EQ,14548,8351,57.40
20,630,BFSI,EQ,109906,72656,66.11
20,631,BFUTILITIE,EQ,68085,28341,41.63
20,632,BHADORA,ST,22800,22800,100.00
20,633,BHAGCHEM,EQ,62090,45005,72.48
20,634,BHAGYANGR,EQ,88451,49140,55.56
20,635,BHANDARI,EQ,145915,123743,84.80
20,636,BHARATCOAL,EQ,4266149,1719766,40.31
20,637,BHARATFORG,EQ,1414192,876260,61.96
20,638,BHARATRAS,EQ,19157,10965,57.24
20,639,BHARATSE,EQ,737108,161398,21.90
20,640,BHARATWIRE,EQ,99252,47937,48.30
20,641,BHARTIARTL,EQ,5972458,4500214,75.35
20,642,BHARTIHEXA,EQ,83814,42983,51.28
20,643,BHEL,EQ,4092933,1706132,41.68
20,644,BIGBLOC,EQ,26885,22156,82.41
20,645,BIKAJI,EQ,73330,34623,47.22
20,646,BIKEWO,ST,134000,104000,77.61
20,647,BIL,EQ,20199,13413,66.40
20,648,BIMETAL,EQ,567,414,73.02
20,649,BIOCON,EQ,2488189,1340035,53.86
20,650,BIOFILCHEM,EQ,6959,4875,70.05
20,651,BIOPOL,SM,33600,33600,100.00
20,652,BIRET,RR,221960,173195,78.03
20,653,BIRLACABLE,EQ,780466,393675,50.44
20,654,BIRLACORPN,EQ,86094,50125,58.22
20,655,BIRLAMONEY,EQ,24407,15342,62.86
20,656,BIRLANU,EQ,9598,3920,40.84
20,657,BIRLAPREC,EQ,892405,547418,61.34
20,658,BLACKBUCK,EQ,145511,86276,59.29
20,659,BLAL,EQ,25030,19020,75.99
20,660,BLBLIMITED,EQ,83422,51231,61.41
20,661,BLEL,EQ,2567920,620334,24.16
20,662,BLIL,EQ,106611,63033,59.12
20,663,BLKASHYAP,EQ,615051,330065,53.66
20,664,BLS,EQ,877913,358484,40.83
20,665,BLSE,EQ,384135,176685,46.00
20,666,BLUECLOUDS,EQ,826444,450956,54.57
20,667,BLUECOAST,EQ,760,656,86.32
20,668,BLUEDART,EQ,4441,3093,69.65
20,669,BLUEJET,EQ,454178,249618,54.96
20,670,BLUEPEBBLE,SM,12800,10800,84.38
20,671,BLUESTARCO,EQ,503988,275538,54.67
20,672,BLUESTONE,EQ,1213108,328042,27.04
20,673,BLUEWATER,ST,5000,4000,80.00
20,674,BLUSPRING,EQ,216374,113228,52.33
20,675,BMETRICS,SM,16800,16000,95.24
20,676,BMLL,SM,154000,88000,57.14
20,677,BMWVENTLTD,EQ,61090,44094,72.18
20,678,BNAGROCHEM,EQ,3763,2912,77.39
20,679,BNKETFAXIS,EQ,501141,500269,99.83
20,680,BODALCHEM,EQ,4910182,1947766,39.67
20,681,BOHRAIND,EQ,17811,11298,63.43
20,682,BOMDYEING,EQ,233902,116166,49.66
20,683,BONLON,EQ,5106,3419,66.96
20,684,BORANA,EQ,103211,54720,53.02
20,685,BOROLTD,EQ,123730,61461,49.67
20,686,BORORENEW,EQ,675793,293919,43.49
20,687,BOROSCI,EQ,30777,12796,41.58
20,688,BOSCH-HCIL,EQ,64899,30219,46.56
20,689,BOSCHLTD,EQ,54963,26095,47.48
20,690,BOSS,SM,16000,10000,62.50
20,691,BPCL,EQ,2363459,1275236,53.96
20,692,BPL,EQ,35621,17504,49.14
20,693,BPLPHARMA,EQ,1034,735,71.08
20,694,BRACEPORT,SM,65600,35200,53.66
20,695,BRAHMINFRA,EQ,14611,10984,75.18
20,696,BRANDMAN,SM,8000,5600,70.00
20,697,BRIGADE,EQ,867916,213412,24.59
20,698,BRIGHOTEL,EQ,333568,228869,68.61
20,699,BRIGHTBR,EQ,3231,3185,98.58
20,700,BRITANNIA,EQ,307760,156112,50.73
20,701,BRNL,EQ,11606,10029,86.41
20,702,BROOKS,EQ,25779,16411,63.66
20,703,BSE,EQ,3952983,1884961,47.68
20,704,BSE500IETF,EQ,213523,131311,61.50
20,705,BSHSL,EQ,16733,11833,70.72
20,706,BSL,EQ,12827,11167,87.06
20,707,BSLGOLDETF,EQ,187146,118502,63.32
20,708,BSLNIFTY,EQ,4403601,3528534,80.13
20,709,BSLSENETFG,EQ,2432,1797,73.89
20,710,BSOFT,EQ,1074663,558059,51.93
20,711,BTML,EQ,612293,495166,80.87
20,712,BUILDPRO,EQ,119206,76877,64.49
20,713,BULKCORP,ST,1200,1200,100.00
20,714,BURNPUR,EQ,378050,218661,57.84
20,715,BUTTERFLY,EQ,8621,5159,59.84
20,716,BVCL,EQ,38507,22586,58.65
20,717,C2C,SM,60750,44100,72.59
20,718,CADSYS,ST,500,500,100.00
20,719,CAMLINFINE,EQ,283654,151329,53.35
20,720,CAMPUS,EQ,487844,296567,60.79
20,721,CAMS,EQ,452436,256674,56.73
20,722,CANARYS,SM,100000,60000,60.00
20,723,CANBK,EQ,9628580,5564777,57.79
20,724,CANFINHOME,EQ,378816,251526,66.40
20,725,CANHLIFE,EQ,1602353,1064194,66.41
20,726,CANTABIL,EQ,78096,54921,70.32
20,727,CAPACITE,EQ,627204,351129,55.98
20,728,CAPILLARY,EQ,97805,63454,64.88
20,729,CAPINVIT,IV,1192869,1175169,98.52
20,730,CAPITALSFB,EQ,38251,21191,55.40
20,731,CAPLIPOINT,EQ,111399,43354,38.92
20,732,CARBORUNIV,EQ,237087,100733,42.49
20,733,CARERATING,EQ,92927,43931,47.27
20,734,CARRARO,EQ,167274,122181,73.04
20,735,CARTRADE,EQ,1233314,283670,23.00
20,736,CARYSIL,EQ,198641,121774,61.30
20,737,CASHIETF,EQ,3401939,3042493,89.43
20,738,CASTROLIND,EQ,1639217,1029449,62.80
20,739,CCAVENUE,EQ,16874449,5373606,31.84
20,740,CCCL,EQ,124145,97473,78.52
20,741,CCHHL,EQ,21353,20691,96.90
20,742,CCL,EQ,151259,77811,51.44
20,743,CDSL,EQ,2731594,1009400,36.95
20,744,CEATLTD,EQ,55616,20060,36.07
20,745,CEDAAR,ST,3000,3000,100.00
20,746,CEIGALL,EQ,814931,460391,56.49
20,747,CEINSYS,EQ,149385,61232,40.99
20,748,CELEBRITY,EQ,10083,4825,47.85
20,749,CELLECOR,SM,93000,57000,61.29
20,750,CELLO,EQ,158668,79548,50.13
20,751,CELLPOINT,SM,4800,4800,100.00
20,752,CEMNTGROWW,EQ,115933,80099,69.09
20,753,CEMPRO,EQ,401585,224365,55.87
20,754,CENTENKA,EQ,131351,43087,32.80
20,755,CENTEXT,EQ,166389,119614,71.89
20,756,CENTRALBK,EQ,3821575,2358456,61.71
20,757,CENTRUM,EQ,215222,120336,55.91
20,758,CENTUM,EQ,827315,133876,16.18
20,759,CENTURYPLY,EQ,37954,20897,55.06
20,760,CERA,EQ,2630,1470,55.89
20,761,CESC,EQ,1756003,951723,54.20
20,762,CEWATER,EQ,38769,19022,49.06
20,763,CFEL,EQ,13840,12497,90.30
20,764,CGCL,EQ,6271786,2030508,32.38
20,765,CGPOWER,EQ,3937949,1389769,35.29
20,766,CGRAPHICS,SM,71200,59200,83.15
20,767,CGVAK,EQ,1517,1223,80.62
20,768,CHALET,EQ,144926,70527,48.66
20,769,CHAMBLFERT,EQ,364232,225948,62.03
20,770,CHAMUNDA,SM,6000,6000,100.00
20,771,CHANDAN,SM,10400,8800,84.62
20,772,CHAVDA,SM,14000,10000,71.43
20,773,CHEMBOND,EQ,33357,26857,80.51
20,774,CHEMCRUX,EQ,3553,3164,89.05
20,775,CHEMFAB,EQ,2768,2128,76.88
20,776,CHEMICAL,EQ,985997,788628,79.98
20,777,CHEMPLASTS,EQ,17821135,1417026,7.95
20,778,CHENNPETRO,EQ,567726,142069,25.02
20,779,CHETANA,SM,9600,9600,100.00
20,780,CHEVIOT,EQ,14214,9067,63.79
20,781,CHOICEGOLD,EQ,4860,1475,30.35
20,782,CHOICEIN,EQ,290500,93888,32.32
20,783,CHOLAFIN,EQ,876074,498655,56.92
20,784,CHOLAHLDNG,EQ,60819,32391,53.26
20,785,CIEINDIA,EQ,224191,134066,59.80
20,786,CIF29,NO,9,5,55.56
20,787,CIFCZC26,NF,19,19,100.00
20,788,CIFCZC28A,N5,19,19,100.00
20,789,CIFL,EQ,1286514,1172076,91.10
20,790,CINELINE,EQ,332503,151967,45.70
20,791,CINEVISTA,EQ,8091,7880,97.39
20,792,CIPLA,EQ,606497,402064,66.29
20,793,CITIUSINVT,IV,135845,131289,96.65
20,794,CKKRETAIL,SM,38400,37600,97.92
20,795,CLASSICEIL,SM,41600,30400,73.08
20,796,CLAYCRAFT,SM,90600,73200,80.79
20,797,CLEAN,EQ,386433,140949,36.47
20,798,CLEANMAX,EQ,347544,153770,44.24
20,799,CLEDUCATE,EQ,25262,21362,84.56
20,800,CLSEL,EQ,69317,32897,47.46
20,801,CLSL,ST,6000,6000,100.00
20,802,CMLL,EQ,495341,296516,59.86
20,803,CMNL,SM,3000,2250,75.00
20,804,CMPDI,EQ,2756152,1335164,48.44
20,805,CMRGREEN,EQ,755435,533532,70.63
20,806,CMRSL,SM,21600,21600,100.00
20,807,CMSINFO,EQ,454986,309907,68.11
20,808,CNL,EQ,20230,12124,59.93
20,809,COALINDIA,EQ,13592701,8582927,63.14
20,810,COASTCORP,EQ,47462,27272,57.46
20,811,COCHINSHIP,EQ,615515,180545,29.33
20,812,COCKERILL,EQ,7820,2968,37.95
20,813,COFFEEDAY,EQ,2063142,1251308,60.65
20,814,COFORGE,EQ,1187703,677866,57.07
20,815,COHANCE,EQ,845966,314436,37.17
20,816,COLPAL,EQ,289793,183706,63.39
20,817,COMFINTE,EQ,138631,113109,81.59
20,818,COMMOIETF,EQ,39614,20878,52.70
20,819,COMPEAU,EQ,250,209,83.60
20,820,COMPUSOFT,EQ,32153,26616,82.78
20,821,COMSYN,EQ,242835,123467,50.84
20,822,CONCOR,EQ,705152,337558,47.87
20,823,CONCORDBIO,EQ,62119,24312,39.14
20,824,CONFIPET,EQ,2942312,1961595,66.67
20,825,CONNPLEX,SM,151200,117600,77.78
20,826,CONS,EQ,27163,24197,89.08
20,827,CONSUMAXIS,EQ,741,261,35.22
20,828,CONSUMBEES,EQ,67100,37088,55.27
20,829,CONSUMER,EQ,820562,657628,80.14
20,830,CONSUMIETF,EQ,10197,4958,48.62
20,831,CONTI,SM,3333,3333,100.00
20,832,CONTROLPR,EQ,13181,7682,58.28
20,833,COOLCAPS,ST,97500,95000,97.44
20,834,CORALFINAC,EQ,3658,2525,69.03
20,835,CORDELIA,EQ,3042994,1894587,62.26
20,836,CORDSCABLE,EQ,194076,110606,56.99
20,837,COROMANDEL,EQ,86472,50254,58.12
20,838,CORONA,EQ,8419,4453,52.89
20,839,COSMOFIRST,EQ,55031,22418,40.74
20,840,CPCAP,EQ,111085,63133,56.83
20,841,CPEDU,EQ,12394,10415,84.03
20,842,CPL,EQ,117100,10630,9.08
20,843,CPPLUS,EQ,170197,103276,60.68
20,844,CPS,SM,1350,1200,88.89
20,845,CPSEETF,EQ,480522,254312,52.92
20,846,CRAFTSMAN,EQ,27397,13573,49.54
20,847,CRAMC,EQ,153117,102340,66.84
20,848,CRAVATEX,EQ,207,189,91.30
20,849,CRAYONS,SM,13000,10000,76.92
20,850,CREATIVEYE,EQ,5934,4644,78.26
20,851,CREDENT,SM,121200,83400,68.81
20,852,CREDITACC,EQ,110842,55320,49.91
20,853,CREST,EQ,5288,2668,50.45
20,854,CRISIL,EQ,26082,12471,47.81
20,855,CRIZAC,EQ,199395,93175,46.73
20,856,CROMPTON,EQ,1668593,761585,45.64
20,857,CROWN,EQ,18928,13805,72.93
20,858,CSBBANK,EQ,390084,186538,47.82
20,859,CSLFINANCE,EQ,136742,83552,61.10
20,860,CSM,EQ,104718,60138,57.43
20,861,CSSL,SM,15000,14000,93.33
20,862,CUB,EQ,6586154,2018153,30.64
20,863,CUBEINVIT,IV,382415,363219,94.98
20,864,CUBEXTUB,EQ,36300,21189,58.37
20,865,CUDML,SM,43000,41000,95.35
20,866,CUMMINSIND,EQ,201783,109460,54.25
20,867,CUPID,EQ,5517341,2418155,43.83
20,868,CURAA,EQ,2646,2038,77.02
20,869,CURIS,SM,60000,50000,83.33
20,870,CURRENT,SM,12800,9600,75.00
20,871,CYBERMEDIA,EQ,438940,175477,39.98
20,872,CYIENT,EQ,362143,130163,35.94
20,873,CYIENTDLM,EQ,271098,110936,40.92
20,874,DABUR,EQ,2530210,1438573,56.86
20,875,DALBHARAT,EQ,81213,33750,41.56
20,876,DALMIASUG,EQ,292054,92946,31.82
20,877,DAMCAPITAL,EQ,155993,107097,68.66
20,878,DANGEE,EQ,83815,74469,88.85
20,879,DANISH,SM,48300,38700,80.12
20,880,DATAMATICS,EQ,38172,19707,51.63
20,881,DATAPATTNS,EQ,304258,74580,24.51
20,882,DAVANGERE,EQ,20523336,12451733,60.67
20,883,DBCORP,EQ,61431,30202,49.16
20,884,DBEIL,EQ,3371577,1892467,56.13
20,885,DBL,EQ,124937,68191,54.58
20,886,DBOL,EQ,207124,72780,35.14
20,887,DBREALTY,EQ,833894,491089,58.89
20,888,DCAL,EQ,139366,79545,57.08
20,889,DCBBANK,EQ,877083,402422,45.88
20,890,DCG,SM,27600,20400,73.91
20,891,DCI,EQ,54966,26333,47.91
20,892,DCMFINSERV,EQ,3440,3246,94.36
20,893,DCMNVL,EQ,14824,5593,37.73
20,894,DCMSHRIRAM,EQ,56453,32193,57.03
20,895,DCMSIL,EQ,65873,47297,71.80
20,896,DCMSRIND,EQ,523876,153978,29.39
20,897,DCW,EQ,5474375,1568311,28.65
20,898,DCXINDIA,EQ,1095598,481954,43.99
20,899,DDEVPLSTIK,EQ,102212,62509,61.16
20,900,DECCANCE,EQ,23294,14054,60.33
20,901,DECCANTRAN,SM,8400,7200,85.71
20,902,DECNGOLD,EQ,636636,293857,46.16
20,903,DEEDEV,EQ,299886,151787,50.61
20,904,DEEM,ST,3000,3000,100.00
20,905,DEEP,EQ,14659,12743,86.93
20,906,DEEPAKFERT,EQ,194988,98808,50.67
20,907,DEEPAKNTR,EQ,424929,218622,51.45
20,908,DEEPINDS,EQ,736057,280910,38.16
20,909,DEFENCE,EQ,253197,189788,74.96
20,910,DELAPLEX,SM,9000,6600,73.33
20,911,DELHIVERY,EQ,583502,308258,52.83
20,912,DELTACORP,EQ,457673,207977,45.44
20,913,DELTAMAGNT,EQ,1235,1058,85.67
20,914,DELTIC,SM,17000,15000,88.24
20,915,DEN,EQ,188251,144900,76.97
20,916,DENEERS,SM,34200,26400,77.19
20,917,DENORA,EQ,2607,2004,76.87
20,918,DENTA,EQ,128930,57539,44.63
20,919,DENTALKART,SM,6250,3750,60.00
20,920,DEVIT,EQ,60754,41508,68.32
20,921,DEVX,EQ,44383,33689,75.91
20,922,DEVYANI,EQ,1286011,638467,49.65
20,923,DGCONTENT,EQ,4499,3841,85.37
20,924,DHAMPURSUG,EQ,893333,264162,29.57
20,925,DHANBANK,EQ,691890,348533,50.37
20,926,DHANSA,SM,36000,34000,94.44
20,927,DHANUKA,EQ,28708,13909,48.45
20,928,DHARARAIL,ST,27000,27000,100.00
20,929,DHARIWAL,SM,1881000,1419000,75.44
20,930,DHARMAJ,EQ,21811,17275,79.20
20,931,DHATRE,EQ,122265,66529,54.41
20,932,DHOOTTRANS,EQ,1799977,322691,17.93
20,933,DHRUV,EQ,6742,6394,94.84
20,934,DHTL,SM,2400,2400,100.00
20,935,DHUNINV,EQ,417,275,65.95
20,936,DIAMINESQ,EQ,6892,4288,62.22
20,937,DIAMONDYD,EQ,23661,13102,55.37
20,938,DICIND,EQ,7985,6349,79.51
20,939,DIFFNKG,EQ,545618,196070,35.94
20,940,DIGIDRIVE,EQ,17456,16343,93.62
20,941,DIGIKORE,SM,26000,16400,63.08
20,942,DIGISPICE,EQ,36898,29463,79.85
20,943,DIGITIDE,EQ,196958,120885,61.38
20,944,DIGJAMLMTD,EQ,578,463,80.10
20,945,DISAQ,EQ,509,186,36.54
20,946,DISHTV,EQ,1384237,1164045,84.09
20,947,DIVGIITTS,EQ,213515,85798,40.18
20,948,DIVIDEND,EQ,6234,3921,62.90
20,949,DIVINEHIRA,ST,13200,12000,90.91
20,950,DIVISLAB,EQ,502162,318621,63.45
20,951,DIVOPPBEES,EQ,59703,40658,68.10
20,952,DIVYADHAN,ST,6000,6000,100.00
20,953,DIXON,EQ,377556,152685,40.44
20,954,DJML,EQ,102035,14250,13.97
20,955,DLF,EQ,1252534,702007,56.05
20,956,DLINKINDIA,EQ,50148,23888,47.64
20,957,DMART,EQ,303872,168582,55.48
20,958,DMCC,EQ,24500,8483,34.62
20,959,DNAMEDIA,EQ,28920,22519,77.87
20,960,DODLA,EQ,17288,10396,60.13
20,961,DOLATALGO,EQ,121207,78820,65.03
20,962,DOLLAR,EQ,78512,48457,61.72
20,963,DOLLEX,SM,144000,136000,94.44
20,964,DOLPHIN,EQ,400551,129828,32.41
20,965,DOMS,EQ,28632,15034,52.51
20,966,DONEAR,EQ,78902,40861,51.79
20,967,DPABHUSHAN,EQ,43118,14387,33.37
20,968,DPEL,SM,119500,89500,74.90
20,969,DRAGARWQ,EQ,2556,983,38.46
20,970,DRCSYSTEMS,EQ,84530,65968,78.04
20,971,DREAMFOLKS,EQ,37302,23590,63.24
20,972,DREDGECORP,EQ,147493,63061,42.76
20,973,DRONE,SM,15500,9500,61.29
20,974,DRREDDY,EQ,420952,180561,42.89
20,975,DSSL,EQ,51125,30724,60.10
20,976,DUCOL,SM,12800,12800,100.00
20,977,DUCON,EQ,2533778,1995472,78.75
20,978,DURLAX,SM,38000,20000,52.63
20,979,DVL,EQ,40018,23077,57.67
20,980,DWARKESH,EQ,3965247,946523,23.87
20,981,DYCL,EQ,1246633,489050,39.23
20,982,DYNAMATECH,EQ,17282,7291,42.19
20,983,DYNAMIC,ST,7000,7000,100.00
20,984,DYNPRO,EQ,13546,6611,48.80
20,985,E2ERAIL,SM,219200,72000,32.85
20,986,EASEMYTRIP,EQ,7840157,4449271,56.75
20,987,EASTWEST,EQ,35817,26919,75.16
20,988,EBANK10,EQ,667,583,87.41
20,989,EBANKNIFTY,EQ,713,693,97.19
20,990,EBBETF0430,EQ,4405,3281,74.48
20,991,EBBETF0431,EQ,3434,2957,86.11
20,992,EBBETF0433,EQ,15394,13448,87.36
20,993,EBGNG,EQ,413604,170315,41.18
20,994,ECAPINSURE,EQ,28186,24063,85.37
20,995,ECLERX,EQ,171958,81014,47.11
20,996,ECOLINE,ST,16000,15000,93.75
20,997,ECORECO,EQ,7709,4963,64.38
20,998,ECOSMOBLTY,EQ,72911,47783,65.54
20,999,EDELWEISS,EQ,21562787,9301527,43.14
20,1000,EEPL,ST,12000,10000,83.33
20,1001,EFACTOR,SM,24800,23600,95.16
20,1002,EFCIL,EQ,571486,482134,84.36
20,1003,EFFWA,SM,12400,10000,80.65
20,1004,EFORCE,SM,7200,7200,100.00
20,1005,EGOLD,EQ,506401,489121,96.59
20,1006,EICHERMOT,EQ,466050,272727,58.52
20,1007,EIDPARRY,EQ,301706,122659,40.66
20,1008,EIEL,EQ,824767,273218,33.13
20,1009,EIHAHOTELS,EQ,9142,5225,57.15
20,1010,EIHOTEL,EQ,112598,57842,51.37
20,1011,EIMCOELECO,EQ,14898,7484,50.23
20,1012,EKC,EQ,182166,91349,50.15
20,1013,EKI,EQ,29655,21290,71.79
20,1014,ELANTAS,EQ,17387,3209,18.46
20,1015,ELCIDIN,EQ,8,6,75.00
20,1016,ELDEHSG,EQ,667,441,66.12
20,1017,ELECON,EQ,259797,110362,42.48
20,1018,ELECTCAST,EQ,3291661,1843221,56.00
20,1019,ELECTHERM,EQ,15422,12682,82.23
20,1020,ELGIEQUIP,EQ,807924,355760,44.03
20,1021,ELGIRUBCO,EQ,34515,16928,49.05
20,1022,ELGNZ,SM,13000,7000,53.85
20,1023,ELIN,EQ,73903,40133,54.30
20,1024,ELIQUID,EQ,35902,21798,60.72
20,1025,ELITECON,EQ,4027390,3881780,96.38
20,1026,ELLEN,EQ,282425,150744,53.37
20,1027,ELM250,EQ,110565,94411,85.39
20,1028,ELMDIV,EQ,1265,1020,80.63
20,1029,ELPROINTL,EQ,10857,7489,68.98
20,1030,EMAMILTD,EQ,907011,577824,63.71
20,1031,EMAMIREAL,EQ,16845,12217,72.53
20,1032,EMAPARTNER,SM,35000,24000,68.57
20,1033,EMBASSY,RR,309177,287000,92.83
20,1034,EMBDL,EQ,3189848,1346960,42.23
20,1035,EMCURE,EQ,118478,54311,45.84
20,1036,EMETAL,EQ,7027,4155,59.13
20,1037,EMIL,EQ,1704742,773992,45.40
20,1038,EMKAY,EQ,50770,27674,54.51
20,1039,EMKAYTOOLS,SM,2850,2100,73.68
20,1040,EMMIL,SM,21500,19250,89.53
20,1041,EMMVEE,EQ,2033248,748583,36.82
20,1042,EMPIND,EQ,17291,12441,71.95
20,1043,EMPOWER,EQ,9399271,7290614,77.57
20,1044,EMSLIMITED,EQ,270932,81116,29.94
20,1045,EMUDHRA,EQ,172528,86880,50.36
20,1046,EMULTIMQ,EQ,18947,15216,80.31
20,1047,ENCOMPAS,SM,800,800,100.00
20,1048,ENDURANCE,EQ,53026,27323,51.53
20,1049,ENERGY,EQ,475227,272034,57.24
20,1050,ENERGYAXIS,EQ,7646,6178,80.80
20,1051,ENERGYDEV,EQ,20723,18280,88.21
20,1052,ENEXT50,EQ,201,201,100.00
20,1053,ENFUSE,SM,600,600,100.00
20,1054,ENGINERSIN,EQ,3272902,1108202,33.86
20,1055,ENIFTY,EQ,9333,7864,84.26
20,1056,ENIL,EQ,17853,8789,49.23
20,1057,ENKEIWHEL,EQ,1719,1561,90.81
20,1058,ENRIN,EQ,441448,207142,46.92
20,1059,ENSER,SM,55000,55000,100.00
20,1060,ENTERO,EQ,322283,185909,57.69
20,1061,ENVIRO,SM,17000,14000,82.35
20,1062,EPACK,EQ,278336,135258,48.60
20,1063,EPACKPEB,EQ,232605,111094,47.76
20,1064,EPIGRAL,EQ,50803,26951,53.05
20,1065,EPL,EQ,6283376,3548085,56.47
20,1066,EPWINDIA,ST,7200,7200,100.00
20,1067,EQUAL200,EQ,4127,4007,97.09
20,1068,EQUAL50,EQ,1412,705,49.93
20,1069,EQUAL50ADD,EQ,30125,21092,70.01
20,1070,EQUITASBNK,EQ,843776,437191,51.81
20,1071,ERIS,EQ,27451,10517,38.31
20,1072,ESABINDIA,EQ,5026,3340,66.45
20,1073,ESCONET,ST,51600,51200,99.22
20,1074,ESCORTS,EQ,25297,13331,52.70
20,1075,ESDS,EQ,742653,737573,99.32
20,1076,ESENSEX,EQ,158,156,98.73
20,1077,ESFL,SM,24120,17280,71.64
20,1078,ESG,EQ,5116,5075,99.20
20,1079,ESILVER,EQ,43044,13939,32.38
20,1080,ESPRIT,SM,4800,1600,33.33
20,1081,ESSARSHPNG,EQ,372333,224074,60.18
20,1082,ESSENTIA,EQ,2788603,1722633,61.77
20,1083,ESTER,EQ,92014,57478,62.47
20,1084,ETERNAL,EQ,12845170,6918988,53.86
20,1085,ETHOSLTD,EQ,44369,23765,53.56
20,1086,ETL,SM,300,300,100.00
20,1087,ETML,SM,129600,118800,91.67
20,1088,EUREKAFORB,EQ,195035,111066,56.95
20,1089,EUROBOND,EQ,6201,5172,83.41
20,1090,EUROPRATIK,EQ,190094,32007,16.84
20,1091,EVEREADY,EQ,116376,64626,55.53
20,1092,EVIETF,EQ,312202,171717,55.00
20,1093,EVINDIA,EQ,208167,150179,72.14
20,1094,EXCELINDUS,EQ,11574,8715,75.30
20,1095,EXCELLENT,ST,3200,3200,100.00
20,1096,EXCELSOFT,EQ,583097,295170,50.62
20,1097,EXICOM,EQ,4232220,1428616,33.76
20,1098,EXIDEIND,EQ,1662688,743867,44.74
20,1099,EXIMROUTES,SM,1600,1600,100.00
20,1100,EXPLEOSOL,EQ,32051,16133,50.34
20,1101,EXXARO,EQ,571741,416959,72.93
20,1102,FABTECH,EQ,35383,21782,61.56
20,1103,FACT,EQ,53413,24852,46.53
20,1104,FASCINATE,SM,342400,342400,100.00
20,1105,FAZE3Q,EQ,8510,4871,57.24
20,1106,FCL,EQ,42019821,13244846,31.52
20,1107,FCSSOFT,EQ,1557564,1128828,72.47
20,1108,FDC,EQ,89168,60810,68.20
20,1109,FEDDERSHOL,EQ,2445557,612063,25.03
20,1110,FEDERALBNK,EQ,5174214,2998085,57.94
20,1111,FEDFINA,EQ,2135760,941830,44.10
20,1112,FELIX,SM,283000,148500,52.47
20,1113,FERMENTA,EQ,79101,40344,51.00
20,1114,FIBERWEB,EQ,21246,18538,87.25
20,1115,FIDEL,SM,5000,5000,100.00
20,1116,FIEMIND,EQ,38402,19675,51.23
20,1117,FILATEX,EQ,990763,472277,47.67
20,1118,FILATFASH,EQ,36890656,21360763,57.90
20,1119,FINBUD,SM,18000,13000,72.22
20,1120,FINCABLES,EQ,732032,294440,40.22
20,1121,FINEORG,EQ,11396,6527,57.27
20,1122,FINIETF,EQ,150695,109783,72.85
20,1123,FINKURVE,EQ,65750,29267,44.51
20,1124,FINOPB,EQ,187350,84450,45.08
20,1125,FINPIPE,EQ,261198,118089,45.21
20,1126,FIRSTCRY,EQ,583428,265354,45.48
20,1127,FISCHER,EQ,250781,178899,71.34
20,1128,FIVESTAR,EQ,276188,164881,59.70
20,1129,FLAIR,EQ,98923,65464,66.18
20,1130,FLEXIADD,EQ,69225,47270,68.28
20,1131,FLUOROCHEM,EQ,104652,53073,50.71
20,1132,FLYSBS,SM,84000,54400,64.76
20,1133,FMCGADD,EQ,21129,11792,55.81
20,1134,FMCGIETF,EQ,1486830,1167956,78.55
20,1135,FMGOETZE,EQ,1455155,467616,32.14
20,1136,FMNL,EQ,81674,54866,67.18
20,1137,FONEBOX,SM,12000,10000,83.33
20,1138,FOODSIN,EQ,65087,45489,69.89
20,1139,FORCAS,ST,3200,1600,50.00
20,1140,FORCEMOT,EQ,51095,19956,39.06
20,1141,FORGEAUTO,SM,8400,8400,100.00
20,1142,FORTIS,EQ,893344,437188,48.94
20,1143,FOSECOIND,EQ,8061,4794,59.47
20,1144,FRACTAL,EQ,397346,261772,65.88
20,1145,FREDUN,EQ,33122,22432,67.73
20,1146,FRESHARA,ST,45000,42600,94.67
20,1147,FROG,ST,53600,51200,95.52
20,1148,FRONTSP,EQ,10430,6699,64.23
20,1149,FSL,EQ,821088,356472,43.41
20,1150,FUSION,EQ,888653,464561,52.28
20,1151,FWSTC,SM,2400,2400,100.00
20,1152,GABRIEL,EQ,147826,55068,37.25
20,1153,GAEL,EQ,678295,382982,56.46
20,1154,GAIL,EQ,9910348,5284545,53.32
20,1155,GAJA,EQ,1078393,535137,49.62
20,1156,GALAPREC,EQ,30325,16689,55.03
20,1157,GALAXYSURF,EQ,15905,9090,57.15
20,1158,GALLANTT,EQ,54832,26750,48.79
20,1159,GANDHAR,EQ,719670,359880,50.01
20,1160,GANDHITUBE,EQ,4198,2558,60.93
20,1161,GANECOS,EQ,109978,48695,44.28
20,1162,GANESHCP,EQ,155960,80637,51.70
20,1163,GANESHHOU,EQ,17875,10711,59.92
20,1164,GANESHIN,ST,74400,72000,96.77
20,1165,GANGABATH,SM,15000,6000,40.00
20,1166,GANGAFORGE,EQ,6103756,3374503,55.29
20,1167,GANGESSECU,EQ,4328,3747,86.58
20,1168,GARFIBRES,EQ,29908,12903,43.14
20,1169,GARUDA,EQ,211606,115493,54.58
20,1170,GATEWAY,EQ,397333,241460,60.77
20,1171,GAYAHWS,EQ,289982,134847,46.50
20,1172,GAYAPROJ,EQ,565332,455593,80.59
20,1173,GCHOTELS,ST,42000,36000,85.71
20,1174,GCSL,EQ,1222825,488653,39.96
20,1175,GEEKAYWIRE,EQ,256145,182125,71.10
20,1176,GEMAROMA,EQ,70224,43171,61.48
20,1177,GENCON,EQ,366956,69692,18.99
20,1178,GENESYS,EQ,670463,278005,41.46
20,1179,GENUSPAPER,EQ,517475,266457,51.49
20,1180,GENUSPOWER,EQ,2776994,1287655,46.37
20,1181,GENXAI,SM,6000,6000,100.00
20,1182,GEOJITFSL,EQ,197271,103187,52.31
20,1183,GESHIP,EQ,888277,473965,53.36
20,1184,GFLLIMITED,EQ,173356,85154,49.12
20,1185,GGBL,SM,31200,21600,69.23
20,1186,GHCL,EQ,54136,36443,67.32
20,1187,GHCLTEXTIL,EQ,359899,197246,54.81
20,1188,GICHSGFIN,EQ,62788,34628,55.15
20,1189,GICL,EQ,317054,148700,46.90
20,1190,GICRE,EQ,1713058,806573,47.08
20,1191,GILLANDERS,EQ,2241,2015,89.92
20,1192,GILLETTE,EQ,9738,5637,57.89
20,1193,GILT10BETA,EQ,503607,503209,99.92
20,1194,GILT5BETA,EQ,202427,202157,99.87
20,1195,GILT5YBEES,EQ,207982,128723,61.89
20,1196,GIPCL,EQ,540738,339475,62.78
20,1197,GIRIRAJ,SM,3500,3500,100.00
20,1198,GJL,ST,2400,2400,100.00
20,1199,GKB,EQ,1462,1229,84.06
20,1200,GKENERGY,EQ,248778,120253,48.34
20,1201,GKSL,EQ,382407,112562,29.44
20,1202,GKWLIMITED,EQ,2522,2262,89.69
20,1203,GLAND,EQ,1031320,409964,39.75
20,1204,GLAXO,EQ,155659,72707,46.71
20,1205,GLENMARK,EQ,267568,109229,40.82
20,1206,GLFL,EQ,3020,2920,96.69
20,1207,GLOBAL,EQ,129151,89410,69.23
20,1208,GLOBALE,EQ,3819,2850,74.63
20,1209,GLOBALPET,SM,3750,3750,100.00
20,1210,GLOBALVECT,EQ,7148,3807,53.26
20,1211,GLOBE,EQ,389980,357474,91.66
20,1212,GLOBECIVIL,EQ,31751,17832,56.16
20,1213,GLOBUSSPR,EQ,150541,93474,62.09
20,1214,GLOSTERLTD,EQ,1178,862,73.17
20,1215,GLOTTIS,EQ,66359,48084,72.46
20,1216,GMBREW,EQ,90903,52979,58.28
20,1217,GMDCLTD,EQ,357732,165074,46.14
20,1218,GML,SM,4000,4000,100.00
20,1219,GMMPFAUDLR,EQ,1280855,498152,38.89
20,1220,GMRAIRPORT,EQ,5131436,2833297,55.21
20,1221,GMRP&UI,EQ,1193207,547750,45.91
20,1222,GNA,EQ,131118,62372,47.57
20,1223,GNFC,EQ,1281385,763124,59.55
20,1224,GNRL,EQ,3632929,1590173,43.77
20,1225,GOACARBON,EQ,18478,9628,52.11
20,1226,GOCLCORP,EQ,182392,101278,55.53
20,1227,GOCOLORS,EQ,235954,117596,49.84
20,1228,GODAVARIB,EQ,86089,36225,42.08
20,1229,GODFRYPHLP,EQ,120277,50315,41.83
20,1230,GODIGIT,EQ,110938,65409,58.96
20,1231,GODREJAGRO,EQ,338467,153960,45.49
20,1232,GODREJCP,EQ,2647422,1800684,68.02
20,1233,GODREJIND,EQ,64123,27493,42.88
20,1234,GODREJPROP,EQ,752808,275408,36.58
20,1235,GOKEX,EQ,130637,62095,47.53
20,1236,GOKUL,EQ,182713,38744,21.20
20,1237,GOKULAGRO,EQ,199537,97802,49.01
20,1238,GOLD1,EQ,1539958,1041527,67.63
20,1239,GOLD360,EQ,20611,7449,36.14
20,1240,GOLDADD,EQ,2711253,1781910,65.72
20,1241,GOLDAXIS,EQ,4383759,3460158,78.93
20,1242,GOLDBEES,EQ,20788912,10131376,48.73
20,1243,GOLDBETA,EQ,1004130,597282,59.48
20,1244,GOLDBND,EQ,44081,39409,89.40
20,1245,GOLDCASE,EQ,13980715,7749934,55.43
20,1246,GOLDETF,EQ,1124196,738463,65.69
20,1247,GOLDIAM,EQ,926463,434596,46.91
20,1248,GOLDIETF,EQ,5501440,3314397,60.25
20,1249,GOLDSTAR,SM,33750,22500,66.67
20,1250,GOODLUCK,EQ,644419,350718,54.42
20,1251,GOODYEAR,EQ,6727,5372,79.86
20,1252,GOPAL,EQ,92027,42597,46.29
20,1253,GOYALALUM,EQ,53518,45178,84.42
20,1254,GOYALSALT,SM,25800,19800,76.74
20,1255,GPECO,SM,27800,24800,89.21
20,1256,GPIL,EQ,1531854,829501,54.15
20,1257,GPPL,EQ,738209,431389,58.44
20,1258,GPTHEALTH,EQ,173981,98673,56.71
20,1259,GPTINFRA,EQ,90908,50255,55.28
20,1260,GRADIENTE,EQ,1514582,1032946,68.20
20,1261,GRANDOAK,EQ,1194,657,55.03
20,1262,GRANULES,EQ,1033026,505075,48.89
20,1263,GRAPHISAD,SM,42000,30000,71.43
20,1264,GRAPHITE,EQ,519646,234442,45.12
20,1265,GRASIM,EQ,1179298,797466,67.62
20,1266,GRAUWEIL,EQ,129623,73607,56.79
20,1267,GRAVISSHO,EQ,436,341,78.21
20,1268,GRAVITA,EQ,120216,58285,48.48
20,1269,GRCL,SM,3500,3500,100.00
20,1270,GREAVESCOT,EQ,725978,280903,38.69
20,1271,GREENCHEF,SM,4800,4000,83.33
20,1272,GREENLAM,EQ,94051,61659,65.56
20,1273,GREENLEAF,ST,21000,18000,85.71
20,1274,GREENPANEL,EQ,744111,304772,40.96
20,1275,GREENPLY,EQ,389935,184264,47.26
20,1276,GREENPOWER,EQ,1873150,898655,47.98
20,1277,GRETEX,SM,750,750,100.00
20,1278,GRINDWELL,EQ,23158,14321,61.84
20,1279,GRINFRA,EQ,29533,14247,48.24
20,1280,GRMOVER,EQ,1118026,186957,16.72
20,1281,GROBTEA,EQ,174,110,63.22
20,1282,GROWW,EQ,21419848,10995561,51.33
20,1283,GROWWCAPM,EQ,321273,231465,72.05
20,1284,GROWWCHEM,EQ,11679,6384,54.66
20,1285,GROWWDEFNC,EQ,217691,132351,60.80
20,1286,GROWWEV,EQ,772261,563287,72.94
20,1287,GROWWGOLD,EQ,2789656,1368507,49.06
20,1288,GROWWHOSPI,EQ,132678,68113,51.34
20,1289,GROWWLIQID,EQ,165247,88953,53.83
20,1290,GROWWLOVOL,EQ,18110,10049,55.49
20,1291,GROWWMC150,EQ,2164,1265,58.46
20,1292,GROWWMETAL,EQ,497131,288849,58.10
20,1293,GROWWMOM50,EQ,194295,167295,86.10
20,1294,GROWWN200,EQ,66361,44625,67.25
20,1295,GROWWNET,EQ,469311,376278,80.18
20,1296,GROWWNIFTY,EQ,824351,594184,72.08
20,1297,GROWWNXT50,EQ,21112,13314,63.06
20,1298,GROWWPOWER,EQ,1531393,988481,64.55
20,1299,GROWWPSE,EQ,6647,5617,84.50
20,1300,GROWWPSUBK,EQ,7308,4281,58.58
20,1301,GROWWRAIL,EQ,356895,234435,65.69
20,1302,GROWWRLTY,EQ,578932,525448,90.76
20,1303,GROWWSC250,EQ,117852,77089,65.41
20,1304,GROWWSLVR,EQ,960509,391749,40.79
20,1305,GRPLTD,EQ,1104,845,76.54
20,1306,GRSE,EQ,215499,92688,43.01
20,1307,GRWRHITECH,EQ,248502,112353,45.21
20,1308,GSEC10ADD,EQ,11,11,100.00
20,1309,GSEC10IETF,EQ,183,114,62.30
20,1310,GSEC10YEAR,EQ,15279,14564,95.32
20,1311,GSEC5IETF,EQ,57232,29428,51.42
20,1312,GSFC,EQ,947889,541874,57.17
20,1313,GSLSU,EQ,164591,94342,57.32
20,1314,GSMFOILS,SM,10500,10500,100.00
20,1315,GSPCROP,EQ,203559,73414,36.07
20,1316,GSS,EQ,52386,27711,52.90
20,1317,GSTL,SM,4000,2000,50.00
20,1318,GTL,EQ,256404,191120,74.54
20,1319,GTLINFRA,EQ,69809746,33260693,47.64
20,1320,GTPL,EQ,76926,50270,65.35
20,1321,GUFICBIO,EQ,382048,161980,42.40
20,1322,GUJALKALI,EQ,86704,30038,34.64
20,1323,GUJAPOLLO,EQ,16534,10158,61.44
20,1324,GUJENERGY,EQ,1483233,895441,60.37
20,1325,GUJRAFFIA,EQ,1621,816,50.34
20,1326,GUJTHEM,EQ,1088263,512642,47.11
20,1327,GULFOILLUB,EQ,53249,26208,49.22
20,1328,GULPOLY,EQ,121930,68789,56.42
20,1329,GURUNANAK,SM,14400,12800,88.89
20,1330,GVPIL,EQ,230305,102360,44.45
20,1331,GVT&D,EQ,295967,150022,50.69
20,1332,GYFTR,EQ,23288,14885,63.92
20,1333,HAL,EQ,602641,280912,46.61
20,1334,HALDER,EQ,23488,6304,26.84
20,1335,HALEOSLABS,EQ,545,377,69.17
20,1336,HAMPTON,EQ,368622,367206,99.62
20,1337,HAPPSTMNDS,EQ,1292099,543285,42.05
20,1338,HAPPY,SM,32000,24000,75.00
20,1339,HAPPYFORGE,EQ,45858,26632,58.07
20,1340,HARDWYN,EQ,311011,164957,53.04
20,1341,HARIOMPIPE,EQ,183197,70825,38.66
20,1342,HARRMALAYA,EQ,9922,7076,71.32
20,1343,HARSHA,EQ,135432,78610,58.04
20,1344,HATHWAY,EQ,922339,481694,52.23
20,1345,HATSUN,EQ,66432,26876,40.46
20,1346,HAVELLS,EQ,882205,496995,56.34
20,1347,HAVISHA,EQ,98394,80879,82.20
20,1348,HAWKINCOOK,EQ,1354,704,51.99
20,1349,HAZOOR,EQ,252002,146705,58.22
20,1350,HBESD,EQ,780,775,99.36
20,1351,HBLENGINE,EQ,961999,360405,37.46
20,1352,HBPOR,EQ,726,716,98.62
20,1353,HBSL,EQ,7993,5013,62.72
20,1354,HCC,EQ,31279184,11645880,37.23
20,1355,HCG,EQ,165572,89727,54.19
20,1356,HCL-INSYS,EQ,208739,158996,76.17
20,1357,HCLTECH,EQ,2008363,938694,46.74
20,1358,HDBFS,EQ,1539050,1320704,85.81
20,1359,HDFCAMC,EQ,300166,188065,62.65
20,1360,HDFCBANK,EQ,12180390,7666610,62.94
20,1361,HDFCBSE500,EQ,1265857,768200,60.69
20,1362,HDFCGOLD,EQ,3238638,2234659,69.00
20,1363,HDFCGROWTH,EQ,21630,12680,58.62
20,1364,HDFCLIFE,EQ,1190100,639482,53.73
20,1365,HDFCLIQUID,EQ,28363,17325,61.08
20,1366,HDFCLOWVOL,EQ,4814,2068,42.96
20,1367,HDFCMID150,EQ,366427,235643,64.31
20,1368,HDFCMOMENT,EQ,126317,66160,52.38
20,1369,HDFCNEXT50,EQ,132021,81326,61.60
20,1370,HDFCNIF100,EQ,41544,22194,53.42
20,1371,HDFCNIFBAN,EQ,237829,116053,48.80
20,1372,HDFCNIFIT,EQ,184453,99907,54.16
20,1373,HDFCNIFTY,EQ,98890,78094,78.97
20,1374,HDFCNIMEG,EQ,30510,29575,96.94
20,1375,HDFCPSUBK,EQ,20087,13167,65.55
20,1376,HDFCPVTBAN,EQ,395778,240947,60.88
20,1377,HDFCQUAL,EQ,5358,3176,59.28
20,1378,HDFCSENSEX,EQ,46781,34121,72.94
20,1379,HDFCSILVER,EQ,2927057,1592441,54.40
20,1380,HDFCSML250,EQ,1018542,608060,59.70
20,1381,HDFCVALUE,EQ,8599,5628,65.45
20,1382,HEADSUP,EQ,2844,1449,50.95
20,1383,HEALTHADD,EQ,13107,10849,82.77
20,1384,HEALTHAXIS,EQ,3053,2333,76.42
20,1385,HEALTHCARE,EQ,47020,19642,41.77
20,1386,HEALTHIETF,EQ,59893,31015,51.78
20,1387,HEALTHX,EQ,4706,4337,92.16
20,1388,HEALTHY,EQ,327939,140951,42.98
20,1389,HECPROJECT,EQ,3073,2061,67.07
20,1390,HEIDELBERG,EQ,428563,262215,61.18
20,1391,HEMIPROP,EQ,204770,143518,70.09
20,1392,HERANBA,EQ,45360,26948,59.41
20,1393,HERITGFOOD,EQ,1306175,653780,50.05
20,1394,HEROMOTOCO,EQ,354258,191625,54.09
20,1395,HESTERBIO,EQ,8149,2282,28.00
20,1396,HEXATRADEX,EQ,337,251,74.48
20,1397,HEXT,EQ,126595,55756,44.04
20,1398,HGINFRA,EQ,48912,23640,48.33
20,1399,HGM,EQ,3567,2849,79.87
20,1400,HGS,EQ,6707,4049,60.37
20,1401,HIGREEN,SM,13600,12800,94.12
20,1402,HIKAL,EQ,31089358,1890725,6.08
20,1403,HILINFRA,EQ,69037,40487,58.65
20,1404,HILTON,EQ,83413,61099,73.25
20,1405,HIMATSEIDE,EQ,549464,263455,47.95
20,1406,HINDADH,EQ,1441,942,65.37
20,1407,HINDALCO,EQ,1848438,1025205,55.46
20,1408,HINDALUMI,EQ,1737,981,56.48
20,1409,HINDCOMPOS,EQ,3471,2878,82.92
20,1410,HINDCON,EQ,34266,23206,67.72
20,1411,HINDCOPPER,EQ,5991278,2682489,44.77
20,1412,HINDOILEXP,EQ,2651804,810278,30.56
20,1413,HINDPETRO,EQ,3859485,1861409,48.23
20,1414,HINDUNILVR,EQ,713057,369578,51.83
20,1415,HINDWAREAP,EQ,74937,49590,66.18
20,1416,HINDZINC,EQ,3801807,1848804,48.63
20,1417,HIRECT,EQ,61020,31121,51.00
20,1418,HISARMETAL,EQ,1223,1079,88.23
20,1419,HITECH,EQ,514424,305669,59.42
20,1420,HLEGLAS,EQ,292854,100822,34.43
20,1421,HLVLTD,EQ,194205,135465,69.75
20,1422,HMAAGRO,EQ,563266,344763,61.21
20,1423,HNDFDS,EQ,100524,44579,44.35
20,1424,HNGSNGBEES,EQ,72290,42250,58.45
20,1425,HOACFOODS,ST,4875,4875,100.00
20,1426,HOLMARC,SM,8250,5250,63.64
20,1427,HOMEFIRST,EQ,315751,169178,53.58
20,1428,HONASA,EQ,703603,324978,46.19
20,1429,HONAUT,EQ,1788,967,54.08
20,1430,HONDAPOWER,EQ,2937,1590,54.14
20,1431,HORIZONIND,EQ,3005572,1633493,54.35
20,1432,HPAL,EQ,41013,26853,65.47
20,1433,HPIL,EQ,140,111,79.29
20,1434,HPL,EQ,76591,35442,46.27
20,1435,HPTL,SM,600,600,100.00
20,1436,HRHNEXT,SM,24000,22500,93.75
20,1437,HRYNSHP,EQ,278,211,75.90
20,1438,HSBCGOLD,EQ,33987,29522,86.86
20,1439,HSCL,EQ,2666117,889852,33.38
20,1440,HTMEDIA,EQ,57931,37258,64.31
20,1441,HUBTOWN,EQ,508005,279441,55.01
20,1442,HUDCO,EQ,716189,344478,48.10
20,1443,HUHTAMAKI,EQ,247720,120896,48.80
20,1444,HVAX,SM,1950,1650,84.62
20,1445,HYBRIDETF,EQ,7834,6710,85.65
20,1446,HYUNDAI,EQ,508562,299851,58.96
20,1447,IBLFL,SM,20000,18000,90.00
20,1448,IBULLSLTD,EQ,8153717,4477303,54.91
20,1449,ICDSLTD,EQ,120496,42685,35.42
20,1450,ICELCO,SM,19200,14400,75.00
20,1451,ICEMAKE,EQ,8713,5696,65.37
20,1452,ICICIAMC,EQ,279992,151650,54.16
20,1453,ICICIB22,EQ,133321,82407,61.81
20,1454,ICICIBANK,EQ,8035111,5190287,64.60
20,1455,ICICIGI,EQ,426021,235032,55.17
20,1456,ICICIPRULI,EQ,1678977,698071,41.58
20,1457,ICIL,EQ,467699,180484,38.59
20,1458,ICRA,EQ,43495,25509,58.65
20,1459,IDBI,EQ,7985304,2462377,30.84
20,1460,IDEA,EQ,695355022,199608307,28.71
20,1461,IDEAFORGE,EQ,253500,153971,60.74
20,1462,IDENTICAL,SM,2000,2000,100.00
20,1463,IDFCFIRSTB,EQ,10617041,6434282,60.60
20,1464,IDFNIFTYET,EQ,2513,2344,93.27
20,1465,IEML,ST,42000,36000,85.71
20,1466,IEX,EQ,3730649,2203414,59.06
20,1467,IFBAGRO,EQ,3748,2699,72.01
20,1468,IFBIND,EQ,21925,10669,48.66
20,1469,IFCI,EQ,207830587,29415652,14.15
20,1470,IFGLEXPOR,EQ,9039,5378,59.50
20,1471,IGARASHI,EQ,58243,34321,58.93
20,1472,IGCL,EQ,83569,46361,55.48
20,1473,IGIL,EQ,742176,410952,55.37
20,1474,IGL,EQ,1105359,523086,47.32
20,1475,IGPL,EQ,83345,45109,54.12
20,1476,IIFL,EQ,4742061,1665138,35.11
20,1477,IIFL060326,YA,25,25,100.00
20,1478,IIFLCAPS,EQ,565824,297299,52.54
20,1479,IIFLZC26,NN,60,60,100.00
20,1480,IIFLZC28C,N6,200,200,100.00
20,1481,IITL,EQ,103995,15366,14.78
20,1482,IKIO,EQ,279865,148253,52.97
20,1483,IKS,EQ,127280,59250,46.55
20,1484,IMAGICAA,EQ,1374657,603137,43.88
20,1485,IMC1,N2,165,165,100.00
20,1486,IMC1,N3,2,2,100.00
20,1487,IMFA,EQ,100370,55962,55.76
20,1488,IMPAL,EQ,6049,3521,58.21
20,1489,INA,EQ,755743,339259,44.89
20,1490,INCREDIBLE,EQ,3017,3001,99.47
20,1491,INDBANK,EQ,63723,50660,79.50
20,1492,INDGN,EQ,336187,193338,57.51
20,1493,INDHOTEL,EQ,2137419,1169146,54.70
20,1494,INDIACEM,EQ,33475,16676,49.82
20,1495,INDIAMART,EQ,54073,38674,71.52
20,1496,INDIANB,EQ,1005311,574132,57.11
20,1497,INDIANCARD,EQ,417,312,74.82
20,1498,INDIANHUME,EQ,45044,25776,57.22
20,1499,INDIASHLTR,EQ,88324,53934,61.06
20,1500,INDIGO,EQ,354874,177660,50.06
20,1501,INDIGOPNTS,EQ,77673,37554,48.35
20,1502,INDIGRID,IV,649928,623529,95.94
20,1503,INDIQUBE,EQ,125698,57492,45.74
20,1504,INDNIPPON,EQ,38355,22132,57.70
20,1505,INDOBORAX,EQ,392536,129285,32.94
20,1506,INDOCO,EQ,315104,111814,35.48
20,1507,INDOFARM,EQ,72717,39292,54.03
20,1508,INDOKEM,EQ,4721,3132,66.34
20,1509,INDOMIM,EQ,1601278,578911,36.15
20,1510,INDORAMA,EQ,2102406,710363,33.79
20,1511,INDOSTAR,EQ,58965,33831,57.37
20,1512,INDOTECH,EQ,19314,12544,64.95
20,1513,INDOTHAI,EQ,16502372,8552247,51.82
20,1514,INDOUS,EQ,5684,3843,67.61
20,1515,INDOWIND,EQ,84385,68453,81.12
20,1516,INDPRUD,EQ,75,75,100.00
20,1517,INDRAMEDCO,EQ,127117,70611,55.55
20,1518,INDSWFTLAB,EQ,650855,296393,45.54
20,1519,INDTERRAIN,EQ,8811,7310,82.96
20,1520,INDUSINDBK,EQ,1418742,709311,50.00
20,1521,INDUSINVIT,IV,238973,193702,81.06
20,1522,INDUSTOWER,EQ,4311184,2065473,47.91
20,1523,INFINIUM,SM,7500,6000,80.00
20,1524,INFLUX,SM,22200,15600,70.27
20,1525,INFOBEAN,EQ,185457,85413,46.06
20,1526,INFOLLION,SM,7200,4800,66.67
20,1527,INFOMEDIA,EQ,15375,12451,80.98
20,1528,INFRA,EQ,19707,19418,98.53
20,1529,INFRABEES,EQ,6435,3568,55.45
20,1530,INFRAIETF,EQ,71385,41781,58.53
20,1531,INFY,EQ,7668346,3794091,49.48
20,1532,INGERRAND,EQ,21053,11820,56.14
20,1533,INNOMET,ST,25200,25200,100.00
20,1534,INNOVACAP,EQ,104975,43482,41.42
20,1535,INNOVANA,EQ,822,408,49.64
20,1536,INNOVISION,EQ,8908,4105,46.08
20,1537,INOXGREEN,EQ,1320442,591154,44.77
20,1538,INOXINDIA,EQ,154701,76771,49.63
20,1539,INOXWIND,EQ,15134302,6154965,40.67
20,1540,INSECTICID,EQ,31882,19549,61.32
20,1541,INSPIRISYS,EQ,2089,1915,91.67
20,1542,INSUREIETF,EQ,468531,324709,69.30
20,1543,INTELLECT,EQ,244782,118865,48.56
20,1544,INTENTECH,EQ,7085,5277,74.48
20,1545,INTERARCH,EQ,31615,19970,63.17
20,1546,INTERNET,EQ,182327,102572,56.26
20,1547,INTLCONV,EQ,62311,38424,61.66
20,1548,INVENTURE,EQ,633483,493204,77.86
20,1549,INVICTA,SM,36800,22400,60.87
20,1550,IOB,EQ,1509216,942971,62.48
20,1551,IOC,EQ,5955660,3395928,57.02
20,1552,IOLCP,EQ,10023570,2669105,26.63
20,1553,IONEXCHANG,EQ,4902160,1070626,21.84
20,1554,IPCALAB,EQ,92425,45728,49.48
20,1555,IPHL,SM,68400,46800,68.42
20,1556,IPL,EQ,87993,46893,53.29
20,1557,IPRINGLTD,EQ,2504,1834,73.24
20,1558,IRB,EQ,4864321,2604051,53.53
20,1559,IRBINVIT,IV,521607,468114,89.74
20,1560,IRCON,EQ,1299800,435069,33.47
20,1561,IRCTC,EQ,405838,210635,51.90
20,1562,IREDA,EQ,2955590,1127392,38.14
20,1563,IRFC,EQ,5917347,2440335,41.24
20,1564,IRIS,EQ,33019,19867,60.17
20,1565,IRISDOREME,EQ,948563,325459,34.31
20,1566,IRMENERGY,EQ,64263,29814,46.39
20,1567,ISFT,EQ,127511,8803,6.90
20,1568,ISGEC,EQ,31403,16413,52.27
20,1569,ISHAN,SM,48000,48000,100.00
20,1570,ISHANCH,EQ,22763,14148,62.15
20,1571,ISTLTD,EQ,1918,1591,82.95
20,1572,IT,EQ,508608,217544,42.77
20,1573,ITADD,EQ,195664,154765,79.10
20,1574,ITALIANE,SM,6000,6000,100.00
20,1575,ITAXIS,EQ,8697,6399,73.58
20,1576,ITBEES,EQ,10631291,6769533,63.68
20,1577,ITBETA,EQ,1297,1297,100.00
20,1578,ITC,EQ,6688002,3792130,56.70
20,1579,ITCHOTELS,EQ,1451816,872015,60.06
20,1580,ITDC,EQ,40483,12999,32.11
20,1581,ITETF,EQ,452051,249659,55.23
20,1582,ITI,EQ,171656,43843,25.54
20,1583,ITIETF,EQ,485884,346881,71.39
20,1584,ITL,EQ,5110,4537,88.79
20,1585,ITTL,ST,630,630,100.00
20,1586,IVALUE,EQ,114721,68515,59.72
20,1587,IVC,EQ,784795,525745,66.99
20,1588,IVZBANKNF,EQ,393,245,62.34
20,1589,IVZINGOLD,EQ,38012,26498,69.71
20,1590,IVZINNIFTY,EQ,2129,2079,97.65
20,1591,IVZSENSEX,EQ,2082,1339,64.31
20,1592,IWARE,ST,24600,22200,90.24
20,1593,IWP,EQ,6764,6164,91.13
20,1594,IXIGO,EQ,504059,275697,54.70
20,1595,IZMO,EQ,205930,69377,33.69
20,1596,J&KBANK,EQ,1078053,531593,49.31
20,1597,JAGRAN,EQ,252138,151205,59.97
20,1598,JAGSNPHARM,EQ,59705,31668,53.04
20,1599,JAIBALAJI,EQ,2563416,1488730,58.08
20,1600,JAICORPLTD,EQ,245829,119067,48.43
20,1601,JAINAM,SM,500,500,100.00
20,1602,JAINIK,SM,4800,4800,100.00
20,1603,JAINREC,EQ,1350135,427358,31.65
20,1604,JAIPURKURT,EQ,26169,18348,70.11
20,1605,JALAN,ST,3000,3000,100.00
20,1606,JAMNAAUTO,EQ,3705464,1563602,42.20
20,1607,JARO,EQ,102854,15122,14.70
20,1608,JASH,EQ,484422,192907,39.82
20,1609,JAYAGROGN,EQ,11160,9079,81.35
20,1610,JAYBARMARU,EQ,261651,180898,69.14
20,1611,JAYBEE,SM,40500,35000,86.42
20,1612,JAYESH,SM,8000,8000,100.00
20,1613,JAYKAY,EQ,587254,235893,40.17
20,1614,JAYNECOIND,EQ,8499629,3617347,42.56
20,1615,JAYSREETEA,EQ,55012,26851,48.81
20,1616,JBMA,EQ,203154,113153,55.70
20,1617,JENBURPH,EQ,575,486,84.52
20,1618,JETFREIGHT,EQ,185078,101530,54.86
20,1619,JEYYAM,ST,12000,12000,100.00
20,1620,JFLLIFE,SM,18000,12000,66.67
20,1621,JGCHEM,EQ,285713,128628,45.02
20,1622,JHS,EQ,22920,16478,71.89
20,1623,JINDALPHOT,EQ,1748,1385,79.23
20,1624,JINDALPOLY,EQ,38473,18665,48.51
20,1625,JINDALSAW,EQ,2210468,1301651,58.89
20,1626,JINDALSTEL,EQ,752810,239382,31.80
20,1627,JINDRILL,EQ,722088,220828,30.58
20,1628,JINDWORLD,EQ,95411627,13212831,13.85
20,1629,JIOFIN,EQ,10127575,6146687,60.69
20,1630,JISLDVREQS,EQ,84004,55685,66.29
20,1631,JISLJALEQS,EQ,17973234,4340587,24.15
20,1632,JITFINFRA,EQ,22805,15362,67.36
20,1633,JIWANRAM,SM,132000,90000,68.18
20,1634,JKCEMENT,EQ,37329,23754,63.63
20,1635,JKIL,EQ,43503,26607,61.16
20,1636,JKIPL,EQ,5563,4046,72.73
20,1637,JKLAKSHMI,EQ,162822,105409,64.74
20,1638,JKPAPER,EQ,2617975,632113,24.15
20,1639,JKTYRE,EQ,241365,100133,41.49
20,1640,JLHL,EQ,50788,24463,48.17
20,1641,JMA,EQ,5812,5162,88.82
20,1642,JMFINANCIL,EQ,3350488,1747222,52.15
20,1643,JNKINDIA,EQ,69670,37378,53.65
20,1644,JNPR,EQ,277307,130751,47.15
20,1645,JOCIL,EQ,54555,28588,52.40
20,1646,JPOLYINVST,EQ,4998,2378,47.58
20,1647,JPPOWER,EQ,91476432,21794757,23.83
20,1648,JSFB,EQ,358223,182163,50.85
20,1649,JSL,EQ,536059,341800,63.76
20,1650,JSLL,EQ,604190,254069,42.05
20,1651,JSWCEMENT,EQ,1140728,690235,60.51
20,1652,JSWDULUX,EQ,31552,11799,37.40
20,1653,JSWENERGY,EQ,2738335,1620418,59.18
20,1654,JSWHL,EQ,1253,709,56.58
20,1655,JSWINFRA,EQ,2486873,1640104,65.95
20,1656,JSWSTEEL,EQ,1276231,568708,44.56
20,1657,JTEKTINDIA,EQ,159794,112372,70.32
20,1658,JTLIND,EQ,2749009,1259859,45.83
20,1659,JUBLCPL,EQ,8080,4526,56.01
20,1660,JUBLFOOD,EQ,391181,115946,29.64
20,1661,JUBLINGREA,EQ,107000,61414,57.40
20,1662,JUBLPHARMA,EQ,317471,160939,50.69
20,1663,JUNIORBEES,EQ,260292,173663,66.72
20,1664,JUNIPER,EQ,64582,42429,65.70
20,1665,JUSTDIAL,EQ,132821,52011,39.16
20,1666,JWL,EQ,625971,189379,30.25
20,1667,JYOTHYLAB,EQ,906846,545241,60.12
20,1668,JYOTICNC,EQ,927422,457189,49.30
20,1669,JYOTIGLOBL,SM,28000,28000,100.00
20,1670,JYOTIRES,EQ,5575,3015,54.08
20,1671,JYOTISTRUC,EQ,6554240,3387730,51.69
20,1672,K2INFRA,ST,17400,16200,93.10
20,1673,KABRAEXTRU,EQ,759426,247316,32.57
20,1674,KAJARIACER,EQ,124971,68840,55.08
20,1675,KAKATCEM,EQ,3671,2179,59.36
20,1676,KALAMANDIR,EQ,213711,127569,59.69
20,1677,KALANA,SM,16000,14000,87.50
20,1678,KALPATARU,EQ,10479,5853,55.85
20,1679,KALYANKJIL,EQ,3808474,978905,25.70
20,1680,KAMAHOLD,EQ,3887,2410,62.00
20,1681,KAMANWALA,EQ,620,617,99.52
20,1682,KAMATHOTEL,EQ,50009,23873,47.74
20,1683,KAMOPAINTS,EQ,336415,232060,68.98
20,1684,KANANIIND,EQ,70990,51527,72.58
20,1685,KANCHI,EQ,1467,1069,72.87
20,1686,KANCOTEA,EQ,185,183,98.92
20,1687,KANDARP,SM,1000,1000,100.00
20,1688,KANPRPLA,EQ,28881,18745,64.90
20,1689,KANSAINER,EQ,142743,75529,52.91
20,1690,KAPSTON,EQ,81363,47617,58.52
20,1691,KARMAENG,EQ,1761,1729,98.18
20,1692,KARNIKA,SM,40000,34000,85.00
20,1693,KARURVYSYA,EQ,1235358,697852,56.49
20,1694,KATARIA,SM,132000,130200,98.64
20,1695,KAVDEFENCE,EQ,1750897,747888,42.71
20,1696,KAYNES,EQ,1148533,266599,23.21
20,1697,KAYTEX,SM,4000,2400,60.00
20,1698,KCEIL,SM,14500,12000,82.76
20,1699,KCK,ST,100000,95000,95.00
20,1700,KCP,EQ,168236,89506,53.20
20,1701,KDDL,EQ,46216,23336,50.49
20,1702,KDGREEN,EQ,415996,69684,16.75
20,1703,KDL,SM,12450,7800,62.65
20,1704,KEC,EQ,720450,375697,52.15
20,1705,KECL,EQ,106450,66021,62.02
20,1706,KEEPLEARN,EQ,173243,168606,97.32
20,1707,KEI,EQ,1220350,574178,47.05
20,1708,KELLTONTEC,EQ,2692298,1382329,51.34
20,1709,KEN,SM,7200,6000,83.33
20,1710,KENNAMET,EQ,32325,18694,57.83
20,1711,KERNEX,EQ,280918,122131,43.48
20,1712,KEYFINSERV,EQ,629,328,52.15
20,1713,KFINTECH,EQ,301718,106579,35.32
20,1714,KHAICHEM,EQ,106909,57221,53.52
20,1715,KHAITANLTD,EQ,6696,4234,63.23
20,1716,KHANDSE,EQ,3101,1899,61.24
20,1717,KHFM,SM,1550,1550,100.00
20,1718,KICL,EQ,419,258,61.58
20,1719,KIMS,EQ,135387,78420,57.92
20,1720,KINGFA,EQ,12213,7212,59.05
20,1721,KIOCL,EQ,73813,39127,53.01
20,1722,KIRANVYPAR,EQ,1193,1193,100.00
20,1723,KIRIINDUS,EQ,3877065,1217538,31.40
20,1724,KIRLFER,EQ,47157,35554,75.39
20,1725,KIRLOSBROS,EQ,26166,12981,49.61
20,1726,KIRLOSENG,EQ,237548,117007,49.26
20,1727,KIRLOSIND,EQ,2583,1505,58.27
20,1728,KIRLPNU,EQ,99244,56840,57.27
20,1729,KISSHT,EQ,2052956,997349,48.58
20,1730,KITEX,EQ,283393,133595,47.14
20,1731,KJMCFIN,EQ,5578,2695,48.31
20,1732,KKCL,EQ,17767,8962,50.44
20,1733,KLBRENG-B,EQ,278310,150618,54.12
20,1734,KLL,SM,64000,49600,77.50
20,1735,KMCSHIL,EQ,70725,38852,54.93
20,1736,KMEW,EQ,80097,35099,43.82
20,1737,KMSUGAR,EQ,350469,140984,40.23
20,1738,KNACK,EQ,664588,290418,43.70
20,1739,KNAGRI,EQ,3513,2226,63.36
20,1740,KNRCON,EQ,995698,448591,45.05
20,1741,KODYTECH,ST,6100,5600,91.80
20,1742,KOHINOOR,EQ,309835,152957,49.37
20,1743,KOKUYOCMLN,EQ,55343,34515,62.37
20,1744,KOLTEPATIL,EQ,53573,28390,52.99
20,1745,KONSTELEC,ST,81000,70000,86.42
20,1746,KONTOR,SM,9000,5400,60.00
20,1747,KOPRAN,EQ,2037485,1047563,51.41
20,1748,KORE,SM,16500,13500,81.82
20,1749,KOTAKBANK,EQ,7148641,4731381,66.19
20,1750,KOTHARIPET,EQ,110465,59367,53.74
20,1751,KOTHARIPRO,EQ,13662,11423,83.61
20,1752,KOTIC,EQ,11885,6556,55.16
20,1753,KOVAI,EQ,4985,2994,60.06
20,1754,KPEL,EQ,303324,142542,46.99
20,1755,KPIGREEN,EQ,619631,278054,44.87
20,1756,KPIL,EQ,96907,50352,51.96
20,1757,KPITTECH,EQ,1316814,624478,47.42
20,1758,KPL,EQ,22589,12749,56.44
20,1759,KPRMILL,EQ,204839,91158,44.50
20,1760,KRBL,EQ,690366,283645,41.09
20,1761,KREBSBIO,EQ,3613,2685,74.31
20,1762,KRIDHANINF,EQ,96168,95872,99.69
20,1763,KRISHANA,EQ,542443,303792,56.00
20,1764,KRISHCA,SM,13000,7500,57.69
20,1765,KRISHIVAL,EQ,11010,9352,84.94
20,1766,KRISHNADEF,EQ,142424,65939,46.30
20,1767,KRITI,EQ,17485,14108,80.69
20,1768,KRITIKA,EQ,166723,107148,64.27
20,1769,KRITINUT,EQ,14700,9833,66.89
20,1770,KRMAYURVED,SM,21000,16000,76.19
20,1771,KRN,EQ,329624,198655,60.27
20,1772,KROSS,EQ,103699,59926,57.79
20,1773,KRSNAA,EQ,34582,19881,57.49
20,1774,KRT,RR,7562965,7261814,96.02
20,1775,KRYSTAL,EQ,12891,6941,53.84
20,1776,KSB,EQ,91474,48155,52.64
20,1777,KSCL,EQ,41739,26045,62.40
20,1778,KSE,EQ,25847,21045,81.42
20,1779,KSHINTL,EQ,320607,98497,30.72
20,1780,KSHITIJPOL,EQ,928806,888793,95.69
20,1781,KSL,EQ,72294,34853,48.21
20,1782,KSOLVES,EQ,20423,13716,67.16
20,1783,KSR,EQ,188573,171600,91.00
20,1784,KTKBANK,EQ,1114008,627559,56.33
20,1785,KUANTUM,EQ,296520,152720,51.50
20,1786,KUSUMGAR,EQ,131443,77825,59.21
20,1787,KWIL,EQ,11048008,4325352,39.15
20,1788,LADDERUP,EQ,16,16,100.00
20,1789,LAGNAM,EQ,2066,1538,74.44
20,1790,LAHOTIOV,EQ,4169,3382,81.12
20,1791,LAKSHMIMIL,EQ,22,13,59.09
20,1792,LAKSHYA,SM,10400,10400,100.00
20,1793,LAL,EQ,18975,16639,87.69
20,1794,LALITHAA,EQ,24705575,5778384,23.39
20,1795,LALPATHLAB,EQ,191362,75649,39.53
20,1796,LAMBODHARA,EQ,6832,3598,52.66
20,1797,LAMOSAIC,ST,27600,25800,93.48
20,1798,LANCER,EQ,341167,269063,78.87
20,1799,LANCORHOL,EQ,855132,472810,55.29
20,1800,LANDMARK,EQ,97730,53346,54.59
20,1801,LANDSMILL,EQ,6371276,4485108,70.40
20,1802,LAOPALA,EQ,38975,23186,59.49
20,1803,LARGEMID50,EQ,3824,3102,81.12
20,1804,LASA,EQ,17590,15951,90.68
20,1805,LASERPOWER,EQ,1032439,449504,43.54
20,1806,LATENTVIEW,EQ,522059,285790,54.74
20,1807,LATTEYS,EQ,23947,21671,90.50
20,1808,LAURUSLABS,EQ,1148664,550085,47.89
20,1809,LAXMICOT,EQ,25952,16218,62.49
20,1810,LAXMIDENTL,EQ,26034,15383,59.09
20,1811,LAXMIINDIA,EQ,299362,125340,41.87
20,1812,LCCINFOTEC,EQ,23439,16281,69.46
20,1813,LCL,EQ,364696,215889,59.20
20,1814,LEAPIND,EQ,2141218,954476,44.58
20,1815,LEMERITE,EQ,166891,39714,23.80
20,1816,LEMONTREE,EQ,3117893,1706854,54.74
20,1817,LENSKART,EQ,3142143,1934172,61.56
20,1818,LEXUS,EQ,2663,1947,73.11
20,1819,LFIC,EQ,414,414,100.00
20,1820,LGBBROSLTD,EQ,45200,27249,60.29
20,1821,LGEINDIA,EQ,314218,173848,55.33
20,1822,LGHL,EQ,12672,4239,33.45
20,1823,LIBAS,EQ,101788,91053,89.45
20,1824,LIBERTSHOE,EQ,14382,9628,66.94
20,1825,LICHSGFIN,EQ,1618855,813197,50.23
20,1826,LICI,EQ,2694855,1368554,50.78
20,1827,LICMFGOLD,EQ,40485,18938,46.78
20,1828,LICNETFGSC,EQ,41178,38816,94.26
20,1829,LICNETFN50,EQ,1457,1293,88.74
20,1830,LICNETFSEN,EQ,15,15,100.00
20,1831,LICNFNHGP,EQ,3521,1854,52.66
20,1832,LICNMID100,EQ,5433,3551,65.36
20,1833,LIKHITHA,EQ,39855,22370,56.13
20,1834,LINC,EQ,12384,8854,71.50
20,1835,LINCOLN,EQ,75014,36198,48.25
20,1836,LINDEINDIA,EQ,14317,7923,55.34
20,1837,LIQGRWBEES,EQ,36349,32197,88.58
20,1838,LIQUID,EQ,134800,101142,75.03
20,1839,LIQUID1,EQ,3065905,2668972,87.05
20,1840,LIQUIDADD,EQ,2275197,2071895,91.06
20,1841,LIQUIDBEES,EQ,3518550,2759330,78.42
20,1842,LIQUIDBETA,EQ,127,103,81.10
20,1843,LIQUIDBETF,EQ,199910,127651,63.85
20,1844,LIQUIDCASE,EQ,15135867,10325385,68.22
20,1845,LIQUIDETF,EQ,94305,57098,60.55
20,1846,LIQUIDIETF,EQ,209203,127767,61.07
20,1847,LIQUIDPLUS,EQ,131407,101560,77.29
20,1848,LIQUIDSBI,EQ,591,566,95.77
20,1849,LIQUIDSHRI,EQ,15393,14375,93.39
20,1850,LKPSEC,EQ,8421,7395,87.82
20,1851,LLOYDS,SM,1000,1000,100.00
20,1852,LLOYDSENGG,EQ,3246321,1446209,44.55
20,1853,LLOYDSENT,EQ,1823072,874038,47.94
20,1854,LLOYDSME,EQ,257764,139345,54.06
20,1855,LMW,EQ,4966,2924,58.88
20,1856,LODHA,EQ,410768,173892,42.33
20,1857,LOKESHMACH,EQ,47124,26334,55.88
20,1858,LORDSCHLO,EQ,20253,13765,67.97
20,1859,LOTUSCHO,EQ,17992,10319,57.35
20,1860,LOTUSEYE,EQ,10632,7305,68.71
20,1861,LOVABLE,EQ,12581,8062,64.08
20,1862,LOWVOL,EQ,2063,1033,50.07
20,1863,LOWVOL1,EQ,2329530,2254209,96.77
20,1864,LOWVOLIETF,EQ,1680113,1056644,62.89
20,1865,LOYALTEX,EQ,594,530,89.23
20,1866,LPDC,EQ,188005,120756,64.23
20,1867,LRRPL,SM,4500,4500,100.00
20,1868,LT,EQ,1256683,762595,60.68
20,1869,LTF,EQ,2068591,1052981,50.90
20,1870,LTFOODS,EQ,729443,248400,34.05
20,1871,LTGILTBEES,EQ,1086510,1019387,93.82
20,1872,LTGILTCASE,EQ,146580,97619,66.60
20,1873,LTM,EQ,361825,140820,38.92
20,1874,LTTS,EQ,64566,30407,47.09
20,1875,LUMAXIND,EQ,12227,5391,44.09
20,1876,LUMAXTECH,EQ,124170,56004,45.10
20,1877,LUMINO,EQ,44559124,8530391,19.14
20,1878,LUPIN,EQ,819621,399218,48.71
20,1879,LUXIND,EQ,14521,8283,57.04
20,1880,LXCHEM,EQ,583493,256169,43.90
20,1881,M&M,EQ,1715004,1123951,65.54
20,1882,M&MFIN,EQ,1859254,935945,50.34
20,1883,MAANALU,EQ,48318,35358,73.18
20,1884,MACOBSTECH,SM,5600,4800,85.71
20,1885,MACPOWER,EQ,44751,24313,54.33
20,1886,MADHAV,EQ,1200,1195,99.58
20,1887,MADHAVBAUG,ST,8400,8400,100.00
20,1888,MADHAVIPL,EQ,84619,67011,79.19
20,1889,MADHURKNIT,ST,1200,1200,100.00
20,1890,MADHUSUDAN,ST,13000,13000,100.00
20,1891,MADRASFERT,EQ,33182,21777,65.63
20,1892,MAFANG,EQ,967348,533241,55.12
20,1893,MAFATIND,EQ,33638,22472,66.81
20,1894,MAGADSUGAR,EQ,72979,21650,29.67
20,1895,MAGNUM,EQ,23999,20332,84.72
20,1896,MAGSON,SM,4000,2000,50.00
20,1897,MAHABANK,EQ,12286857,5387575,43.85
20,1898,MAHAPEXLTD,EQ,10593,6982,65.91
20,1899,MAHEPC,EQ,25774,16274,63.14
20,1900,MAHICKRA,SM,3750,3750,100.00
20,1901,MAHKTECH,EQ,1051069,807757,76.85
20,1902,MAHLIFE,EQ,65575,34645,52.83
20,1903,MAHLOG,EQ,156509,88486,56.54
20,1904,MAHSCOOTER,EQ,3534,2181,61.71
20,1905,MAHSEAMLES,EQ,911812,386244,42.36
20,1906,MAITHANALL,EQ,993839,251692,25.33
20,1907,MAITREYA,SM,4400,4000,90.91
20,1908,MAKEINDIA,EQ,61763,38285,61.99
20,1909,MAKERSL,EQ,2555,1820,71.23
20,1910,MAKS,SM,1500,1500,100.00
20,1911,MAL,SM,16000,16000,100.00
20,1912,MALLCOM,EQ,4489,3401,75.76
20,1913,MALUPAPER,EQ,181607,71897,39.59
20,1914,MAMATA,EQ,63489,35294,55.59
20,1915,MANAKALUCO,EQ,87012,61375,70.54
20,1916,MANAKCOAT,EQ,86174,51813,60.13
20,1917,MANAKSIA,EQ,274781,138412,50.37
20,1918,MANALIPETC,EQ,2321723,625209,26.93
20,1919,MANAPPURAM,EQ,9089525,3478820,38.27
20,1920,MANAV,SM,16000,16000,100.00
20,1921,MANBA,EQ,50373,9675,19.21
20,1922,MANCREDIT,EQ,64748,6336,9.79
20,1923,MANGALAM,EQ,25964,18642,71.80
20,1924,MANGLMCEM,EQ,74696,47752,63.93
20,1925,MANILAM,SM,8000,4000,50.00
20,1926,MANINDS,EQ,695397,286131,41.15
20,1927,MANINFRA,EQ,1448189,600291,41.45
20,1928,MANIPALHOS,EQ,1800446,1025507,56.96
20,1929,MANKIND,EQ,153500,71012,46.26
20,1930,MANOMAY,EQ,299405,88954,29.71
20,1931,MANORAMA,EQ,213280,99162,46.49
20,1932,MANORG,EQ,5971,3529,59.10
20,1933,MANUFGBEES,EQ,4547,2836,62.37
20,1934,MANYAVAR,EQ,271674,117513,43.26
20,1935,MAPMYINDIA,EQ,80595,34984,43.41
20,1936,MARALOVER,EQ,98744,65143,65.97
20,1937,MARATHON,EQ,267908,148224,55.33
20,1938,MARCO,SM,33000,27000,81.82
20,1939,MARICO,EQ,717139,428069,59.69
20,1940,MARINE,EQ,522124,245907,47.10
20,1941,MARKOLINES,EQ,761919,203172,26.67
20,1942,MARKSANS,EQ,2798363,1074022,38.38
20,1943,MARSONS,EQ,4849194,1299841,26.81
20,1944,MARUTI,EQ,413778,247272,59.76
20,1945,MASFIN,EQ,96140,69197,71.98
20,1946,MASKINVEST,EQ,11,10,90.91
20,1947,MASON,SM,2500,2000,80.00
20,1948,MASPTOP50,EQ,985591,669791,67.96
20,1949,MASTEK,EQ,94731,45404,47.93
20,1950,MASTER,SM,3000,3000,100.00
20,1951,MASTERTR,EQ,1260805,257303,20.41
20,1952,MATRIMONY,EQ,7444,4901,65.84
20,1953,MAWANASUG,EQ,304058,103962,34.19
20,1954,MAXESTATES,EQ,81378,58004,71.28
20,1955,MAXHEALTH,EQ,1854549,994241,53.61
20,1956,MAXIND,EQ,66352,36630,55.21
20,1957,MAXPOSURE,SM,10000,7000,70.00
20,1958,MAXVOLT,SM,34000,25600,75.29
20,1959,MAYURUNIQ,EQ,174923,93550,53.48
20,1960,MAZDOCK,EQ,535900,195042,36.40
20,1961,MBAPL,EQ,1696919,892875,52.62
20,1962,MBEL,EQ,37808,19869,52.55
20,1963,MBLINFRA,EQ,70027,55010,78.56
20,1964,MCCHRLS-B,EQ,194,183,94.33
20,1965,MCL,EQ,29277,15098,51.57
20,1966,MCLEODRUSS,EQ,323414,230057,71.13
20,1967,MCLOUD,EQ,1770283,1155312,65.26
20,1968,MCON,SM,2000,2000,100.00
20,1969,MCX,EQ,1889368,625467,33.10
20,1970,MEDANTA,EQ,204437,102760,50.26
20,1971,MEDIASSIST,EQ,108756,57906,53.24
20,1972,MEDICAMEQ,EQ,149313,85388,57.19
20,1973,MEDICAPQ,EQ,2926,2780,95.01
20,1974,MEDICO,EQ,106027,58636,55.30
20,1975,MEDISTEP,SM,42000,39000,92.86
20,1976,MEDPLUS,EQ,150921,93651,62.05
20,1977,MEESHO,EQ,15413416,8296146,53.82
20,1978,MEGAFLEX,SM,5000,5000,100.00
20,1979,MEGASTAR,EQ,3236,2773,85.69
20,1980,MEGATHERM,SM,9600,8400,87.50
20,1981,MEIL,EQ,68490,41641,60.80
20,1982,MENNPIS,EQ,331191,192098,58.00
20,1983,MERCANTILE,EQ,977634,133496,13.66
20,1984,MERCURYEV,EQ,4166748,4082537,97.98
20,1985,METAL,EQ,1556005,1099423,70.66
20,1986,METALIC,ST,52800,48000,90.91
20,1987,METALIETF,EQ,4556782,2888705,63.39
20,1988,METROBRAND,EQ,32820,18854,57.45
20,1989,METROGLOBL,EQ,377,332,88.06
20,1990,METROPOLIS,EQ,174730,92170,52.75
20,1991,MFML,EQ,3340,2934,87.84
20,1992,MFSL,EQ,938109,714503,76.16
20,1993,MGEL,EQ,1420121,1158128,81.55
20,1994,MGL,EQ,99788,56047,56.17
20,1995,MGSL,SM,22800,15600,68.42
20,1996,MHHL,SM,10500,7500,71.43
20,1997,MHRIL,EQ,95483,52964,55.47
20,1998,MICROPRO,SM,3200,1600,50.00
20,1999,MID150,EQ,24438,21556,88.21
20,2000,MID150BEES,EQ,641457,454947,70.92
20,2001,MID150CASE,EQ,1349390,1077096,79.82
20,2002,MIDBANKADD,EQ,2242,2013,89.79
20,2003,MIDCAP,EQ,570419,365543,64.08
20,2004,MIDCAPADD,EQ,1740,1336,76.78
20,2005,MIDCAPBETA,EQ,781,603,77.21
20,2006,MIDCAPETF,EQ,9967439,9504502,95.36
20,2007,MIDCAPIETF,EQ,758696,468549,61.76
20,2008,MIDHANI,EQ,643391,242168,37.64
20,2009,MIDQ50ADD,EQ,37263,21750,58.37
20,2010,MIDSELIETF,EQ,324925,219347,67.51
20,2011,MIDSMALL,EQ,306025,235957,77.10
20,2012,MIDWESTLTD,EQ,11743,6293,53.59
20,2013,MIIL,EQ,57187,24353,42.58
20,2014,MILKYMIST,EQ,35261875,6208571,17.61
20,2015,MILTON,SM,4400,4400,100.00
20,2016,MINDACORP,EQ,134028,74957,55.93
20,2017,MINDSPACE,RR,241830,182681,75.54
20,2018,MINDTECK,EQ,28354,15996,56.42
20,2019,MIRZAINT,EQ,120081,65367,54.44
20,2020,MITCON,EQ,19958,19396,97.18
20,2021,MITTAL,EQ,11585530,7362210,63.55
20,2022,MKEXIM,EQ,3667,2791,76.11
20,2023,MKPL,EQ,73508,68842,93.65
20,2024,MLKFOOD,EQ,2956,1798,60.83
20,2025,MMFL,EQ,137890,83695,60.70
20,2026,MMP,EQ,388765,190941,49.11
20,2027,MMTC,EQ,1021196,410034,40.15
20,2028,MMWL,EQ,15481,10700,69.12
20,2029,MNC,EQ,47177,32387,68.65
20,2030,MOALPHA50,EQ,4419,3130,70.83
20,2031,MOBANK10,EQ,8289,2098,25.31
20,2032,MOBIKWIK,EQ,796100,345310,43.38
20,2033,MOCAPITAL,EQ,1027218,635371,61.85
20,2034,MODEFENCE,EQ,1225654,673627,54.96
20,2035,MODINATUR,EQ,4172,3650,87.49
20,2036,MODIRUBBER,EQ,3086,1903,61.67
20,2037,MODIS,EQ,26315,15348,58.32
20,2038,MODISONLTD,EQ,336826,143156,42.50
20,2039,MODTHREAD,EQ,6400,6056,94.63
20,2040,MOENERGY,EQ,261823,195855,74.80
20,2041,MOGOLD,EQ,44956,12430,27.65
20,2042,MOGSEC,EQ,1738,1694,97.47
20,2043,MOHEALTH,EQ,77382,44626,57.67
20,2044,MOHITE,EQ,140078,106850,76.28
20,2045,MOHITIND,EQ,3230,2199,68.08
20,2046,MOIL,EQ,649693,387451,59.64
20,2047,MOINFRA,EQ,18063,15719,87.02
20,2048,MOIPO,EQ,881,703,79.80
20,2049,MOKSH,EQ,51262,44863,87.52
20,2050,MOL,EQ,1280175,492376,38.46
20,2051,MOLBIO,EQ,1068499,233751,21.88
20,2052,MOLDTKPAC,EQ,31809,18268,57.43
20,2053,MOLOWVOL,EQ,50020,45217,90.40
20,2054,MOM100,EQ,328993,187853,57.10
20,2055,MOM30IETF,EQ,490030,303102,61.85
20,2056,MOM50,EQ,4130,3028,73.32
20,2057,MOMENTUM,EQ,91422,55043,60.21
20,2058,MOMENTUM30,EQ,360329,333398,92.53
20,2059,MOMENTUM50,EQ,1121489,888264,79.20
20,2060,MOMETAL,EQ,20769,19196,92.43
20,2061,MOMGF,EQ,2408,2406,99.92
20,2062,MOMIDMTM,EQ,82907,53607,64.66
20,2063,MOMMIDCAP,EQ,1720781,1668351,96.95
20,2064,MOMNC,EQ,4522,4493,99.36
20,2065,MOMOMENTUM,EQ,56872,33407,58.74
20,2066,MON100,EQ,1288381,707079,54.88
20,2067,MON50EQUAL,EQ,5659,4446,78.57
20,2068,MONARCH,EQ,162414,86020,52.96
20,2069,MONEXT50,EQ,3953,3354,84.85
20,2070,MONEYBOXX,EQ,19082,12841,67.29
20,2071,MONIFTY100,EQ,13407,7740,57.73
20,2072,MONIFTY500,EQ,394544,275430,69.81
20,2073,MONOLITH,SM,117500,74250,63.19
20,2074,MONOPHARMA,SM,4000,4000,100.00
20,2075,MONQ50,EQ,562328,298125,53.02
20,2076,MONTECARLO,EQ,61489,34264,55.72
20,2077,MOOILGAS,EQ,8883,8883,100.00
20,2078,MOPSE,EQ,3404,3399,99.85
20,2079,MOQUALITY,EQ,1282,1111,86.66
20,2080,MOREALTY,EQ,395534,197984,50.05
20,2081,MOREPENLAB,EQ,21606889,5730139,26.52
20,2082,MOS,ST,1904000,1744000,91.60
20,2083,MOSCHIP,EQ,2023785,640011,31.62
20,2084,MOSERVICE,EQ,4002,4002,100.00
20,2085,MOSILVER,EQ,27297,8531,31.25
20,2086,MOSMALL250,EQ,1328215,1168152,87.95
20,2087,MOTHERSON,EQ,15669796,8914057,56.89
20,2088,MOTILALOFS,EQ,1551861,766077,49.37
20,2089,MOTISONS,EQ,50923605,10636156,20.89
20,2090,MOTOGENFIN,EQ,474032,258198,54.47
20,2091,MOTOUR,EQ,30320,30029,99.04
20,2092,MOVALUE,EQ,54279,40258,74.17
20,2093,MOXSH,SM,1600,1600,100.00
20,2094,MPEL,ST,19200,19200,100.00
20,2095,MPHASIS,EQ,382610,148901,38.92
20,2096,MPSLTD,EQ,11114,5601,50.40
20,2097,MRF,EQ,3771,1833,48.61
20,2098,MRIL,ST,6400,6400,100.00
20,2099,MRPL,EQ,2388877,705528,29.53
20,2100,MSCI360,EQ,24416,24105,98.73
20,2101,MSCIADD,EQ,1891,1097,58.01
20,2102,MSCIINDIA,EQ,4704,4319,91.82
20,2103,MSL,EQ,468,392,83.76
20,2104,MSPL,EQ,1152651,599017,51.97
20,2105,MSTCLTD,EQ,1016067,460818,45.35
20,2106,MSUMI,EQ,7282689,3677168,50.49
20,2107,MTNL,EQ,826835,468970,56.72
20,2108,MUFIN,EQ,310297,119354,38.46
20,2109,MUFTI,EQ,62838,33088,52.66
20,2110,MUKANDLTD,EQ,94829,60391,63.68
20,2111,MUKESHB,EQ,163,113,69.33
20,2112,MUKKA,EQ,5209798,2158126,41.42
20,2113,MULTICAP,EQ,173829,141752,81.55
20,2114,MUNISH,SM,6000,4800,80.00
20,2115,MUNJALAU,EQ,1017431,239676,23.56
20,2116,MUNJALSHOW,EQ,51497,38762,75.27
20,2117,MURUDCERA,EQ,30157,27803,92.19
20,2118,MUTHOOTCAP,EQ,4347,2615,60.16
20,2119,MUTHOOTFIN,EQ,370903,153542,41.40
20,2120,MUTHOOTMF,EQ,654148,438991,67.11
20,2121,MVELECTRO,EQ,20414269,992893,4.86
20,2122,MVGJL,EQ,3202765,881187,27.51
20,2123,MVKAGRO,SM,15300,15300,100.00
20,2124,MWL,EQ,560275,138797,24.77
20,2125,MYMUDRA,SM,18000,16800,93.33
20,2126,NACLIND,EQ,209008,108087,51.71
20,2127,NAGREEKCAP,EQ,5595,3601,64.36
20,2128,NAGREEKEXP,EQ,59277,34214,57.72
20,2129,NAHARCAP,EQ,12931,12384,95.77
20,2130,NAHARINDUS,EQ,36943,20339,55.06
20,2131,NAHARPOLY,EQ,11368,8081,71.09
20,2132,NAHARSPING,EQ,31377,24043,76.63
20,2133,NAM-INDIA,EQ,1817884,1017422,55.97
20,2134,NAMAN,SM,5600,5600,100.00
20,2135,NAMOEWASTE,ST,39200,35200,89.80
20,2136,NARMADA,EQ,1151548,451245,39.19
20,2137,NATCOPHARM,EQ,301243,156140,51.83
20,2138,NATHBIOGEN,EQ,5107,4219,82.61
20,2139,NATIONALUM,EQ,3280288,1714731,52.27
20,2140,NATIONSTD,EQ,18222,9078,49.82
20,2141,NAUKRI,EQ,856453,534559,62.42
20,2142,NAVA,EQ,118784,65271,54.95
20,2143,NAVINFLUOR,EQ,76404,46277,60.57
20,2144,NAVKARCORP,EQ,104141,58076,55.77
20,2145,NAVNETEDUL,EQ,78249,50046,63.96
20,2146,NAZARA,EQ,1205780,587399,48.72
20,2147,NBCC,EQ,1862601,764920,41.07
20,2148,NBIFIN,EQ,5452,5095,93.45
20,2149,NCC,EQ,3434160,1453202,42.32
20,2150,NCLIND,EQ,62081,37872,61.00
20,2151,NDGL,EQ,121,94,77.69
20,2152,NDL,EQ,2614796,1706640,65.27
20,2153,NDLVENTURE,EQ,9138,7266,79.51
20,2154,NDRAUTO,EQ,8125,4760,58.58
20,2155,NDTV,EQ,81638,41066,50.30
20,2156,NEAGI,EQ,79,64,81.01
20,2157,NECLIFE,EQ,252741,192868,76.31
20,2158,NELCAST,EQ,84949,46780,55.07
20,2159,NELCO,EQ,227379,77932,34.27
20,2160,NEOCHEM,SM,21600,20400,94.44
20,2161,NEOGEN,EQ,177696,76784,43.21
20,2162,NEPHROCARE,SM,100800,90400,89.68
20,2163,NEPHROPLUS,EQ,189382,102560,54.16
20,2164,NEPTUNE,SM,1000,1000,100.00
20,2165,NESCO,EQ,114449,56865,49.69
20,2166,NESTLEIND,EQ,897310,592915,66.08
20,2167,NETF,EQ,5018,2629,52.39
20,2168,NETWEB,EQ,975374,190752,19.56
20,2169,NETWORK18,EQ,5566967,2672923,48.01
20,2170,NEULANDLAB,EQ,22291,11249,50.46
20,2171,NEWGEN,EQ,537213,227448,42.34
20,2172,NEWJAISA,ST,3000,3000,100.00
20,2173,NEXT30ADD,EQ,7601,5640,74.20
20,2174,NEXT50,EQ,177686,158308,89.09
20,2175,NEXT50ADD,EQ,2995,1679,56.06
20,2176,NEXT50BETA,EQ,77235,44234,57.27
20,2177,NEXT50ETF,EQ,15266,15058,98.64
20,2178,NEXT50IETF,EQ,512076,335293,65.48
20,2179,NEXTMEDIA,EQ,75733,59107,78.05
20,2180,NFL,EQ,287324,142964,49.76
20,2181,NFPSAMPOOR,SM,28000,20000,71.43
20,2182,NGIL,EQ,6383,4597,72.02
20,2183,NGLFINE,EQ,7062,3480,49.28
20,2184,NH,EQ,329018,97386,29.60
20,2185,NHPC,EQ,8825125,4177034,47.33
20,2186,NIACL,EQ,23442397,2918461,12.45
20,2187,NIBE,EQ,29295,17654,60.26
20,2188,NIBL,EQ,14117,11489,81.38
20,2189,NICCOPAR,EQ,2359,2066,87.58
20,2190,NIDAN,SM,2000,1000,50.00
20,2191,NIF100BEES,EQ,47589,42571,89.46
20,2192,NIF100IETF,EQ,293260,179823,61.32
20,2193,NIF500BETA,EQ,2978,2967,99.63
20,2194,NIFTY1,EQ,61919,37766,60.99
20,2195,NIFTY100EW,EQ,326610,318113,97.40
20,2196,NIFTYADD,EQ,4423,2981,67.40
20,2197,NIFTYAXIS,EQ,53790,50465,93.82
20,2198,NIFTYBEES,EQ,5921896,3945775,66.63
20,2199,NIFTYBETA,EQ,13709,9955,72.62
20,2200,NIFTYBETF,EQ,1491,922,61.84
20,2201,NIFTYCASE,EQ,1224251,1126139,91.99
20,2202,NIFTYETF,EQ,797690,530803,66.54
20,2203,NIFTYIETF,EQ,784440,565729,72.12
20,2204,NIFTYJBLK,EQ,221203,138226,62.49
20,2205,NIFTYQLITY,EQ,28266,21297,75.34
20,2206,NIITLTD,EQ,303377,128120,42.23
20,2207,NIITMTS,EQ,402338,255657,63.54
20,2208,NIKITA,SM,6000,6000,100.00
20,2209,NILAINFRA,EQ,226516,213968,94.46
20,2210,NILASPACES,EQ,1212332,531420,43.83
20,2211,NILE,EQ,3153,2329,73.87
20,2212,NILKAMAL,EQ,30738,10974,35.70
20,2213,NIMBSPROJ,EQ,1099,867,78.89
20,2214,NINSYS,EQ,3673,2436,66.32
20,2215,NIPPOBATRY,EQ,1690,1359,80.41
20,2216,NIRAJ,EQ,13511,10009,74.08
20,2217,NIRLON,EQ,15402,11989,77.84
20,2218,NIRMAN,SM,6300,5400,85.71
20,2219,NITCO,EQ,1345082,663441,49.32
20,2220,NITINSPIN,EQ,38469,23649,61.48
20,2221,NITIRAJ,EQ,18036,10321,57.22
20,2222,NITTAGELA,EQ,6224,3894,62.56
20,2223,NIVABUPA,EQ,337165,195594,58.01
20,2224,NKIND,EQ,1387,880,63.45
20,2225,NLCINDIA,EQ,1349980,559310,41.43
20,2226,NMDC,EQ,15859358,6551030,41.31
20,2227,NMSTEEL,SM,4800,4800,100.00
20,2228,NOCIL,EQ,416468,182602,43.85
20,2229,NOIDATOLL,EQ,207178,166098,80.17
20,2230,NORBTEAEXP,EQ,1134,715,63.05
20,2231,NORTHARC,EQ,1691631,871745,51.53
20,2232,NOVARTIND,EQ,73338,28731,39.18
20,2233,NPBET,EQ,655,548,83.66
20,2234,NPST,EQ,38352,18869,49.20
20,2235,NRAIL,EQ,145834,64438,44.19
20,2236,NRBBEARING,EQ,1028877,357676,34.76
20,2237,NRVANDANA,SM,12000,9000,75.00
20,2238,NSIL,EQ,1489,974,65.41
20,2239,NSLNISP,EQ,5748765,2282509,39.70
20,2240,NTCIND,EQ,3390,3380,99.71
20,2241,NTPC,EQ,5245813,3281525,62.56
20,2242,NTPCGREEN,EQ,1311104,849916,64.82
20,2243,NUCLEUS,EQ,49947,28795,57.65
20,2244,NUVAMA,EQ,217617,93665,43.04
20,2245,NUVOCO,EQ,863221,659596,76.41
20,2246,NV20,EQ,90008,70839,78.70
20,2247,NV20BEES,EQ,19458,13269,68.19
20,2248,NV20IETF,EQ,533872,281697,52.76
20,2249,NXST,RR,682539,527375,77.27
20,2250,NYKAA,EQ,4285910,2463706,57.48
20,2251,OAL,EQ,139317,71019,50.98
20,2252,OBCL,EQ,4087,3412,83.48
20,2253,OBEROIRLTY,EQ,206196,131028,63.55
20,2254,OBSCP,SM,84800,44800,52.83
20,2255,ODIGMA,EQ,35479,28961,81.63
20,2256,ODYCORP,EQ,144311,106859,74.05
20,2257,OFSS,EQ,185270,70975,38.31
20,2258,OIL,EQ,2811694,1719780,61.17
20,2259,OILIETF,EQ,1268013,996963,78.62
20,2260,OLAELEC,EQ,28426081,7549395,26.56
20,2261,OLECTRA,EQ,266992,129887,48.65
20,2262,OLIL,SM,31200,30800,98.72
20,2263,OMAXAUTO,EQ,61613,45998,74.66
20,2264,OMAXE,EQ,2495006,600779,24.08
20,2265,OMINFRAL,EQ,39818,28695,72.07
20,2266,OMNI,EQ,289190,120075,41.52
20,2267,OMPOWER,EQ,142210,73278,51.53
20,2268,ONDOOR,SM,4800,3300,68.75
20,2269,ONEGLOBAL,EQ,14827,9936,67.01
20,2270,ONEPOINT,EQ,1177260,451853,38.38
20,2271,ONESOURCE,EQ,140096,87480,62.44
20,2272,ONGC,EQ,5391548,2982615,55.32
20,2273,ONIDA,EQ,195059,118897,60.95
20,2274,ONIXSOLAR,EQ,900835,395911,43.95
20,2275,ONWARDTEC,EQ,27744,18737,67.54
20,2276,ONYX,ST,34000,32000,94.12
20,2277,OPTIEMUS,EQ,148080,74003,49.98
20,2278,OPTIFIN,EQ,64263,48073,74.81
20,2279,OPTIMYSTIX,SM,951200,460000,48.36
20,2280,OPTIVALUE,ST,20800,17600,84.62
20,2281,ORCHASP,EQ,409348,379953,92.82
20,2282,ORCHPHARMA,EQ,12349,7205,58.34
20,2283,ORIANA,SM,65175,45450,69.74
20,2284,ORICONENT,EQ,51117,29750,58.20
20,2285,ORIENTALTL,EQ,115176,75824,65.83
20,2286,ORIENTBELL,EQ,107644,62214,57.80
20,2287,ORIENTCEM,EQ,315036,144247,45.79
20,2288,ORIENTCER,EQ,64878,31481,48.52
20,2289,ORIENTELEC,EQ,72511,45207,62.35
20,2290,ORIENTHOT,EQ,347072,196998,56.76
20,2291,ORIENTPPR,EQ,2027757,1026581,50.63
20,2292,ORIENTTECH,EQ,122613,68317,55.72
20,2293,ORIRAIL,EQ,158500,89014,56.16
20,2294,ORISSAMINE,EQ,7107,4106,57.77
20,2295,ORKLAINDIA,EQ,39698,19570,49.30
20,2296,ORTINGLOBE,EQ,5143,4267,82.97
20,2297,OSELDEVICE,SM,55800,40600,72.76
20,2298,OSWALAGRO,EQ,22621,15902,70.30
20,2299,OSWALGREEN,EQ,116996,61901,52.91
20,2300,OSWALPUMPS,EQ,458203,247076,53.92
20,2301,OSWALSEEDS,EQ,77347,58198,75.24
20,2302,OWAIS,ST,16000,15800,98.75
20,2303,PACEDIGITK,EQ,1573488,888746,56.48
20,2304,PACIFICI,EQ,391,369,94.37
20,2305,PAGEIND,EQ,11706,5014,42.83
20,2306,PAISALO,EQ,35087813,13708460,39.07
20,2307,PAKKA,EQ,270324,137978,51.04
20,2308,PALASHSECU,EQ,438,436,99.54
20,2309,PALREDTEC,EQ,2454,2399,97.76
20,2310,PANACEABIO,EQ,45995,25646,55.76
20,2311,PANAMAPET,EQ,245862,109104,44.38
20,2312,PANCHMAHQ,EQ,27,26,96.30
20,2313,PANORAMA,EQ,357826,166371,46.49
20,2314,PANSARI,EQ,373,248,66.49
20,2315,PARACABLES,EQ,1407319,666275,47.34
20,2316,PARADEEP,EQ,3228904,1578132,48.88
20,2317,PARAGMILK,EQ,1227989,455760,37.11
20,2318,PARAGON,SM,152400,111600,73.23
20,2319,PARAMOUNT,SM,10800,8400,77.78
20,2320,PARAS,EQ,1794488,567404,31.62
20,2321,PARASPETRO,EQ,159359,108786,68.26
20,2322,PARIN,SM,6000,3000,50.00
20,2323,PARKHOSPS,EQ,816945,395925,48.46
20,2324,PARKHOTELS,EQ,61379,40051,65.25
20,2325,PARNAXLAB,EQ,337,289,85.76
20,2326,PARTH,SM,3600,3600,100.00
20,2327,PARTYCRUS,SM,6000,5000,83.33
20,2328,PASHUPATI,EQ,587440,162502,27.66
20,2329,PATANJALI,EQ,1977606,1002563,50.70
20,2330,PATELENG,EQ,1622375,937288,57.77
20,2331,PATELRMART,EQ,82912,37271,44.95
20,2332,PATILAUTOM,SM,362400,245400,67.72
20,2333,PAUSHAKLTD,EQ,19900,11277,56.67
20,2334,PAVNAIND,EQ,304883,202750,66.50
20,2335,PAYTM,EQ,1822600,771533,42.33
20,2336,PCBL,EQ,1125415,316631,28.13
20,2337,PCCL,SM,28000,20400,72.86
20,2338,PCJEWELLER,EQ,2196523618,269616994,12.27
20,2339,PDMJEPAPER,EQ,5921103,577180,9.75
20,2340,PDSL,EQ,112309,68654,61.13
20,2341,PEARLPOLY,EQ,3678,3013,81.92
20,2342,PELATRO,SM,22500,16200,72.00
20,2343,PENIND,EQ,1301524,525985,40.41
20,2344,PENINLAND,EQ,226908,163685,72.14
20,2345,PENTAGON,SM,29000,28000,96.55
20,2346,PERFECT,SZ,12000,12000,100.00
20,2347,PERMAGN,EQ,2107,1533,72.76
20,2348,PERNIASPOP,EQ,8722845,1407107,16.13
20,2349,PERSISTENT,EQ,404979,170511,42.10
20,2350,PETRONET,EQ,1737649,1009752,58.11
20,2351,PFC,EQ,6560499,4043523,61.63
20,2352,PFCL41A,NE,4,4,100.00
20,2353,PFIZER,EQ,17548,10054,57.29
20,2354,PFOCUS,EQ,1727525,614912,35.59
20,2355,PFS,EQ,499077,239972,48.08
20,2356,PGEL,EQ,667138,223005,33.43
20,2357,PGHH,EQ,10292,6376,61.95
20,2358,PGHL,EQ,4981,2663,53.46
20,2359,PGIL,EQ,35644,18051,50.64
20,2360,PGINVIT,IV,1633443,1343761,82.27
20,2361,PHANTOMFX,SM,33000,27300,82.73
20,2362,PHARMABEES,EQ,4126001,1974000,47.84
20,2363,PHOENIXLTD,EQ,253740,151908,59.87
20,2364,PHOENXINTL,EQ,2251,2135,94.85
20,2365,PHOGLOBAL,SM,2000,2000,100.00
20,2366,PICCADIL,EQ,363733,155537,42.76
20,2367,PIDILITIND,EQ,591643,323034,54.60
20,2368,PIGL,EQ,63190,44905,71.06
20,2369,PIIND,EQ,104432,46448,44.48
20,2370,PILANIINVS,EQ,869,606,69.74
20,2371,PILITA,EQ,66138,51287,77.55
20,2372,PINELABS,EQ,10783461,5367314,49.77
20,2373,PIONEEREMB,EQ,6135,5457,88.95
20,2374,PIRAMALFIN,EQ,500739,251812,50.29
20,2375,PITTIENG,EQ,1699396,389260,22.91
20,2376,PIXTRANS,EQ,12137,7236,59.62
20,2377,PKTEA,EQ,13475,8127,60.31
20,2378,PLADAINFO,SM,9000,9000,100.00
20,2379,PLASTIBLEN,EQ,57836,33480,57.89
20,2380,PLATIND,EQ,88487,44493,50.28
20,2381,PLAZACABLE,EQ,145018,92336,63.67
20,2382,PML,EQ,28,26,92.86
20,2383,PNB,EQ,11062919,6013467,54.36
20,2384,PNBGILTS,EQ,330796,161346,48.78
20,2385,PNBHOUSING,EQ,721594,377750,52.35
20,2386,PNC,EQ,10105,7760,76.79
20,2387,PNCINFRA,EQ,203926,113587,55.70
20,2388,PNGJL,EQ,1030718,456725,44.31
20,2389,PNGSREVA,EQ,502653,181042,36.02
20,2390,POCL,EQ,236111,125963,53.35
20,2391,PODDARMENT,EQ,23704,18304,77.22
20,2392,POEL,EQ,43276,31475,72.73
20,2393,POKARNA,EQ,48658,27665,56.86
20,2394,POLICYBZR,EQ,1228810,631474,51.39
20,2395,POLYCAB,EQ,568946,293887,51.65
20,2396,POLYMED,EQ,193636,65892,34.03
20,2397,POLYPLEX,EQ,35308,21273,60.25
20,2398,POLYSIL,SM,143000,120500,84.27
20,2399,POLYSPIN,EQ,507,507,100.00
20,2400,PONNIERODE,EQ,39314,21048,53.54
20,2401,POONAWALLA,EQ,452170,260328,57.57
20,2402,POSITRON,SM,11400,9000,78.95
20,2403,POWERGRID,EQ,7015606,3965709,56.53
20,2404,POWERICA,EQ,197171,91265,46.29
20,2405,POWERINDIA,EQ,50681,23514,46.40
20,2406,POWERMECH,EQ,55807,22409,40.15
20,2407,PPLPHARMA,EQ,6407335,2154896,33.63
20,2408,PPSL,SM,90000,51000,56.67
20,2409,PRABHA,EQ,1535655,428723,27.92
20,2410,PRAENG,EQ,114004,86137,75.56
20,2411,PRAJIND,EQ,380568,124034,32.59
20,2412,PRAKASH,EQ,445797,300580,67.43
20,2413,PRAKASHSTL,EQ,119894,61787,51.53
20,2414,PRAMARA,SM,48500,46000,94.85
20,2415,PRAMODINI,SM,67200,46800,69.64
20,2416,PRANIK,SM,12800,6400,50.00
20,2417,PRATHAM,SM,1600,1600,100.00
20,2418,PRAVEG,EQ,17250,9647,55.92
20,2419,PRAXIS,EQ,250069,238401,95.33
20,2420,PRECAM,EQ,117683,42690,36.28
20,2421,PRECISION,ST,20000,16000,80.00
20,2422,PRECOT,EQ,2931,2455,83.76
20,2423,PRECWIRE,EQ,442911,198137,44.74
20,2424,PREMCO,EQ,1109,1073,96.75
20,2425,PREMEXPLN,EQ,168558,124129,73.64
20,2426,PREMIERENE,EQ,543434,223629,41.15
20,2427,PREMIERPOL,EQ,273939,130749,47.73
20,2428,PREMIUM,SM,9000,9000,100.00
20,2429,PRESSTONIC,SM,122400,92000,75.16
20,2430,PRESTIGE,EQ,231985,107793,46.47
20,2431,PRICOLLTD,EQ,303473,137654,45.36
20,2432,PRIMECAB,ST,20800,20800,100.00
20,2433,PRIMESECU,EQ,21379,13064,61.11
20,2434,PRIMO,EQ,56833,32702,57.54
20,2435,PRINCEPIPE,EQ,142855,68205,47.74
20,2436,PRISMX,EQ,130426,105235,80.69
20,2437,PRIVISCL,EQ,71960,48643,67.60
20,2438,PRIZOR,ST,7600,7600,100.00
20,2439,PRLIND,SM,338000,278000,82.25
20,2440,PROPSHOP,SM,74000,52000,70.27
20,2441,PROSTARM,EQ,638920,243757,38.15
20,2442,PROTEAN,EQ,393890,203322,51.62
20,2443,PROV,SM,240,240,100.00
20,2444,PROZONER,EQ,200743,128211,63.87
20,2445,PRSMJOHNSN,EQ,279614,133216,47.64
20,2446,PRUDENT,EQ,47991,28810,60.03
20,2447,PSB,EQ,658224,355773,54.05
20,2448,PSFL,SM,40000,40000,100.00
20,2449,PSPPROJECT,EQ,30351,19532,64.35
20,2450,PSRAJ,ST,32500,25000,76.92
20,2451,PSUBANK,EQ,81863,42259,51.62
20,2452,PSUBANKADD,EQ,35983,15691,43.61
20,2453,PSUBNKBEES,EQ,1692469,1065492,62.95
20,2454,PSUBNKIETF,EQ,109940,58264,53.00
20,2455,PTC,EQ,953200,672061,70.51
20,2456,PTCIL,EQ,29308,8751,29.86
20,2457,PTL,EQ,32700,22334,68.30
20,2458,PUNJABCHEM,EQ,2526,1632,64.61
20,2459,PURPLEUTED,ST,19250,19250,100.00
20,2460,PURVA,EQ,633537,155973,24.62
20,2461,PURVFLEXI,SM,52000,45600,87.69
20,2462,PUSHPA,SM,29000,23000,79.31
20,2463,PVP,EQ,2458317,1286562,52.34
20,2464,PVRINOX,EQ,3208552,1001289,31.21
20,2465,PVSL,EQ,38417,28204,73.42
20,2466,PVTBANIETF,EQ,662433,371563,56.09
20,2467,PVTBANK,EQ,7757,5934,76.50
20,2468,PVTBANKADD,EQ,26044,19054,73.16
20,2469,PVTBKGROWW,EQ,5456,3304,60.56
20,2470,PWL,EQ,18012338,3916524,21.74
20,2471,PYRAMID,EQ,42997,27372,63.66
20,2472,QGOLDHALF,EQ,367265,202679,55.19
20,2473,QLINE,SM,129600,74400,57.41
20,2474,QNIFTY,EQ,5242,3895,74.30
20,2475,QPOWER,EQ,660514,293257,44.40
20,2476,QUADFUTURE,EQ,432652,124282,28.73
20,2477,QUADPRO,SM,12000,12000,100.00
20,2478,QUAL30IETF,EQ,125990,84065,66.72
20,2479,QUALITY30,EQ,5483,3482,63.51
20,2480,QUESS,EQ,398988,199751,50.06
20,2481,QUESTLAB,SM,24000,22800,95.00
20,2482,QUICKHEAL,EQ,833659,264923,31.78
20,2483,QUICKTOUCH,SM,6500,6500,100.00
20,2484,QUINT,EQ,7999,7163,89.55
20,2485,QVCEL,SM,1600,1600,100.00
20,2486,RACE,EQ,7233,4979,68.84
20,2487,RACLGEAR,EQ,27158,12444,45.82
20,2488,RADAAN,EQ,21177,11257,53.16
20,2489,RADHIKAJWE,EQ,31907643,2498750,7.83
20,2490,RADIANTCMS,EQ,571809,337429,59.01
20,2491,RADICO,EQ,110526,67480,61.05
20,2492,RADIOCITY,EQ,37379,34798,93.10
20,2493,RADIOWALLA,ST,4800,4800,100.00
20,2494,RAILTEL,EQ,399954,144826,36.21
20,2495,RAIN,EQ,2224146,1130951,50.85
20,2496,RAINBOW,EQ,115787,68902,59.51
20,2497,RAJINDLTD,SM,1500,1500,100.00
20,2498,RAJMET,EQ,316026,170354,53.91
20,2499,RAJPALAYAM,EQ,2828,1874,66.27
20,2500,RAJPUTANA,SM,32000,23000,71.88
20,2501,RAJRATAN,EQ,75607,42470,56.17
20,2502,RAJSREESUG,EQ,57781,37909,65.61
20,2503,RAJTV,EQ,76436,64478,84.36
20,2504,RALLIS,EQ,517541,361299,69.81
20,2505,RAMANEWS,EQ,35616,24627,69.15
20,2506,RAMAPHO,EQ,14683,10311,70.22
20,2507,RAMBHAJO,EQ,1832168,426046,23.25
20,2508,RAMCOCEM,EQ,156814,82739,52.76
20,2509,RAMCOIND,EQ,100157,54881,54.79
20,2510,RAMCOSYS,EQ,84590,44516,52.63
20,2511,RAMKY,EQ,39929,24799,62.11
20,2512,RAMRAT,EQ,336077,157712,46.93
20,2513,RANASUG,EQ,558685,244347,43.74
20,2514,RANEHOLDIN,EQ,37763,13327,35.29
20,2515,RAPIDFLEET,SM,13800,3600,26.09
20,2516,RAPPID,SM,11400,7200,63.16
20,2517,RATEGAIN,EQ,226177,106014,46.87
20,2518,RATNAMANI,EQ,40860,19035,46.59
20,2519,RATNAVEER,EQ,3736782,1332335,35.65
20,2520,RAYMOND,EQ,3293248,734407,22.30
20,2521,RAYMONDLSL,EQ,123831,66591,53.78
20,2522,RAYMONDREL,EQ,510573,238967,46.80
20,2523,RBA,EQ,2031006,973178,47.92
20,2524,RBLBANK,EQ,3484526,1463384,42.00
20,2525,RBMINFRA,SM,18400,14000,76.09
20,2526,RBS,SM,46400,38400,82.76
20,2527,RBZJEWEL,EQ,1090155,447970,41.09
20,2528,RCDL,SM,45000,39000,86.67
20,2529,RCDL-RE,ST,144000,144000,100.00
20,2530,RCF,EQ,870216,375020,43.10
20,2531,READYMIX,SM,49000,19000,38.78
20,2532,RECLTD,EQ,3769684,1888461,50.10
20,2533,REDINGTON,EQ,5166393,1572572,30.44
20,2534,REDTAPE,EQ,178625,99831,55.89
20,2535,REFEX,EQ,192648,110809,57.52
20,2536,REFRACTORY,SM,25000,21000,84.00
20,2537,REGAAL,EQ,165613,98947,59.75
20,2538,REGENCERAM,EQ,1964,1576,80.24
20,2539,RELAXO,EQ,108144,40768,37.70
20,2540,RELCHEMQ,EQ,3050,2076,68.07
20,2541,RELIABLE,EQ,32235,7127,22.11
20,2542,RELIANCE,EQ,10210522,6969619,68.26
20,2543,RELIGARE,EQ,1240789,648461,52.26
20,2544,RELTD,EQ,198563,134963,67.97
20,2545,REMSONSIND,EQ,94298,57636,61.12
20,2546,REMUS,SM,3700,2600,70.27
20,2547,RENUKA,EQ,34693464,10009811,28.85
20,2548,REPCOHOME,EQ,48377,30955,63.99
20,2549,REPRO,EQ,6875,4026,58.56
20,2550,RESPONIND,EQ,1222693,223531,18.28
20,2551,RETAIL,EQ,2827,2470,87.37
20,2552,REXPRO,SM,9000,7000,77.78
20,2553,RFBL,ST,21000,15000,71.43
20,2554,RGL,EQ,1856449,622333,33.52
20,2555,RHETAN,EQ,8256003,3330942,40.35
20,2556,RHIM,EQ,150341,76121,50.63
20,2557,RHL,EQ,8578,8265,96.35
20,2558,RICHA,ST,3000,3000,100.00
20,2559,RICOAUTO,EQ,2142105,895033,41.78
20,2560,RIIL,EQ,83105,34887,41.98
20,2561,RIIT,IV,116168,105208,90.57
20,2562,RILINFRA,SM,35100,33100,94.30
20,2563,RIR,EQ,11233703,1434948,12.77
20,2564,RISHABH,EQ,774109,292389,37.77
20,2565,RITCO,EQ,574280,212142,36.94
20,2566,RITES,EQ,244159,98977,40.54
20,2567,RITEZONE,SM,1600,1600,100.00
20,2568,RKDL,EQ,8760,7736,88.31
20,2569,RKEC,EQ,87634,69522,79.33
20,2570,RKFORGE,EQ,698070,287883,41.24
20,2571,RKSWAMY,EQ,49297,32889,66.72
20,2572,RMC,EQ,68499,25688,37.50
20,2573,RML,EQ,976998,154102,15.77
20,2574,RNFI,SM,89400,67200,75.17
20,2575,RNPL,SM,16800,10800,64.29
20,2576,ROCKINGDCE,SM,3750,3250,86.67
20,2577,ROCKPP,E1,5000,5000,100.00
20,2578,ROHLTD,EQ,30726,21813,70.99
20,2579,ROLEXRINGS,EQ,1410147,596049,42.27
20,2580,ROML,EQ,4076,3862,94.75
20,2581,ROSSARI,EQ,57155,30043,52.56
20,2582,ROSSELLIND,EQ,43055,27385,63.60
20,2583,ROSSTECH,EQ,107652,44355,41.20
20,2584,ROTO,EQ,166395,82406,49.52
20,2585,ROUTE,EQ,219416,96680,44.06
20,2586,ROXHITECH,SM,30400,24000,78.95
20,2587,RPEL,EQ,312911,123426,39.44
20,2588,RPGLIFE,EQ,13615,5865,43.08
20,2589,RPOWER,EQ,19788828,4441370,22.44
20,2590,RPPINFRA,EQ,984315,965309,98.07
20,2591,RPSGVENT,EQ,22339,13756,61.58
20,2592,RPTECH,EQ,412998,183731,44.49
20,2593,RRECL,EQ,1004,933,92.93
20,2594,RRIL,EQ,12846,12235,95.24
20,2595,RRKABEL,EQ,1299097,539907,41.56
20,2596,RSL,EQ,322525,148424,46.02
20,2597,RSSOFTWARE,EQ,29124,20471,70.29
20,2598,RSYSTEMS,EQ,115816,71904,62.08
20,2599,RTNINDIA,EQ,1961722,609263,31.06
20,2600,RTNPOWER,EQ,23370904,9189931,39.32
20,2601,RTSPOWR,EQ,2950,2666,90.37
20,2602,RUBFILA,EQ,110771,93282,84.21
20,2603,RUBICON,EQ,84252,37826,44.90
20,2604,RUBYMILLS,EQ,175583,54137,30.83
20,2605,RUCHINFRA,EQ,195310,134381,68.80
20,2606,RUCHIRA,EQ,285875,104383,36.51
20,2607,RUDRA,EQ,31696,24766,78.14
20,2608,RULKA,SM,4500,3900,86.67
20,2609,RUPA,EQ,71290,44570,62.52
20,2610,RUSHIL,EQ,513661,364862,71.03
20,2611,RUSTOMJEE,EQ,24787,15082,60.85
20,2612,RVHL,EQ,13726,11050,80.50
20,2613,RVNL,EQ,12205275,2595091,21.26
20,2614,RVTH,EQ,4493,4491,99.96
20,2615,S&SPOWER,EQ,1689,1290,76.38
20,2616,SAAKSHI,ST,43200,41400,95.83
20,2617,SAATVIKGL,EQ,33301,16667,50.05
20,2618,SAB,EQ,64,64,100.00
20,2619,SACHEEROME,SM,78600,49200,62.60
20,2620,SADBHAV,EQ,96462,82051,85.06
20,2621,SADHAV,SM,9600,6000,62.50
20,2622,SAFARI,EQ,25661,12572,48.99
20,2623,SAFEENTP,SM,49000,36000,73.47
20,2624,SAGARDEEP,EQ,2852,2804,98.32
20,2625,SAGCEM,EQ,36273,22791,62.83
20,2626,SAGILITY,EQ,9292276,4923417,52.98
20,2627,SAHAJSOLAR,SM,13600,8000,58.82
20,2628,SAHANA,SM,19950,18450,92.48
20,2629,SAHASRA,SM,40800,34000,83.33
20,2630,SAHLIBHFI,EQ,24595,12370,50.29
20,2631,SAHYADRI,EQ,44941,21617,48.10
20,2632,SAICAPI,EQ,903,679,75.19
20,2633,SAIFL,SM,288000,216000,75.00
20,2634,SAIL,EQ,32633382,12093991,37.06
20,2635,SAILIFE,EQ,456700,237906,52.09
20,2636,SAIPARENT,EQ,98724,58668,59.43
20,2637,SAJHOTELS,ST,42000,42000,100.00
20,2638,SAKAR,EQ,339553,130674,38.48
20,2639,SAKHTISUG,EQ,333634,146104,43.79
20,2640,SAKSOFT,EQ,199363,96234,48.27
20,2641,SAKUMA,EQ,771720,633668,82.11
20,2642,SALASAR,EQ,6552808,3962757,60.47
20,2643,SALONA,EQ,3,2,66.67
20,2644,SALSTEEL,EQ,670446,139528,20.81
20,2645,SALZERELEC,EQ,28522,15834,55.52
20,2646,SAMAY,ST,20000,12000,60.00
20,2647,SAMBANDAM,EQ,160,160,100.00
20,2648,SAMBHAAV,EQ,30372,17758,58.47
20,2649,SAMBHV,EQ,2426547,1254894,51.72
20,2650,SAMHI,EQ,1637051,857758,52.40
20,2651,SAMMAANCAP,EQ,4790140,2375166,49.58
20,2652,SAMPANN,EQ,29722,27014,90.89
20,2653,SANATHAN,EQ,358640,174023,48.52
20,2654,SANDESH,EQ,697,545,78.19
20,2655,SANDHAR,EQ,160536,84997,52.95
20,2656,SANDUMA,EQ,547791,301369,55.02
20,2657,SANGAMIND,EQ,5704,3685,64.60
20,2658,SANGANI,SM,1500,1500,100.00
20,2659,SANGHVIMOV,EQ,194873,100731,51.69
20,2660,SANOFI,EQ,9580,6536,68.23
20,2661,SANOFICONR,EQ,2789,1648,59.09
20,2662,SANSERA,EQ,134580,68042,50.56
20,2663,SANSTAR,EQ,228597,106869,46.75
20,2664,SAPPHIRE,EQ,329020,145770,44.30
20,2665,SAPPL,EQ,2393,1538,64.27
20,2666,SARDAEN,EQ,336777,172691,51.28
20,2667,SAREGAMA,EQ,382387,173387,45.34
20,2668,SARLAPOLY,EQ,32414,22279,68.73
20,2669,SARTELE,SM,67000,49500,73.88
20,2670,SARVESHWAR,EQ,5003962,3832725,76.59
20,2671,SASKEN,EQ,26468,18287,69.09
20,2672,SATECH,SM,3000,3000,100.00
20,2673,SATIA,EQ,793900,444230,55.96
20,2674,SATIN,EQ,242756,147603,60.80
20,2675,SATKARTAR,SM,15200,14400,94.74
20,2676,SATTVAENGG,SM,24000,22400,93.33
20,2677,SAURASHCEM,EQ,110734,73464,66.34
20,2678,SAVY,SM,199200,138000,69.28
20,2679,SAWALIYA,SM,30600,27600,90.20
20,2680,SAYAJIHOTL,EQ,4,4,100.00
20,2681,SAYAJIIND,EQ,117,117,100.00
20,2682,SBC,EQ,9874017,4233119,42.87
20,2683,SBCL,EQ,314685,154544,49.11
20,2684,SBFC,EQ,647488,291013,44.94
20,2685,SBGLP,EQ,12002,7177,59.80
20,2686,SBIBPB,EQ,69439,60507,87.14
20,2687,SBICARD,EQ,2781077,1601430,57.58
20,2688,SBIETFCON,EQ,3094,2684,86.75
20,2689,SBIETFIT,EQ,164912,159000,96.42
20,2690,SBIETFPB,EQ,2369,2013,84.97
20,2691,SBIETFQLTY,EQ,4699,4680,99.60
20,2692,SBIFUNDS,EQ,891727,587258,65.86
20,2693,SBILIFE,EQ,1155352,677190,58.61
20,2694,SBILIQETF,EQ,176911,174578,98.68
20,2695,SBIMIDMOM,EQ,12720,10149,79.79
20,2696,SBIN,EQ,10220001,6640215,64.97
20,2697,SBINEQWETF,EQ,28815,27430,95.19
20,2698,SBINMID150,EQ,22338,21613,96.75
20,2699,SBISILVER,EQ,519370,161127,31.02
20,2700,SBISMLETF,EQ,59139,31788,53.75
20,2701,SBIVALETF,EQ,8194,7924,96.70
20,2702,SCHAEFFLER,EQ,31084,17063,54.89
20,2703,SCHAND,EQ,19360,13700,70.76
20,2704,SCHNEIDER,EQ,134222,57655,42.95
20,2705,SCI,EQ,1033416,452686,43.80
20,2706,SCILAL,EQ,172331,101623,58.97
20,2707,SCL01825,N6,66,66,100.00
20,2708,SCLZC26,NB,1,1,100.00
20,2709,SCLZC26G,YA,15,15,100.00
20,2710,SCML,SM,19000,15000,78.95
20,2711,SCODATUBES,EQ,204606,129480,63.28
20,2712,SDBL,EQ,1759825,749314,42.58
20,2713,SDREAMS,SM,10000,10000,100.00
20,2714,SEAMECLTD,EQ,57558,31206,54.22
20,2715,SECMARK,EQ,3254,2219,68.19
20,2716,SECURKLOUD,EQ,9354,8371,89.49
20,2717,SEDEMAC,EQ,68747,32790,47.70
20,2718,SEIL,EQ,294366,222776,75.68
20,2719,SEITINVIT,IV,1000000,1000000,100.00
20,2720,SEJALLTD,EQ,5532,2915,52.69
20,2721,SEKURITIND,EQ,27540,18436,66.94
20,2722,SEL,SM,6800,6400,94.12
20,2723,SELECTIPO,EQ,70853,41036,57.92
20,2724,SELMC,EQ,12229,9035,73.88
20,2725,SEMAC,EQ,794,634,79.85
20,2726,SENCO,EQ,1718666,684468,39.83
20,2727,SENORES,EQ,404434,212672,52.59
20,2728,SENSEXADD,EQ,1646,1128,68.53
20,2729,SENSEXAXIS,EQ,2416,1583,65.52
20,2730,SENSEXBETA,EQ,1030,907,88.06
20,2731,SENSEXETF,EQ,24303,10568,43.48
20,2732,SENSEXIETF,EQ,11792,6501,55.13
20,2733,SEPC,EQ,5271492,2644701,50.17
20,2734,SERVICE,SM,26000,8000,30.77
20,2735,SERVOTECH,EQ,312588,150498,48.15
20,2736,SESHAPAPER,EQ,250778,115699,46.14
20,2737,SETF10GILT,EQ,28655,27865,97.24
20,2738,SETFGOLD,EQ,7528668,5569754,73.98
20,2739,SETFNIF50,EQ,1045454,893431,85.46
20,2740,SETFNIFBK,EQ,56526,29310,51.85
20,2741,SETFNN50,EQ,35829,22665,63.26
20,2742,SETL,EQ,1261874,756368,59.94
20,2743,SFL,EQ,69226,36378,52.55
20,2744,SFML,SM,8000,6400,80.00
20,2745,SGBAPR28I,GB,495,414,83.64
20,2746,SGBAUG27,GB,101,88,87.13
20,2747,SGBAUG28V,GB,975,716,73.44
20,2748,SGBAUG29V,GB,468,337,72.01
20,2749,SGBAUG30,GB,417,353,84.65
20,2750,SGBD29VIII,GB,103,77,74.76
20,2751,SGBDC27VII,GB,3,3,100.00
20,2752,SGBDE30III,GB,343,288,83.97
20,2753,SGBDE31III,GB,748,545,72.86
20,2754,SGBDEC26,GB,5,5,100.00
20,2755,SGBFEB28IX,GB,47,26,55.32
20,2756,SGBFEB29XI,GB,90,59,65.56
20,2757,SGBFEB32IV,GB,1385,913,65.92
20,2758,SGBJAN29IX,GB,287,231,80.49
20,2759,SGBJAN29X,GB,248,186,75.00
20,2760,SGBJAN30IX,GB,152,91,59.87
20,2761,SGBJU29III,GB,175,147,84.00
20,2762,SGBJUL27,GB,5,5,100.00
20,2763,SGBJUL28IV,GB,167,97,58.08
20,2764,SGBJUL29IV,GB,299,164,54.85
20,2765,SGBJUN27,GB,27,23,85.19
20,2766,SGBJUN28,GB,205,156,76.10
20,2767,SGBJUN29II,GB,188,150,79.79
20,2768,SGBJUN30,GB,52,33,63.46
20,2769,SGBJUN31I,GB,377,322,85.41
20,2770,SGBMAR30X,GB,33,31,93.94
20,2771,SGBMAR31IV,GB,95,58,61.05
20,2772,SGBMAY28,GB,17,13,76.47
20,2773,SGBMAY29I,GB,543,387,71.27
20,2774,SGBMR29XII,GB,187,132,70.59
20,2775,SGBN28VIII,GB,57,46,80.70
20,2776,SGBNOV26,GB,2,1,50.00
20,2777,SGBNV29VII,GB,499,454,90.98
20,2778,SGBOC28VII,GB,139,104,74.82
20,2779,SGBOCT27VI,GB,30,20,66.67
20,2780,SGBSEP27,GB,4,2,50.00
20,2781,SGBSEP28VI,GB,171,130,76.02
20,2782,SGBSEP29VI,GB,198,115,58.08
20,2783,SGBSEP31II,GB,1138,757,66.52
20,2784,SGFIN,EQ,118788,60468,50.90
20,2785,SGIL,EQ,3866,2497,64.59
20,2786,SGL,EQ,3686,2784,75.53
20,2787,SGLRES,EQ,42931,20394,47.50
20,2788,SGMART,EQ,166232,82322,49.52
20,2789,SGRL,EQ,9913,7354,74.19
20,2790,SHADOWFAX,EQ,2178213,1117633,51.31
20,2791,SHAH,EQ,1158873,711831,61.42
20,2792,SHAILY,EQ,174319,86148,49.42
20,2793,SHAKTIPUMP,EQ,332018,164302,49.49
20,2794,SHALBY,EQ,31659,18519,58.50
20,2795,SHANKARA,EQ,135828,95390,70.23
20,2796,SHANKESH,EQ,10083730,1973727,19.57
20,2797,SHANTI,EQ,136721,112849,82.54
20,2798,SHANTIGEAR,EQ,433775,129763,29.91
20,2799,SHANTIGOLD,EQ,4067799,1559694,38.34
20,2800,SHANTIINOR,ST,3441600,3433600,99.77
20,2801,SHARDACROP,EQ,63229,33616,53.17
20,2802,SHARDAMOTR,EQ,41347,24218,58.57
20,2803,SHAREINDIA,EQ,325602,182456,56.04
20,2804,SHARIABEES,EQ,14600,8747,59.91
20,2805,SHBAJRG,EQ,962,593,61.64
20,2806,SHEEL,ST,12000,10000,83.33
20,2807,SHEETAL,SM,500,500,100.00
20,2808,SHERA,SM,31000,27000,87.10
20,2809,SHERVANI,EQ,349,335,95.99
20,2810,SHETHJI,SM,56000,46000,82.14
20,2811,SHIGAN,SM,1500,1500,100.00
20,2812,SHILCTECH,EQ,30568,15673,51.27
20,2813,SHILGRAVQ,EQ,1004,866,86.25
20,2814,SHILPAMED,EQ,1088314,467784,42.98
20,2815,SHINDL,EQ,176047,10384,5.90
20,2816,SHIPROCKET,EQ,9262559,1828089,19.74
20,2817,SHIVAAGRO,EQ,24597,16714,67.95
20,2818,SHIVACEM,EQ,58521,51650,88.26
20,2819,SHIVALIK,EQ,129342,56601,43.76
20,2820,SHIVAMAUTO,EQ,29199,17791,60.93
20,2821,SHIVAMILLS,EQ,2663,1921,72.14
20,2822,SHIVASHRIT,SM,21000,20000,95.24
20,2823,SHIVATEX,EQ,5838,4601,78.81
20,2824,SHIVAUM,EQ,2794,2606,93.27
20,2825,SHK,EQ,262326,120176,45.81
20,2826,SHKSIL,SM,22000,22000,100.00
20,2827,SHOPERSTOP,EQ,18095,9500,52.50
20,2828,SHRADDHA,EQ,3018,2493,82.60
20,2829,SHRADHA,EQ,12901,7141,55.35
20,2830,SHREDIGCEM,EQ,89317,50232,56.24
20,2831,SHREECEM,EQ,17715,10460,59.05
20,2832,SHREEDHAR,ST,22000,22000,100.00
20,2833,SHREEJISPG,EQ,1404657,533264,37.96
20,2834,SHREEKARNI,SM,1800,1350,75.00
20,2835,SHREEOSFM,SM,2000,2000,100.00
20,2836,SHREEPUSHK,EQ,399174,140063,35.09
20,2837,SHREERAMA,EQ,42678,23240,54.45
20,2838,SHREMINVIT,IV,425000,425000,100.00
20,2839,SHREYANIND,EQ,24013,9093,37.87
20,2840,SHRIAHIMSA,ST,15000,13800,92.00
20,2841,SHRIKANHA,SM,62400,60800,97.44
20,2842,SHRIKRISH,EQ,748,594,79.41
20,2843,SHRINGARMS,EQ,658203,152227,23.13
20,2844,SHRIPISTON,EQ,39044,19248,49.30
20,2845,SHRIRAMFIN,EQ,1812019,1157392,63.87
20,2846,SHRIRAMPPS,EQ,384585,207768,54.02
20,2847,SHRITECH,SM,4000,2000,50.00
20,2848,SHRJAGP,EQ,1328,1238,93.22
20,2849,SHUBHSHREE,SM,3900,3000,76.92
20,2850,SHUKRAPHAR,EQ,1887833,985795,52.22
20,2851,SHYAMDHANI,ST,2000,2000,100.00
20,2852,SHYAMMETL,EQ,244531,114325,46.75
20,2853,SHYAMTEL,EQ,15284,14349,93.88
20,2854,SICAGEN,EQ,29282,16411,56.04
20,2855,SIDDHICOTS,SM,3600,3600,100.00
20,2856,SIDDHIKA,SM,1500,1500,100.00
20,2857,SIEL,EQ,121,105,86.78
20,2858,SIEMENS,EQ,200987,92883,46.21
20,2859,SIGACHI,EQ,2477935,1189877,48.02
20,2860,SIGMA,EQ,70149,42529,60.63
20,2861,SIGNATURE,EQ,179010,12013,6.71
20,2862,SIGNPOST,EQ,3876593,343326,8.86
20,2863,SIKA,EQ,14380,9342,64.97
20,2864,SIL,EQ,49360,40315,81.68
20,2865,SILGO,EQ,419919,252967,60.24
20,2866,SILINV,EQ,792,553,69.82
20,2867,SILKFLEX,SM,82000,45000,54.88
20,2868,SILKY,SM,3200,2400,75.00
20,2869,SILLYMONKS,EQ,30334,23613,77.84
20,2870,SILVER,EQ,540810,176358,32.61
20,2871,SILVER001,EQ,124610,120920,97.04
20,2872,SILVER1,EQ,6105939,2675025,43.81
20,2873,SILVER360,EQ,4727,2311,48.89
20,2874,SILVERADD,EQ,5429513,2882341,53.09
20,2875,SILVERAG,EQ,288141,137699,47.79
20,2876,SILVERAXIS,EQ,303886,219351,72.18
20,2877,SILVERBEES,EQ,13898563,5679325,40.86
20,2878,SILVERBETA,EQ,369041,152123,41.22
20,2879,SILVERBND,EQ,6772,2537,37.46
20,2880,SILVERCASE,EQ,6085242,2067064,33.97
20,2881,SILVERIETF,EQ,1782466,760410,42.66
20,2882,SILVERTUC,EQ,377764,128780,34.09
20,2883,SIMCA,ST,15600,14400,92.31
20,2884,SIMPLEXINF,EQ,38376,24406,63.60
20,2885,SIMPLXREA,EQ,569,569,100.00
20,2886,SINCLAIR,EQ,64110,50978,79.52
20,2887,SINDHUTRAD,EQ,1799387,782195,43.47
20,2888,SINGERIND,EQ,150121,91948,61.25
20,2889,SINTERCOM,EQ,126972,126399,99.55
20,2890,SIRCA,EQ,197385,79661,40.36
20,2891,SIS,EQ,444184,172231,38.77
20,2892,SIYSIL,EQ,30927,16557,53.54
20,2893,SJLOGISTIC,SM,29000,26500,91.38
20,2894,SJS,EQ,137522,67645,49.19
20,2895,SJVN,EQ,2007816,759137,37.81
20,2896,SKFINDIA,EQ,24033,13890,57.80
20,2897,SKFINDUS,EQ,24293,13265,54.60
20,2898,SKIPPER,EQ,4277657,1524030,35.63
20,2899,SKMEGGPROD,EQ,276867,164288,59.34
20,2900,SKP,SM,54000,9500,17.59
20,2901,SKYGOLD,EQ,683200,288312,42.20
20,2902,SKYTECH,SM,51200,51200,100.00
20,2903,SKYWAYS,EQ,9718981,2339851,24.08
20,2904,SLONE,ST,2800,2000,71.43
20,2905,SMALL250,EQ,175195,103490,59.07
20,2906,SMALLADD,EQ,253514,244518,96.45
20,2907,SMALLCAP,EQ,1426963,893073,62.59
20,2908,SMALLGROWW,EQ,8780,5799,66.05
20,2909,SMALLIETF,EQ,70346,59517,84.61
20,2910,SMARTEN,ST,2400,2400,100.00
20,2911,SMARTWORKS,EQ,35123,19268,54.86
20,2912,SMCGLOBAL,EQ,3923881,1830610,46.65
20,2913,SML100CASE,EQ,1144688,829069,72.43
20,2914,SMLMAH,EQ,247779,57466,23.19
20,2915,SMLT,EQ,6659,3461,51.97
20,2916,SMSPHARMA,EQ,3870958,803535,20.76
20,2917,SNEHAA,SM,1000,1000,100.00
20,2918,SNOWMAN,EQ,82852,49617,59.89
20,2919,SNXT30BEES,EQ,8853,8361,94.44
20,2920,SNXT50BETA,EQ,3237,1508,46.59
20,2921,SOBHA,EQ,38511,14545,37.77
20,2922,SOCL,SM,3200,3200,100.00
20,2923,SOFTTECH,EQ,7493,5646,75.35
20,2924,SOLARA,EQ,2187893,646002,29.53
20,2925,SOLARINDS,EQ,227176,79208,34.87
20,2926,SOLARWORLD,EQ,97974,46335,47.29
20,2927,SOLEX,EQ,14793,7524,50.86
20,2928,SOMANYCERA,EQ,84012,43568,51.86
20,2929,SOMATEX,EQ,17649,11643,65.97
20,2930,SOMICONVEY,EQ,5859,4741,80.92
20,2931,SONACOMS,EQ,1159441,568331,49.02
20,2932,SONAMAC,SM,1000,1000,100.00
20,2933,SONATSOFTW,EQ,1737278,580772,33.43
20,2934,SONUINFRA,ST,300000,297000,99.00
20,2935,SOTL,EQ,2433195,588037,24.17
20,2936,SOUTHBANK,EQ,4949017,2673674,54.02
20,2937,SOUTHWEST,EQ,581017,163087,28.07
20,2938,SPAL,EQ,29190,13805,47.29
20,2939,SPANDANA,EQ,58630,32622,55.64
20,2940,SPARC,EQ,1498275,569756,38.03
20,2941,SPCENET,EQ,1383299,1046257,75.63
20,2942,SPCL,SM,24600,16200,65.85
20,2943,SPEB,SM,8000,6000,75.00
20,2944,SPECTSTM,SM,5600,5600,100.00
20,2945,SPELS,EQ,47712,29361,61.54
20,2946,SPENCERS,EQ,19688,15976,81.15
20,2947,SPIC,EQ,551519,258275,46.83
20,2948,SPLIL,EQ,15875,10557,66.50
20,2949,SPLPETRO,EQ,863737,293966,34.03
20,2950,SPMLINFRA,EQ,283043,138781,49.03
20,2951,SPORTKING,EQ,400590,197302,49.25
20,2952,SPPPOLY,SM,6000,4000,66.67
20,2953,SPRL,SM,800,800,100.00
20,2954,SPUNWEB,SM,21600,19200,88.89
20,2955,SRD,EQ,25361,17800,70.19
20,2956,SREEL,EQ,72657,53272,73.32
20,2957,SRF,EQ,208077,115486,55.50
20,2958,SRGHFL,EQ,1647,1311,79.60
20,2959,SRHHYPOLTD,EQ,13332,10379,77.85
20,2960,SRIKPRIND,EQ,113310,51914,45.82
20,2961,SRIVASAVI,ST,24000,17000,70.83
20,2962,SRM,EQ,102399,48114,46.99
20,2963,SRTL,EQ,36439,21493,58.98
20,2964,SSDL,EQ,15015,10328,68.78
20,2965,SSEGL,SM,39600,21800,55.05
20,2966,SSFL,ST,22000,22000,100.00
20,2967,SSWL,EQ,2780026,909438,32.71
20,2968,STANLEY,EQ,68522,35424,51.70
20,2969,STAR,EQ,2617272,521232,19.92
20,2970,STARCEMENT,EQ,322246,202418,62.81
20,2971,STARHEALTH,EQ,776080,443727,57.18
20,2972,STARPAPER,EQ,113673,85812,75.49
20,2973,STARTECK,EQ,245,177,72.24
20,2974,STCINDIA,EQ,14553,9960,68.44
20,2975,STEELCAS,EQ,65750,37673,57.30
20,2976,STEELCITY,EQ,3037,2304,75.86
20,2977,STEELXIND,EQ,1498999,703591,46.94
20,2978,STEL,EQ,3622,1662,45.89
20,2979,STLNETWORK,EQ,1989195,1656575,83.28
20,2980,STLSTRINF,EQ,5513,2694,48.87
20,2981,STOVEKRAFT,EQ,174466,68077,39.02
20,2982,STUDDS,EQ,80163,53901,67.24
20,2983,STUDIOLSD,SM,16000,16000,100.00
20,2984,STYL,EQ,58586,35543,60.67
20,2985,STYLAMIND,EQ,48594,20139,41.44
20,2986,STYLEBAAZA,EQ,1380118,620669,44.97
20,2987,STYRENIX,EQ,57965,36171,62.40
20,2988,SUBAHOTELS,SM,76800,52800,68.75
20,2989,SUBEXLTD,EQ,2594174,1559559,60.12
20,2990,SUBROS,EQ,25162,16005,63.61
20,2991,SUDARCOLOR,EQ,16386,10258,62.60
20,2992,SUDARSCHEM,EQ,222036,103614,46.67
20,2993,SUDEEPPHRM,EQ,208143,98935,47.53
20,2994,SUKHJITS,EQ,27049,19606,72.48
20,2995,SULA,EQ,139355,76724,55.06
20,2996,SUMAX,ST,543600,514800,94.70
20,2997,SUMEDHA,EQ,1206,910,75.46
20,2998,SUMEETINDS,EQ,1315064,1048797,79.75
20,2999,SUMICHEM,EQ,96847,50707,52.36
20,3000,SUMIT,EQ,14892,9216,61.89
20,3001,SUMMITSEC,EQ,8351,7963,95.35
20,3002,SUNCLAY,EQ,6938,4607,66.40
20,3003,SUNDARAM,EQ,642010,527258,82.13
20,3004,SUNDARMFIN,EQ,49899,33033,66.20
20,3005,SUNDRMFAST,EQ,61152,36379,59.49
20,3006,SUNDROP,EQ,6385,4357,68.24
20,3007,SUNFLAG,EQ,120395,72631,60.33
20,3008,SUNLITE,SM,24600,16200,65.85
20,3009,SUNLOC,EQ,8,8,100.00
20,3010,SUNPHARMA,EQ,1579345,1073313,67.96
20,3011,SUNRAKSHAK,EQ,8109,7111,87.69
20,3012,SUNSHIEL,EQ,13356,8715,65.25
20,3013,SUNSHINE,EQ,3585788,584055,16.29
20,3014,SUNTECH,SM,1600,1600,100.00
20,3015,SUNTECK,EQ,112311,65602,58.41
20,3016,SUNTV,EQ,589224,300927,51.07
20,3017,SUPERHOUSE,EQ,3532,1925,54.50
20,3018,SUPRAJIT,EQ,47325,26173,55.30
20,3019,SUPREME,EQ,11414,5789,50.72
20,3020,SUPREMEIND,EQ,370941,93482,25.20
20,3021,SUPREMEINF,EQ,59001,18687,31.67
20,3022,SUPREMEPWR,SM,113000,75000,66.37
20,3023,SUPRIYA,EQ,1225649,345971,28.23
20,3024,SURAJEST,EQ,310830,264230,85.01
20,3025,SURAJLTD,EQ,8352,8299,99.37
20,3026,SURAKSHA,EQ,102949,65747,63.86
20,3027,SURANASOL,EQ,70035,61277,87.49
20,3028,SURANAT&P,EQ,100451,87345,86.95
20,3029,SURANI,SM,1000,1000,100.00
20,3030,SURYALA,EQ,2187,1978,90.44
20,3031,SURYALAXMI,EQ,4203,2450,58.29
20,3032,SURYAROSNI,EQ,500001,355839,71.17
20,3033,SURYODAY,EQ,203120,94150,46.35
20,3034,SUVEN,EQ,862473,316718,36.72
20,3035,SUVIDHAA,EQ,382018,254891,66.72
20,3036,SUYOG,EQ,60317,41514,68.83
20,3037,SUZLON,EQ,28911783,12963248,44.84
20,3038,SVGLOBAL,EQ,21648,11706,54.07
20,3039,SVPGLOB,EQ,25956,21566,83.09
20,3040,SWANCORP,EQ,1155945,375577,32.49
20,3041,SWARAJENG,EQ,28465,14015,49.24
20,3042,SWARNSAR,EQ,82042,67397,82.15
20,3043,SWELECTES,EQ,122811,82202,66.93
20,3044,SWIGGY,EQ,23743792,12003969,50.56
20,3045,SWSOLAR,EQ,536948,252297,46.99
20,3046,SYMBIOTEC,EQ,3088018,913433,29.58
20,3047,SYMPHONY,EQ,58826,28582,48.59
20,3048,SYNCOMF,EQ,11295960,3926602,34.76
20,3049,SYNGENE,EQ,444340,254912,57.37
20,3050,SYNOPTICS,ST,600,600,100.00
20,3051,SYRMA,EQ,13079561,2289753,17.51
20,3052,SYSTANGO,SM,15200,12000,78.95
20,3053,TAALTECH,EQ,8803,6438,73.13
20,3054,TAC,ST,28800,24600,85.42
20,3055,TAINWALCHM,EQ,4163,1866,44.82
20,3056,TAJGVK,EQ,66810,41516,62.14
20,3057,TAKE,EQ,225946,223945,99.11
20,3058,TALBROAUTO,EQ,1798087,394904,21.96
20,3059,TANAA,EQ,7571,5302,70.03
20,3060,TANKUP,ST,1250,1250,100.00
20,3061,TANLA,EQ,317979,135637,42.66
20,3062,TARACHAND,EQ,45282,26963,59.54
20,3063,TARAPUR,EQ,70228,51803,73.76
20,3064,TARC,EQ,2061276,1016916,49.33
20,3065,TARIL,EQ,746125,358136,48.00
20,3066,TARMAT,EQ,47182,26372,55.89
20,3067,TARSONS,EQ,80073,44665,55.78
20,3068,TASTYBITE,EQ,7569,4318,57.05
20,3069,TATACAP,EQ,934265,547291,58.58
20,3070,TATACHEM,EQ,501210,193907,38.69
20,3071,TATACOMM,EQ,185621,110715,59.65
20,3072,TATACONSUM,EQ,1368015,893533,65.32
20,3073,TATAELXSI,EQ,161685,76099,47.07
20,3074,TATAGOLD,EQ,57797478,25904528,44.82
20,3075,TATAINVEST,EQ,94363,48644,51.55
20,3076,TATAPOWER,EQ,4849767,2399548,49.48
20,3077,TATASTEEL,EQ,23695657,9705069,40.96
20,3078,TATATECH,EQ,774063,321198,41.50
20,3079,TATSILV,EQ,26564982,9904146,37.28
20,3080,TATVA,EQ,88807,46073,51.88
20,3081,TAURIAN,ST,36800,32000,86.96
20,3082,TBI,SM,61800,52200,84.47
20,3083,TBOTEK,EQ,172047,139009,80.80
20,3084,TBZ,EQ,318752,316139,99.18
20,3085,TCC,EQ,580938,240548,41.41
20,3086,TCI,EQ,30299,21720,71.69
20,3087,TCIEXP,EQ,55023,26646,48.43
20,3088,TCL,SM,128800,76000,59.01
20,3089,TCPLPACK,EQ,34746,12037,34.64
20,3090,TCS,EQ,2297551,1201565,52.30
20,3091,TDPOWERSYS,EQ,925420,431755,46.66
20,3092,TEAMGTY,EQ,661,484,73.22
20,3093,TEAMLEASE,EQ,36478,16738,45.89
20,3094,TEAMTECH,ST,16000,16000,100.00
20,3095,TECH,EQ,96939,49171,50.72
20,3096,TECHD,SM,19200,16500,85.94
20,3097,TECHERA,SM,48000,27200,56.67
20,3098,TECHLABS,SM,12500,9875,79.00
20,3099,TECHM,EQ,2028588,1223143,60.30
20,3100,TECHNOCRAF,EQ,2343237,692652,29.56
20,3101,TECHNOE,EQ,129751,70216,54.12
20,3102,TECHNVISN,EQ,537,371,69.09
20,3103,TECILCHEM,EQ,13279,12958,97.58
20,3104,TEGA,EQ,634918,278212,43.82
20,3105,TEJA,SM,87600,65400,74.66
20,3106,TEJASNET,EQ,3912391,866509,22.15
20,3107,TEMBO,EQ,4643901,1726845,37.19
20,3108,TEMPSENS,EQ,1663376,461200,27.73
20,3109,TENNIND,EQ,229138,137735,60.11
20,3110,TERAI,EQ,1019,647,63.49
20,3111,TERASOFT,EQ,26187,12167,46.46
20,3112,TEXINFRA,EQ,411113,177570,43.19
20,3113,TEXMOPIPES,EQ,2193984,694095,31.64
20,3114,TEXRAIL,EQ,9209299,3009575,32.68
20,3115,TFCILTD,EQ,4618937,1946780,42.15
20,3116,TFL,EQ,19420,18351,94.50
20,3117,TGBHOTELS,EQ,4414,2800,63.43
20,3118,TGL,ST,1000,1000,100.00
20,3119,TGVSL,EQ,366176,221561,60.51
20,3120,THACKER,EQ,64,41,64.06
20,3121,THAKDEV,EQ,233,233,100.00
20,3122,THANGAMAYL,EQ,93135,54888,58.93
20,3123,THEINVEST,EQ,8725,6507,74.58
20,3124,THEJO,EQ,19040,13093,68.77
20,3125,THELEELA,EQ,234413,124695,53.19
20,3126,THEMISMED,EQ,4732951,487312,10.30
20,3127,THERMAX,EQ,141581,80483,56.85
20,3128,THESL,ST,9000,6000,66.67
20,3129,THOMASCOOK,EQ,1879256,724306,38.54
20,3130,THOMASCOTT,EQ,39653,23088,58.23
20,3131,THYROCARE,EQ,243176,131336,54.01
20,3132,TI,EQ,451824,226130,50.05
20,3133,TIGERLOGS,EQ,56684,32960,58.15
20,3134,TIIL,EQ,20927,11309,54.04
20,3135,TIINDIA,EQ,121565,63916,52.58
20,3136,TIMETECHNO,EQ,1326457,708078,53.38
20,3137,TIMEX,EQ,616321,253213,41.08
20,3138,TIMKEN,EQ,18234,8273,45.37
20,3139,TINNARUBR,EQ,49466,23784,48.08
20,3140,TIPSFILMS,EQ,2447,1351,55.21
20,3141,TIPSMUSIC,EQ,156576,92598,59.14
20,3142,TIRUMALCHM,EQ,229828,104129,45.31
20,3143,TITAGARH,EQ,1383593,512962,37.07
20,3144,TITAN,EQ,480336,298271,62.10
20,3145,TMB,EQ,148519,67504,45.45
20,3146,TMCV,EQ,4403689,2096881,47.62
20,3147,TMPV,EQ,6493351,3314259,51.04
20,3148,TNIDETF,EQ,83031,69476,83.67
20,3149,TNPETRO,EQ,701145,302139,43.09
20,3150,TNPL,EQ,2376677,740955,31.18
20,3151,TNTELE,EQ,18897,12822,67.85
20,3152,TOKYOPLAST,EQ,683,620,90.78
20,3153,TOLINS,EQ,31998,20619,64.44
20,3154,TOP100CASE,EQ,857161,813424,94.90
20,3155,TOP10ADD,EQ,208340,131915,63.32
20,3156,TOP15IETF,EQ,104502,50151,47.99
20,3157,TOP20,EQ,39047,27420,70.22
20,3158,TORNTPHARM,EQ,229459,126256,55.02
20,3159,TORNTPOWER,EQ,349676,203167,58.10
20,3160,TOTAL,EQ,29615,25685,86.73
20,3161,TOUCHWOOD,EQ,413,335,81.11
20,3162,TOYAMSL,EQ,251250,196424,78.18
20,3163,TPLPLASTEH,EQ,203179,101000,49.71
20,3164,TRACXN,EQ,218499,148836,68.12
20,3165,TRANSCOR,EQ,2423,1930,79.65
20,3166,TRANSRAILL,EQ,639224,269806,42.21
20,3167,TRANSTEEL,SM,86000,76000,88.37
20,3168,TRAVELFOOD,EQ,22411,10898,48.63
20,3169,TREEHOUSE,EQ,13741,11927,86.80
20,3170,TREJHARA,EQ,21367,11665,54.59
20,3171,TREL,EQ,122858,84949,69.14
20,3172,TRENT,EQ,1021019,521111,51.04
20,3173,TRF,EQ,14703,12308,83.71
20,3174,TRIDENT,EQ,2135046,1129583,52.91
20,3175,TRIDHYA,ST,15000,15000,100.00
20,3176,TRIGYN,EQ,30944,19524,63.09
20,3177,TRITONV,EQ,1897,1414,74.54
20,3178,TRITURBINE,EQ,209558,103835,49.55
20,3179,TRIVENI,EQ,626456,212327,33.89
20,3180,TROM,SM,6600,4800,72.73
20,3181,TRU,EQ,140699,92813,65.97
20,3182,TRUALT,EQ,73764,37814,51.26
20,3183,TRUST,SM,9600,9600,100.00
20,3184,TSC,ST,76000,76000,100.00
20,3185,TSFINV,EQ,36179,18455,51.01
20,3186,TTKHLTCARE,EQ,62317,45976,73.78
20,3187,TTKPRESTIG,EQ,66655,36337,54.52
20,3188,TTL,EQ,143018,121151,84.71
20,3189,TTML,EQ,1329750,733861,55.19
20,3190,TUNWAL,SM,54000,42000,77.78
20,3191,TURTLEMINT,EQ,553335,218487,39.49
20,3192,TUTIALKA,EQ,9023,6934,76.85
20,3193,TVSELECT,EQ,15849,8017,50.58
20,3194,TVSHLTD,EQ,26789,11112,41.48
20,3195,TVSMOTOR,EQ,353313,169572,47.99
20,3196,TVSSCS,EQ,429219,202720,47.23
20,3197,TVSSRICHAK,EQ,6409,3042,47.46
20,3198,TVTODAY,EQ,28994,19729,68.05
20,3199,TWCGOLDETF,EQ,3316,2835,85.49
20,3200,UBL,EQ,181984,102219,56.17
20,3201,UCL,ST,2000,2000,100.00
20,3202,UCOBANK,EQ,4573497,2585250,56.53
20,3203,UDAYJEW,EQ,638490,155441,24.35
20,3204,UDS,EQ,398512,181291,45.49
20,3205,UEL,EQ,34311,22909,66.77
20,3206,UFLEX,EQ,152186,72611,47.71
20,3207,UFO,EQ,47044,30729,65.32
20,3208,UGARSUGAR,EQ,656681,269040,40.97
20,3209,UGROCAP,EQ,117768,73434,62.35
20,3210,UHTL,ST,6000,6000,100.00
20,3211,UJJIVANSFB,EQ,9339056,4829330,51.71
20,3212,ULTRACEMCO,EQ,214788,141036,65.66
20,3213,ULTRAMAR,EQ,41522,21973,52.92
20,3214,UMESLTD,EQ,22429,18983,84.64
20,3215,UMIYA-MRO,EQ,41787,27374,65.51
20,3216,UNICHEMLAB,EQ,309037,60512,19.58
20,3217,UNIECOM,EQ,288190,194194,67.38
20,3218,UNIENTER,EQ,4658,3531,75.81
20,3219,UNIHEALTH,SM,21000,16000,76.19
20,3220,UNIINFO,EQ,1078,925,85.81
20,3221,UNILEX,SM,3200,1600,50.00
20,3222,UNIMECH,EQ,169474,74352,43.87
20,3223,UNIONBANK,EQ,12010754,6662507,55.47
20,3224,UNIONGOLD,EQ,1064,851,79.98
20,3225,UNIPARTS,EQ,165683,84719,51.13
20,3226,UNITDSPR,EQ,377003,211415,56.08
20,3227,UNITECH,EQ,17838014,9336260,52.34
20,3228,UNITEDPOLY,EQ,182224,128938,70.76
20,3229,UNITEDTEA,EQ,5946,5621,94.53
20,3230,UNIVCABLES,EQ,287909,156239,54.27
20,3231,UNOMINDA,EQ,390846,216021,55.27
20,3232,UPHOT,EQ,613,600,97.88
20,3233,UPL,EQ,1754057,971796,55.40
20,3234,URBAN,SM,69600,46400,66.67
20,3235,URBANCO,EQ,4774283,1743405,36.52
20,3236,URJA,EQ,594104,391491,65.90
20,3237,USASEEDS,SM,1284,1284,100.00
20,3238,USHAFIN,SM,48000,46400,96.67
20,3239,USHAMART,EQ,545048,294028,53.95
20,3240,USK,EQ,33012,22003,66.65
20,3241,UTIAMC,EQ,64072,30715,47.94
20,3242,UTKARSHBNK,EQ,8467823,3961492,46.78
20,3243,UTLSOLAR,EQ,247130,136999,55.44
20,3244,UTSSAV,SM,36000,24600,68.33
20,3245,UTTAMSUGAR,EQ,343123,86840,25.31
20,3246,UWCSL,SM,1000,1000,100.00
20,3247,V2RETAIL,EQ,3160103,1880497,59.51
20,3248,VADILALIND,EQ,21025,10547,50.16
20,3249,VADILENT,EQ,22,19,86.36
20,3250,VAIBHAVGBL,EQ,194020,102212,52.68
20,3251,VAISHALI,EQ,91770,60669,66.11
20,3252,VAKRANGEE,EQ,1770839,1168715,66.00
20,3253,VAL30IETF,EQ,184406,113194,61.38
20,3254,VALUE,EQ,46657,34915,74.83
20,3255,VALUE360,SM,7200,6000,83.33
20,3256,VALUEAXIS,EQ,91408,50648,55.41
20,3257,VAML,EQ,3188490,1943700,60.96
20,3258,VARDMNPOLY,EQ,62048,53739,86.61
20,3259,VARROC,EQ,154732,72917,47.12
20,3260,VASA,SM,4000,4000,100.00
20,3261,VASCONEQ,EQ,143213,94791,66.19
20,3262,VASUPRADA,EQ,179,179,100.00
20,3263,VASWANI,EQ,26758,18084,67.58
20,3264,VBL,EQ,5062827,3399034,67.14
20,3265,VDEAL,SM,22200,15000,67.57
20,3266,VEDAVAAG,EQ,31991,30316,94.76
20,3267,VEDL,EQ,4892640,2368076,48.40
20,3268,VEDPOWER,EQ,12155109,6570864,54.06
20,3269,VEEDOL,EQ,6133,3985,64.98
20,3270,VEEKAYEM,SM,4500,3000,66.67
20,3271,VENKEYS,EQ,40538,18700,46.13
20,3272,VENTIVE,EQ,12470,6130,49.16
20,3273,VENUSPIPES,EQ,603283,208687,34.59
20,3274,VERANDA,EQ,113164,68753,60.76
20,3275,VERITAAS,SM,4800,4800,100.00
20,3276,VERTEXPLUS,SM,3000,3000,100.00
20,3277,VERTIS,IV,50000,50000,100.00
20,3278,VERTOZ,EQ,43316,26825,61.93
20,3279,VESUVIUS,EQ,70358,45326,64.42
20,3280,VGCL,EQ,5319,3696,69.49
20,3281,VGINFOTECH,SM,22000,18000,81.82
20,3282,VGL,EQ,47866,23247,48.57
20,3283,VGUARD,EQ,382618,206901,54.08
20,3284,VHL,EQ,193,170,88.08
20,3285,VIAZ,SM,8000,8000,100.00
20,3286,VICTORYEV,SM,6000,6000,100.00
20,3287,VIDHIING,EQ,11998,7003,58.37
20,3288,VIDYAWIRES,EQ,876024,470257,53.68
20,3289,VIESL,SM,29600,20800,70.27
20,3290,VIGOR,SM,44800,41600,92.86
20,3291,VIJAYA,EQ,101311,34425,33.98
20,3292,VIJAYPD,SM,8000,4000,50.00
20,3293,VIJSOLX,EQ,99,95,95.96
20,3294,VIKASECO,EQ,1477986,1005213,68.01
20,3295,VIKASLIFE,EQ,1692409,1001617,59.18
20,3296,VIKRAMSOLR,EQ,2014976,1001619,49.71
20,3297,VIKRAN,EQ,1147055,403345,35.16
20,3298,VILAS,SM,60500,58750,97.11
20,3299,VILINBIO,SM,72000,68000,94.44
20,3300,VIMTALABS,EQ,109952,46190,42.01
20,3301,VINATIORGA,EQ,44434,30962,69.68
20,3302,VINCOFE,EQ,4026692,1583146,39.32
20,3303,VINDHYATEL,EQ,214917,60421,28.11
20,3304,VINEETLAB,EQ,70769,61109,86.35
20,3305,VINNY,EQ,431438,276559,64.10
20,3306,VINSYS,ST,1250,1250,100.00
20,3307,VINYAS,SM,6800,5200,76.47
20,3308,VINYLINDIA,EQ,5175,4042,78.11
20,3309,VIPCLOTHNG,EQ,36857,34431,93.42
20,3310,VIPIND,EQ,613544,286768,46.74
20,3311,VIRAT,EQ,6095,3258,53.45
20,3312,VIRINCHI,EQ,163647,121944,74.52
20,3313,VISACHROME,EQ,135928,89562,65.89
20,3314,VISAKAIND,EQ,303340,136545,45.01
20,3315,VISAMAN,SM,1000,1000,100.00
20,3316,VISDEM,SM,6000,6000,100.00
20,3317,VISHAL,EQ,81605,60261,73.84
20,3318,VISHNU,EQ,401102,180534,45.01
20,3319,VISHNUINFR,SM,4000,3000,75.00
20,3320,VISHWARAJ,EQ,862570,440219,51.04
20,3321,VISL,EQ,21758859,11407117,52.43
20,3322,VITAL,EQ,4143,3932,94.91
20,3323,VIVIANA,EQ,41040,25615,62.41
20,3324,VIVIDEL,SM,73920,64320,87.01
20,3325,VIVIDHA,EQ,127511,102236,80.18
20,3326,VIVOBIOT,EQ,39076,37356,95.60
20,3327,VIYASH,EQ,2271312,1353794,59.60
20,3328,VLEGOV,EQ,99020,71336,72.04
20,3329,VLINFRA,SM,3000,3000,100.00
20,3330,VLSFINANCE,EQ,5921,4393,74.19
20,3331,VMARCIND,SM,1245000,691500,55.54
20,3332,VMART,EQ,58090,28870,49.70
20,3333,VMM,EQ,19261503,10778520,55.96
20,3334,VMOBILE,SM,18400,18400,100.00
20,3335,VMSTMT,EQ,29817,16886,56.63
20,3336,VOEPL,EQ,99932,43795,43.82
20,3337,VOGL,EQ,26950606,12988780,48.19
20,3338,VOITHPAPR,EQ,361,256,70.91
20,3339,VOLERCAR,SM,30400,22400,73.68
20,3340,VOLTAMP,EQ,35462,14481,40.84
20,3341,VOLTAS,EQ,402813,200641,49.81
20,3342,VPRPL,EQ,480055,275812,57.45
20,3343,VR,SM,400,400,100.00
20,3344,VRAJ,EQ,9594,7052,73.50
20,3345,VRLLOG,EQ,144481,90977,62.97
20,3346,VSSL,EQ,70989,38328,53.99
20,3347,VSTIND,EQ,94351,57816,61.28
20,3348,VSTL,EQ,37905,26218,69.17
20,3349,VSTTILLERS,EQ,6410,3876,60.47
20,3350,VTL,EQ,209417,87536,41.80
20,3351,VTMLTD,EQ,10946,6758,61.74
20,3352,WAAREEENER,EQ,382404,204103,53.37
20,3353,WAAREEINDO,EQ,63383,37100,58.53
20,3354,WAAREERTL,EQ,78010,40514,51.93
20,3355,WABAG,EQ,388707,114646,29.49
20,3356,WAKEFIT,EQ,1054577,416697,39.51
20,3357,WALCHANNAG,EQ,2190611,951221,43.42
20,3358,WALPAR,SM,4000,4000,100.00
20,3359,WANBURY,EQ,140282,63258,45.09
20,3360,WARDINMOBI,EQ,385034,268503,69.73
20,3361,WATERBASE,EQ,23118,14082,60.91
20,3362,WCIL,EQ,55033,33731,61.29
20,3363,WEALTH,EQ,1513,1397,92.33
20,3364,WEBELSOLAR,EQ,1728404,942141,54.51
20,3365,WEIZMANIND,EQ,802,519,64.71
20,3366,WEL,EQ,1602669,1051728,65.62
20,3367,WELCORP,EQ,1503451,562459,37.41
20,3368,WELENT,EQ,621082,272838,43.93
20,3369,WELSPLSOL,EQ,2204084,1079928,49.00
20,3370,WELSPUNLIV,EQ,6124120,1818009,29.69
20,3371,WENDT,EQ,8810,4337,49.23
20,3372,WESTLIFE,EQ,32363,13483,41.66
20,3373,WEWIN,EQ,907,799,88.09
20,3374,WEWORK,EQ,160167,90882,56.74
20,3375,WHBRADY,EQ,12,12,100.00
20,3376,WHEELS,EQ,341864,183708,53.74
20,3377,WHIRLPOOL,EQ,199585,118988,59.62
20,3378,WHITEFORCE,SM,3200,3200,100.00
20,3379,WILLAMAGOR,EQ,10152,9122,89.85
20,3380,WINDLAS,EQ,275989,98567,35.71
20,3381,WINDMACHIN,EQ,94815,49692,52.41
20,3382,WINSOL,SM,2400,2400,100.00
20,3383,WIPL,EQ,1359,1170,86.09
20,3384,WIPRO,EQ,10720636,5154535,48.08
20,3385,WOCKPHARMA,EQ,4319658,995465,23.04
20,3386,WOL3D,SM,3000,3000,100.00
20,3387,WOMANCART,ST,14400,12800,88.89
20,3388,WONDERLA,EQ,40911,20486,50.07
20,3389,WORTHPERI,EQ,3939,1399,35.52
20,3390,WPIL,EQ,31690,19975,63.03
20,3391,WSI,EQ,83914,54774,65.27
20,3392,WSTCSTPAPR,EQ,605527,269456,44.50
20,3393,WTICAB,SM,44000,36500,82.95
20,3394,XCHANGING,EQ,325705,146387,44.94
20,3395,XELPMOC,EQ,13772,10548,76.59
20,3396,XPROINDIA,EQ,340774,192251,56.42
20,3397,XTGLOBAL,EQ,71432,30311,42.43
20,3398,XTRANET,EQ,13668382,1350838,9.88
20,3399,YAAP,SM,29000,26000,89.66
20,3400,YASHO,EQ,28306,15774,55.73
20,3401,YASHOPTICS,SM,16800,15200,90.48
20,3402,YATHARTH,EQ,357062,129373,36.23
20,3403,YATRA,EQ,1530727,576212,37.64
20,3404,YCCL,SM,51000,39000,76.47
20,3405,YESBANK,EQ,33364009,17070926,51.17
20,3406,YOGI,EQ,4221,4188,99.22
20,3407,YUDIZ,SM,5600,5600,100.00
20,3408,YUKEN,EQ,9288,6063,65.28
20,3409,ZAGGLE,EQ,1176464,374058,31.80
20,3410,ZEAL,SM,43800,43200,98.63
20,3411,ZEEL,EQ,42609965,13438352,31.54
20,3412,ZEEMEDIA,EQ,5318153,2725295,51.25
20,3413,ZENITHDRUG,SM,24000,20800,86.67
20,3414,ZENITHEXPO,EQ,1681,492,29.27
20,3415,ZENITHSTL,EQ,377098,224713,59.59
20,3416,ZENSARTECH,EQ,659073,293269,44.50
20,3417,ZENTEC,EQ,344083,90765,26.38
20,3418,ZFCVINDIA,EQ,49999,29840,59.68
20,3419,ZFSTEERING,EQ,9550,7326,76.71
20,3420,ZIMLAB,EQ,83808,38342,45.75
20,3421,ZODIAC,EQ,10640,6902,64.87
20,3422,ZODIACLOTH,EQ,2628,2560,97.41
20,3423,ZOTA,EQ,29556,18225,61.66
20,3424,ZSARACOM,EQ,54,40,74.07
20,3425,ZTECH,SM,14700,11400,77.55
20,3426,ZUARI,EQ,123314,47990,38.92
20,3427,ZUARIIND,EQ,98022,50906,51.93
20,3428,ZYDUSLIFE,EQ,2107281,919935,43.66
20,3429,ZYDUSWELL,EQ,7627303,477122,6.26
