Security Wise Delivery Position - Compulsory Rolling Settlement
10,MTO,28082026,1754412556,0003336
Trade Date <28-AUG-2026>,Settlement Type <N>
Record Type,Sr No,Name of Security,Quantity Traded,Deliverable Quantity(gross across client level),% of Deliverable Quantity to Traded Quantity
20,1,1003IIFL29,NC,649,649,100.00
20,2,1003ISFL28,N4,55,55,100.00
20,3,1003SCL30A,NV,28,0,0.00
20,4,1015ECL29,NR,3,3,100.00
20,5,1015SCL28,NR,6,6,100.00
20,6,1015SCL29,ZL,43,40,93.02
20,7,1018GS2026,GS,4913,4650,94.65
20,8,1025IIFL30,Y3,1,1,100.00
20,9,1025PATE28,N0,6,6,100.00
20,10,1025UCL27A,NG,2,2,100.00
20,11,1030SFIL28,NM,5,1,20.00
20,12,1050ISFL28,N5,13,13,100.00
20,13,1050UCL28,NH,110,110,100.00
20,14,105IIFL29,N7,55,55,100.00
20,15,1065NFL27,NC,1100,1100,100.00
20,16,1075SCL33A,N2,40,40,100.00
20,17,1075WCA28,N0,33,33,100.00
20,18,10CAGL27,N5,20,20,100.00
20,19,10IIFL28,N4,52,51,98.08
20,20,10IIFL28A,NE,420,410,97.62
20,21,10IIFL29,N6,11,10,90.91
20,22,10ISFL26,N3,248,248,100.00
20,23,10MWL29,N0,1,1,100.00
20,24,1119NFL27,ND,49,49,100.00
20,25,115AFIL28A,N0,106,106,100.00
20,26,1225IFL27,N0,17,17,100.00
20,27,125VCCL31,N0,3,3,100.00
20,28,12AFIL27A,N0,1,1,100.00
20,29,12VCCL28,N0,1,1,100.00
20,30,20MICRONS,EQ,241206,109988,45.60
20,31,21STCENMGM,EQ,3530,3058,86.63
20,32,360ONE,EQ,422710,234623,55.50
20,33,364D291026,TB,500,500,100.00
20,34,3BBLACKBIO,EQ,45446,22412,49.32
20,35,3MINDIA,EQ,2422,895,36.95
20,36,3PLAND,EQ,2074,1243,59.93
20,37,574GS2026,GS,91,91,100.00
20,38,5PAISA,EQ,16145,9269,57.41
20,39,603GS2029,GS,400,400,100.00
20,40,610GS2031,GS,1,1,100.00
20,41,620GS2029,GS,24240,23900,98.60
20,42,636GS2031,GS,44000,44000,100.00
20,43,63MOONS,EQ,242493,96845,39.94
20,44,653CG28,SG,100,100,100.00
20,45,654GS2032,GS,868,868,100.00
20,46,657GS2033A,GS,2000,2000,100.00
20,47,667GS2050,GS,5,5,100.00
20,48,668GS2033,GS,200,200,100.00
20,49,668GS2040,GS,1913,1913,100.00
20,50,672KL27,SG,100,100,100.00
20,51,675GS2029,GS,3100,3100,100.00
20,52,676GS2061,GS,229769,208764,90.86
20,53,679GS2031,GS,100,100,100.00
20,54,679GS2034,GS,50,50,100.00
20,55,690GS2065,GS,17822,17818,99.98
20,56,694GS2036,GS,1102,1100,99.82
20,57,695GS2061,GS,35,35,100.00
20,58,698GR2054,GS,2,2,100.00
20,59,702GS2027,GS,152,152,100.00
20,60,705PFCL41,NA,1,1,100.00
20,61,706GS2028,GS,17000,17000,100.00
20,62,706GS2041,GS,5110,5110,100.00
20,63,706GS2046,GS,2,2,100.00
20,64,709GS2054,GS,34619,34377,99.30
20,65,709GS2074,GS,12819,12774,99.65
20,66,710GS2029,GS,8348,8248,98.80
20,67,717TCHFL30,N0,1,1,100.00
20,68,718GS2037,GS,44624,44620,99.99
20,69,71GS2034,GS,102,100,98.04
20,70,723GS2039,GS,50,50,100.00
20,71,724GS2055,GS,43552,43552,100.00
20,72,725GS2063,GS,892960,851895,95.40
20,73,726GS2032,GS,15470,15470,100.00
20,74,728NTPC30B,N9,1,1,100.00
20,75,730PFCL41,NC,26,26,100.00
20,76,732GS2030,GS,100,100,100.00
20,77,733GS2026,GS,2747,2747,100.00
20,78,734GS2064,GS,59157,58157,98.31
20,79,736GS2052,GS,1083,1041,96.12
20,80,737NTPC35C,NA,38,38,100.00
20,81,738GS2027,GS,30029,29415,97.96
20,82,73GS2053,GS,25813,25738,99.71
20,83,741GS2036,GS,2030,2030,100.00
20,84,742TN34A,SG,700,700,100.00
20,85,743GJ27,SG,100,100,100.00
20,86,743GS2076,GS,372532,371931,99.84
20,87,743REC35,NH,115,115,100.00
20,88,745TS48,SG,100,100,100.00
20,89,746GS2073,GS,1701,1701,100.00
20,90,747HP33,SG,100,100,100.00
20,91,747PN32,SG,2200,2200,100.00
20,92,74GS2062,GS,1019,1019,100.00
20,93,750GS2056,GS,198,198,100.00
20,94,753IRFC30,NJ,1449,1449,100.00
20,95,754GS2036,GS,357450,347251,97.15
20,96,755MH34,SG,200,200,100.00
20,97,764IRFC31,NO,2786,2786,100.00
20,98,764NABAR31,N2,477,477,100.00
20,99,765TN30,SG,100,100,100.00
20,100,765TS49,SG,100,100,100.00
20,101,769HUDCO31,N9,758,758,100.00
20,102,769NHAI31,NE,643,643,100.00
20,103,76NHAI31,NA,3,2,66.67
20,104,771GS2066,GS,3484,3390,97.30
20,105,773BR39,SG,200,200,100.00
20,106,774AP36A,SG,300,300,100.00
20,107,774IREDA31,N7,607,607,100.00
20,108,774RJ34,SG,100,100,100.00
20,109,779PN38,SG,400,200,50.00
20,110,781RJ49,SG,1000,1000,100.00
20,111,785AP40,SG,100,100,100.00
20,112,795GS2032,GS,10,10,100.00
20,113,79NHIT35,N1,2515,2150,85.49
20,114,79NHIT40,N2,1554,1427,91.83
20,115,79NHIT47,N3,191,111,58.12
20,116,807AP51,SG,100,100,100.00
20,117,810IRFC27,N2,4660,4330,92.92
20,118,812REC27,NI,1020,1020,100.00
20,119,81TCHF28,N8,20,20,100.00
20,120,829PFL29,N6,25,25,100.00
20,121,82HUDCO27,N2,2869,2506,87.35
20,122,830NHAI27,N2,6008,4346,72.34
20,123,830PFCL27,N5,1120,1120,100.00
20,124,842IIFL26,NL,1241,1124,90.57
20,125,843IHFL29,NC,614,614,100.00
20,126,84TCHF28,NA,5,5,100.00
20,127,850CIFCL26,NE,27,27,100.00
20,128,852IIFL29,Y5,397,397,100.00
20,129,862AEL31,NM,156,116,74.36
20,130,865IIFL28,NS,197,197,100.00
20,131,865IRFC29,NA,291,291,100.00
20,132,865LTF26,NN,122,122,100.00
20,133,865SCL26,N8,41,41,100.00
20,134,865SCL27,N4,246,246,100.00
20,135,865TCAPS27,N8,286,258,90.21
20,136,871REC28,N9,2825,2815,99.65
20,137,875NHAI29,N6,227,200,88.11
20,138,876HUDCO28,ND,202,202,100.00
20,139,87LTF27,NH,200,200,100.00
20,140,880IREDA29,N5,349,199,57.02
20,141,885TCAPS29,NC,50,30,60.00
20,142,888IRFC29,NE,197,197,100.00
20,143,888REC29,NF,5,5,100.00
20,144,888SCL25E,N4,1286,1120,87.09
20,145,889SCL26,NS,25,25,100.00
20,146,890AEL31,NN,92,91,98.91
20,147,892NHPC33,N6,750,750,100.00
20,148,892PFCL33,N8,70,70,100.00
20,149,893NHB29,N6,10,10,100.00
20,150,895AEL27,N9,5,5,100.00
20,151,897GS2030,GS,50,50,100.00
20,152,897MOFSL29,N4,120,120,100.00
20,153,89IHFL29,N1,95,95,100.00
20,154,901HUDCO34,NE,365,255,69.86
20,155,901NHB34,N6,113,113,100.00
20,156,902SCL28,N1,22,22,100.00
20,157,910TCAP28,NA,1448,1426,98.48
20,158,915AEL28,NC,10,10,100.00
20,159,91D081026,TB,200,200,100.00
20,160,91D121126,TB,2900,1900,65.52
20,161,925ECL28,N2,5,5,100.00
20,162,925ISF28,N0,98,98,100.00
20,163,925ISF29,N0,11,11,100.00
20,164,925SCL2028,N8,100,100,100.00
20,165,92GS2030,GS,13881,9481,68.30
20,166,930AEL30,NF,57,57,100.00
20,167,930APMD32,N0,1,1,100.00
20,168,935PFL33,N3,74,74,100.00
20,169,935TSI29,N0,1,1,100.00
20,170,935TSIIC28,N0,4,4,100.00
20,171,948SCL26A,NN,23,11,47.83
20,172,948SCL27A,ZJ,86,86,100.00
20,173,950ISF27C,N0,5,5,100.00
20,174,956AEL29,N6,50,50,100.00
20,175,965AEL27,N4,1263,1250,98.97
20,176,965ISF28,N0,1,1,100.00
20,177,965SCL25C,N0,10,7,70.00
20,178,965SCL25F,NZ,50,50,100.00
20,179,96IIFL28,N5,503,503,100.00
20,180,96IIFL28A,NF,1094,1094,100.00
20,181,970CAGL28,ND,55,55,100.00
20,182,971SCL28A,NT,1,1,100.00
20,183,975SCL28,NT,10,10,100.00
20,184,985ECL28,NK,70,69,98.57
20,185,985SFIL28,NO,1,1,100.00
20,186,990SCL26B,Y7,20,20,100.00
20,187,990SCL27,YT,2,2,100.00
20,188,995SCL2035,NM,1,1,100.00
20,189,99AEL29,N7,290,280,96.55
20,190,9SCL26BA,NA,885,885,100.00
20,191,A2ZINFRA,EQ,482090,347891,72.16
20,192,AAATECH,EQ,31461,19746,62.76
20,193,AADHARHFC,EQ,121779,61436,50.45
20,194,AAKAAR,SM,6400,6400,100.00
20,195,AAKASH,EQ,63832,43704,68.47
20,196,AAREYDRUGS,EQ,379960,303372,79.84
20,197,AARON,EQ,6654,4106,61.71
20,198,AARTIDRUGS,EQ,59919,34007,56.75
20,199,AARTIIND,EQ,644631,298503,46.31
20,200,AARTIPHARM,EQ,278187,115783,41.62
20,201,AARVI,EQ,25356,19169,75.60
20,202,AASTHA,EQ,2379114,441827,18.57
20,203,AAVAS,EQ,348832,172610,49.48
20,204,ABANSENT,EQ,2791,2378,85.20
20,205,ABB,EQ,98513,42440,43.08
20,206,ABBOTINDIA,EQ,6550,3517,53.69
20,207,ABCAPITAL,EQ,1217070,559398,45.96
20,208,ABCOTS,EQ,6512,4798,73.68
20,209,ABDL,EQ,109318,56704,51.87
20,210,ABFRL,EQ,4611357,2532385,54.92
20,211,ABGSEC,EQ,14,12,85.71
20,212,ABHAPOWER,SM,4800,4800,100.00
20,213,ABLBL,EQ,252167,182823,72.50
20,214,ABMKNO,EQ,164,144,87.80
20,215,ABREL,EQ,81323,37490,46.10
20,216,ABSL10BANK,EQ,5367,3944,73.49
20,217,ABSLAMC,EQ,74281,43544,58.62
20,218,ABSLBANETF,EQ,21048,15572,73.98
20,219,ABSLLIQUID,EQ,1246,769,61.72
20,220,ABSLMSCIN,EQ,1100,1091,99.18
20,221,ABSLNN50ET,EQ,9554,7120,74.52
20,222,ABSLPSE,EQ,266913,191267,71.66
20,223,ABSMARINE,ST,84500,80500,95.27
20,224,ACC,EQ,65574,33542,51.15
20,225,ACCELYA,EQ,7211,4128,57.25
20,226,ACCENTMIC,SM,30500,18000,59.02
20,227,ACE,EQ,146229,67388,46.08
20,228,ACEINTEG,EQ,404,403,99.75
20,229,ACETEC,SM,46800,45600,97.44
20,230,ACGL,EQ,342,269,78.65
20,231,ACI,EQ,390477,272918,69.89
20,232,ACL,EQ,26615,19067,71.64
20,233,ACMESOLAR,EQ,1185544,542174,45.73
20,234,ACUTAAS,EQ,240776,117277,48.71
20,235,ADANIENSOL,EQ,1647674,797357,48.39
20,236,ADANIENT,EQ,530795,222535,41.92
20,237,ADANIGREEN,EQ,776595,271763,34.99
20,238,ADANIPORTS,EQ,3268356,2205146,67.47
20,239,ADANIPOWER,EQ,14256352,5195217,36.44
20,240,ADDICTIVE,SM,8500,8500,100.00
20,241,ADDIND,EQ,88,86,97.73
20,242,ADFFOODS,EQ,85375,27410,32.11
20,243,ADISOFT,SM,18400,16000,86.96
20,244,ADL,EQ,1056,873,82.67
20,245,ADOR,EQ,130736,57437,43.93
20,246,ADROITINFO,EQ,14489,10534,72.70
20,247,ADSL,EQ,87735,48569,55.36
20,248,ADVAIT,EQ,98198,52430,53.39
20,249,ADVANCE,EQ,282536,162063,57.36
20,250,ADVANIHOTR,EQ,55736,21422,38.43
20,251,ADVENTHTL,EQ,333397,121188,36.35
20,252,ADVENZYMES,EQ,192573,109303,56.76
20,253,ADVIKCA,EQ,284503,236341,83.07
20,254,AEGISLOG,EQ,263570,126379,47.95
20,255,AEGISVOPAK,EQ,588121,248904,42.32
20,256,AEL120924A,N5,38,38,100.00
20,257,AEL120924B,N8,80,80,100.00
20,258,AEL170725A,NG,11,11,100.00
20,259,AEL17725,NA,12,12,100.00
20,260,AEPL,EQ,15835,11550,72.94
20,261,AEQUS,EQ,1329838,647534,48.69
20,262,AEROENTER,EQ,930558,465866,50.06
20,263,AEROFLEX,EQ,2093610,652085,31.15
20,264,AERON,SM,14000,10000,71.43
20,265,AERONEU,EQ,3586,1377,38.40
20,266,AEROPLANE,EQ,179790,103189,57.39
20,267,AESTHETIK,SM,13000,9000,69.23
20,268,AETHER,EQ,443550,221336,49.90
20,269,AFCONS,EQ,728796,209918,28.80
20,270,AFFLE,EQ,133536,62736,46.98
20,271,AFIL,EQ,383110,292351,76.31
20,272,AFSL,EQ,19645,14722,74.94
20,273,AGARIND,EQ,15795,10447,66.14
20,274,AGARWALEYE,EQ,663188,353021,53.23
20,275,AGARWALFT,SM,4500,4500,100.00
20,276,AGARWALTUF,SM,9600,4800,50.00
20,277,AGI,EQ,385938,168839,43.75
20,278,AGIIL,EQ,447958,101373,22.63
20,279,AGL,EQ,1366639,812235,59.43
20,280,AGRITECH,EQ,1874,1274,67.98
20,281,AGROPHOS,EQ,15966,12124,75.94
20,282,AGUL,SM,2000,2000,100.00
20,283,AHCL,EQ,15441669,5647592,36.57
20,284,AHLADA,EQ,4759,3589,75.42
20,285,AHLEAST,EQ,3751,2355,62.78
20,286,AHLUCONT,EQ,80833,56476,69.87
20,287,AIAENG,EQ,33928,17020,50.17
20,288,AIIL,EQ,114584,51521,44.96
20,289,AILIMITED,SM,3000,3000,100.00
20,290,AIMTRON,SM,26200,21200,80.92
20,291,AIRAN,EQ,58965,37982,64.41
20,292,AIROLAM,EQ,1901,1728,90.90
20,293,AJANTPHARM,EQ,39913,20939,52.46
20,294,AJAXENGG,EQ,35790,19675,54.97
20,295,AJMERA,EQ,497791,237588,47.73
20,296,AJOONI,EQ,108907,90395,83.00
20,297,AKANKSHA,SM,3000,3000,100.00
20,298,AKASH,EQ,4053,3611,89.09
20,299,AKCAPIT,EQ,3268,2266,69.34
20,300,AKG,EQ,2096,1897,90.51
20,301,AKI,EQ,85878,57692,67.18
20,302,AKIKO,SM,8000,4800,60.00
20,303,AKSHAR,EQ,834403,531247,63.67
20,304,AKUMS,EQ,408016,241675,59.23
20,305,ALANKIT,EQ,107670,91492,84.97
20,306,ALBERTDAVD,EQ,20164,8378,41.55
20,307,ALCODIS,SM,625,625,100.00
20,308,ALEMBICLTD,EQ,645251,326197,50.55
20,309,ALFREDHE,EQ,8,7,87.50
20,310,ALGOQUANT,EQ,1028546,143144,13.92
20,311,ALICON,EQ,14703,8363,56.88
20,312,ALIVUS,EQ,51812,29405,56.75
20,313,ALKEM,EQ,231100,154134,66.70
20,314,ALKYLAMINE,EQ,43006,17421,40.51
20,315,ALLCARGO,EQ,21895655,6508056,29.72
20,316,ALLDIGI,EQ,3998,1717,42.95
20,317,ALLETEC,ST,14000,13600,97.14
20,318,ALLTIME,EQ,111080,70598,63.56
20,319,ALMONDZ,EQ,774739,478815,61.80
20,320,ALOKINDS,EQ,85131255,41767754,49.06
20,321,ALPA,EQ,21708,11226,51.71
20,322,ALPEXSOLAR,SM,22800,16700,73.25
20,323,ALPHA,EQ,785101,541560,68.98
20,324,ALPHAETF,EQ,260843,189689,72.72
20,325,ALPINETEX,EQ,201803,82876,41.07
20,326,ALPL30IETF,EQ,337375,167787,49.73
20,327,ALUFLUOR,EQ,17315,14518,83.85
20,328,ALUWIND,SM,6000,4500,75.00
20,329,AMAGI,EQ,184757,79345,42.95
20,330,AMAL,EQ,10626,6149,57.87
20,331,AMARJOTHI,EQ,377,359,95.23
20,332,AMBAAUTO,SM,3000,3000,100.00
20,333,AMBER,EQ,271368,85199,31.40
20,334,AMBICAAGAR,EQ,697,471,67.58
20,335,AMBIKCO,EQ,9146,4476,48.94
20,336,AMBUJACEM,EQ,2152464,1175009,54.59
20,337,AMCL,SM,1200,400,33.33
20,338,AMDIND,EQ,5977,4812,80.51
20,339,AMEYA,SM,9000,9000,100.00
20,340,AMJLAND,EQ,1890,1594,84.34
20,341,AMNPLST,EQ,3545,2019,56.95
20,342,AMRUTANJAN,EQ,67238,33864,50.36
20,343,ANANDRATHI,EQ,418905,215886,51.54
20,344,ANANTAM,IV,9820,8790,89.51
20,345,ANANTRAJ,EQ,616038,255024,41.40
20,346,ANAWIL,SM,191200,120400,62.97
20,347,ANDHRAPAP,EQ,136218,89907,66.00
20,348,ANDHRSUGAR,EQ,610078,196467,32.20
20,349,ANDREWYU,EQ,101147,80697,79.78
20,350,ANGELONE,EQ,2866743,968102,33.77
20,351,ANIKINDS,EQ,8384,7784,92.84
20,352,ANLON,SM,2400,2400,100.00
20,353,ANMOL,EQ,38369,32495,84.69
20,354,ANNAPURNA,EQ,51186,26546,51.86
20,355,ANONDITA,SM,55400,35600,64.26
20,356,ANSALBU,EQ,10639,8776,82.49
20,357,ANTELOPUS,EQ,43078,20378,47.30
20,358,ANTGRAPHIC,EQ,1307534,850808,65.07
20,359,ANTHEM,EQ,375323,199117,53.05
20,360,ANUHPHR,EQ,141578,81909,57.85
20,361,ANUP,EQ,21172,11411,53.90
20,362,ANURAS,EQ,132636,97072,73.19
20,363,ANYA,SM,10000,5000,50.00
20,364,AONEGOLD,EQ,288491,106896,37.05
20,365,AONELIQUID,EQ,10046,6322,62.93
20,366,AONENIFTY,EQ,189083,161640,85.49
20,367,AONESILVER,EQ,321987,181044,56.23
20,368,AONETMMQ50,EQ,119934,106772,89.03
20,369,AONETOTAL,EQ,193160,114663,59.36
20,370,APARINDS,EQ,120837,47239,39.09
20,371,APCL,EQ,10017,8720,87.05
20,372,APCOTEXIND,EQ,118722,61397,51.71
20,373,APEX,EQ,67352,26836,39.84
20,374,APEXECO,ST,4800,4800,100.00
20,375,APLAPOLLO,EQ,1037530,570704,55.01
20,376,APLLTD,EQ,89882,61612,68.55
20,377,APOLLO,EQ,3217421,1195843,37.17
20,378,APOLLOHOSP,EQ,311286,170746,54.85
20,379,APOLLOPIPE,EQ,204371,78862,38.59
20,380,APOLLOTYRE,EQ,836372,361413,43.21
20,381,APOLSINHOT,EQ,553,425,76.85
20,382,APRAMEYA,SM,8000,7500,93.75
20,383,APS,SM,15000,10500,70.00
20,384,APSISAERO,ST,20400,19200,94.12
20,385,APTUS,EQ,324345,160630,49.52
20,386,AQYLON,EQ,1075974,813955,75.65
20,387,ARABIAN,SM,12000,10000,83.33
20,388,ARCHIDPLY,EQ,49263,23521,47.75
20,389,ARCHIES,EQ,10149,7843,77.28
20,390,ARCIIL,SM,31000,26000,83.87
20,391,ARCL,EQ,114,112,98.25
20,392,ARDEE,EQ,6521624,2287089,35.07
20,393,ARE&M,EQ,567121,192636,33.97
20,394,ARENTERP,EQ,634,368,58.04
20,395,ARFIN,EQ,964118,56124,5.82
20,396,ARHAM,SM,53000,30000,56.60
20,397,ARIES,EQ,54489,22300,40.93
20,398,ARIHANT,EQ,1298,861,66.33
20,399,ARIHANTCAP,EQ,192228,80303,41.77
20,400,ARIHANTSUP,EQ,8417,5694,67.65
20,401,ARIS,EQ,5643850,2270282,40.23
20,402,ARKADE,EQ,140894,64984,46.12
20,403,ARMANFIN,EQ,50932,32670,64.14
20,404,ARMOUR,ST,2000,2000,100.00
20,405,AROGRANITE,EQ,6645,5701,85.79
20,406,ARSSBL,EQ,128495,87751,68.29
20,407,ARTEMISMED,EQ,123988,65541,52.86
20,408,ARTNIRMAN,EQ,1005,991,98.61
20,409,ARUNAYA,SM,6000,6000,100.00
20,410,ARVEE,EQ,823,315,38.27
20,411,ARVIND,EQ,760011,474820,62.48
20,412,ARVINDFASN,EQ,173596,108238,62.35
20,413,ARVINDPORT,SM,45000,42000,93.33
20,414,ARVSMART,EQ,88204,37161,42.13
20,415,ARYAMAN,EQ,709,552,77.86
20,416,ASAHIINDIA,EQ,172883,83199,48.12
20,417,ASAL,EQ,10947,5514,50.37
20,418,ASALCBR,EQ,12716,8378,65.89
20,419,ASHAPURMIN,EQ,220503,106105,48.12
20,420,ASHIANA,EQ,23913,13735,57.44
20,421,ASHIMASYN,EQ,46088,32850,71.28
20,422,ASHOKA,EQ,294687,170699,57.93
20,423,ASHOKAMET,EQ,17883,13793,77.13
20,424,ASHOKLEY,EQ,11814260,5621558,47.58
20,425,ASHWINI,SM,3000,3000,100.00
20,426,ASIANENE,EQ,701493,281661,40.15
20,427,ASIANHOTNR,EQ,98958,95641,96.65
20,428,ASIANPAINT,EQ,482544,254843,52.81
20,429,ASIANTILES,EQ,2511054,1209780,48.18
20,430,ASIANTNE,EQ,58850,46685,79.33
20,431,ASKAUTOLTD,EQ,416555,143480,34.44
20,432,ASPINWALL,EQ,1933,1512,78.22
20,433,ASPIRE,SM,4000,4000,100.00
20,434,ASSAMENT,EQ,172,65,37.79
20,435,ASTAR,EQ,75,46,61.33
20,436,ASTEC,EQ,25129,16687,66.41
20,437,ASTERDM,EQ,1768713,1097585,62.06
20,438,ASTRAL,EQ,700559,428298,61.14
20,439,ASTRAMICRO,EQ,242127,107727,44.49
20,440,ASTRAZEN,EQ,2651,1400,52.81
20,441,ATALREAL,EQ,13592636,2512854,18.49
20,442,ATAM,EQ,17108,9196,53.75
20,443,ATCENERGY,ST,1200,1200,100.00
20,444,ATGL,EQ,302887,133444,44.06
20,445,ATHERENERG,EQ,14538878,2772116,19.07
20,446,ATL,EQ,534798,296945,55.52
20,447,ATLANTAA,EQ,37210,28214,75.82
20,448,ATLANTAELE,EQ,128412,60492,47.11
20,449,ATLASCYCLE,EQ,3218,3134,97.39
20,450,ATLPP,E1,7690,7069,91.92
20,451,ATMASTCO,SM,10800,8000,74.07
20,452,ATUL,EQ,28383,17588,61.97
20,453,ATULAUTO,EQ,49107,24737,50.37
20,454,AUBANK,EQ,871951,462845,53.08
20,455,AURIONPRO,EQ,204145,117405,57.51
20,456,AUROPHARMA,EQ,484381,230798,47.65
20,457,AURUM,EQ,107260,71236,66.41
20,458,AURUS,EQ,25000,13240,52.96
20,459,AUSOMENT,EQ,5076,4877,96.08
20,460,AUSTENG,EQ,1859,1300,69.93
20,461,AUTOAXLES,EQ,1988,1027,51.66
20,462,AUTOBEES,EQ,168372,87629,52.04
20,463,AUTOIETF,EQ,449966,228863,50.86
20,464,AUTOIND,EQ,70443,49851,70.77
20,465,AVADHSUGAR,EQ,170865,71737,41.98
20,466,AVALON,EQ,239819,76136,31.75
20,467,AVANA,ST,10000,10000,100.00
20,468,AVANCE,EQ,2849676,1495955,52.50
20,469,AVANTEL,EQ,369537,186489,50.47
20,470,AVANTIFEED,EQ,415922,176750,42.50
20,471,AVIANSH,SM,8000,7000,87.50
20,472,AVIENCE,SM,23400,15000,64.10
20,473,AVL,EQ,220999,149105,67.47
20,474,AVONMORE,EQ,145925,127772,87.56
20,475,AVPINFRA,SM,43200,23200,53.70
20,476,AVROIND,EQ,547964,362472,66.15
20,477,AVTNPL,EQ,141293,87338,61.81
20,478,AWFIS,EQ,409033,227085,55.52
20,479,AWHCL,EQ,44715,20728,46.36
20,480,AWL,EQ,1135382,569256,50.14
20,481,AXISBANK,EQ,3243469,2206690,68.03
20,482,AXISCADES,EQ,101508,44888,44.22
20,483,AXITA,EQ,1263568,721330,57.09
20,484,AXTEL,EQ,3424,2946,86.04
20,485,AYE,EQ,8919813,2078305,23.30
20,486,AYMSYNTEX,EQ,65947,34905,52.93
20,487,AZAD,EQ,401279,136548,34.03
20,488,AZADIND,EQ,49897,20452,40.99
20,489,BABAFP,SM,9600,6400,66.67
20,490,BAGDIGITAL,SM,8000,8000,100.00
20,491,BAGFILMS,EQ,51030,33360,65.37
20,492,BAGMANE,RR,294711,256872,87.16
20,493,BAHETI,SM,20250,10125,50.00
20,494,BAIDFIN,EQ,43620,37329,85.58
20,495,BAJAJ-AUTO,EQ,262591,114929,43.77
20,496,BAJAJCON,EQ,1407453,600088,42.64
20,497,BAJAJELEC,EQ,131210,59634,45.45
20,498,BAJAJFINSV,EQ,466703,230404,49.37
20,499,BAJAJHCARE,EQ,36072,16549,45.88
20,500,BAJAJHFL,EQ,1693097,1090951,64.44
20,501,BAJAJHIND,EQ,51508959,7277679,14.13
20,502,BAJAJHLDNG,EQ,31945,12222,38.26
20,503,BAJAJINDEF,EQ,11019,6560,59.53
20,504,BAJAJST,EQ,18018,12529,69.54
20,505,BAJEL,EQ,194797,99136,50.89
20,506,BAJFINANCE,EQ,4554311,2822874,61.98
20,507,BALAJEE,EQ,25967,20599,79.33
20,508,BALAJITELE,EQ,52835,30283,57.32
20,509,BALAMINES,EQ,124958,42787,34.24
20,510,BALAXI,EQ,13533,10888,80.46
20,511,BALKRISHNA,EQ,16299,14649,89.88
20,512,BALKRISIND,EQ,755064,583022,77.21
20,513,BALMLAWRIE,EQ,116790,76463,65.47
20,514,BALPHARMA,EQ,6199,5307,85.61
20,515,BALRAMCHIN,EQ,2100532,338990,16.14
20,516,BALUFORGE,EQ,1441287,395203,27.42
20,517,BANARBEADS,EQ,3807,2365,62.12
20,518,BANARISUG,EQ,8682,2196,25.29
20,519,BANCOINDIA,EQ,55866,28301,50.66
20,520,BANDHANBNK,EQ,3469922,1618290,46.64
20,521,BANG,EQ,279802,224130,80.10
20,522,BANK10ADD,EQ,23809,18926,79.49
20,523,BANK10BETF,EQ,1494,1435,96.05
20,524,BANKA,EQ,283,161,56.89
20,525,BANKADD,EQ,5670,3431,60.51
20,526,BANKBARODA,EQ,3571651,1674359,46.88
20,527,BANKBEES,EQ,526937,378219,71.78
20,528,BANKBETA,EQ,1102472,1085531,98.46
20,529,BANKBETF,EQ,246198,240947,97.87
20,530,BANKETF,EQ,13548,6319,46.64
20,531,BANKIETF,EQ,862614,632510,73.32
20,532,BANKINDIA,EQ,4694456,2717033,57.88
20,533,BANKNIFTY1,EQ,1030739,888478,86.20
20,534,BANKPSU,EQ,9490,4521,47.64
20,535,BANSALWIRE,EQ,23351,12583,53.89
20,536,BANSWRAS,EQ,26728,15022,56.20
20,537,BARFLEX,SM,24000,22000,91.67
20,538,BASF,EQ,7730,3815,49.35
20,539,BASILIC,SM,4500,2700,60.00
20,540,BATAINDIA,EQ,80053,41076,51.31
20,541,BATLIBOI,EQ,35076,18949,54.02
20,542,BAWEJA,ST,16000,15200,95.00
20,543,BAYERCROP,EQ,12947,8372,64.66
20,544,BBETF0432,EQ,2622,2348,89.55
20,545,BBL,EQ,12187,7901,64.83
20,546,BBNPNBETF,EQ,71,70,98.59
20,547,BBNPPGOLD,EQ,2251,1169,51.93
20,548,BBOX,EQ,139959,56811,40.59
20,549,BBTC,EQ,627788,75557,12.04
20,550,BBTCL,EQ,4480,2440,54.46
20,551,BCG,EQ,2448110,1442345,58.92
20,552,BCLIND,EQ,402479,211217,52.48
20,553,BCONCEPTS,EQ,9226,5880,63.73
20,554,BCPL,EQ,6526,5126,78.55
20,555,BDL,EQ,1589088,701908,44.17
20,556,BEACON,SM,18000,17000,94.44
20,557,BEARDSELL,EQ,15836,11773,74.34
20,558,BECTORFOOD,EQ,1011561,422736,41.79
20,559,BEDMUTHA,EQ,2412,2233,92.58
20,560,BEEKAY,EQ,6911,6698,96.92
20,561,BEL,EQ,8025382,4749950,59.19
20,562,BELLACASA,EQ,9120,6402,70.20
20,563,BELRISE,EQ,3131483,1419547,45.33
20,564,BEML,EQ,494559,211205,42.71
20,565,BENARAS,EQ,167,164,98.20
20,566,BENGALASM,EQ,462,407,88.10
20,567,BEPL,EQ,979785,391190,39.93
20,568,BERGEPAINT,EQ,149998,93076,62.05
20,569,BESTAGRO,EQ,265082,131589,49.64
20,570,BETA,EQ,16090,7791,48.42
20,571,BEWLTD,SM,29000,26000,89.66
20,572,BFINVEST,EQ,9810,6090,62.08
20,573,BFSI,EQ,78704,46870,59.55
20,574,BFUTILITIE,EQ,49622,23902,48.17
20,575,BHADORA,ST,21600,18000,83.33
20,576,BHAGCHEM,EQ,90077,51748,57.45
20,577,BHAGYANGR,EQ,81903,44326,54.12
20,578,BHANDARI,EQ,90135,68035,75.48
20,579,BHARATCOAL,EQ,2950662,1464345,49.63
20,580,BHARATFORG,EQ,362775,162296,44.74
20,581,BHARATRAS,EQ,11614,7243,62.36
20,582,BHARATSE,EQ,130053,65929,50.69
20,583,BHARATWIRE,EQ,83316,36411,43.70
20,584,BHARTIARTL,EQ,6106300,4105854,67.24
20,585,BHARTIHEXA,EQ,104940,52885,50.40
20,586,BHEL,EQ,5837847,2108829,36.12
20,587,BIGBLOC,EQ,50587,33751,66.72
20,588,BIKAJI,EQ,244238,124957,51.16
20,589,BIKEWO,ST,32000,32000,100.00
20,590,BIL,EQ,21683,17157,79.13
20,591,BIMETAL,EQ,2388,2106,88.19
20,592,BIOCON,EQ,2187557,1122493,51.31
20,593,BIOFILCHEM,EQ,4186,3420,81.70
20,594,BIOPOL,SM,270000,177600,65.78
20,595,BIRET,RR,194045,165893,85.49
20,596,BIRLACORPN,EQ,32452,19719,60.76
20,597,BIRLAMONEY,EQ,24071,16385,68.07
20,598,BIRLANU,EQ,6565,3495,53.24
20,599,BIRLAPREC,EQ,222244,147375,66.31
20,600,BLACKBUCK,EQ,164649,74622,45.32
20,601,BLAL,EQ,28314,23215,81.99
20,602,BLBLIMITED,EQ,88700,66522,75.00
20,603,BLEL,EQ,1468288,320210,21.81
20,604,BLIL,EQ,52904,44534,84.18
20,605,BLKASHYAP,EQ,2938216,1143099,38.90
20,606,BLS,EQ,890636,382619,42.96
20,607,BLSE,EQ,641255,333773,52.05
20,608,BLUECHIP,EQ,11621,11621,100.00
20,609,BLUECLOUDS,EQ,3212056,1506472,46.90
20,610,BLUEDART,EQ,3660,1826,49.89
20,611,BLUEJET,EQ,378817,220023,58.08
20,612,BLUEPEBBLE,SM,10400,6000,57.69
20,613,BLUESTARCO,EQ,292190,117571,40.24
20,614,BLUESTONE,EQ,277657,77478,27.90
20,615,BLUEWATER,ST,24000,24000,100.00
20,616,BLUSPRING,EQ,429364,200738,46.75
20,617,BMETRICS,SM,3200,3200,100.00
20,618,BMLL,SM,21000,20000,95.24
20,619,BMWVENTLTD,EQ,39438,22977,58.26
20,620,BNAGROCHEM,EQ,22675,18291,80.67
20,621,BNKETFAXIS,EQ,3459,3417,98.79
20,622,BOHRAIND,EQ,31336,19542,62.36
20,623,BOMDYEING,EQ,1343633,383401,28.53
20,624,BONLON,EQ,21445,16974,79.15
20,625,BORANA,EQ,12087,7604,62.91
20,626,BOROLTD,EQ,651151,329766,50.64
20,627,BORORENEW,EQ,988158,631061,63.86
20,628,BOROSCI,EQ,36344,21711,59.74
20,629,BOSCH-HCIL,EQ,17547,7556,43.06
20,630,BOSCHLTD,EQ,26114,12810,49.05
20,631,BOSS,SM,6000,4000,66.67
20,632,BPCL,EQ,4733069,2597755,54.89
20,633,BPL,EQ,36901,22224,60.23
20,634,BPLPHARMA,EQ,936,589,62.93
20,635,BRACEPORT,SM,6400,6400,100.00
20,636,BRAHMINFRA,EQ,15733,9155,58.19
20,637,BRANDMAN,SM,10400,9600,92.31
20,638,BRIGADE,EQ,249374,103283,41.42
20,639,BRIGHOTEL,EQ,74934,49438,65.98
20,640,BRIGHTBR,EQ,1113,1008,90.57
20,641,BRITANNIA,EQ,246611,161761,65.59
20,642,BRNL,EQ,9562,5001,52.30
20,643,BSE,EQ,4774200,2399729,50.26
20,644,BSE500IETF,EQ,53181,32313,60.76
20,645,BSHSL,EQ,8443,6671,79.01
20,646,BSL,EQ,1236,1025,82.93
20,647,BSLGOLDETF,EQ,222269,95386,42.91
20,648,BSLNIFTY,EQ,832664,560832,67.35
20,649,BSLSENETFG,EQ,1259,945,75.06
20,650,BSOFT,EQ,3235524,1140417,35.25
20,651,BTML,EQ,374591,317793,84.84
20,652,BUILDPRO,EQ,18107,11773,65.02
20,653,BURNPUR,EQ,494712,208255,42.10
20,654,BUTTERFLY,EQ,26089,10636,40.77
20,655,BVCL,EQ,161651,73404,45.41
20,656,C2C,SM,42900,30150,70.28
20,657,CADSYS,ST,2500,2500,100.00
20,658,CALSOFT,EQ,90695,90695,100.00
20,659,CAMLINFINE,EQ,655783,345243,52.65
20,660,CAMPUS,EQ,428622,200126,46.69
20,661,CAMS,EQ,3420858,1704568,49.83
20,662,CANARYS,SM,120000,80000,66.67
20,663,CANBK,EQ,13970144,6949480,49.75
20,664,CANFINHOME,EQ,225609,138955,61.59
20,665,CANHLIFE,EQ,1161040,682418,58.78
20,666,CANTABIL,EQ,36886,24852,67.38
20,667,CAPACITE,EQ,385660,157193,40.76
20,668,CAPILLARY,EQ,81204,39279,48.37
20,669,CAPINVIT,IV,292849,250469,85.53
20,670,CAPITALSFB,EQ,13245,9238,69.75
20,671,CAPLIPOINT,EQ,47400,20572,43.40
20,672,CARBORUNIV,EQ,85151,35749,41.98
20,673,CARERATING,EQ,27594,17494,63.40
20,674,CARRARO,EQ,518886,418306,80.62
20,675,CARTRADE,EQ,205402,92317,44.94
20,676,CARYSIL,EQ,36105,18511,51.27
20,677,CASHIETF,EQ,115599,88851,76.86
20,678,CASTROLIND,EQ,848396,580409,68.41
20,679,CCAVENUE,EQ,6373496,3079930,48.32
20,680,CCCL,EQ,268918,219270,81.54
20,681,CCHHL,EQ,7905,6953,87.96
20,682,CCL,EQ,131036,87065,66.44
20,683,CDSL,EQ,1052357,392124,37.26
20,684,CEATLTD,EQ,33013,13844,41.93
20,685,CEIGALL,EQ,624378,372176,59.61
20,686,CEINSYS,EQ,29948,16146,53.91
20,687,CELEBRITY,EQ,7244,4584,63.28
20,688,CELLECOR,SM,240000,186000,77.50
20,689,CELLO,EQ,156223,71760,45.93
20,690,CELLPOINT,SM,1200,1200,100.00
20,691,CEMNTGROWW,EQ,56947,44368,77.91
20,692,CEMPRO,EQ,129496,75426,58.25
20,693,CENTENKA,EQ,20796,12537,60.29
20,694,CENTEXT,EQ,99676,58449,58.64
20,695,CENTRALBK,EQ,6429357,3492687,54.32
20,696,CENTRUM,EQ,139773,85456,61.14
20,697,CENTUM,EQ,25905,12378,47.78
20,698,CENTURYPLY,EQ,81308,63653,78.29
20,699,CERA,EQ,7189,3871,53.85
20,700,CESC,EQ,1728235,1146181,66.32
20,701,CEWATER,EQ,94109,51465,54.69
20,702,CFEL,EQ,17757,17649,99.39
20,703,CGCL,EQ,29680127,10685140,36.00
20,704,CGPOWER,EQ,2230616,979543,43.91
20,705,CGRAPHICS,SM,23200,16800,72.41
20,706,CGVAK,EQ,4564,3280,71.87
20,707,CHALET,EQ,204227,74564,36.51
20,708,CHAMBLFERT,EQ,336671,206912,61.46
20,709,CHAMUNDA,SM,9000,9000,100.00
20,710,CHANDAN,SM,45600,31200,68.42
20,711,CHAVDA,SM,131000,55000,41.98
20,712,CHEMBOND,EQ,7183,5453,75.92
20,713,CHEMCRUX,EQ,2359,2073,87.88
20,714,CHEMFAB,EQ,3184,2599,81.63
20,715,CHEMICAL,EQ,162213,84444,52.06
20,716,CHEMPLASTS,EQ,993182,427865,43.08
20,717,CHENNPETRO,EQ,690557,231657,33.55
20,718,CHETANA,SM,3200,3200,100.00
20,719,CHEVIOT,EQ,725,571,78.76
20,720,CHOICEGOLD,EQ,4970,2093,42.11
20,721,CHOICEIN,EQ,378490,86171,22.77
20,722,CHOLAFIN,EQ,803008,495428,61.70
20,723,CHOLAHLDNG,EQ,191026,120876,63.28
20,724,CIEINDIA,EQ,258053,158027,61.24
20,725,CIFCZC28,NH,560,560,100.00
20,726,CIFL,EQ,13146,11790,89.69
20,727,CINELINE,EQ,29265,27437,93.75
20,728,CINEVISTA,EQ,9025,7531,83.45
20,729,CIPLA,EQ,377976,236801,62.65
20,730,CITIUSINVT,IV,161816,149520,92.40
20,731,CKKRETAIL,SM,1600,1600,100.00
20,732,CLASSICEIL,SM,43200,24000,55.56
20,733,CLAYCRAFT,SM,13200,9000,68.18
20,734,CLEAN,EQ,253666,118102,46.56
20,735,CLEANMAX,EQ,224246,81744,36.45
20,736,CLSEL,EQ,80641,41783,51.81
20,737,CLSL,ST,22000,20000,90.91
20,738,CMLL,EQ,140467,70453,50.16
20,739,CMNL,SM,25500,23250,91.18
20,740,CMPDI,EQ,468417,225630,48.17
20,741,CMRGREEN,EQ,627825,354860,56.52
20,742,CMRSL,SM,3200,3200,100.00
20,743,CMSINFO,EQ,1254724,892896,71.16
20,744,CNL,EQ,68622,14683,21.40
20,745,COALINDIA,EQ,38504284,30565559,79.38
20,746,COASTCORP,EQ,38682,25166,65.06
20,747,COCHINSHIP,EQ,412702,170942,41.42
20,748,COCKERILL,EQ,2613,1610,61.62
20,749,COFORGE,EQ,5516587,1920059,34.81
20,750,COHANCE,EQ,272982,134795,49.38
20,751,COLPAL,EQ,283459,173919,61.36
20,752,COMFINTE,EQ,97517,70931,72.74
20,753,COMMITTED,SM,24000,20800,86.67
20,754,COMMOIETF,EQ,40558,26876,66.27
20,755,COMPEAU,EQ,1520,1205,79.28
20,756,COMPUSOFT,EQ,34546,20358,58.93
20,757,COMSYN,EQ,1058298,508241,48.02
20,758,CONCOR,EQ,4311023,1381739,32.05
20,759,CONCORDBIO,EQ,88034,40010,45.45
20,760,CONFIPET,EQ,1407583,605801,43.04
20,761,CONNPLEX,SM,20000,15200,76.00
20,762,CONS,EQ,23314,16601,71.21
20,763,CONSUMAXIS,EQ,2122,1068,50.33
20,764,CONSUMBEES,EQ,95453,57493,60.23
20,765,CONSUMER,EQ,116527,96465,82.78
20,766,CONSUMIETF,EQ,6108,3381,55.35
20,767,CONTI,SM,273306,273306,100.00
20,768,CONTROLPR,EQ,31181,20540,65.87
20,769,COOLCAPS,ST,58750,50000,85.11
20,770,CORALFINAC,EQ,19686,9142,46.44
20,771,CORDELIA,EQ,4082279,2364836,57.93
20,772,COROMANDEL,EQ,115794,61106,52.77
20,773,CORONA,EQ,10524,5289,50.26
20,774,COSMOFIRST,EQ,48392,24149,49.90
20,775,CPCAP,EQ,14367,8530,59.37
20,776,CPEDU,EQ,4888,4606,94.23
20,777,CPL,EQ,148670,22869,15.38
20,778,CPPLUS,EQ,138494,81554,58.89
20,779,CPS,SM,300,300,100.00
20,780,CPSEETF,EQ,981251,689898,70.31
20,781,CRAFTSMAN,EQ,70823,34647,48.92
20,782,CRAMC,EQ,179348,99736,55.61
20,783,CRAVATEX,EQ,25,25,100.00
20,784,CRAYONS,SM,3000,3000,100.00
20,785,CREATIVEYE,EQ,8732,7374,84.45
20,786,CREDENT,ST,86400,81000,93.75
20,787,CREDITACC,EQ,488002,227305,46.58
20,788,CREST,EQ,938,699,74.52
20,789,CRISIL,EQ,105229,52867,50.24
20,790,CRIZAC,EQ,149889,80173,53.49
20,791,CROMPTON,EQ,5656422,2092021,36.98
20,792,CROWN,EQ,4747,2330,49.08
20,793,CSBBANK,EQ,585124,242098,41.38
20,794,CSLFINANCE,EQ,43515,37734,86.71
20,795,CSM,EQ,40209,16950,42.15
20,796,CSSL,SM,5000,4000,80.00
20,797,CUB,EQ,1085352,504747,46.51
20,798,CUBEINVIT,IV,832226,814079,97.82
20,799,CUBEXTUB,EQ,40364,17489,43.33
20,800,CUDML,ST,39000,39000,100.00
20,801,CUMMINSIND,EQ,387326,238214,61.50
20,802,CUPID,EQ,15411651,4494850,29.17
20,803,CURAA,EQ,5,4,80.00
20,804,CURIS,SM,8000,8000,100.00
20,805,CURRENT,SM,1600,1600,100.00
20,806,CYBERMEDIA,EQ,11469,10322,90.00
20,807,CYIENT,EQ,2503595,808909,32.31
20,808,CYIENTDLM,EQ,817892,407213,49.79
20,809,DABUR,EQ,1925866,1235029,64.13
20,810,DAICHI,EQ,6004,5628,93.74
20,811,DALBHARAT,EQ,72320,36501,50.47
20,812,DALMIASUG,EQ,229150,76132,33.22
20,813,DAMCAPITAL,EQ,126736,72343,57.08
20,814,DANGEE,EQ,56001,31972,57.09
20,815,DANISH,SM,29850,23250,77.89
20,816,DATAMATICS,EQ,54584,21357,39.13
20,817,DATAPATTNS,EQ,302955,85215,28.13
20,818,DAVANGERE,EQ,50635098,24178599,47.75
20,819,DBCORP,EQ,41206,27745,67.33
20,820,DBL,EQ,71934,39288,54.62
20,821,DBOL,EQ,362310,164254,45.34
20,822,DBREALTY,EQ,1049285,600249,57.21
20,823,DCAL,EQ,253662,184861,72.88
20,824,DCBBANK,EQ,1702351,959496,56.36
20,825,DCCL,SM,4000,2000,50.00
20,826,DCG,SM,4800,3600,75.00
20,827,DCI,EQ,1492745,617021,41.33
20,828,DCMFINSERV,EQ,10587,4702,44.41
20,829,DCMNVL,EQ,22211,15021,67.63
20,830,DCMSHRIRAM,EQ,70239,35386,50.38
20,831,DCMSIL,EQ,50800,37698,74.21
20,832,DCMSRIND,EQ,126969,87124,68.62
20,833,DCW,EQ,981591,554938,56.53
20,834,DCXINDIA,EQ,591125,280145,47.39
20,835,DDEVPLSTIK,EQ,44046,26532,60.24
20,836,DECCANCE,EQ,23021,20798,90.34
20,837,DECCANTRAN,SM,10800,8400,77.78
20,838,DECNGOLD,EQ,1156406,512263,44.30
20,839,DEEDEV,EQ,454298,283644,62.44
20,840,DEEP,EQ,3406,2848,83.62
20,841,DEEPAKFERT,EQ,117367,55932,47.66
20,842,DEEPAKNTR,EQ,186904,94853,50.75
20,843,DEEPINDS,EQ,184232,67014,36.37
20,844,DEFENCE,EQ,302122,214479,70.99
20,845,DELAPLEX,SM,49200,26400,53.66
20,846,DELHIVERY,EQ,1426037,803906,56.37
20,847,DELTACORP,EQ,358522,166190,46.35
20,848,DELTAMAGNT,EQ,587,368,62.69
20,849,DELTIC,SM,3000,2000,66.67
20,850,DEN,EQ,193788,110724,57.14
20,851,DENEERS,SM,20400,13200,64.71
20,852,DENORA,EQ,1639,839,51.19
20,853,DENTA,EQ,54630,28077,51.39
20,854,DENTALKART,SM,7500,5000,66.67
20,855,DEVIT,EQ,25314,21550,85.13
20,856,DEVX,EQ,262973,216903,82.48
20,857,DEVYANI,EQ,2546557,720332,28.29
20,858,DGCONTENT,EQ,9947,7610,76.51
20,859,DHAMPURSUG,EQ,890434,259109,29.10
20,860,DHANBANK,EQ,500508,323396,64.61
20,861,DHANLAXMI,SM,4000,4000,100.00
20,862,DHANSA,SM,28000,24000,85.71
20,863,DHANUKA,EQ,27694,17569,63.44
20,864,DHARARAIL,ST,1000,1000,100.00
20,865,DHARIWAL,SM,111000,96000,86.49
20,866,DHARMAJ,EQ,20846,16642,79.83
20,867,DHATRE,EQ,19182,14263,74.36
20,868,DHOOTTRANS,EQ,2198048,428025,19.47
20,869,DHRUV,EQ,7212,6063,84.07
20,870,DHTL,SM,1600,1600,100.00
20,871,DHUNINV,EQ,2491,2040,81.89
20,872,DIAMINESQ,EQ,14898,7460,50.07
20,873,DIAMONDYD,EQ,11325,6109,53.94
20,874,DICIND,EQ,2697,1847,68.48
20,875,DIFFNKG,EQ,75646,50465,66.71
20,876,DIGIDRIVE,EQ,5144,4302,83.63
20,877,DIGIKORE,SM,443600,234800,52.93
20,878,DIGISPICE,EQ,51653,35030,67.82
20,879,DIGITIDE,EQ,357370,176821,49.48
20,880,DIGJAMLMTD,EQ,3184,2811,88.29
20,881,DISAQ,EQ,819,315,38.46
20,882,DISHTV,EQ,1605915,1090996,67.94
20,883,DIVGIITTS,EQ,114049,58773,51.53
20,884,DIVIDEND,EQ,33710,32154,95.38
20,885,DIVINEHIRA,ST,13200,7200,54.55
20,886,DIVISLAB,EQ,773225,452777,58.56
20,887,DIVOPPBEES,EQ,45047,15313,33.99
20,888,DIVYADHAN,ST,2000,2000,100.00
20,889,DIXON,EQ,223996,79354,35.43
20,890,DJML,EQ,212993,92913,43.62
20,891,DLF,EQ,1060004,457836,43.19
20,892,DLINKINDIA,EQ,54705,27176,49.68
20,893,DMART,EQ,276877,172060,62.14
20,894,DMCC,EQ,527305,135746,25.74
20,895,DNAMEDIA,EQ,35825,29778,83.12
20,896,DODLA,EQ,53044,39058,73.63
20,897,DOLATALGO,EQ,82639,55495,67.15
20,898,DOLLAR,EQ,73785,45605,61.81
20,899,DOLLEX,SM,32000,20000,62.50
20,900,DOLPHIN,EQ,47390,27719,58.49
20,901,DOMS,EQ,25988,16192,62.31
20,902,DONEAR,EQ,10670,9010,84.44
20,903,DPABHUSHAN,EQ,28136,16019,56.93
20,904,DPEL,SM,18500,11000,59.46
20,905,DRAGARWQ,EQ,780,360,46.15
20,906,DRCSYSTEMS,EQ,37580,23676,63.00
20,907,DREAMFOLKS,EQ,21252,12366,58.19
20,908,DREDGECORP,EQ,131251,58693,44.72
20,909,DRONE,SM,48000,36500,76.04
20,910,DRREDDY,EQ,682712,310093,45.42
20,911,DSSL,EQ,11157,8294,74.34
20,912,DTIL,EQ,32402,16661,51.42
20,913,DTL,SM,1200,1200,100.00
20,914,DUCOL,SM,4800,4800,100.00
20,915,DUCON,EQ,1573568,1341689,85.26
20,916,DUGLOBAL,SM,7500,7500,100.00
20,917,DURLAX,SM,322000,290000,90.06
20,918,DVL,EQ,18238,12218,66.99
20,919,DWARKESH,EQ,4452694,723954,16.26
20,920,DYCL,EQ,2566700,637096,24.82
20,921,DYNAMATECH,EQ,4340,1887,43.48
20,922,DYNAMIC,ST,1500,1500,100.00
20,923,DYNPRO,EQ,18143,11409,62.88
20,924,E2ERAIL,SM,33600,19200,57.14
20,925,EASEMYTRIP,EQ,8588475,4177927,48.65
20,926,EASTWEST,EQ,17311,13699,79.13
20,927,EBANK10,EQ,126,126,100.00
20,928,EBANKNIFTY,EQ,2684,1370,51.04
20,929,EBBETF0430,EQ,30958,30034,97.02
20,930,EBBETF0431,EQ,8631,8354,96.79
20,931,EBBETF0433,EQ,1034,876,84.72
20,932,EBGNG,EQ,1346148,525631,39.05
20,933,EBIX,EQ,108719,96679,88.93
20,934,ECAPINSURE,EQ,30336,22420,73.91
20,935,ECLERX,EQ,188636,67147,35.60
20,936,ECOLINE,ST,7000,7000,100.00
20,937,ECORECO,EQ,9337,6360,68.12
20,938,EDELWEISS,EQ,3373693,1624717,48.16
20,939,EEPL,SM,43000,28000,65.12
20,940,EFACTOR,SM,5200,3600,69.23
20,941,EFCIL,EQ,162859,85469,52.48
20,942,EFFWA,ST,28400,26400,92.96
20,943,EFORCE,SM,2400,1200,50.00
20,944,EGOLD,EQ,46623,31751,68.10
20,945,EICHERMOT,EQ,337007,190335,56.48
20,946,EIDPARRY,EQ,567851,175265,30.86
20,947,EIEL,EQ,296099,131438,44.39
20,948,EIHAHOTELS,EQ,6180,4433,71.73
20,949,EIHOTEL,EQ,52017,27095,52.09
20,950,EIMCOELECO,EQ,14369,6266,43.61
20,951,EKC,EQ,66898,37199,55.61
20,952,EKI,EQ,23089,17447,75.56
20,953,ELANTAS,EQ,927,616,66.45
20,954,ELCIDIN,EQ,5,4,80.00
20,955,ELDEHSG,EQ,1453,964,66.35
20,956,ELECON,EQ,259116,116751,45.06
20,957,ELECTCAST,EQ,3779745,1546747,40.92
20,958,ELECTHERM,EQ,9988,7843,78.52
20,959,ELGIEQUIP,EQ,1169585,633196,54.14
20,960,ELGIRUBCO,EQ,134200,49692,37.03
20,961,ELGNZ,SM,11000,8000,72.73
20,962,ELIN,EQ,965462,415289,43.01
20,963,ELIQUID,EQ,2494,2136,85.65
20,964,ELITECON,EQ,1116613,1070022,95.83
20,965,ELLEN,EQ,277761,152618,54.95
20,966,ELM250,EQ,97601,92370,94.64
20,967,ELMDIV,EQ,563,268,47.60
20,968,ELPROINTL,EQ,7211,5204,72.17
20,969,EMAMILTD,EQ,1065144,569429,53.46
20,970,EMAMIREAL,EQ,10252,7756,75.65
20,971,EMAPARTNER,SM,6000,5000,83.33
20,972,EMBASSY,RR,438338,354957,80.98
20,973,EMBDL,EQ,2970745,1346564,45.33
20,974,EMCURE,EQ,133174,81221,60.99
20,975,EMETAL,EQ,15808,15519,98.17
20,976,EMIL,EQ,724327,313295,43.25
20,977,EMKAY,EQ,77078,39867,51.72
20,978,EMKAYTOOLS,SM,1500,1500,100.00
20,979,EMMIL,SM,4500,4500,100.00
20,980,EMMVEE,EQ,737469,384023,52.07
20,981,EMPIND,EQ,3295,2534,76.90
20,982,EMPOWER,EQ,1655980,1655980,100.00
20,983,EMSLIMITED,EQ,86423,33675,38.97
20,984,EMUDHRA,EQ,121659,61787,50.79
20,985,EMULTIMQ,EQ,27075,15150,55.96
20,986,ENCOMPAS,SM,14800,14400,97.30
20,987,ENDURANCE,EQ,119626,76281,63.77
20,988,ENERGY,EQ,232113,199185,85.81
20,989,ENERGYDEV,EQ,19571,13176,67.32
20,990,ENEXT50,EQ,1292,1292,100.00
20,991,ENFUSE,SM,600,600,100.00
20,992,ENGINERSIN,EQ,4342151,1829391,42.13
20,993,ENIFTY,EQ,1045,731,69.95
20,994,ENIL,EQ,20428,13297,65.09
20,995,ENKEIWHEL,EQ,8474,8368,98.75
20,996,ENRIN,EQ,253686,140155,55.25
20,997,ENSER,SM,80000,60000,75.00
20,998,ENTERO,EQ,815739,386293,47.35
20,999,ENVIRO,SM,10000,8000,80.00
20,1000,EPACK,EQ,829652,384903,46.39
20,1001,EPACKPEB,EQ,394792,150142,38.03
20,1002,EPIGRAL,EQ,51366,24083,46.89
20,1003,EPL,EQ,1428390,618571,43.31
20,1004,EPWINDIA,ST,3600,3600,100.00
20,1005,EQUAL200,EQ,16273,13952,85.74
20,1006,EQUAL50,EQ,4997,3390,67.84
20,1007,EQUAL50ADD,EQ,5565,3075,55.26
20,1008,EQUITASBNK,EQ,898730,502752,55.94
20,1009,ERIS,EQ,86138,59397,68.96
20,1010,ESABINDIA,EQ,5270,2753,52.24
20,1011,ESCONET,SM,29600,22800,77.03
20,1012,ESCORTS,EQ,65907,25461,38.63
20,1013,ESENSEX,EQ,163,105,64.42
20,1014,ESFL,SM,18720,11160,59.62
20,1015,ESG,EQ,7927,5407,68.21
20,1016,ESILVER,EQ,192609,171292,88.93
20,1017,ESPRIT,SM,6400,6400,100.00
20,1018,ESSARSHPNG,EQ,153219,105488,68.85
20,1019,ESSENTIA,EQ,1512552,1326770,87.72
20,1020,ESTER,EQ,41734,25353,60.75
20,1021,ETERNAL,EQ,31385139,21646655,68.97
20,1022,ETHOSLTD,EQ,18140,8418,46.41
20,1023,ETL,SM,2700,1950,72.22
20,1024,ETML,SM,9600,7200,75.00
20,1025,EUREKAFORB,EQ,101179,53963,53.33
20,1026,EUROBOND,EQ,21463,19110,89.04
20,1027,EUROPRATIK,EQ,191858,17399,9.07
20,1028,EVEREADY,EQ,61683,39822,64.56
20,1029,EVIETF,EQ,137730,65691,47.70
20,1030,EVINDIA,EQ,263880,208033,78.84
20,1031,EXCELINDUS,EQ,7207,4351,60.37
20,1032,EXCELLENT,ST,8000,8000,100.00
20,1033,EXCELSOFT,EQ,139173,71556,51.42
20,1034,EXICOM,EQ,5278089,1632355,30.93
20,1035,EXIDEIND,EQ,6027670,2421176,40.17
20,1036,EXPLEOSOL,EQ,21427,10431,48.68
20,1037,EXXARO,EQ,12072793,4746291,39.31
20,1038,FABTECH,EQ,51330,26005,50.66
20,1039,FACT,EQ,165741,44915,27.10
20,1040,FALCONTECH,SM,1200,1200,100.00
20,1041,FASCINATE,ST,209600,209600,100.00
20,1042,FAZE3Q,EQ,22544,15185,67.36
20,1043,FCL,EQ,11903879,3991808,33.53
20,1044,FCSSOFT,EQ,3112760,1750513,56.24
20,1045,FDC,EQ,130650,77996,59.70
20,1046,FEDDERSHOL,EQ,672325,139615,20.77
20,1047,FEDERALBNK,EQ,3391019,2230392,65.77
20,1048,FEDFINA,EQ,602415,280925,46.63
20,1049,FELIX,SM,46500,30000,64.52
20,1050,FERMENTA,EQ,198787,85319,42.92
20,1051,FIBERWEB,EQ,10118,8303,82.06
20,1052,FIEMIND,EQ,45157,20881,46.24
20,1053,FILATEX,EQ,1752425,1098540,62.69
20,1054,FILATFASH,EQ,14509523,9672962,66.67
20,1055,FINBUD,SM,16000,16000,100.00
20,1056,FINCABLES,EQ,443359,179457,40.48
20,1057,FINEORG,EQ,23657,10053,42.49
20,1058,FINIETF,EQ,160164,120162,75.02
20,1059,FINKURVE,EQ,109029,61018,55.96
20,1060,FINOPB,EQ,109487,43246,39.50
20,1061,FINPIPE,EQ,300382,148643,49.48
20,1062,FIRSTCRY,EQ,752050,348997,46.41
20,1063,FISCHER,EQ,1086361,643153,59.20
20,1064,FIVESTAR,EQ,347854,191502,55.05
20,1065,FLAIR,EQ,31596,14757,46.71
20,1066,FLEXIADD,EQ,88380,72104,81.58
20,1067,FLUOROCHEM,EQ,111013,67575,60.87
20,1068,FLYSBS,SM,205800,139000,67.54
20,1069,FMCGADD,EQ,37492,27225,72.62
20,1070,FMCGIETF,EQ,1623851,1177484,72.51
20,1071,FMGOETZE,EQ,18185623,2411782,13.26
20,1072,FMNL,EQ,65746,60738,92.38
20,1073,FONEBOX,SM,37000,33000,89.19
20,1074,FOODSIN,EQ,37977,17041,44.87
20,1075,FORCAS,ST,17600,14400,81.82
20,1076,FORCEMOT,EQ,39573,17380,43.92
20,1077,FORGEAUTO,SM,7200,7200,100.00
20,1078,FORTIS,EQ,1462799,515491,35.24
20,1079,FOSECOIND,EQ,86007,19729,22.94
20,1080,FRACTAL,EQ,479939,199572,41.58
20,1081,FREDUN,EQ,10875,6471,59.50
20,1082,FRESHARA,ST,71400,63000,88.24
20,1083,FROG,ST,46800,42800,91.45
20,1084,FRONTSP,EQ,8714,4831,55.44
20,1085,FSL,EQ,683316,193684,28.34
20,1086,FUSION,EQ,333505,158836,47.63
20,1087,GABRIEL,EQ,501459,227098,45.29
20,1088,GAEL,EQ,913733,491356,53.77
20,1089,GAIL,EQ,8706458,6566517,75.42
20,1090,GAJA,EQ,5358385,1457792,27.21
20,1091,GAJANAND,SM,6000,3000,50.00
20,1092,GALAPREC,EQ,36705,19618,53.45
20,1093,GALAXYSURF,EQ,20322,8899,43.79
20,1094,GALLANTT,EQ,17144,9552,55.72
20,1095,GANDHAR,EQ,553101,239105,43.23
20,1096,GANDHITUBE,EQ,2356,1489,63.20
20,1097,GANECOS,EQ,54854,30085,54.85
20,1098,GANESHCP,EQ,542827,214522,39.52
20,1099,GANESHHOU,EQ,19735,8800,44.59
20,1100,GANESHIN,ST,13600,12800,94.12
20,1101,GANGABATH,SM,60000,21000,35.00
20,1102,GANGAFORGE,EQ,11863316,6532181,55.06
20,1103,GANGESSECU,EQ,194,194,100.00
20,1104,GARFIBRES,EQ,29877,15887,53.17
20,1105,GARUDA,EQ,207234,96839,46.73
20,1106,GATEWAY,EQ,1075095,855644,79.59
20,1107,GAYAHWS,EQ,176841,135128,76.41
20,1108,GCHOTELS,ST,42600,25200,59.15
20,1109,GCSL,EQ,433052,164118,37.90
20,1110,GEEKAYWIRE,EQ,595471,227785,38.25
20,1111,GEMAROMA,EQ,50771,30739,60.54
20,1112,GENCON,EQ,547085,299212,54.69
20,1113,GENESYS,EQ,984498,324464,32.96
20,1114,GENUSPAPER,EQ,34987,25057,71.62
20,1115,GENUSPOWER,EQ,8939930,2517905,28.16
20,1116,GENXAI,SM,68400,54000,78.95
20,1117,GEOJITFSL,EQ,785239,371551,47.32
20,1118,GESHIP,EQ,1428262,499603,34.98
20,1119,GFLLIMITED,EQ,39595,23464,59.26
20,1120,GGBL,SM,20100,14100,70.15
20,1121,GHCL,EQ,62705,32700,52.15
20,1122,GHCLTEXTIL,EQ,1355885,848300,62.56
20,1123,GICHSGFIN,EQ,24679,13962,56.57
20,1124,GICL,EQ,97474,41520,42.60
20,1125,GICRE,EQ,672586,404327,60.12
20,1126,GILLANDERS,EQ,12239,11251,91.93
20,1127,GILLETTE,EQ,14848,9855,66.37
20,1128,GILT10BETA,EQ,1205,1205,100.00
20,1129,GILT5BETA,EQ,346,317,91.62
20,1130,GILT5YBEES,EQ,234740,194065,82.67
20,1131,GIPCL,EQ,1384606,624481,45.10
20,1132,GIRIRAJ,SM,31250,21750,69.60
20,1133,GJL,ST,800,800,100.00
20,1134,GKB,EQ,476,476,100.00
20,1135,GKENERGY,EQ,670822,254962,38.01
20,1136,GKSL,EQ,1261120,337132,26.73
20,1137,GKWLIMITED,EQ,160,127,79.38
20,1138,GLAND,EQ,165191,96955,58.69
20,1139,GLAXO,EQ,135782,87780,64.65
20,1140,GLENMARK,EQ,807816,395151,48.92
20,1141,GLFL,EQ,9421,7054,74.88
20,1142,GLOBAL,EQ,50333,40959,81.38
20,1143,GLOBALE,EQ,296,273,92.23
20,1144,GLOBALVECT,EQ,5273,3612,68.50
20,1145,GLOBE,EQ,368659,308715,83.74
20,1146,GLOBECIVIL,EQ,54328,31303,57.62
20,1147,GLOBUSSPR,EQ,61880,32344,52.27
20,1148,GLOSTERLTD,EQ,794,588,74.06
20,1149,GLOTTIS,EQ,49445,41505,83.94
20,1150,GMBREW,EQ,8173,5433,66.47
20,1151,GMDCLTD,EQ,736396,326472,44.33
20,1152,GML,SM,8000,8000,100.00
20,1153,GMMPFAUDLR,EQ,60107,29653,49.33
20,1154,GMRAIRPORT,EQ,23296240,20101649,86.29
20,1155,GMRP&UI,EQ,3307470,1245972,37.67
20,1156,GNA,EQ,300414,143022,47.61
20,1157,GNFC,EQ,363373,162409,44.69
20,1158,GNRL,EQ,34747,20984,60.39
20,1159,GOACARBON,EQ,13443,8155,60.66
20,1160,GOCLCORP,EQ,108569,65957,60.75
20,1161,GOCOLORS,EQ,47026,19002,40.41
20,1162,GODAVARIB,EQ,58540,28958,49.47
20,1163,GODFRYPHLP,EQ,125235,37858,30.23
20,1164,GODIGIT,EQ,368020,173540,47.16
20,1165,GODREJAGRO,EQ,102348,57484,56.17
20,1166,GODREJCP,EQ,930774,551527,59.25
20,1167,GODREJIND,EQ,71294,31765,44.55
20,1168,GODREJPROP,EQ,329143,138509,42.08
20,1169,GOKEX,EQ,216062,113143,52.37
20,1170,GOKUL,EQ,162046,37934,23.41
20,1171,GOKULAGRO,EQ,480942,156053,32.45
20,1172,GOLD1,EQ,1407154,641540,45.59
20,1173,GOLD360,EQ,16074,6371,39.64
20,1174,GOLDADD,EQ,2211829,1024337,46.31
20,1175,GOLDAXIS,EQ,2586465,1243201,48.07
20,1176,GOLDBEES,EQ,26501307,12239697,46.19
20,1177,GOLDBETA,EQ,577545,320089,55.42
20,1178,GOLDBND,EQ,4053,2172,53.59
20,1179,GOLDCASE,EQ,12105364,7337079,60.61
20,1180,GOLDETF,EQ,1124814,603326,53.64
20,1181,GOLDIAM,EQ,332253,167125,50.30
20,1182,GOLDIETF,EQ,5602015,2610635,46.60
20,1183,GOLDSTAR,SM,56250,45000,80.00
20,1184,GOODLUCK,EQ,539784,219650,40.69
20,1185,GOODYEAR,EQ,7639,4129,54.05
20,1186,GOPAL,EQ,167988,59324,35.31
20,1187,GOYALALUM,EQ,53164,45367,85.33
20,1188,GPECO,ST,12400,12000,96.77
20,1189,GPIL,EQ,837487,356545,42.57
20,1190,GPPL,EQ,1092016,531766,48.70
20,1191,GPTHEALTH,EQ,55986,32110,57.35
20,1192,GPTINFRA,EQ,82362,57194,69.44
20,1193,GRADIENTE,EQ,2679318,1675043,62.52
20,1194,GRANDOAK,EQ,16138,11969,74.17
20,1195,GRANULES,EQ,328237,228369,69.57
20,1196,GRAPHISAD,SM,16800,13200,78.57
20,1197,GRAPHITE,EQ,930045,378110,40.66
20,1198,GRASIM,EQ,676185,353798,52.32
20,1199,GRAUWEIL,EQ,715607,371019,51.85
20,1200,GRAVISSHO,EQ,82,82,100.00
20,1201,GRAVITA,EQ,85446,42593,49.85
20,1202,GRCL,SM,500,500,100.00
20,1203,GREAVESCOT,EQ,884651,361810,40.90
20,1204,GREENCHEF,SM,11200,9600,85.71
20,1205,GREENLAM,EQ,84116,35639,42.37
20,1206,GREENLEAF,ST,10000,7000,70.00
20,1207,GREENPANEL,EQ,218249,134180,61.48
20,1208,GREENPLY,EQ,68923,32820,47.62
20,1209,GREENPOWER,EQ,1758824,802167,45.61
20,1210,GRINDWELL,EQ,15697,10213,65.06
20,1211,GRINFRA,EQ,10647,6560,61.61
20,1212,GRMOVER,EQ,956059,199110,20.83
20,1213,GROBTEA,EQ,246,185,75.20
20,1214,GROWW,EQ,53275950,32387926,60.79
20,1215,GROWWCAPM,EQ,332571,173004,52.02
20,1216,GROWWCHEM,EQ,38114,26814,70.35
20,1217,GROWWDEFNC,EQ,170175,114501,67.28
20,1218,GROWWEV,EQ,217473,144815,66.59
20,1219,GROWWGOLD,EQ,1858335,629505,33.87
20,1220,GROWWHOSPI,EQ,709887,580271,81.74
20,1221,GROWWLIQID,EQ,493871,444367,89.98
20,1222,GROWWLOVOL,EQ,9671,6281,64.95
20,1223,GROWWMC150,EQ,625,591,94.56
20,1224,GROWWMETAL,EQ,416956,205810,49.36
20,1225,GROWWMOM50,EQ,438378,270529,61.71
20,1226,GROWWN200,EQ,34342,30522,88.88
20,1227,GROWWNET,EQ,480119,358709,74.71
20,1228,GROWWNIFTY,EQ,679296,437468,64.40
20,1229,GROWWNXT50,EQ,16692,11982,71.78
20,1230,GROWWPOWER,EQ,2374411,2058167,86.68
20,1231,GROWWPSE,EQ,3578,2524,70.54
20,1232,GROWWPSUBK,EQ,1740,852,48.97
20,1233,GROWWRAIL,EQ,464130,269027,57.96
20,1234,GROWWRLTY,EQ,238175,136746,57.41
20,1235,GROWWSC250,EQ,162225,160037,98.65
20,1236,GROWWSLVR,EQ,1375964,360761,26.22
20,1237,GRPLTD,EQ,495,357,72.12
20,1238,GRSE,EQ,199226,98341,49.36
20,1239,GRWRHITECH,EQ,88184,69581,78.90
20,1240,GSEC10ABSL,EQ,35,35,100.00
20,1241,GSEC10ADD,EQ,11,11,100.00
20,1242,GSEC10YEAR,EQ,571,504,88.27
20,1243,GSEC5IETF,EQ,1275,1275,100.00
20,1244,GSFC,EQ,729308,383875,52.64
20,1245,GSLSU,EQ,188689,158054,83.76
20,1246,GSMFOILS,SM,107500,107500,100.00
20,1247,GSPCROP,EQ,140331,68209,48.61
20,1248,GSS,EQ,7380,4320,58.54
20,1249,GSTL,SM,7000,7000,100.00
20,1250,GTL,EQ,231354,174408,75.39
20,1251,GTLINFRA,EQ,24825816,10756894,43.33
20,1252,GTPL,EQ,383813,370985,96.66
20,1253,GUFICBIO,EQ,69317,34565,49.87
20,1254,GUJALKALI,EQ,34553,16329,47.26
20,1255,GUJAPOLLO,EQ,7280,4760,65.38
20,1256,GUJENERGY,EQ,848622,447968,52.79
20,1257,GUJRAFFIA,EQ,627,211,33.65
20,1258,GUJTHEM,EQ,209713,121745,58.05
20,1259,GULFOILLUB,EQ,55037,36706,66.69
20,1260,GULPOLY,EQ,105481,42899,40.67
20,1261,GURUNANAK,SM,3200,3200,100.00
20,1262,GVPIL,EQ,116813,66560,56.98
20,1263,GVPTECH,EQ,1285332,726239,56.50
20,1264,GVT&D,EQ,520191,269963,51.90
20,1265,GYFTR,EQ,12842,9167,71.38
20,1266,HAL,EQ,484334,225857,46.63
20,1267,HALDER,EQ,15606,4643,29.75
20,1268,HALEOSLABS,EQ,1337,1090,81.53
20,1269,HAMPTON,EQ,36275,28246,77.87
20,1270,HAPPSTMNDS,EQ,3267707,972648,29.77
20,1271,HAPPY,SM,104000,74000,71.15
20,1272,HAPPYFORGE,EQ,51595,30492,59.10
20,1273,HARDWYN,EQ,1621337,981519,60.54
20,1274,HARIOMPIPE,EQ,96840,56336,58.17
20,1275,HARRMALAYA,EQ,9508,6422,67.54
20,1276,HARSHA,EQ,149012,78546,52.71
20,1277,HATHWAY,EQ,1196466,447314,37.39
20,1278,HATSUN,EQ,119907,61105,50.96
20,1279,HAVELLS,EQ,1778490,926061,52.07
20,1280,HAVISHA,EQ,19177,10003,52.16
20,1281,HAWKINCOOK,EQ,373,184,49.33
20,1282,HAZOOR,EQ,480486,283248,58.95
20,1283,HBESD,EQ,540,364,67.41
20,1284,HBLENGINE,EQ,573296,241547,42.13
20,1285,HBPOR,EQ,479,450,93.95
20,1286,HBSL,EQ,4040,3275,81.06
20,1287,HCC,EQ,41624710,14740232,35.41
20,1288,HCG,EQ,54966,27577,50.17
20,1289,HCL-INSYS,EQ,206429,105899,51.30
20,1290,HCLTECH,EQ,3459476,1677544,48.49
20,1291,HDBFS,EQ,172622,113296,65.63
20,1292,HDFCAMC,EQ,587652,335385,57.07
20,1293,HDFCBANK,EQ,16494301,8735071,52.96
20,1294,HDFCBSE500,EQ,363854,329517,90.56
20,1295,HDFCGOLD,EQ,2979111,1478084,49.61
20,1296,HDFCGROWTH,EQ,13860,6006,43.33
20,1297,HDFCLIFE,EQ,2076182,1362061,65.60
20,1298,HDFCLIQUID,EQ,31517,22713,72.07
20,1299,HDFCLOWVOL,EQ,9837,9501,96.58
20,1300,HDFCMID150,EQ,339699,220653,64.96
20,1301,HDFCMOMENT,EQ,132955,75833,57.04
20,1302,HDFCNEXT50,EQ,60024,44604,74.31
20,1303,HDFCNIF100,EQ,119859,106600,88.94
20,1304,HDFCNIFBAN,EQ,21219,11543,54.40
20,1305,HDFCNIFIT,EQ,273938,118884,43.40
20,1306,HDFCNIFTY,EQ,90081,63364,70.34
20,1307,HDFCNIMEG,EQ,23694,22022,92.94
20,1308,HDFCPSUBK,EQ,28295,15091,53.33
20,1309,HDFCPVTBAN,EQ,135247,90294,66.76
20,1310,HDFCQUAL,EQ,41122,21112,51.34
20,1311,HDFCSENSEX,EQ,13651,7929,58.08
20,1312,HDFCSILVER,EQ,3146569,1067995,33.94
20,1313,HDFCSML250,EQ,879722,688142,78.22
20,1314,HDFCVALUE,EQ,5306,4620,87.07
20,1315,HEADSUP,EQ,15550,13165,84.66
20,1316,HEALTHADD,EQ,38715,34262,88.50
20,1317,HEALTHAXIS,EQ,7441,4281,57.53
20,1318,HEALTHCARE,EQ,30792,26804,87.05
20,1319,HEALTHIETF,EQ,97956,67551,68.96
20,1320,HEALTHX,EQ,2233,1833,82.09
20,1321,HEALTHY,EQ,511546,417661,81.65
20,1322,HECPROJECT,EQ,3081,2065,67.02
20,1323,HEG,EQ,2665306,1079565,40.50
20,1324,HEIDELBERG,EQ,135775,101716,74.92
20,1325,HEMIPROP,EQ,208579,145160,69.59
20,1326,HERANBA,EQ,18761,9872,52.62
20,1327,HERITGFOOD,EQ,114313,61347,53.67
20,1328,HEROMOTOCO,EQ,408239,206921,50.69
20,1329,HESTERBIO,EQ,2398,1233,51.42
20,1330,HEXATRADEX,EQ,852,680,79.81
20,1331,HEXT,EQ,188517,71351,37.85
20,1332,HFCL,EQ,17035686,5472696,32.12
20,1333,HGINFRA,EQ,52973,32303,60.98
20,1334,HGM,EQ,20040,15467,77.18
20,1335,HGS,EQ,11089,7292,65.76
20,1336,HIGREEN,SM,6400,6400,100.00
20,1337,HIKAL,EQ,139273,74007,53.14
20,1338,HILINFRA,EQ,81065,54451,67.17
20,1339,HILTON,EQ,68962,54416,78.91
20,1340,HIMATSEIDE,EQ,284820,147465,51.77
20,1341,HINDADH,EQ,1895,1355,71.50
20,1342,HINDALCO,EQ,1687987,1028840,60.95
20,1343,HINDALUMI,EQ,895,490,54.75
20,1344,HINDCOMPOS,EQ,4130,2504,60.63
20,1345,HINDCON,EQ,23694,15820,66.77
20,1346,HINDCOPPER,EQ,10119066,3962318,39.16
20,1347,HINDOILEXP,EQ,262249,135328,51.60
20,1348,HINDPETRO,EQ,3150636,1471612,46.71
20,1349,HINDUNILVR,EQ,933212,515332,55.22
20,1350,HINDWAREAP,EQ,46887,23798,50.76
20,1351,HINDZINC,EQ,6227595,2545503,40.87
20,1352,HIRECT,EQ,27665,12253,44.29
20,1353,HISARMETAL,EQ,4146,3455,83.33
20,1354,HITECH,EQ,1162242,473808,40.77
20,1355,HLEGLAS,EQ,39351,19729,50.14
20,1356,HLVLTD,EQ,180001,152221,84.57
20,1357,HMAAGRO,EQ,1054199,530569,50.33
20,1358,HNDFDS,EQ,26448,14889,56.30
20,1359,HNGSNGBEES,EQ,66465,40165,60.43
20,1360,HOLMARC,SM,3000,2250,75.00
20,1361,HOMEFIRST,EQ,89891,54565,60.70
20,1362,HONASA,EQ,684018,370283,54.13
20,1363,HONAUT,EQ,1514,707,46.70
20,1364,HONDAPOWER,EQ,2497,1461,58.51
20,1365,HORIZONIND,EQ,6908806,3466431,50.17
20,1366,HPAL,EQ,66287,24077,36.32
20,1367,HPIL,EQ,2501,1553,62.10
20,1368,HPL,EQ,69054,39006,56.49
20,1369,HPTL,SM,3000,2400,80.00
20,1370,HRHNEXT,SM,15000,15000,100.00
20,1371,HRYNSHP,EQ,22,21,95.45
20,1372,HSBCGOLD,EQ,11675,10042,86.01
20,1373,HSCL,EQ,8440567,3204707,37.97
20,1374,HTMEDIA,EQ,108269,65090,60.12
20,1375,HUBTOWN,EQ,192831,111735,57.94
20,1376,HUDCO,EQ,1015334,507796,50.01
20,1377,HUHTAMAKI,EQ,97579,53130,54.45
20,1378,HVAX,SM,900,900,100.00
20,1379,HYBRIDETF,EQ,18329,18179,99.18
20,1380,HYUNDAI,EQ,855357,483583,56.54
20,1381,IBLFL,SM,2000,2000,100.00
20,1382,IBULLSLTD,EQ,5773711,3251082,56.31
20,1383,ICDSLTD,EQ,1467,867,59.10
20,1384,ICELCO,SM,58800,57600,97.96
20,1385,ICEMAKE,EQ,8314,5017,60.34
20,1386,ICICIAMC,EQ,755036,452955,59.99
20,1387,ICICIB22,EQ,211427,144582,68.38
20,1388,ICICIBANK,EQ,8625738,5211279,60.42
20,1389,ICICIGI,EQ,859511,538524,62.65
20,1390,ICICIPRULI,EQ,1603027,1108259,69.14
20,1391,ICIL,EQ,668975,224203,33.51
20,1392,ICRA,EQ,33309,18307,54.96
20,1393,IDBI,EQ,10401965,2956309,28.42
20,1394,IDEA,EQ,375500261,114833845,30.58
20,1395,IDEAFORGE,EQ,369510,188002,50.88
20,1396,IDENTICAL,SM,10000,10000,100.00
20,1397,IDFCFIRSTB,EQ,14247602,4520693,31.73
20,1398,IDFNIFTYET,EQ,781,629,80.54
20,1399,IEML,SM,25500,13000,50.98
20,1400,IEX,EQ,1550661,748964,48.30
20,1401,IFBAGRO,EQ,16694,13754,82.39
20,1402,IFBIND,EQ,21273,10749,50.53
20,1403,IFCI,EQ,139340453,31459226,22.58
20,1404,IFGLEXPOR,EQ,20333,7813,38.43
20,1405,IGARASHI,EQ,24661,12388,50.23
20,1406,IGCL,EQ,32425,16365,50.47
20,1407,IGIL,EQ,277869,155484,55.96
20,1408,IGL,EQ,2537531,1793319,70.67
20,1409,IGPL,EQ,98498,50212,50.98
20,1410,IIFL,EQ,1785071,884758,49.56
20,1411,IIFL060326,YA,35,35,100.00
20,1412,IIFL06326,YC,2378,2378,100.00
20,1413,IIFLCAPS,EQ,132914,100086,75.30
20,1414,IIFLHF29,NE,1,1,100.00
20,1415,IIFLZC26,NN,250,250,100.00
20,1416,IIFLZC28,NG,201,201,100.00
20,1417,IITL,EQ,114182,18752,16.42
20,1418,IKIO,EQ,6393359,403637,6.31
20,1419,IKS,EQ,110044,60787,55.24
20,1420,IMAGICAA,EQ,14845101,2727507,18.37
20,1421,IMC1,N2,410,410,100.00
20,1422,IMFA,EQ,71985,33585,46.66
20,1423,IMPAL,EQ,1862,1399,75.13
20,1424,INA,EQ,217012,105689,48.70
20,1425,INCREDIBLE,EQ,8155,6306,77.33
20,1426,INDBANK,EQ,23473,13224,56.34
20,1427,INDGN,EQ,1891693,1050880,55.55
20,1428,INDHOTEL,EQ,3199451,2076276,64.89
20,1429,INDIACEM,EQ,235653,172386,73.15
20,1430,INDIAGLYCO,EQ,229423,113275,49.37
20,1431,INDIAMART,EQ,74123,51409,69.36
20,1432,INDIANB,EQ,456709,242803,53.16
20,1433,INDIANCARD,EQ,1179,669,56.74
20,1434,INDIANHUME,EQ,20050,10589,52.81
20,1435,INDIASHLTR,EQ,55916,31638,56.58
20,1436,INDIGO,EQ,257496,110786,43.02
20,1437,INDIGOPNTS,EQ,42514,24178,56.87
20,1438,INDIGRID,IV,487115,436916,89.69
20,1439,INDIQUBE,EQ,33833,24637,72.82
20,1440,INDNIPPON,EQ,8033,3897,48.51
20,1441,INDOBORAX,EQ,107301,47912,44.65
20,1442,INDOCO,EQ,256307,116411,45.42
20,1443,INDOFARM,EQ,61967,30780,49.67
20,1444,INDOKEM,EQ,1353,771,56.98
20,1445,INDOMIM,EQ,1086896,508301,46.77
20,1446,INDORAMA,EQ,451194,232028,51.43
20,1447,INDOSTAR,EQ,82794,57039,68.89
20,1448,INDOTECH,EQ,10275,7173,69.81
20,1449,INDOTHAI,EQ,276690,276690,100.00
20,1450,INDOUS,EQ,68690,36373,52.95
20,1451,INDOWIND,EQ,71572,58257,81.40
20,1452,INDPRUD,EQ,26,21,80.77
20,1453,INDRAMEDCO,EQ,118497,71244,60.12
20,1454,INDSWFTLAB,EQ,527926,174704,33.09
20,1455,INDTERRAIN,EQ,17734,15177,85.58
20,1456,INDUSINDBK,EQ,1026834,565524,55.07
20,1457,INDUSINVIT,IV,70576,60647,85.93
20,1458,INDUSTOWER,EQ,1536497,620452,40.38
20,1459,INFINIUM,SM,25500,22500,88.24
20,1460,INFLUX,SM,22800,16200,71.05
20,1461,INFOBEAN,EQ,8786919,1161623,13.22
20,1462,INFOLLION,SM,4000,3600,90.00
20,1463,INFOMEDIA,EQ,110,108,98.18
20,1464,INFRA,EQ,26340,23633,89.72
20,1465,INFRABEES,EQ,14984,6798,45.37
20,1466,INFRAIETF,EQ,1646089,1542149,93.69
20,1467,INFY,EQ,9621969,5905963,61.38
20,1468,INGERRAND,EQ,123159,52177,42.37
20,1469,INM,SM,600,600,100.00
20,1470,INNOMET,ST,6000,6000,100.00
20,1471,INNOVACAP,EQ,41828,17803,42.56
20,1472,INNOVANA,EQ,2852,2506,87.87
20,1473,INNOVISION,EQ,16674,11748,70.46
20,1474,INOXGREEN,EQ,1571341,953751,60.70
20,1475,INOXINDIA,EQ,733868,120492,16.42
20,1476,INOXWIND,EQ,7058151,2908849,41.21
20,1477,INSECTICID,EQ,125263,53633,42.82
20,1478,INSPIRE,SM,2000,2000,100.00
20,1479,INSUREIETF,EQ,3357020,3202687,95.40
20,1480,INTEGRITY,ST,4800,3600,75.00
20,1481,INTELLECT,EQ,395222,219378,55.51
20,1482,INTENTECH,EQ,10882,7565,69.52
20,1483,INTERARCH,EQ,88375,45819,51.85
20,1484,INTERNET,EQ,700673,398411,56.86
20,1485,INTLCONV,EQ,300014,162425,54.14
20,1486,INVENTURE,EQ,936470,589759,62.98
20,1487,IOB,EQ,1294744,664182,51.30
20,1488,IOC,EQ,4050844,2091680,51.64
20,1489,IOLCP,EQ,4410316,1284054,29.11
20,1490,IONEXCHANG,EQ,116406,58057,49.87
20,1491,IPCALAB,EQ,276397,146091,52.86
20,1492,IPHL,SM,21600,14400,66.67
20,1493,IPL,EQ,48826,24928,51.05
20,1494,IPRINGLTD,EQ,1192,1172,98.32
20,1495,IPSL,SM,3000,2000,66.67
20,1496,IRB,EQ,5016562,2566824,51.17
20,1497,IRBINVIT,IV,192321,165658,86.14
20,1498,IRCON,EQ,834876,349723,41.89
20,1499,IRCTC,EQ,581576,347408,59.74
20,1500,IREDA,EQ,4510429,1594505,35.35
20,1501,IRFC,EQ,6872970,3212406,46.74
20,1502,IRIS,EQ,25805,19134,74.15
20,1503,IRISDOREME,EQ,415448,224358,54.00
20,1504,IRMENERGY,EQ,72208,23154,32.07
20,1505,ISFT,EQ,123205,11194,9.09
20,1506,ISGEC,EQ,41044,26507,64.58
20,1507,ISHAN,SM,48000,48000,100.00
20,1508,ISHANCH,EQ,23463,18171,77.45
20,1509,ISTLTD,EQ,360,289,80.28
20,1510,IT,EQ,503340,311996,61.99
20,1511,ITADD,EQ,69661,52672,75.61
20,1512,ITALIANE,SM,34000,30000,88.24
20,1513,ITAXIS,EQ,10697,4600,43.00
20,1514,ITBEES,EQ,20158995,10451681,51.85
20,1515,ITBETA,EQ,3772,1236,32.77
20,1516,ITC,EQ,15200847,9234520,60.75
20,1517,ITCHOTELS,EQ,1319791,791706,59.99
20,1518,ITDC,EQ,63395,14281,22.53
20,1519,ITETF,EQ,467295,305031,65.28
20,1520,ITI,EQ,176937,43472,24.57
20,1521,ITIETF,EQ,917093,527474,57.52
20,1522,ITL,EQ,2845,2658,93.43
20,1523,ITTL,ST,105,105,100.00
20,1524,IVALUE,EQ,279869,154707,55.28
20,1525,IVC,EQ,253604,214268,84.49
20,1526,IVZBANKNF,EQ,936,763,81.52
20,1527,IVZINGOLD,EQ,22801,12479,54.73
20,1528,IVZINNIFTY,EQ,243,159,65.43
20,1529,IVZSENSEX,EQ,10260,10245,99.85
20,1530,IWARE,ST,8400,8400,100.00
20,1531,IWP,EQ,4697,3821,81.35
20,1532,IXIGO,EQ,879086,441946,50.27
20,1533,IZMO,EQ,71967,28455,39.54
20,1534,J&KBANK,EQ,884757,406957,46.00
20,1535,JAGRAN,EQ,132770,99566,74.99
20,1536,JAGSNPHARM,EQ,92231,46410,50.32
20,1537,JAIBALAJI,EQ,986503,575530,58.34
20,1538,JAICORPLTD,EQ,200251,92343,46.11
20,1539,JAINIK,SM,12000,3600,30.00
20,1540,JAINREC,EQ,811696,311442,38.37
20,1541,JAIPURKURT,EQ,4902,4747,96.84
20,1542,JAMNAAUTO,EQ,886484,452883,51.09
20,1543,JARO,EQ,93456,29072,31.11
20,1544,JASH,EQ,44964,30578,68.01
20,1545,JAYAGROGN,EQ,3465,1714,49.47
20,1546,JAYBARMARU,EQ,283574,193311,68.17
20,1547,JAYBEE,SM,27500,21500,78.18
20,1548,JAYESH,SM,258000,156000,60.47
20,1549,JAYKAY,EQ,781470,250961,32.11
20,1550,JAYNECOIND,EQ,4064048,1975097,48.60
20,1551,JAYSREETEA,EQ,56082,32541,58.02
20,1552,JBMA,EQ,132197,48428,36.63
20,1553,JENBURPH,EQ,501,293,58.48
20,1554,JETFREIGHT,EQ,102690,68781,66.98
20,1555,JEYYAM,ST,104000,72000,69.23
20,1556,JGCHEM,EQ,5912922,554612,9.38
20,1557,JHS,EQ,129946,88634,68.21
20,1558,JINDALPHOT,EQ,4737,2880,60.80
20,1559,JINDALPOLY,EQ,5335,2845,53.33
20,1560,JINDALSAW,EQ,1154109,450809,39.06
20,1561,JINDALSTEL,EQ,652427,206910,31.71
20,1562,JINDRILL,EQ,106924,44698,41.80
20,1563,JINDWORLD,EQ,5772657,997324,17.28
20,1564,JIOFIN,EQ,7150998,3758975,52.57
20,1565,JISLDVREQS,EQ,7484,4521,60.41
20,1566,JISLJALEQS,EQ,2217553,1285964,57.99
20,1567,JITFINFRA,EQ,6571,3983,60.61
20,1568,JKCEMENT,EQ,26769,14487,54.12
20,1569,JKIL,EQ,37156,20354,54.78
20,1570,JKIPL,EQ,329849,256662,77.81
20,1571,JKLAKSHMI,EQ,66478,33137,49.85
20,1572,JKPAPER,EQ,141274,71910,50.90
20,1573,JKTYRE,EQ,301864,105990,35.11
20,1574,JLHL,EQ,111623,48707,43.64
20,1575,JMA,EQ,198237,69821,35.22
20,1576,JMFINANCIL,EQ,2233306,1034461,46.32
20,1577,JNKINDIA,EQ,106881,49159,45.99
20,1578,JNPR,EQ,1228144,402160,32.75
20,1579,JPOLYINVST,EQ,21055,8155,38.73
20,1580,JPPOWER,EQ,19545803,8159047,41.74
20,1581,JSFB,EQ,301768,146276,48.47
20,1582,JSL,EQ,307596,164658,53.53
20,1583,JSLL,EQ,361458,167921,46.46
20,1584,JSWCEMENT,EQ,476253,260934,54.79
20,1585,JSWDULUX,EQ,6926,4160,60.06
20,1586,JSWENERGY,EQ,995262,655575,65.87
20,1587,JSWHL,EQ,1170,642,54.87
20,1588,JSWINFRA,EQ,1428019,825149,57.78
20,1589,JSWSTEEL,EQ,1403899,701168,49.94
20,1590,JTEKTINDIA,EQ,66429,32487,48.90
20,1591,JTLIND,EQ,18590394,6054630,32.57
20,1592,JUBLCPL,EQ,2075,1083,52.19
20,1593,JUBLFOOD,EQ,1153110,500303,43.39
20,1594,JUBLINGREA,EQ,142239,73918,51.97
20,1595,JUBLPHARMA,EQ,124044,53437,43.08
20,1596,JUNIORBEES,EQ,194210,154443,79.52
20,1597,JUNIPER,EQ,163439,98537,60.29
20,1598,JUSTDIAL,EQ,739937,262027,35.41
20,1599,JWL,EQ,606055,242737,40.05
20,1600,JYOTHYLAB,EQ,323793,151820,46.89
20,1601,JYOTICNC,EQ,873856,384444,43.99
20,1602,JYOTIGLOBL,SM,12000,8000,66.67
20,1603,JYOTIRES,EQ,5279,3616,68.50
20,1604,JYOTISTRUC,EQ,2945954,1724909,58.55
20,1605,K2INFRA,ST,31200,22800,73.08
20,1606,KABRAEXTRU,EQ,278180,104806,37.68
20,1607,KAJARIACER,EQ,91389,58798,64.34
20,1608,KAKATCEM,EQ,4787,3153,65.87
20,1609,KALAMANDIR,EQ,157352,110223,70.05
20,1610,KALANA,SM,2000,2000,100.00
20,1611,KALPATARU,EQ,54833,39918,72.80
20,1612,KALYANIFRG,EQ,14670,11149,76.00
20,1613,KALYANKJIL,EQ,7914847,1548393,19.56
20,1614,KAMAHOLD,EQ,4904,3841,78.32
20,1615,KAMANWALA,EQ,3706,2944,79.44
20,1616,KAMATHOTEL,EQ,78492,40539,51.65
20,1617,KAMOPAINTS,EQ,99545,84413,84.80
20,1618,KANANIIND,EQ,300568,155182,51.63
20,1619,KANCHI,EQ,4421,3732,84.42
20,1620,KANCOTEA,EQ,283,282,99.65
20,1621,KANDARP,SM,4000,3000,75.00
20,1622,KANPRPLA,EQ,48314,17169,35.54
20,1623,KANSAINER,EQ,219737,130035,59.18
20,1624,KAPSTON,EQ,242617,142377,58.68
20,1625,KARMAENG,EQ,8956,5260,58.73
20,1626,KARNIKA,SM,32000,28000,87.50
20,1627,KARURVYSYA,EQ,1302287,669674,51.42
20,1628,KATARIA,SM,600,600,100.00
20,1629,KAVDEFENCE,EQ,75324,43297,57.48
20,1630,KAYNES,EQ,673805,189968,28.19
20,1631,KAYTEX,SM,4800,4000,83.33
20,1632,KCK,ST,95000,95000,100.00
20,1633,KCP,EQ,145640,81799,56.17
20,1634,KDDL,EQ,12866,6072,47.19
20,1635,KDL,SM,18000,12000,66.67
20,1636,KEC,EQ,486493,275059,56.54
20,1637,KECL,EQ,263151,110548,42.01
20,1638,KEEPLEARN,EQ,16395,11393,69.49
20,1639,KEI,EQ,316313,168789,53.36
20,1640,KELLTONTEC,EQ,18231630,3191806,17.51
20,1641,KEN,SM,9600,7200,75.00
20,1642,KENNAMET,EQ,97124,30473,31.38
20,1643,KERNEX,EQ,227048,97757,43.06
20,1644,KEYFINSERV,EQ,185,117,63.24
20,1645,KFINTECH,EQ,587920,293629,49.94
20,1646,KHAICHEM,EQ,82431,36026,43.70
20,1647,KHAITANLTD,EQ,2714,1895,69.82
20,1648,KHANDSE,EQ,1305,1115,85.44
20,1649,KICL,EQ,1041,660,63.40
20,1650,KIMS,EQ,627500,389513,62.07
20,1651,KINGFA,EQ,4643,2899,62.44
20,1652,KIOCL,EQ,44120,17240,39.08
20,1653,KIRANVYPAR,EQ,1934,1415,73.16
20,1654,KIRIINDUS,EQ,698220,363218,52.02
20,1655,KIRLFER,EQ,24121,15625,64.78
20,1656,KIRLOSBROS,EQ,33445,18818,56.27
20,1657,KIRLOSENG,EQ,332403,187470,56.40
20,1658,KIRLOSIND,EQ,1628,1065,65.42
20,1659,KIRLPNU,EQ,91054,44730,49.12
20,1660,KISSHT,EQ,907622,447137,49.26
20,1661,KITEX,EQ,295487,125768,42.56
20,1662,KJMCFIN,EQ,1211,861,71.10
20,1663,KKCL,EQ,46684,27826,59.61
20,1664,KKJEWELS,SM,10000,5000,50.00
20,1665,KLBRENG-B,EQ,605979,352175,58.12
20,1666,KLL,SM,5600,4800,85.71
20,1667,KMCSHIL,EQ,82093,44174,53.81
20,1668,KMEW,EQ,155002,49000,31.61
20,1669,KMSUGAR,EQ,505957,254021,50.21
20,1670,KNACK,EQ,341774,183316,53.64
20,1671,KNAGRI,EQ,9223,8002,86.76
20,1672,KNRCON,EQ,2939674,1790357,60.90
20,1673,KODYTECH,ST,9100,9100,100.00
20,1674,KOHINOOR,EQ,172391,49778,28.88
20,1675,KOKUYOCMLN,EQ,13438,9251,68.84
20,1676,KOLTEPATIL,EQ,46188,17147,37.12
20,1677,KONSTELEC,ST,58000,57000,98.28
20,1678,KONTOR,SM,2400,1800,75.00
20,1679,KORE,SM,47750,41500,86.91
20,1680,KOTAKBANK,EQ,18952918,14301403,75.46
20,1681,KOTHARIPET,EQ,23331,14270,61.16
20,1682,KOTHARIPRO,EQ,4461,3029,67.90
20,1683,KOTIC,EQ,9899,7226,73.00
20,1684,KOVAI,EQ,4637,2153,46.43
20,1685,KPEL,EQ,194393,85760,44.12
20,1686,KPIGREEN,EQ,444520,203958,45.88
20,1687,KPIL,EQ,96391,54133,56.16
20,1688,KPITTECH,EQ,5637989,1574323,27.92
20,1689,KPL,EQ,18523,7429,40.11
20,1690,KPRMILL,EQ,270993,99083,36.56
20,1691,KRBL,EQ,829333,325542,39.25
20,1692,KREBSBIO,EQ,10318,8984,87.07
20,1693,KRISHANA,EQ,561202,246919,44.00
20,1694,KRISHCA,SM,25000,22000,88.00
20,1695,KRISHIVAL,EQ,22511,16634,73.89
20,1696,KRISHNADEF,EQ,65359,42255,64.65
20,1697,KRITI,EQ,21987,16147,73.44
20,1698,KRITIKA,EQ,103920,68358,65.78
20,1699,KRITINUT,EQ,6203,4618,74.45
20,1700,KRMAYURVED,SM,33000,19000,57.58
20,1701,KRN,EQ,314773,187959,59.71
20,1702,KROSS,EQ,287407,118674,41.29
20,1703,KRSNAA,EQ,43292,27290,63.04
20,1704,KRT,RR,1599222,1356759,84.84
20,1705,KRYSTAL,EQ,6515,3402,52.22
20,1706,KSB,EQ,138338,84240,60.89
20,1707,KSCL,EQ,70765,37963,53.65
20,1708,KSE,EQ,22498,17296,76.88
20,1709,KSHINTL,EQ,154785,80052,51.72
20,1710,KSHITIJPOL,EQ,983386,666703,67.80
20,1711,KSL,EQ,198799,91147,45.85
20,1712,KSOLVES,EQ,34553,18591,53.80
20,1713,KSR,EQ,329368,305450,92.74
20,1714,KTKBANK,EQ,1698579,880891,51.86
20,1715,KUANTUM,EQ,73864,47772,64.68
20,1716,KUSUMGAR,EQ,404494,248713,61.49
20,1717,KWIL,EQ,18050967,7394470,40.96
20,1718,LADDERUP,EQ,10,10,100.00
20,1719,LAGNAM,EQ,3982,3193,80.19
20,1720,LAHOTIOV,EQ,6370,5495,86.26
20,1721,LAKSHMIMIL,EQ,9,9,100.00
20,1722,LAKSHYA,SM,9600,9600,100.00
20,1723,LAL,EQ,58396,48657,83.32
20,1724,LALITHAA,EQ,24374432,7338123,30.11
20,1725,LALPATHLAB,EQ,90724,54710,60.30
20,1726,LAMBODHARA,EQ,31026,17881,57.63
20,1727,LAMOSAIC,ST,133800,133200,99.55
20,1728,LANCER,EQ,207955,173083,83.23
20,1729,LANCORHOL,EQ,1647306,592256,35.95
20,1730,LANDMARK,EQ,83915,42594,50.76
20,1731,LANDSMILL,EQ,1303618,921967,70.72
20,1732,LAOPALA,EQ,551312,147128,26.69
20,1733,LARGEMID50,EQ,3301,3068,92.94
20,1734,LASA,EQ,69589,52751,75.80
20,1735,LASERPOWER,EQ,466158,148098,31.77
20,1736,LATENTVIEW,EQ,539539,254258,47.13
20,1737,LATTEYS,EQ,54079,46875,86.68
20,1738,LAURUSLABS,EQ,2231476,1319114,59.11
20,1739,LAXMICOT,EQ,18723,13902,74.25
20,1740,LAXMIDENTL,EQ,76144,42697,56.07
20,1741,LAXMIINDIA,EQ,126472,66436,52.53
20,1742,LCCINFOTEC,EQ,143489,109831,76.54
20,1743,LCL,EQ,339182,148593,43.81
20,1744,LEAPIND,EQ,8859488,3852716,43.49
20,1745,LEENEE,EQ,33254,28638,86.12
20,1746,LEMERITE,EQ,195943,69630,35.54
20,1747,LEMONTREE,EQ,9179975,5143820,56.03
20,1748,LENSKART,EQ,6054352,3430483,56.66
20,1749,LEXUS,EQ,25357,16191,63.85
20,1750,LFIC,EQ,362,305,84.25
20,1751,LGBBROSLTD,EQ,32810,18726,57.07
20,1752,LGEINDIA,EQ,753223,457445,60.73
20,1753,LGHL,EQ,14592,2830,19.39
20,1754,LIBAS,EQ,26728,9818,36.73
20,1755,LIBERTSHOE,EQ,10075,6133,60.87
20,1756,LICHSGFIN,EQ,4033348,2035017,50.45
20,1757,LICI,EQ,16058167,9656703,60.14
20,1758,LICMFGOLD,EQ,81378,36183,44.46
20,1759,LICNETFGSC,EQ,7872,4058,51.55
20,1760,LICNETFN50,EQ,309,299,96.76
20,1761,LICNETFSEN,EQ,5,5,100.00
20,1762,LICNFNHGP,EQ,759,312,41.11
20,1763,LICNMID100,EQ,14789,5580,37.73
20,1764,LIKHITHA,EQ,29394,19222,65.39
20,1765,LINC,EQ,24522,21028,85.75
20,1766,LINCOLN,EQ,21598,12108,56.06
20,1767,LINDEINDIA,EQ,9814,6356,64.76
20,1768,LIQGRWBEES,EQ,26347,14240,54.05
20,1769,LIQUID,EQ,222659,180237,80.95
20,1770,LIQUID1,EQ,2787105,2514106,90.20
20,1771,LIQUIDADD,EQ,433741,284583,65.61
20,1772,LIQUIDBEES,EQ,4166382,3044394,73.07
20,1773,LIQUIDBETF,EQ,146356,91499,62.52
20,1774,LIQUIDCASE,EQ,20472543,13147938,64.22
20,1775,LIQUIDETF,EQ,127637,77705,60.88
20,1776,LIQUIDIETF,EQ,483882,349480,72.22
20,1777,LIQUIDPLUS,EQ,160545,127054,79.14
20,1778,LIQUIDSBI,EQ,1783,1188,66.63
20,1779,LIQUIDSHRI,EQ,19854,15928,80.23
20,1780,LKPSEC,EQ,7798,4737,60.75
20,1781,LLOYDS,SM,3000,3000,100.00
20,1782,LLOYDSENGG,EQ,3159675,1378017,43.61
20,1783,LLOYDSENT,EQ,2941824,1314816,44.69
20,1784,LLOYDSME,EQ,428526,231111,53.93
20,1785,LMW,EQ,2505,1316,52.53
20,1786,LODHA,EQ,995058,374280,37.61
20,1787,LORDSCHLO,EQ,23683,13245,55.93
20,1788,LOTUSCHO,EQ,1278,851,66.59
20,1789,LOTUSEYE,EQ,32816,23413,71.35
20,1790,LOVABLE,EQ,32684,19448,59.50
20,1791,LOWVOL,EQ,519,150,28.90
20,1792,LOWVOL1,EQ,15820,9375,59.26
20,1793,LOWVOLIETF,EQ,949638,693413,73.02
20,1794,LOYALTEX,EQ,4243,2107,49.66
20,1795,LPDC,EQ,108365,76680,70.76
20,1796,LRRPL,SM,1500,1500,100.00
20,1797,LT,EQ,893956,438037,49.00
20,1798,LTF,EQ,2889242,1434761,49.66
20,1799,LTFOODS,EQ,403175,121685,30.18
20,1800,LTGILTBEES,EQ,2271031,1800712,79.29
20,1801,LTGILTCASE,EQ,62977,58154,92.34
20,1802,LTM,EQ,1148000,306099,26.66
20,1803,LTTS,EQ,48168,17137,35.58
20,1804,LUMAXIND,EQ,6056,3148,51.98
20,1805,LUMAXTECH,EQ,235382,111853,47.52
20,1806,LUPIN,EQ,348121,188808,54.24
20,1807,LUXIND,EQ,22393,9216,41.16
20,1808,LXCHEM,EQ,563267,240389,42.68
20,1809,M&M,EQ,1744074,995755,57.09
20,1810,M&MFIN,EQ,886148,533079,60.16
20,1811,MAANALU,EQ,34831,22474,64.52
20,1812,MACPOWER,EQ,103809,52197,50.28
20,1813,MADHAV,EQ,1131,726,64.19
20,1814,MADHAVBAUG,ST,8800,8400,95.45
20,1815,MADHAVIPL,EQ,229567,177516,77.33
20,1816,MADHUSUDAN,ST,13000,11000,84.62
20,1817,MADRASFERT,EQ,60820,31982,52.58
20,1818,MAFANG,EQ,59201,59201,100.00
20,1819,MAFATIND,EQ,29417,23592,80.20
20,1820,MAGADSUGAR,EQ,71010,27477,38.69
20,1821,MAGNUM,EQ,6773,6381,94.21
20,1822,MAHABANK,EQ,9938458,4961035,49.92
20,1823,MAHAPEXLTD,EQ,9015,6548,72.63
20,1824,MAHEPC,EQ,23453,18047,76.95
20,1825,MAHICKRA,SM,11250,7500,66.67
20,1826,MAHKTECH,EQ,274749,182744,66.51
20,1827,MAHLIFE,EQ,27344,17124,62.62
20,1828,MAHLOG,EQ,85642,44019,51.40
20,1829,MAHSCOOTER,EQ,5667,2326,41.04
20,1830,MAHSEAMLES,EQ,550119,260439,47.34
20,1831,MAITHANALL,EQ,33450,18994,56.78
20,1832,MAITREYA,SM,6800,4800,70.59
20,1833,MAKEINDIA,EQ,67914,59220,87.20
20,1834,MAKERSL,EQ,6128,5363,87.52
20,1835,MAKS,SM,3000,3000,100.00
20,1836,MALLCOM,EQ,3165,2541,80.28
20,1837,MALUPAPER,EQ,4291,3302,76.95
20,1838,MAMATA,EQ,82152,72661,88.45
20,1839,MANAKALUCO,EQ,58604,32062,54.71
20,1840,MANAKCOAT,EQ,333746,197060,59.04
20,1841,MANAKSIA,EQ,61674,54604,88.54
20,1842,MANAKSTEEL,EQ,244759,213160,87.09
20,1843,MANALIPETC,EQ,688296,281663,40.92
20,1844,MANAPPURAM,EQ,1893238,685454,36.21
20,1845,MANAV,SM,4000,4000,100.00
20,1846,MANBA,EQ,60090,11903,19.81
20,1847,MANBRO,EQ,77984,9644,12.37
20,1848,MANCREDIT,EQ,437371,172151,39.36
20,1849,MANDEEP,SM,44000,44000,100.00
20,1850,MANGALAM,EQ,61865,41055,66.36
20,1851,MANGLMCEM,EQ,103225,65585,63.54
20,1852,MANINDS,EQ,985437,303911,30.84
20,1853,MANINFRA,EQ,7397297,3170053,42.85
20,1854,MANIPALHOS,EQ,2108677,882346,41.84
20,1855,MANKIND,EQ,190737,104593,54.84
20,1856,MANOMAY,EQ,241205,51120,21.19
20,1857,MANORAMA,EQ,115933,58425,50.40
20,1858,MANORG,EQ,8802,6787,77.11
20,1859,MANUFGBEES,EQ,3760,3169,84.28
20,1860,MANYAVAR,EQ,255004,112882,44.27
20,1861,MAPMYINDIA,EQ,250732,114653,45.73
20,1862,MARALOVER,EQ,4078,3416,83.77
20,1863,MARATHON,EQ,58874,27269,46.32
20,1864,MARICO,EQ,2455289,1751195,71.32
20,1865,MARINE,EQ,2596284,1040818,40.09
20,1866,MARKOLINES,EQ,163793,50364,30.75
20,1867,MARKSANS,EQ,1463661,524034,35.80
20,1868,MARSONS,EQ,4963629,1252908,25.24
20,1869,MARUSHIKA,SM,4800,4800,100.00
20,1870,MARUTI,EQ,277509,157136,56.62
20,1871,MASFIN,EQ,550606,344001,62.48
20,1872,MASKINVEST,EQ,7,7,100.00
20,1873,MASON,SM,27000,22500,83.33
20,1874,MASPTOP50,EQ,15883,15883,100.00
20,1875,MASTEK,EQ,5449060,353350,6.48
20,1876,MASTER,SM,2000,1500,75.00
20,1877,MASTERTR,EQ,132504,48955,36.95
20,1878,MATRIMONY,EQ,7035,4721,67.11
20,1879,MAWANASUG,EQ,494282,220377,44.59
20,1880,MAXESTATES,EQ,154812,102873,66.45
20,1881,MAXHEALTH,EQ,1811091,1277636,70.55
20,1882,MAXIND,EQ,33498,19800,59.11
20,1883,MAXPOSURE,SM,9000,8000,88.89
20,1884,MAXVOLT,SM,20000,17200,86.00
20,1885,MAYURUNIQ,EQ,86499,52356,60.53
20,1886,MAZDOCK,EQ,388879,158128,40.66
20,1887,MBAPL,EQ,637478,367897,57.71
20,1888,MBEL,EQ,60889,35937,59.02
20,1889,MBLINFRA,EQ,45515,35074,77.06
20,1890,MCCHRLS-B,EQ,46,35,76.09
20,1891,MCL,EQ,61746,40254,65.19
20,1892,MCLEODRUSS,EQ,199015,131725,66.19
20,1893,MCLOUD,EQ,1705240,1050725,61.62
20,1894,MCX,EQ,1360874,502572,36.93
20,1895,MDL,ST,10000,10000,100.00
20,1896,MEDANTA,EQ,404295,190517,47.12
20,1897,MEDIASSIST,EQ,164861,81568,49.48
20,1898,MEDICAMEQ,EQ,71552,46685,65.25
20,1899,MEDICAPQ,EQ,1313,1298,98.86
20,1900,MEDICO,EQ,166991,125562,75.19
20,1901,MEDIORG,SM,8000,6000,75.00
20,1902,MEDISTEP,SM,27000,27000,100.00
20,1903,MEDPLUS,EQ,85619,46163,53.92
20,1904,MEESHO,EQ,9520098,4609996,48.42
20,1905,MEGASTAR,EQ,2700,2037,75.44
20,1906,MEGATHERM,SM,19600,12800,65.31
20,1907,MEIL,EQ,75243,43501,57.81
20,1908,MENNPIS,EQ,78947,40647,51.49
20,1909,MERCANTILE,EQ,107,95,88.79
20,1910,MERCURYEV,EQ,59148,38845,65.67
20,1911,METAL,EQ,1425857,822295,57.67
20,1912,METALIC,ST,100800,84800,84.13
20,1913,METALIETF,EQ,4020960,1871280,46.54
20,1914,METROBRAND,EQ,32396,23193,71.59
20,1915,METROGLOBL,EQ,1100,844,76.73
20,1916,METROPOLIS,EQ,687298,312910,45.53
20,1917,MFML,EQ,620,422,68.06
20,1918,MFSL,EQ,305746,182766,59.78
20,1919,MGL,EQ,270473,173120,64.01
20,1920,MGSL,SM,6000,6000,100.00
20,1921,MHRIL,EQ,149497,90552,60.57
20,1922,MICROPRO,SM,14400,11200,77.78
20,1923,MID150,EQ,25876,19089,73.77
20,1924,MID150BEES,EQ,523155,391994,74.93
20,1925,MID150CASE,EQ,1372459,807606,58.84
20,1926,MIDBANKADD,EQ,9277,8977,96.77
20,1927,MIDCAP,EQ,200209,142790,71.32
20,1928,MIDCAPADD,EQ,1269,1220,96.14
20,1929,MIDCAPBETA,EQ,426,316,74.18
20,1930,MIDCAPETF,EQ,1474597,1023110,69.38
20,1931,MIDCAPIETF,EQ,568797,386697,67.99
20,1932,MIDHANI,EQ,231448,108444,46.85
20,1933,MIDQ50ADD,EQ,14180,11197,78.96
20,1934,MIDSELIETF,EQ,110058,60457,54.93
20,1935,MIDSMALL,EQ,364235,275867,75.74
20,1936,MIDWESTLTD,EQ,17134,7466,43.57
20,1937,MIIL,EQ,94256,44705,47.43
20,1938,MILKYMIST,EQ,14621198,2765127,18.91
20,1939,MINDACORP,EQ,348343,149960,43.05
20,1940,MINDPOOL,SM,1000,1000,100.00
20,1941,MINDSPACE,RR,367653,308008,83.78
20,1942,MINDTECK,EQ,41663,29185,70.05
20,1943,MIRZAINT,EQ,71922,34084,47.39
20,1944,MITTAL,EQ,1129631,675595,59.81
20,1945,MKEXIM,EQ,31078,25992,83.63
20,1946,MKPL,EQ,79759,58853,73.79
20,1947,MLKFOOD,EQ,4729,3546,74.98
20,1948,MMEL,SM,2000,2000,100.00
20,1949,MMFL,EQ,173695,68970,39.71
20,1950,MMP,EQ,60928,37179,61.02
20,1951,MMTC,EQ,1025217,431937,42.13
20,1952,MMWL,EQ,9034,8612,95.33
20,1953,MNC,EQ,31885,21647,67.89
20,1954,MOALPHA50,EQ,20603,15513,75.29
20,1955,MOBANK10,EQ,4668,4659,99.81
20,1956,MOBIKWIK,EQ,454425,148508,32.68
20,1957,MOBILISE,SM,20800,19200,92.31
20,1958,MOCAPITAL,EQ,1768640,1166544,65.96
20,1959,MODEFENCE,EQ,731681,381182,52.10
20,1960,MODIRUBBER,EQ,1637,827,50.52
20,1961,MODIS,EQ,50349,29294,58.18
20,1962,MODTHREAD,EQ,8784,7405,84.30
20,1963,MOENERGY,EQ,143411,121877,84.98
20,1964,MOGOLD,EQ,13846,6179,44.63
20,1965,MOGSEC,EQ,1587,1025,64.59
20,1966,MOHEALTH,EQ,47802,36375,76.10
20,1967,MOHITE,EQ,843639,553518,65.61
20,1968,MOHITIND,EQ,2376,1352,56.90
20,1969,MOIL,EQ,617417,311586,50.47
20,1970,MOINFRA,EQ,6358,6310,99.25
20,1971,MOIPO,EQ,2973,1966,66.13
20,1972,MOKSH,EQ,1086495,523539,48.19
20,1973,MOL,EQ,885447,370795,41.88
20,1974,MOLBIO,EQ,980898,256746,26.17
20,1975,MOLDTKPAC,EQ,75305,42004,55.78
20,1976,MOLOWVOL,EQ,51935,38109,73.38
20,1977,MOM100,EQ,270059,153856,56.97
20,1978,MOM30IETF,EQ,420731,311775,74.10
20,1979,MOM50,EQ,10009,4384,43.80
20,1980,MOMENTUM,EQ,11274,8410,74.60
20,1981,MOMENTUM30,EQ,7839,6838,87.23
20,1982,MOMENTUM50,EQ,384299,249174,64.84
20,1983,MOMETAL,EQ,12835,9825,76.55
20,1984,MOMGF,EQ,84,84,100.00
20,1985,MOMIDMTM,EQ,33165,27890,84.09
20,1986,MOMMIDCAP,EQ,1723081,1696028,98.43
20,1987,MOMNC,EQ,517,517,100.00
20,1988,MOMOMENTUM,EQ,56728,43530,76.73
20,1989,MON100,EQ,337871,337871,100.00
20,1990,MON50EQUAL,EQ,2128,2128,100.00
20,1991,MONARCH,EQ,62695,34317,54.74
20,1992,MONEXT50,EQ,6962,6874,98.74
20,1993,MONEYBOXX,EQ,5774,4981,86.27
20,1994,MONIFTY100,EQ,5216,5216,100.00
20,1995,MONIFTY500,EQ,293035,188868,64.45
20,1996,MONOLITH,SM,75750,54750,72.28
20,1997,MONOPHARMA,SM,2000,2000,100.00
20,1998,MONQ50,EQ,21810,21810,100.00
20,1999,MONTECARLO,EQ,43022,26366,61.28
20,2000,MOOILGAS,EQ,3738,3683,98.53
20,2001,MOPSE,EQ,1057,1057,100.00
20,2002,MOQUALITY,EQ,7347,7149,97.31
20,2003,MOREALTY,EQ,332230,193827,58.34
20,2004,MOREPENLAB,EQ,39001643,11871829,30.44
20,2005,MOS,ST,336000,304000,90.48
20,2006,MOSCHIP,EQ,2669474,801751,30.03
20,2007,MOSERVICE,EQ,926,820,88.55
20,2008,MOSILVER,EQ,29997,4308,14.36
20,2009,MOSMALL250,EQ,777493,568514,73.12
20,2010,MOTHERSON,EQ,8444402,4297677,50.89
20,2011,MOTILALOFS,EQ,554756,238731,43.03
20,2012,MOTISONS,EQ,23963671,5979445,24.95
20,2013,MOTOUR,EQ,23997,21312,88.81
20,2014,MOVALUE,EQ,108609,79956,73.62
20,2015,MPEL,ST,6400,6400,100.00
20,2016,MPHASIS,EQ,956656,633545,66.22
20,2017,MPSLTD,EQ,13645,7659,56.13
20,2018,MRF,EQ,2262,1340,59.24
20,2019,MRIL,ST,1600,1600,100.00
20,2020,MRPL,EQ,2978571,1106648,37.15
20,2021,MSCI360,EQ,32814,21019,64.05
20,2022,MSCIADD,EQ,1937,222,11.46
20,2023,MSCIINDIA,EQ,7823,7297,93.28
20,2024,MSL,EQ,10,10,100.00
20,2025,MSPL,EQ,1767980,943205,53.35
20,2026,MSTCLTD,EQ,337402,160844,47.67
20,2027,MSUMI,EQ,6037911,3424118,56.71
20,2028,MTNL,EQ,3912822,903126,23.08
20,2029,MUFIN,EQ,1428754,308767,21.61
20,2030,MUFTI,EQ,78216,51336,65.63
20,2031,MUKANDLTD,EQ,41044,23772,57.92
20,2032,MUKESHB,EQ,828,828,100.00
20,2033,MUKKA,EQ,268612,178437,66.43
20,2034,MULTICAP,EQ,73472,53079,72.24
20,2035,MUNISH,SM,66000,58800,89.09
20,2036,MUNJALAU,EQ,480682,144752,30.11
20,2037,MUNJALSHOW,EQ,21024,16632,79.11
20,2038,MURUDCERA,EQ,20408,17440,85.46
20,2039,MUTHOOTCAP,EQ,12868,8573,66.62
20,2040,MUTHOOTFIN,EQ,403576,181113,44.88
20,2041,MUTHOOTMF,EQ,248099,120432,48.54
20,2042,MVELECTRO,EQ,28262303,1460375,5.17
20,2043,MVGJL,EQ,40954,20049,48.95
20,2044,MVKAGRO,SM,16200,16200,100.00
20,2045,MWL,EQ,129680,71619,55.23
20,2046,MYMUDRA,SM,6000,4800,80.00
20,2047,NACLIND,EQ,241630,137364,56.85
20,2048,NAGREEKCAP,EQ,3419,2536,74.17
20,2049,NAGREEKEXP,EQ,10306,7357,71.39
20,2050,NAHARCAP,EQ,3453,3253,94.21
20,2051,NAHARINDUS,EQ,30643,20145,65.74
20,2052,NAHARPOLY,EQ,5711,4842,84.78
20,2053,NAHARSPING,EQ,13709,10851,79.15
20,2054,NAM-INDIA,EQ,505054,279388,55.32
20,2055,NAMAN,SM,7200,6400,88.89
20,2056,NAMOEWASTE,ST,12800,12000,93.75
20,2057,NARMADA,EQ,400153,165572,41.38
20,2058,NATCAPSUQ,EQ,63397,32567,51.37
20,2059,NATCOPHARM,EQ,402204,230311,57.26
20,2060,NATHBIOGEN,EQ,26350,18449,70.02
20,2061,NATIONALUM,EQ,1868958,762855,40.82
20,2062,NATIONSTD,EQ,88867,75867,85.37
20,2063,NAUKRI,EQ,1808851,895150,49.49
20,2064,NAVA,EQ,556705,145734,26.18
20,2065,NAVINFLUOR,EQ,77045,42450,55.10
20,2066,NAVKARCORP,EQ,140276,91719,65.38
20,2067,NAVNETEDUL,EQ,69249,39534,57.09
20,2068,NAZARA,EQ,8037749,3267812,40.66
20,2069,NBCC,EQ,6704520,3186527,47.53
20,2070,NBIFIN,EQ,242,126,52.07
20,2071,NCC,EQ,1458322,690058,47.32
20,2072,NCLIND,EQ,28059,17664,62.95
20,2073,NDGL,EQ,322,225,69.88
20,2074,NDL,EQ,1373143,1019416,74.24
20,2075,NDLVENTURE,EQ,12469,10100,81.00
20,2076,NDRAUTO,EQ,35308,20888,59.16
20,2077,NDTV,EQ,53358,29476,55.24
20,2078,NEAGI,EQ,127,118,92.91
20,2079,NECLIFE,EQ,468735,289090,61.67
20,2080,NELCAST,EQ,204137,142579,69.84
20,2081,NELCO,EQ,156043,57068,36.57
20,2082,NEOCHEM,ST,13200,13200,100.00
20,2083,NEOGEN,EQ,89932,42128,46.84
20,2084,NEPHROCARE,SM,26400,22000,83.33
20,2085,NEPHROPLUS,EQ,81324,38751,47.65
20,2086,NEPTUNE,SM,1000,1000,100.00
20,2087,NESCO,EQ,219548,63173,28.77
20,2088,NESTLEIND,EQ,445734,270576,60.70
20,2089,NETF,EQ,2111,1645,77.93
20,2090,NETWEB,EQ,1962173,213862,10.90
20,2091,NETWORK18,EQ,4626567,2394952,51.77
20,2092,NEULANDLAB,EQ,38996,16597,42.56
20,2093,NEWGEN,EQ,10501206,1619657,15.42
20,2094,NEWJAISA,ST,3000,3000,100.00
20,2095,NEXT30ADD,EQ,6032,3223,53.43
20,2096,NEXT50,EQ,21668,11490,53.03
20,2097,NEXT50ADD,EQ,4376,2113,48.29
20,2098,NEXT50BETA,EQ,103520,60787,58.72
20,2099,NEXT50ETF,EQ,9336,6843,73.30
20,2100,NEXT50IETF,EQ,338904,225110,66.42
20,2101,NEXTMEDIA,EQ,308631,159349,51.63
20,2102,NFL,EQ,337128,170464,50.56
20,2103,NFPSAMPOOR,SM,22000,20000,90.91
20,2104,NGIL,EQ,31122,24562,78.92
20,2105,NGLFINE,EQ,7479,4360,58.30
20,2106,NH,EQ,209531,136442,65.12
20,2107,NHIT,IV,200000,200000,100.00
20,2108,NHPC,EQ,9597848,5464205,56.93
20,2109,NIACL,EQ,2336110,585319,25.06
20,2110,NIBE,EQ,32127,15135,47.11
20,2111,NIBL,EQ,11192,7216,64.47
20,2112,NICCOPAR,EQ,6005,5596,93.19
20,2113,NIDAN,SM,8000,5000,62.50
20,2114,NIF100BEES,EQ,17726,11943,67.38
20,2115,NIF100IETF,EQ,45727,30560,66.83
20,2116,NIF500BETA,EQ,2226,1757,78.93
20,2117,NIFTY1,EQ,28107,14933,53.13
20,2118,NIFTY100EW,EQ,18378,12913,70.26
20,2119,NIFTYADD,EQ,6550,5873,89.66
20,2120,NIFTYAXIS,EQ,2633,987,37.49
20,2121,NIFTYBEES,EQ,3137920,1859028,59.24
20,2122,NIFTYBETA,EQ,47612,27224,57.18
20,2123,NIFTYBETF,EQ,467,335,71.73
20,2124,NIFTYCASE,EQ,903063,719678,79.69
20,2125,NIFTYETF,EQ,157363,67061,42.62
20,2126,NIFTYIETF,EQ,825870,724888,87.77
20,2127,NIFTYJBLK,EQ,164738,90286,54.81
20,2128,NIFTYQLITY,EQ,53666,42686,79.54
20,2129,NIITLTD,EQ,1104323,599839,54.32
20,2130,NIITMTS,EQ,182210,105047,57.65
20,2131,NIKITA,SM,8400,2400,28.57
20,2132,NILAINFRA,EQ,295906,244817,82.73
20,2133,NILASPACES,EQ,468887,258765,55.19
20,2134,NILE,EQ,1996,1455,72.90
20,2135,NILKAMAL,EQ,21838,8757,40.10
20,2136,NIMBSPROJ,EQ,86546,11179,12.92
20,2137,NINSYS,EQ,2516,1837,73.01
20,2138,NIPPOBATRY,EQ,1312,1112,84.76
20,2139,NIRAJ,EQ,51519,46937,91.11
20,2140,NIRAJISPAT,EQ,3053,2729,89.39
20,2141,NIRLON,EQ,6956,4815,69.22
20,2142,NIRMAN,SM,12600,9000,71.43
20,2143,NITCO,EQ,1888937,1169175,61.90
20,2144,NITINSPIN,EQ,51698,24183,46.78
20,2145,NITIRAJ,EQ,875,449,51.31
20,2146,NITTAGELA,EQ,5804,3345,57.63
20,2147,NIVABUPA,EQ,329259,169423,51.46
20,2148,NKIND,EQ,1182,672,56.85
20,2149,NLCINDIA,EQ,916598,510061,55.65
20,2150,NMDC,EQ,14224538,6363174,44.73
20,2151,NMSTEEL,SM,8000,6400,80.00
20,2152,NOCIL,EQ,527888,337101,63.86
20,2153,NOIDATOLL,EQ,153839,106394,69.16
20,2154,NORBTEAEXP,EQ,456,455,99.78
20,2155,NORTHARC,EQ,4983190,2651866,53.22
20,2156,NOVARTIND,EQ,4238,2374,56.02
20,2157,NPBET,EQ,242,150,61.98
20,2158,NPST,EQ,61681,24746,40.12
20,2159,NRAIL,EQ,4957,3452,69.64
20,2160,NRBBEARING,EQ,187908,108882,57.94
20,2161,NRVANDANA,ST,9000,9000,100.00
20,2162,NSIL,EQ,1078,635,58.91
20,2163,NSLNISP,EQ,57456853,15505291,26.99
20,2164,NTCIND,EQ,1527,1432,93.78
20,2165,NTPC,EQ,7332490,4276821,58.33
20,2166,NTPCGREEN,EQ,1033809,583712,56.46
20,2167,NUCLEUS,EQ,20206,12947,64.08
20,2168,NUVAMA,EQ,246065,128484,52.22
20,2169,NUVOCO,EQ,236387,122417,51.79
20,2170,NV20,EQ,62956,43853,69.66
20,2171,NV20BEES,EQ,7735,5847,75.59
20,2172,NV20IETF,EQ,278965,167116,59.91
20,2173,NXST,RR,186748,150372,80.52
20,2174,NYKAA,EQ,1538325,957551,62.25
20,2175,OAL,EQ,765470,166783,21.79
20,2176,OBCL,EQ,774,730,94.32
20,2177,OBEROIRLTY,EQ,263019,138233,52.56
20,2178,OBSCP,SM,28400,19600,69.01
20,2179,ODIGMA,EQ,15757,15421,97.87
20,2180,ODYCORP,EQ,105386,95217,90.35
20,2181,OFSS,EQ,428317,149677,34.95
20,2182,OIL,EQ,1907538,796414,41.75
20,2183,OILIETF,EQ,974836,675804,69.32
20,2184,OLAELEC,EQ,78463929,17480594,22.28
20,2185,OLECTRA,EQ,237865,105850,44.50
20,2186,OLIL,SM,41200,39200,95.15
20,2187,OMAXAUTO,EQ,46687,27626,59.17
20,2188,OMAXE,EQ,24953289,1685213,6.75
20,2189,OMINFRAL,EQ,86860,41245,47.48
20,2190,OMNI,EQ,317666,110821,34.89
20,2191,OMPOWER,EQ,232635,129786,55.79
20,2192,ONDOOR,SM,3300,2700,81.82
20,2193,ONEGLOBAL,EQ,4526,2849,62.95
20,2194,ONEPOINT,EQ,552470,315626,57.13
20,2195,ONESOURCE,EQ,32479,14390,44.31
20,2196,ONGC,EQ,7638954,4462167,58.41
20,2197,ONIDA,EQ,623381,418670,67.16
20,2198,ONIXSOLAR,EQ,354364,226824,64.01
20,2199,ONWARDTEC,EQ,24765,12049,48.65
20,2200,ONYX,ST,6000,6000,100.00
20,2201,OPTIEMUS,EQ,233808,99568,42.59
20,2202,OPTIFIN,EQ,13755,11782,85.66
20,2203,OPTIMYSTIX,SM,92000,87200,94.78
20,2204,OPTIVALUE,ST,30400,20800,68.42
20,2205,ORCHASP,EQ,256666,220749,86.01
20,2206,ORCHPHARMA,EQ,63715,29673,46.57
20,2207,ORIANA,SM,25725,20475,79.59
20,2208,ORICONENT,EQ,329836,315478,95.65
20,2209,ORIENTALTL,EQ,96232,78567,81.64
20,2210,ORIENTBELL,EQ,77661,41587,53.55
20,2211,ORIENTCEM,EQ,89980,56935,63.28
20,2212,ORIENTCER,EQ,128190,53011,41.35
20,2213,ORIENTELEC,EQ,109521,52662,48.08
20,2214,ORIENTHOT,EQ,831534,358968,43.17
20,2215,ORIENTPPR,EQ,294544,230266,78.18
20,2216,ORIENTTECH,EQ,306165,77859,25.43
20,2217,ORIRAIL,EQ,113427,60155,53.03
20,2218,ORISSAMINE,EQ,7201,4527,62.87
20,2219,ORKLAINDIA,EQ,235478,109576,46.53
20,2220,ORTINGLOBE,EQ,6400,5408,84.50
20,2221,OSELDEVICE,SM,17000,11600,68.24
20,2222,OSWALAGRO,EQ,72768,68808,94.56
20,2223,OSWALGREEN,EQ,153640,134322,87.43
20,2224,OSWALPUMPS,EQ,218585,113925,52.12
20,2225,OSWALSEEDS,EQ,34022,25263,74.25
20,2226,OWAIS,ST,6800,6800,100.00
20,2227,PACEDIGITK,EQ,397830,242393,60.93
20,2228,PACIFICI,EQ,747,630,84.34
20,2229,PAGEIND,EQ,13087,5938,45.37
20,2230,PAISALO,EQ,9932266,6139125,61.81
20,2231,PAKKA,EQ,85729,46602,54.36
20,2232,PALASHSECU,EQ,3854,3600,93.41
20,2233,PANACEABIO,EQ,89332,35946,40.24
20,2234,PANAMAPET,EQ,140701,65631,46.65
20,2235,PANCHMAHQ,EQ,297,133,44.78
20,2236,PANORAMA,EQ,262808,196283,74.69
20,2237,PANSARI,EQ,234,218,93.16
20,2238,PAR,EQ,3407,2460,72.20
20,2239,PARACABLES,EQ,2465156,1266806,51.39
20,2240,PARADEEP,EQ,8464938,3037542,35.88
20,2241,PARAGMILK,EQ,254261,122280,48.09
20,2242,PARAGON,SM,6000,2400,40.00
20,2243,PARAMOUNT,SM,3600,2400,66.67
20,2244,PARAS,EQ,618190,210461,34.04
20,2245,PARASPETRO,EQ,120184,60978,50.74
20,2246,PARIN,SM,1000,1000,100.00
20,2247,PARKHOSPS,EQ,253289,129553,51.15
20,2248,PARKHOTELS,EQ,215724,128738,59.68
20,2249,PARNAXLAB,EQ,1555,1555,100.00
20,2250,PARTH,SM,59200,55200,93.24
20,2251,PARTYCRUS,SM,15000,13000,86.67
20,2252,PASHUPATI,EQ,9228,5636,61.07
20,2253,PATANJALI,EQ,1099007,549863,50.03
20,2254,PATELENG,EQ,1807723,1099000,60.79
20,2255,PATELRMART,EQ,37968,22662,59.69
20,2256,PATILAUTOM,SM,51600,28200,54.65
20,2257,PAUSHAKLTD,EQ,71076,23918,33.65
20,2258,PAVNAIND,EQ,9166,7044,76.85
20,2259,PAYTM,EQ,1837484,651297,35.45
20,2260,PBMPOLY,EQ,2394,1658,69.26
20,2261,PCBL,EQ,353232,154485,43.73
20,2262,PCCL,SM,34000,19600,57.65
20,2263,PCJEWELLER,EQ,360417197,47367443,13.14
20,2264,PDMJEPAPER,EQ,465662,211497,45.42
20,2265,PDSL,EQ,259144,189102,72.97
20,2266,PEARLPOLY,EQ,9153,6001,65.56
20,2267,PELATRO,SM,4800,4500,93.75
20,2268,PENIND,EQ,354594,189863,53.54
20,2269,PENTAGON,SM,1000,1000,100.00
20,2270,PERFECT,SZ,6000,6000,100.00
20,2271,PERMAGN,EQ,2754,1754,63.69
20,2272,PERSISTENT,EQ,957631,350318,36.58
20,2273,PETRONET,EQ,1164928,755473,64.85
20,2274,PFC,EQ,6299577,3749645,59.52
20,2275,PFCL41A,NE,100,100,100.00
20,2276,PFIZER,EQ,26865,17478,65.06
20,2277,PFOCUS,EQ,166516,84658,50.84
20,2278,PFS,EQ,438006,360124,82.22
20,2279,PGEL,EQ,533664,207340,38.85
20,2280,PGHH,EQ,7078,5119,72.32
20,2281,PGHL,EQ,12108,7605,62.81
20,2282,PGIL,EQ,24478,9310,38.03
20,2283,PGINVIT,IV,711939,629023,88.35
20,2284,PHANTOMFX,SM,12600,9600,76.19
20,2285,PHARMABEES,EQ,4556422,3014479,66.16
20,2286,PHOENIXLTD,EQ,253002,149946,59.27
20,2287,PHOENXINTL,EQ,2249,2032,90.35
20,2288,PHOGLOBAL,SM,2000,2000,100.00
20,2289,PICCADIL,EQ,126218,66945,53.04
20,2290,PIDILITIND,EQ,449546,281254,62.56
20,2291,PIGL,EQ,14912,5974,40.06
20,2292,PIIND,EQ,249992,132579,53.03
20,2293,PILANIINVS,EQ,520,276,53.08
20,2294,PILITA,EQ,88732,61658,69.49
20,2295,PINELABS,EQ,8248186,3896749,47.24
20,2296,PIONEEREMB,EQ,5645,5075,89.90
20,2297,PIRAMALFIN,EQ,394664,208029,52.71
20,2298,PITTIENG,EQ,83398,39053,46.83
20,2299,PIXTRANS,EQ,12449,7021,56.40
20,2300,PKTEA,EQ,89,27,30.34
20,2301,PLASTIBLEN,EQ,17406,9713,55.80
20,2302,PLATIND,EQ,79302,44972,56.71
20,2303,PLAZACABLE,EQ,70633,50342,71.27
20,2304,PML,EQ,25,19,76.00
20,2305,PNB,EQ,8502644,4268111,50.20
20,2306,PNBGILTS,EQ,258583,113474,43.88
20,2307,PNBHOUSING,EQ,438325,247237,56.40
20,2308,PNC,EQ,9376,6464,68.94
20,2309,PNCINFRA,EQ,361612,184318,50.97
20,2310,PNGJL,EQ,671442,387140,57.66
20,2311,PNGSREVA,EQ,64170,30725,47.88
20,2312,POCL,EQ,380141,148846,39.16
20,2313,PODDARMENT,EQ,1040,657,63.17
20,2314,POEL,EQ,31498,23543,74.74
20,2315,POKARNA,EQ,62427,26996,43.24
20,2316,POLICYBZR,EQ,344633,211411,61.34
20,2317,POLYCAB,EQ,252548,154108,61.02
20,2318,POLYMED,EQ,197416,101715,51.52
20,2319,POLYPLEX,EQ,71791,47886,66.70
20,2320,POLYSIL,SM,49000,39500,80.61
20,2321,POLYSPIN,EQ,742,565,76.15
20,2322,PONNIERODE,EQ,38255,16195,42.33
20,2323,POONAWALLA,EQ,560278,267540,47.75
20,2324,POSITRON,SM,3600,2100,58.33
20,2325,POWERGRID,EQ,5112511,2831282,55.38
20,2326,POWERICA,EQ,65666,35018,53.33
20,2327,POWERINDIA,EQ,32688,12016,36.76
20,2328,POWERMECH,EQ,45314,27977,61.74
20,2329,PPLPHARMA,EQ,5418446,2263549,41.77
20,2330,PPSL,SM,54000,51000,94.44
20,2331,PRABHA,EQ,55823,42931,76.91
20,2332,PRAENG,EQ,33024,25513,77.26
20,2333,PRAJIND,EQ,438949,192380,43.83
20,2334,PRAKASH,EQ,419655,206568,49.22
20,2335,PRAKASHSTL,EQ,355098,277085,78.03
20,2336,PRAMARA,SM,9000,8000,88.89
20,2337,PRAMODINI,ST,73200,68400,93.44
20,2338,PRANIK,SM,4800,4800,100.00
20,2339,PRATHAM,SM,400,400,100.00
20,2340,PRAVEG,EQ,24796,12775,51.52
20,2341,PRAXIS,EQ,132169,126716,95.87
20,2342,PRECAM,EQ,182688,75648,41.41
20,2343,PRECOT,EQ,4311,3252,75.43
20,2344,PRECWIRE,EQ,8561415,1365402,15.95
20,2345,PREMCO,EQ,117,114,97.44
20,2346,PREMEXPLN,EQ,72917,60985,83.64
20,2347,PREMIERENE,EQ,2307505,646476,28.02
20,2348,PREMIERPOL,EQ,522731,247259,47.30
20,2349,PREMIUM,SM,15000,15000,100.00
20,2350,PRESSTONIC,SM,28000,16800,60.00
20,2351,PRESTIGE,EQ,274021,145287,53.02
20,2352,PRICOLLTD,EQ,244858,134783,55.05
20,2353,PRIMECAB,ST,4800,4800,100.00
20,2354,PRIMESECU,EQ,13466,11219,83.31
20,2355,PRIMO,EQ,100284,45495,45.37
20,2356,PRINCEPIPE,EQ,114876,62439,54.35
20,2357,PRISMX,EQ,134404,112077,83.39
20,2358,PRITIKA,SM,20000,16000,80.00
20,2359,PRIVISCL,EQ,21368,13584,63.57
20,2360,PRIZOR,ST,8400,8400,100.00
20,2361,PRLIND,SM,17000,11000,64.71
20,2362,PROFX,SM,1600,1600,100.00
20,2363,PROLIFE,SM,1000,1000,100.00
20,2364,PROPEQUITY,SM,4800,3000,62.50
20,2365,PROPSHOP,SM,338000,228000,67.46
20,2366,PROSTARM,EQ,167124,60224,36.04
20,2367,PROTEAN,EQ,283361,147092,51.91
20,2368,PROV,SM,160,80,50.00
20,2369,PROZONER,EQ,198541,124802,62.86
20,2370,PRSMJOHNSN,EQ,298381,134968,45.23
20,2371,PRUDENT,EQ,26505,14792,55.81
20,2372,PSB,EQ,680020,431534,63.46
20,2373,PSFL,SM,12000,12000,100.00
20,2374,PSPPROJECT,EQ,29015,18229,62.83
20,2375,PSRAJ,ST,5000,5000,100.00
20,2376,PSUBANK,EQ,104999,42645,40.61
20,2377,PSUBANKADD,EQ,13408,8576,63.96
20,2378,PSUBNKBEES,EQ,763406,396890,51.99
20,2379,PSUBNKIETF,EQ,70989,39339,55.42
20,2380,PTC,EQ,1285321,744380,57.91
20,2381,PTCIL,EQ,100300,25002,24.93
20,2382,PTL,EQ,26069,22326,85.64
20,2383,PULZ,SM,12000,12000,100.00
20,2384,PUNJABCHEM,EQ,9103,5123,56.28
20,2385,PURPLEUTED,ST,12250,11500,93.88
20,2386,PURVA,EQ,85702,26594,31.03
20,2387,PURVFLEXI,SM,800,800,100.00
20,2388,PUSHPA,SM,9000,8000,88.89
20,2389,PVP,EQ,1739968,946536,54.40
20,2390,PVRINOX,EQ,210854,115797,54.92
20,2391,PVSL,EQ,91563,57662,62.98
20,2392,PVTBANIETF,EQ,1078205,463494,42.99
20,2393,PVTBANK,EQ,21964,21962,99.99
20,2394,PVTBANKADD,EQ,42848,29850,69.66
20,2395,PVTBKGROWW,EQ,22199,7895,35.56
20,2396,PWL,EQ,16232251,3809680,23.47
20,2397,PYRAMID,EQ,27568,17880,64.86
20,2398,QGOLDHALF,EQ,143359,48855,34.08
20,2399,QLINE,SM,129600,89600,69.14
20,2400,QNIFTY,EQ,1049,592,56.43
20,2401,QPOWER,EQ,582162,279060,47.94
20,2402,QUADFUTURE,EQ,767293,213559,27.83
20,2403,QUAL30IETF,EQ,141510,125719,88.84
20,2404,QUALITY30,EQ,5936,5589,94.15
20,2405,QUESS,EQ,722192,220201,30.49
20,2406,QUESTLAB,SM,69600,63600,91.38
20,2407,QUICKTOUCH,SM,1500,1500,100.00
20,2408,QUINT,EQ,5809,5772,99.36
20,2409,QVCEL,SM,4800,3200,66.67
20,2410,RACE,EQ,5538,4933,89.08
20,2411,RACLGEAR,EQ,49159,23171,47.13
20,2412,RADAAN,EQ,52812,46455,87.96
20,2413,RADHIKAJWE,EQ,243664,106563,43.73
20,2414,RADIANTCMS,EQ,253157,161261,63.70
20,2415,RADICO,EQ,140966,95962,68.07
20,2416,RADIOCITY,EQ,40611,36312,89.41
20,2417,RADIOWALLA,ST,20800,20800,100.00
20,2418,RAILTEL,EQ,365408,115289,31.55
20,2419,RAIN,EQ,2589958,1202478,46.43
20,2420,RAINBOW,EQ,68321,38102,55.77
20,2421,RAJMET,EQ,310902,198741,63.92
20,2422,RAJPALAYAM,EQ,311,231,74.28
20,2423,RAJPUTANA,SM,5500,4500,81.82
20,2424,RAJRATAN,EQ,77735,33755,43.42
20,2425,RAJSREESUG,EQ,62645,29227,46.65
20,2426,RAJTV,EQ,9950,6875,69.10
20,2427,RALLIS,EQ,387772,192891,49.74
20,2428,RAMANEWS,EQ,11248,7568,67.28
20,2429,RAMAPHO,EQ,27862,18335,65.81
20,2430,RAMBHAJO,EQ,2950380,421639,14.29
20,2431,RAMCOCEM,EQ,243570,96786,39.74
20,2432,RAMCOIND,EQ,124642,64123,51.45
20,2433,RAMCOSYS,EQ,177179,90638,51.16
20,2434,RAMKY,EQ,29709,19163,64.50
20,2435,RAMRAT,EQ,1319098,329832,25.00
20,2436,RANASUG,EQ,804346,509221,63.31
20,2437,RANEHOLDIN,EQ,2972,2106,70.86
20,2438,RAPIDFLEET,SM,17400,3600,20.69
20,2439,RAPPID,SM,6000,5400,90.00
20,2440,RATEGAIN,EQ,227209,109298,48.10
20,2441,RATNAMANI,EQ,48237,19742,40.93
20,2442,RATNAVEER,EQ,7080185,1461353,20.64
20,2443,RAYMOND,EQ,285076,136680,47.95
20,2444,RAYMONDLSL,EQ,69558,43737,62.88
20,2445,RAYMONDREL,EQ,163200,71949,44.09
20,2446,RBA,EQ,2859553,950469,33.24
20,2447,RBLBANK,EQ,963822,490520,50.89
20,2448,RBMINFRA,SM,18200,17200,94.51
20,2449,RBS,SM,10400,5600,53.85
20,2450,RBZJEWEL,EQ,41946,22346,53.27
20,2451,RCDL,SM,6000,3000,50.00
20,2452,RCF,EQ,1211992,667759,55.10
20,2453,READYMIX,SM,35000,12000,34.29
20,2454,RECLTD,EQ,4333649,2399324,55.36
20,2455,REDINGTON,EQ,16023073,4200783,26.22
20,2456,REDTAPE,EQ,363662,172467,47.43
20,2457,REFEX,EQ,195240,94516,48.41
20,2458,REFRACTORY,SM,7000,6000,85.71
20,2459,REGAAL,EQ,101607,73009,71.85
20,2460,REGENCERAM,EQ,501,500,99.80
20,2461,RELAXO,EQ,169422,64385,38.00
20,2462,RELCHEMQ,EQ,1955,1494,76.42
20,2463,RELIABLE,EQ,51546,20755,40.27
20,2464,RELIANCE,EQ,6830228,4052582,59.33
20,2465,RELIGARE,EQ,3498183,3008453,86.00
20,2466,RELTD,EQ,143330,71227,49.69
20,2467,REMSONSIND,EQ,160067,103779,64.83
20,2468,REMUS,SM,3400,3000,88.24
20,2469,RENUKA,EQ,30588379,6602725,21.59
20,2470,REPCOHOME,EQ,81201,53943,66.43
20,2471,REPRO,EQ,9587,5265,54.92
20,2472,RESPONIND,EQ,140995,64373,45.66
20,2473,RETAIL,EQ,1474,1405,95.32
20,2474,REXPRO,SM,3000,3000,100.00
20,2475,RGL,EQ,3985843,791615,19.86
20,2476,RHETAN,EQ,22750054,3986932,17.52
20,2477,RHIM,EQ,127018,74200,58.42
20,2478,RHL,EQ,2341,2067,88.30
20,2479,RICHA,ST,3000,3000,100.00
20,2480,RICOAUTO,EQ,656237,182760,27.85
20,2481,RIIL,EQ,23303,6440,27.64
20,2482,RIIT,IV,175206,167873,95.81
20,2483,RILINFRA,SM,5600,4300,76.79
20,2484,RIR,EQ,180957,89495,49.46
20,2485,RISHABH,EQ,181013,84114,46.47
20,2486,RITCO,EQ,29324,20280,69.16
20,2487,RITES,EQ,226819,99083,43.68
20,2488,RKDL,EQ,8170,5375,65.79
20,2489,RKEC,EQ,23701,17051,71.94
20,2490,RKFORGE,EQ,1361521,622329,45.71
20,2491,RKSWAMY,EQ,42695,33577,78.64
20,2492,RMC,EQ,50140,29164,58.17
20,2493,RML,EQ,8548,4495,52.59
20,2494,RNBDENIMS,EQ,166097,158320,95.32
20,2495,RNFI,SM,142200,136800,96.20
20,2496,RNPL,SM,4800,1200,25.00
20,2497,ROCKINGDCE,SM,4750,3250,68.42
20,2498,ROCKPP,E1,8000,8000,100.00
20,2499,ROHLTD,EQ,13630,10272,75.36
20,2500,ROLEXRINGS,EQ,2628695,1202587,45.75
20,2501,ROML,EQ,10850,7936,73.14
20,2502,ROSSARI,EQ,21018,13200,62.80
20,2503,ROSSELLIND,EQ,349907,122702,35.07
20,2504,ROSSTECH,EQ,85448,37787,44.22
20,2505,ROTO,EQ,136747,65500,47.90
20,2506,ROUTE,EQ,128361,60907,47.45
20,2507,ROXHITECH,SM,12800,11200,87.50
20,2508,ROYALARC,SM,1200,1200,100.00
20,2509,RPEL,EQ,91921,43049,46.83
20,2510,RPGLIFE,EQ,15329,9340,60.93
20,2511,RPOWER,EQ,10849559,4647985,42.84
20,2512,RPPINFRA,EQ,228233,134561,58.96
20,2513,RPSGVENT,EQ,19607,12298,62.72
20,2514,RPTECH,EQ,544572,259336,47.62
20,2515,RRECL,EQ,631,321,50.87
20,2516,RRIL,EQ,13971,10856,77.70
20,2517,RRKABEL,EQ,629274,257929,40.99
20,2518,RSL,EQ,1753430,1087066,62.00
20,2519,RSSOFTWARE,EQ,71139,65009,91.38
20,2520,RSYSTEMS,EQ,253785,144587,56.97
20,2521,RTNINDIA,EQ,726146,348702,48.02
20,2522,RTNPOWER,EQ,17525647,7508478,42.84
20,2523,RTSPOWR,EQ,2791,2419,86.67
20,2524,RUBFILA,EQ,20442,18092,88.50
20,2525,RUBICON,EQ,249261,113289,45.45
20,2526,RUCHINFRA,EQ,24306,17965,73.91
20,2527,RUCHIRA,EQ,22447,17680,78.76
20,2528,RUDRA,EQ,24814,13506,54.43
20,2529,RULKA,SM,36300,14400,39.67
20,2530,RUPA,EQ,164338,79655,48.47
20,2531,RUSHIL,EQ,355509,154297,43.40
20,2532,RUSTOMJEE,EQ,15764,10938,69.39
20,2533,RVHL,EQ,21366,19241,90.05
20,2534,RVNL,EQ,2941255,1214671,41.30
20,2535,RVTH,EQ,500,487,97.40
20,2536,S&SPOWER,EQ,2696,1698,62.98
20,2537,SAAKSHI,ST,21000,16800,80.00
20,2538,SAATVIKGL,EQ,33723,17908,53.10
20,2539,SABAR,ST,45000,45000,100.00
20,2540,SACHEEROME,SM,29400,21900,74.49
20,2541,SADBHAV,EQ,558589,488332,87.42
20,2542,SADHAV,SM,2400,1800,75.00
20,2543,SAFARI,EQ,12818,7747,60.44
20,2544,SAFEENTP,SM,36500,32500,89.04
20,2545,SAGARDEEP,EQ,3087,2056,66.60
20,2546,SAGCEM,EQ,12009,8380,69.78
20,2547,SAGILITY,EQ,60764265,24937425,41.04
20,2548,SAHAJSOLAR,SM,6000,4800,80.00
20,2549,SAHANA,SM,19200,16650,86.72
20,2550,SAHASRA,ST,20400,18400,90.20
20,2551,SAHLIBHFI,EQ,1739,1676,96.38
20,2552,SAHYADRI,EQ,7282,4559,62.61
20,2553,SAICAPI,EQ,247,94,38.06
20,2554,SAIFL,SM,112000,84000,75.00
20,2555,SAIL,EQ,48585004,18852154,38.80
20,2556,SAILIFE,EQ,228815,109020,47.65
20,2557,SAIPARENT,EQ,86402,39874,46.15
20,2558,SAJHOTELS,ST,6000,6000,100.00
20,2559,SAKAR,EQ,84908,48438,57.05
20,2560,SAKHTISUG,EQ,424178,222227,52.39
20,2561,SAKSOFT,EQ,539331,135770,25.17
20,2562,SAKUMA,EQ,797283,621104,77.90
20,2563,SALASAR,EQ,2269266,1311206,57.78
20,2564,SALONA,EQ,442,94,21.27
20,2565,SALSTEEL,EQ,289253,181653,62.80
20,2566,SALZERELEC,EQ,34995,18349,52.43
20,2567,SAMBANDAM,EQ,796,398,50.00
20,2568,SAMBHAAV,EQ,32142,23814,74.09
20,2569,SAMBHV,EQ,1060636,428831,40.43
20,2570,SAMHI,EQ,679031,397973,58.61
20,2571,SAMMAANCAP,EQ,4311399,2264645,52.53
20,2572,SAMPANN,EQ,5068,4406,86.94
20,2573,SANATHAN,EQ,16896,9987,59.11
20,2574,SANDESH,EQ,1698,1040,61.25
20,2575,SANDHAR,EQ,160374,92281,57.54
20,2576,SANDUMA,EQ,340342,176608,51.89
20,2577,SANGAMIND,EQ,79127,40769,51.52
20,2578,SANGANI,SM,3000,3000,100.00
20,2579,SANGHVIMOV,EQ,363002,178864,49.27
20,2580,SANOFI,EQ,19128,13542,70.80
20,2581,SANOFICONR,EQ,3831,1977,51.61
20,2582,SANSERA,EQ,65476,31586,48.24
20,2583,SANSTAR,EQ,109652,57074,52.05
20,2584,SAPPHIRE,EQ,862659,292102,33.86
20,2585,SAPPL,EQ,406,401,98.77
20,2586,SARDAEN,EQ,139241,66392,47.68
20,2587,SAREGAMA,EQ,216953,97374,44.88
20,2588,SARLAPOLY,EQ,24871,18496,74.37
20,2589,SAROJA,SM,3200,3200,100.00
20,2590,SARTELE,SM,52500,46500,88.57
20,2591,SARVESHWAR,EQ,996451,764216,76.69
20,2592,SASKEN,EQ,16489,8983,54.48
20,2593,SATECH,SM,19000,15000,78.95
20,2594,SATIA,EQ,151230,104277,68.95
20,2595,SATIN,EQ,117758,59454,50.49
20,2596,SATIPOLY,ST,8000,8000,100.00
20,2597,SATKARTAR,SM,7200,6400,88.89
20,2598,SATTVAENGG,SM,107200,96000,89.55
20,2599,SAURASHCEM,EQ,79022,46741,59.15
20,2600,SAVY,SM,19200,16800,87.50
20,2601,SAWALIYA,SM,19200,19200,100.00
20,2602,SAYAJIHOTL,EQ,956,404,42.26
20,2603,SAYAJIIND,EQ,904,904,100.00
20,2604,SBC,EQ,5763946,1594263,27.66
20,2605,SBCL,EQ,524106,238252,45.46
20,2606,SBFC,EQ,2163907,1076055,49.73
20,2607,SBGLP,EQ,17281,10771,62.33
20,2608,SBIBPB,EQ,1368503,1326244,96.91
20,2609,SBICARD,EQ,1398856,819367,58.57
20,2610,SBIETFCON,EQ,1917,1174,61.24
20,2611,SBIETFIT,EQ,15065,13149,87.28
20,2612,SBIETFPB,EQ,496,403,81.25
20,2613,SBIETFQLTY,EQ,834,833,99.88
20,2614,SBIFUNDS,EQ,1785037,1012868,56.74
20,2615,SBILIFE,EQ,1039823,663421,63.80
20,2616,SBILIQETF,EQ,205660,111445,54.19
20,2617,SBIMIDMOM,EQ,72161,68661,95.15
20,2618,SBIN,EQ,4969272,2705841,54.45
20,2619,SBINEQWETF,EQ,21223,20361,95.94
20,2620,SBINMID150,EQ,23667,21503,90.86
20,2621,SBISILVER,EQ,1508122,597078,39.59
20,2622,SBISMLETF,EQ,20334,18878,92.84
20,2623,SBIVALETF,EQ,1969,1903,96.65
20,2624,SCHAEFFLER,EQ,48578,31534,64.91
20,2625,SCHAND,EQ,31629,26319,83.21
20,2626,SCHNEIDER,EQ,197078,98475,49.97
20,2627,SCI,EQ,5131992,1630980,31.78
20,2628,SCILAL,EQ,157415,97824,62.14
20,2629,SCL01825,N6,15,10,66.67
20,2630,SCML,SM,1000,1000,100.00
20,2631,SCODATUBES,EQ,136534,73535,53.86
20,2632,SDBL,EQ,456962,227432,49.77
20,2633,SDREAMS,SM,4000,4000,100.00
20,2634,SEAMECLTD,EQ,140532,79896,56.85
20,2635,SECMARK,EQ,73883,27233,36.86
20,2636,SECURKLOUD,EQ,11774,11077,94.08
20,2637,SEDEMAC,EQ,63095,22450,35.58
20,2638,SEIL,EQ,76804,50736,66.06
20,2639,SEITINVIT,IV,125000,125000,100.00
20,2640,SEJALLTD,EQ,2882,2417,83.87
20,2641,SEKURITIND,EQ,19600,14277,72.84
20,2642,SEL,SM,1400,1000,71.43
20,2643,SELECTIPO,EQ,58426,54597,93.45
20,2644,SELMC,EQ,3292,2458,74.67
20,2645,SEMAC,EQ,163,112,68.71
20,2646,SENCO,EQ,639082,273909,42.86
20,2647,SENORES,EQ,84500,34064,40.31
20,2648,SENSEXADD,EQ,795,424,53.33
20,2649,SENSEXAXIS,EQ,697,337,48.35
20,2650,SENSEXBETA,EQ,599,395,65.94
20,2651,SENSEXETF,EQ,50588,8073,15.96
20,2652,SENSEXIETF,EQ,5306,3780,71.24
20,2653,SEPC,EQ,59773560,14110427,23.61
20,2654,SERVICE,SM,82000,62000,75.61
20,2655,SERVOTECH,EQ,210914,111419,52.83
20,2656,SESHAPAPER,EQ,18457,7562,40.97
20,2657,SETF10GILT,EQ,2372,2271,95.74
20,2658,SETFGOLD,EQ,3984560,2308452,57.93
20,2659,SETFNIF50,EQ,897263,805606,89.78
20,2660,SETFNIFBK,EQ,57198,46473,81.25
20,2661,SETFNN50,EQ,45354,36247,79.92
20,2662,SETL,EQ,797470,556512,69.78
20,2663,SFL,EQ,161161,93847,58.23
20,2664,SGBAPR28I,GB,320,265,82.81
20,2665,SGBAUG27,GB,60,37,61.67
20,2666,SGBAUG28V,GB,813,578,71.09
20,2667,SGBAUG29V,GB,55,48,87.27
20,2668,SGBAUG30,GB,58,51,87.93
20,2669,SGBD29VIII,GB,407,214,52.58
20,2670,SGBDC27VII,GB,5,5,100.00
20,2671,SGBDE30III,GB,313,209,66.77
20,2672,SGBDE31III,GB,1729,1033,59.75
20,2673,SGBFEB27,GB,32,29,90.63
20,2674,SGBFEB28IX,GB,1,1,100.00
20,2675,SGBFEB29XI,GB,46,38,82.61
20,2676,SGBFEB32IV,GB,2210,1333,60.32
20,2677,SGBJ28VIII,GB,85,83,97.65
20,2678,SGBJAN29IX,GB,716,595,83.10
20,2679,SGBJAN29X,GB,87,69,79.31
20,2680,SGBJAN30IX,GB,28,18,64.29
20,2681,SGBJU29III,GB,38,36,94.74
20,2682,SGBJUL27,GB,8,4,50.00
20,2683,SGBJUL28IV,GB,351,273,77.78
20,2684,SGBJUL29IV,GB,115,95,82.61
20,2685,SGBJUN27,GB,6,4,66.67
20,2686,SGBJUN28,GB,108,58,53.70
20,2687,SGBJUN29II,GB,84,74,88.10
20,2688,SGBJUN30,GB,51,30,58.82
20,2689,SGBJUN31I,GB,509,323,63.46
20,2690,SGBMAR28X,GB,16,10,62.50
20,2691,SGBMAR30X,GB,36,29,80.56
20,2692,SGBMAR31IV,GB,59,36,61.02
20,2693,SGBMAY28,GB,77,45,58.44
20,2694,SGBMAY29I,GB,1057,841,79.56
20,2695,SGBMR29XII,GB,145,133,91.72
20,2696,SGBN28VIII,GB,202,179,88.61
20,2697,SGBNOV26,GB,10,10,100.00
20,2698,SGBNV29VII,GB,149,141,94.63
20,2699,SGBOC28VII,GB,385,337,87.53
20,2700,SGBOCT26,GB,9,7,77.78
20,2701,SGBOCT27,GB,12,12,100.00
20,2702,SGBOCT27VI,GB,7,7,100.00
20,2703,SGBSEP27,GB,124,120,96.77
20,2704,SGBSEP28VI,GB,128,83,64.84
20,2705,SGBSEP29VI,GB,98,75,76.53
20,2706,SGBSEP31II,GB,1571,991,63.08
20,2707,SGFIN,EQ,107777,68214,63.29
20,2708,SGIL,EQ,11281,9289,82.34
20,2709,SGL,EQ,3436,2691,78.32
20,2710,SGLRES,EQ,88832,68695,77.33
20,2711,SGMART,EQ,739639,448418,60.63
20,2712,SGRL,EQ,6293,4855,77.15
20,2713,SHADOWFAX,EQ,5614024,3649663,65.01
20,2714,SHAH,EQ,10826338,4494613,41.52
20,2715,SHAHALLOYS,EQ,1390957,722638,51.95
20,2716,SHAILY,EQ,88738,38904,43.84
20,2717,SHAKTIPUMP,EQ,279592,123652,44.23
20,2718,SHALBY,EQ,45656,23766,52.05
20,2719,SHANKARA,EQ,151430,128696,84.99
20,2720,SHANKESH,EQ,4645174,919857,19.80
20,2721,SHANTI,EQ,24808,22699,91.50
20,2722,SHANTIGEAR,EQ,183487,58260,31.75
20,2723,SHANTIGOLD,EQ,1362078,611260,44.88
20,2724,SHARDACROP,EQ,118584,68405,57.68
20,2725,SHARDAMOTR,EQ,22462,12021,53.52
20,2726,SHAREINDIA,EQ,200247,155943,77.88
20,2727,SHARIABEES,EQ,12554,11229,89.45
20,2728,SHBAJRG,EQ,1673,1654,98.86
20,2729,SHEETAL,SM,4500,3000,66.67
20,2730,SHERA,SM,97000,74000,76.29
20,2731,SHERVANI,EQ,219,219,100.00
20,2732,SHETHJI,ST,83000,82000,98.80
20,2733,SHIGAN,SM,4500,4500,100.00
20,2734,SHILCTECH,EQ,15471,7713,49.85
20,2735,SHILGRAVQ,EQ,1773,1744,98.36
20,2736,SHILPAMED,EQ,879302,393742,44.78
20,2737,SHINDL,EQ,217652,41934,19.27
20,2738,SHIPROCKET,EQ,12606030,3471451,27.54
20,2739,SHIVAAGRO,EQ,2027,1698,83.77
20,2740,SHIVACEM,EQ,47261,39742,84.09
20,2741,SHIVAMILLS,EQ,501,401,80.04
20,2742,SHIVASHRIT,SM,10000,8000,80.00
20,2743,SHIVATEX,EQ,13850,11873,85.73
20,2744,SHIVAUM,EQ,5872,5467,93.10
20,2745,SHK,EQ,224385,120428,53.67
20,2746,SHOPERSTOP,EQ,37738,12918,34.23
20,2747,SHRADDHA,EQ,37275,20239,54.30
20,2748,SHRADHA,EQ,26056,18771,72.04
20,2749,SHREDIGCEM,EQ,119571,61555,51.48
20,2750,SHREECEM,EQ,20074,9947,49.55
20,2751,SHREEDHAR,ST,10000,10000,100.00
20,2752,SHREEJISPG,EQ,863122,473245,54.83
20,2753,SHREEKARNI,SM,5100,4350,85.29
20,2754,SHREEOSFM,SM,13000,13000,100.00
20,2755,SHREEPUSHK,EQ,42110,24640,58.51
20,2756,SHREERAMA,EQ,54007,34148,63.23
20,2757,SHREYANIND,EQ,6135,5384,87.76
20,2758,SHRIAHIMSA,ST,31200,28800,92.31
20,2759,SHRIKRISH,EQ,3128,2337,74.71
20,2760,SHRINGARMS,EQ,827671,238127,28.77
20,2761,SHRIPISTON,EQ,49040,21983,44.83
20,2762,SHRIRAMFIN,EQ,2207426,1356068,61.43
20,2763,SHRIRAMPPS,EQ,451643,280737,62.16
20,2764,SHRITECH,SM,2000,2000,100.00
20,2765,SHRJAGP,EQ,155,129,83.23
20,2766,SHUKRAPHAR,EQ,901483,486648,53.98
20,2767,SHYAMDHANI,ST,20000,20000,100.00
20,2768,SHYAMMETL,EQ,2682841,1451894,54.12
20,2769,SHYAMTEL,EQ,1595,1568,98.31
20,2770,SICAGEN,EQ,22444,14359,63.98
20,2771,SIDDHICOTS,SM,2400,2400,100.00
20,2772,SIDDHIKA,SM,1500,1500,100.00
20,2773,SIEL,EQ,5545,3876,69.90
20,2774,SIEMENS,EQ,278973,148749,53.32
20,2775,SIGACHI,EQ,2630895,1203961,45.76
20,2776,SIGMA,EQ,223885,96215,42.98
20,2777,SIGNATURE,EQ,166979,7273,4.36
20,2778,SIGNPOST,EQ,39824,27041,67.90
20,2779,SIKA,EQ,15560,9880,63.50
20,2780,SIL,EQ,24107,16870,69.98
20,2781,SILGO,EQ,58311,21083,36.16
20,2782,SILINV,EQ,4839,3734,77.16
20,2783,SILKFLEX,SM,49000,32000,65.31
20,2784,SILKY,SM,18400,13600,73.91
20,2785,SILLYMONKS,EQ,33584,27063,80.58
20,2786,SILVER,EQ,879171,273884,31.15
20,2787,SILVER001,EQ,25737,19239,74.75
20,2788,SILVER1,EQ,8045756,3425868,42.58
20,2789,SILVER360,EQ,11929,5297,44.40
20,2790,SILVERADD,EQ,2029774,1211581,59.69
20,2791,SILVERAG,EQ,442736,187805,42.42
20,2792,SILVERAXIS,EQ,229856,44624,19.41
20,2793,SILVERBEES,EQ,26759523,9870165,36.88
20,2794,SILVERBETA,EQ,439627,202970,46.17
20,2795,SILVERBND,EQ,6796,5560,81.81
20,2796,SILVERCASE,EQ,13263373,3648103,27.51
20,2797,SILVERIETF,EQ,3174454,792097,24.95
20,2798,SILVERTUC,EQ,402133,123097,30.61
20,2799,SIMCA,ST,7800,7200,92.31
20,2800,SIMPLEXINF,EQ,543731,371406,68.31
20,2801,SIMPLXREA,EQ,3,3,100.00
20,2802,SINCLAIR,EQ,80303,62298,77.58
20,2803,SINDHUTRAD,EQ,2192076,1823162,83.17
20,2804,SINGERIND,EQ,91302,29767,32.60
20,2805,SINTERCOM,EQ,1052,865,82.22
20,2806,SIRCA,EQ,584490,199535,34.14
20,2807,SIS,EQ,338084,146266,43.26
20,2808,SIYSIL,EQ,23148,8972,38.76
20,2809,SJLOGISTIC,SM,51750,41250,79.71
20,2810,SJS,EQ,119639,72738,60.80
20,2811,SJVN,EQ,1275895,829186,64.99
20,2812,SKFINDIA,EQ,129396,116411,89.96
20,2813,SKFINDUS,EQ,39141,23881,61.01
20,2814,SKIPPER,EQ,502418,238668,47.50
20,2815,SKMEGGPROD,EQ,218221,124395,57.00
20,2816,SKP,SM,4000,3500,87.50
20,2817,SKYGOLD,EQ,908866,473551,52.10
20,2818,SKYTECH,ST,1600,1600,100.00
20,2819,SLONE,ST,1600,1600,100.00
20,2820,SMALL250,EQ,334042,217537,65.12
20,2821,SMALLADD,EQ,7883,6164,78.19
20,2822,SMALLCAP,EQ,1760899,1153833,65.53
20,2823,SMALLGROWW,EQ,30398,29907,98.38
20,2824,SMALLIETF,EQ,79846,46054,57.68
20,2825,SMARTEN,ST,25200,24000,95.24
20,2826,SMARTWORKS,EQ,18490,8761,47.38
20,2827,SMCGLOBAL,EQ,350990,248135,70.70
20,2828,SML100CASE,EQ,1031488,784064,76.01
20,2829,SMLMAH,EQ,36373,16452,45.23
20,2830,SMLT,EQ,2189,1907,87.12
20,2831,SMSPHARMA,EQ,133244,75495,56.66
20,2832,SNEHAA,SM,5000,4000,80.00
20,2833,SNOWMAN,EQ,190525,65375,34.31
20,2834,SNXT30BEES,EQ,3111,2920,93.86
20,2835,SNXT50BETA,EQ,994,693,69.72
20,2836,SOBHA,EQ,42616,21217,49.79
20,2837,SOCL,SM,11200,9600,85.71
20,2838,SOFTTECH,EQ,11674,9626,82.46
20,2839,SOLARA,EQ,192812,62492,32.41
20,2840,SOLARINDS,EQ,128635,62627,48.69
20,2841,SOLARWORLD,EQ,132148,63850,48.32
20,2842,SOLEX,EQ,17022,7756,45.56
20,2843,SOMANYCERA,EQ,184392,104129,56.47
20,2844,SOMATEX,EQ,18586,14284,76.85
20,2845,SOMICONVEY,EQ,11707,6135,52.40
20,2846,SONACOMS,EQ,1696565,787739,46.43
20,2847,SONAMAC,SM,9000,5000,55.56
20,2848,SONAMLTD,EQ,1074944,551487,51.30
20,2849,SONATSOFTW,EQ,2110765,559028,26.48
20,2850,SONUINFRA,ST,4500,4500,100.00
20,2851,SOTL,EQ,179883,81094,45.08
20,2852,SOUTHBANK,EQ,3557940,1881270,52.88
20,2853,SOUTHWEST,EQ,71117,35960,50.56
20,2854,SPAL,EQ,789999,122731,15.54
20,2855,SPANDANA,EQ,72380,33349,46.07
20,2856,SPARC,EQ,2167701,825443,38.08
20,2857,SPCENET,EQ,329202,238397,72.42
20,2858,SPCL,SM,6000,4200,70.00
20,2859,SPCON,SM,1200,1200,100.00
20,2860,SPECTSTM,SM,5600,5600,100.00
20,2861,SPELS,EQ,44406,29158,65.66
20,2862,SPENCERS,EQ,36202,26553,73.35
20,2863,SPIC,EQ,214528,108502,50.58
20,2864,SPLIL,EQ,12759,10374,81.31
20,2865,SPLPETRO,EQ,199388,111208,55.77
20,2866,SPMLINFRA,EQ,182511,99492,54.51
20,2867,SPORTKING,EQ,172545,100104,58.02
20,2868,SPPPOLY,SM,2000,2000,100.00
20,2869,SPRL,SM,32000,32000,100.00
20,2870,SPUNWEB,SM,12000,10800,90.00
20,2871,SRD,EQ,6863,6741,98.22
20,2872,SREEL,EQ,35722,25916,72.55
20,2873,SRF,EQ,150532,93883,62.37
20,2874,SRGHFL,EQ,1365,1265,92.67
20,2875,SRHHYPOLTD,EQ,7101,6072,85.51
20,2876,SRIKPRIND,EQ,5608,5425,96.74
20,2877,SRIVASAVI,ST,7000,7000,100.00
20,2878,SRM,EQ,153387,66909,43.62
20,2879,SRTL,EQ,68538,57452,83.83
20,2880,SSDL,EQ,29370,17376,59.16
20,2881,SSEGL,SM,40600,26800,66.01
20,2882,SSFL,ST,3000,3000,100.00
20,2883,SSWL,EQ,438993,294212,67.02
20,2884,STANLEY,EQ,54306,40532,74.64
20,2885,STAR,EQ,435651,276734,63.52
20,2886,STARCEMENT,EQ,336872,146286,43.42
20,2887,STARHEALTH,EQ,123282,69420,56.31
20,2888,STARPAPER,EQ,26616,22923,86.12
20,2889,STARTECK,EQ,284,173,60.92
20,2890,STCINDIA,EQ,14173,10593,74.74
20,2891,STEELCAS,EQ,51899,31288,60.29
20,2892,STEELCITY,EQ,15673,12600,80.39
20,2893,STEELXIND,EQ,987877,596542,60.39
20,2894,STEL,EQ,5706,4143,72.61
20,2895,STLNETWORK,EQ,1971600,1454667,73.78
20,2896,STLSTRINF,EQ,269,217,80.67
20,2897,STOVEKRAFT,EQ,54115,26937,49.78
20,2898,STRIDERS,SM,1600,1600,100.00
20,2899,STUDDS,EQ,18936,7670,40.50
20,2900,STUDIOLSD,SM,4000,2000,50.00
20,2901,STYL,EQ,130545,50399,38.61
20,2902,STYLAMIND,EQ,22172,9893,44.62
20,2903,STYLEBAAZA,EQ,2708270,1498918,55.35
20,2904,STYRENIX,EQ,44371,27118,61.12
20,2905,SUBAHOTELS,SM,9600,8400,87.50
20,2906,SUBEXLTD,EQ,2555948,1315492,51.47
20,2907,SUBROS,EQ,39584,22525,56.90
20,2908,SUDARCOLOR,EQ,4927,3045,61.80
20,2909,SUDARSCHEM,EQ,234717,98567,41.99
20,2910,SUDEEPPHRM,EQ,176989,101922,57.59
20,2911,SUKHJITS,EQ,8220,8058,98.03
20,2912,SULA,EQ,172404,98408,57.08
20,2913,SUMEDHA,EQ,145,114,78.62
20,2914,SUMEETINDS,EQ,1624681,1416206,87.17
20,2915,SUMICHEM,EQ,76606,41673,54.40
20,2916,SUMIT,EQ,31181,16149,51.79
20,2917,SUMMITSEC,EQ,1462,839,57.39
20,2918,SUN-RE,ST,33600,33600,100.00
20,2919,SUNCLAY,EQ,9128,6147,67.34
20,2920,SUNDARAM,EQ,783863,632128,80.64
20,2921,SUNDARMFIN,EQ,46286,30243,65.34
20,2922,SUNDRMFAST,EQ,55523,30422,54.79
20,2923,SUNDROP,EQ,10214,6692,65.52
20,2924,SUNFLAG,EQ,80367,42282,52.61
20,2925,SUNLITE,SM,54900,27000,49.18
20,2926,SUNLOC,EQ,1341,1120,83.52
20,2927,SUNPHARMA,EQ,1140742,688877,60.39
20,2928,SUNRAKSHAK,EQ,2388,2016,84.42
20,2929,SUNREST,SM,6400,6400,100.00
20,2930,SUNSHIEL,EQ,1631,906,55.55
20,2931,SUNSHINE,EQ,11491099,1716548,14.94
20,2932,SUNTECH,SM,144000,110400,76.67
20,2933,SUNTECK,EQ,77659,40060,51.58
20,2934,SUNTV,EQ,1054319,503090,47.72
20,2935,SUPERHOUSE,EQ,3321,2693,81.09
20,2936,SUPRAJIT,EQ,84894,49993,58.89
20,2937,SUPREME,EQ,17568,11237,63.96
20,2938,SUPREMEIND,EQ,269330,106457,39.53
20,2939,SUPREMEINF,EQ,64331,49470,76.90
20,2940,SUPREMEPWR,SM,45500,30000,65.93
20,2941,SUPRIYA,EQ,230999,91561,39.64
20,2942,SURAJEST,EQ,175596,133347,75.94
20,2943,SURAJLTD,EQ,1428,1350,94.54
20,2944,SURAKSHA,EQ,140946,75394,53.49
20,2945,SURANASOL,EQ,25054,19908,79.46
20,2946,SURANAT&P,EQ,104413,76987,73.73
20,2947,SURANI,SM,2800,2400,85.71
20,2948,SURYALA,EQ,266,261,98.12
20,2949,SURYALAXMI,EQ,14628,12958,88.58
20,2950,SURYAROSNI,EQ,313345,154164,49.20
20,2951,SURYODAY,EQ,280837,134549,47.91
20,2952,SUVEN,EQ,211420,89021,42.11
20,2953,SUVIDHAA,EQ,50677,38918,76.80
20,2954,SUYOG,EQ,17328,8809,50.84
20,2955,SUZLON,EQ,23944393,10865303,45.38
20,2956,SVGLOBAL,EQ,336,272,80.95
20,2957,SVPGLOB,EQ,11390,8204,72.03
20,2958,SWANCORP,EQ,698162,178683,25.59
20,2959,SWARAJENG,EQ,3338,2042,61.17
20,2960,SWARNSAR,EQ,530,530,100.00
20,2961,SWELECTES,EQ,60628,44620,73.60
20,2962,SWIGGY,EQ,4825338,2088427,43.28
20,2963,SWISSMLTRY,EQ,145870,104458,71.61
20,2964,SWSOLAR,EQ,803620,312327,38.87
20,2965,SYLVANPLY,SM,10000,10000,100.00
20,2966,SYMPHONY,EQ,62907,38271,60.84
20,2967,SYNCOMF,EQ,57135698,12994906,22.74
20,2968,SYNGENE,EQ,293096,169258,57.75
20,2969,SYRMA,EQ,404693,177322,43.82
20,2970,SYSTANGO,SM,53200,40400,75.94
20,2971,TAALTECH,EQ,7719,5047,65.38
20,2972,TAC,ST,26400,21200,80.30
20,2973,TAINWALCHM,EQ,2176,1708,78.49
20,2974,TAJGVK,EQ,38431,23796,61.92
20,2975,TAKE,EQ,60299,60299,100.00
20,2976,TALBROAUTO,EQ,186335,91736,49.23
20,2977,TANAA,EQ,8794,5981,68.01
20,2978,TANKUP,ST,5000,4250,85.00
20,2979,TANLA,EQ,483977,147392,30.45
20,2980,TARACHAND,EQ,30912,21204,68.59
20,2981,TARAPUR,EQ,21412,19956,93.20
20,2982,TARC,EQ,325384,204737,62.92
20,2983,TARIL,EQ,729621,291916,40.01
20,2984,TARMAT,EQ,36222,19374,53.49
20,2985,TARSONS,EQ,81322,39049,48.02
20,2986,TASTYBITE,EQ,4271,2139,50.08
20,2987,TATACAP,EQ,1158290,742230,64.08
20,2988,TATACHEM,EQ,1439859,452117,31.40
20,2989,TATACOMM,EQ,205459,127547,62.08
20,2990,TATACONSUM,EQ,971764,699534,71.99
20,2991,TATAELXSI,EQ,303505,118301,38.98
20,2992,TATAGOLD,EQ,40398623,14914357,36.92
20,2993,TATAINVEST,EQ,272032,88558,32.55
20,2994,TATAPOWER,EQ,4301719,2003964,46.59
20,2995,TATASTEEL,EQ,39370394,26478202,67.25
20,2996,TATATECH,EQ,2546795,774156,30.40
20,2997,TATSILV,EQ,73180946,34228336,46.77
20,2998,TATVA,EQ,29170,15389,52.76
20,2999,TAURIAN,ST,6400,5600,87.50
20,3000,TBI,SM,66000,51600,78.18
20,3001,TBOTEK,EQ,54341,20871,38.41
20,3002,TBZ,EQ,998166,257658,25.81
20,3003,TCC,EQ,362460,164011,45.25
20,3004,TCI,EQ,27292,16541,60.61
20,3005,TCIEXP,EQ,31370,13186,42.03
20,3006,TCL,SM,52800,30400,57.58
20,3007,TCPLPACK,EQ,4466,2707,60.61
20,3008,TCS,EQ,4054069,1604350,39.57
20,3009,TDPOWERSYS,EQ,955212,437151,45.76
20,3010,TEAMGTY,EQ,2315,1540,66.52
20,3011,TEAMLEASE,EQ,16630,9814,59.01
20,3012,TEAMTECH,ST,68000,64000,94.12
20,3013,TECH,EQ,89007,46435,52.17
20,3014,TECHD,ST,12300,12000,97.56
20,3015,TECHERA,SM,53600,32800,61.19
20,3016,TECHLABS,SM,7250,5500,75.86
20,3017,TECHM,EQ,3415226,1744485,51.08
20,3018,TECHNOCRAF,EQ,2097019,345147,16.46
20,3019,TECHNOE,EQ,272844,123507,45.27
20,3020,TECHNVISN,EQ,619,468,75.61
20,3021,TECILCHEM,EQ,63383,40413,63.76
20,3022,TEGA,EQ,216658,112159,51.77
20,3023,TEJA,SM,600,600,100.00
20,3024,TEJASCARGO,SM,1200,400,33.33
20,3025,TEJASNET,EQ,43164679,3090086,7.16
20,3026,TEMBO,EQ,851623,297368,34.92
20,3027,TEMPSENS,EQ,51084119,12854846,25.16
20,3028,TENNIND,EQ,682567,359297,52.64
20,3029,TERAI,EQ,77,45,58.44
20,3030,TERASOFT,EQ,21083,12386,58.75
20,3031,TEXINFRA,EQ,67121,36603,54.53
20,3032,TEXMOPIPES,EQ,20451,15786,77.19
20,3033,TEXRAIL,EQ,2601407,873636,33.58
20,3034,TFCILTD,EQ,8389884,2609564,31.10
20,3035,TFL,EQ,12439,11174,89.83
20,3036,TGBHOTELS,EQ,25001,19876,79.50
20,3037,TGL,ST,12600,12600,100.00
20,3038,TGVSL,EQ,122911,68043,55.36
20,3039,THANGAMAYL,EQ,280954,119876,42.67
20,3040,THEINVEST,EQ,2303,1621,70.39
20,3041,THEJO,EQ,30486,29044,95.27
20,3042,THELEELA,EQ,455524,265512,58.29
20,3043,THEMISMED,EQ,76736,52464,68.37
20,3044,THERMAX,EQ,35970,20997,58.37
20,3045,THOMASCOOK,EQ,841847,335069,39.80
20,3046,THOMASCOTT,EQ,50583,28273,55.89
20,3047,THYROCARE,EQ,170008,84827,49.90
20,3048,TI,EQ,411373,189870,46.16
20,3049,TIGERLOGS,EQ,92798,62958,67.84
20,3050,TIIL,EQ,36436,18146,49.80
20,3051,TIINDIA,EQ,123842,65323,52.75
20,3052,TIJARIA,EQ,124221,96262,77.49
20,3053,TIMETECHNO,EQ,2984174,708757,23.75
20,3054,TIMEX,EQ,384200,164163,42.73
20,3055,TIMKEN,EQ,32308,23008,71.21
20,3056,TINNARUBR,EQ,22357,12862,57.53
20,3057,TIPSFILMS,EQ,10675,7433,69.63
20,3058,TIPSMUSIC,EQ,191676,107075,55.86
20,3059,TIRUMALCHM,EQ,2119773,776240,36.62
20,3060,TITAGARH,EQ,225348,102356,45.42
20,3061,TITAN,EQ,547804,371997,67.91
20,3062,TMB,EQ,80734,37008,45.84
20,3063,TMCV,EQ,6189661,3272474,52.87
20,3064,TMPV,EQ,5852894,3038616,51.92
20,3065,TNIDETF,EQ,59301,50180,84.62
20,3066,TNPETRO,EQ,251558,120582,47.93
20,3067,TNPL,EQ,50860,31087,61.12
20,3068,TNTELE,EQ,15400,14192,92.16
20,3069,TOKYOPLAST,EQ,210,210,100.00
20,3070,TOLINS,EQ,27319,17915,65.58
20,3071,TOP100CASE,EQ,911422,848081,93.05
20,3072,TOP10ADD,EQ,29570,11173,37.78
20,3073,TOP15IETF,EQ,281362,203813,72.44
20,3074,TOP20,EQ,44084,43204,98.00
20,3075,TORNTPHARM,EQ,184156,89924,48.83
20,3076,TORNTPOWER,EQ,213261,125251,58.73
20,3077,TOTAL,EQ,20945,15008,71.65
20,3078,TOUCHWOOD,EQ,2680,2122,79.18
20,3079,TOYAMSL,EQ,621993,412430,66.31
20,3080,TPLPLASTEH,EQ,258779,117683,45.48
20,3081,TRACXN,EQ,85210,61721,72.43
20,3082,TRANSCOR,EQ,4184,3708,88.62
20,3083,TRANSRAILL,EQ,359968,214224,59.51
20,3084,TRANSTEEL,SM,197000,107000,54.31
20,3085,TRAVELFOOD,EQ,54197,28709,52.97
20,3086,TREEHOUSE,EQ,5340,3943,73.84
20,3087,TREJHARA,EQ,21578,14838,68.76
20,3088,TREL,EQ,166860,129807,77.79
20,3089,TRENT,EQ,469911,232294,49.43
20,3090,TRF,EQ,4996,3198,64.01
20,3091,TRIDENT,EQ,1788468,976212,54.58
20,3092,TRIDHYA,ST,6000,6000,100.00
20,3093,TRIGYN,EQ,221932,114312,51.51
20,3094,TRITONV,EQ,1875,1547,82.51
20,3095,TRITURBINE,EQ,270490,126181,46.65
20,3096,TRIVENI,EQ,792373,312211,39.40
20,3097,TROM,SM,7200,6600,91.67
20,3098,TRU,EQ,209566,181862,86.78
20,3099,TRUALT,EQ,69662,43972,63.12
20,3100,TRUST,SM,18600,16800,90.32
20,3101,TSC,ST,4000,4000,100.00
20,3102,TSFINV,EQ,40490,23617,58.33
20,3103,TTKHLTCARE,EQ,75111,47212,62.86
20,3104,TTKPRESTIG,EQ,31260,16406,52.48
20,3105,TTL,EQ,152997,94004,61.44
20,3106,TTML,EQ,50962825,3884114,7.62
20,3107,TUNWAL,SM,36000,12000,33.33
20,3108,TURTLEMINT,EQ,3794826,1401157,36.92
20,3109,TUTIALKA,EQ,12125,9073,74.83
20,3110,TVSELECT,EQ,27147,17239,63.50
20,3111,TVSHLTD,EQ,3931,2288,58.20
20,3112,TVSMOTOR,EQ,2654527,1150605,43.35
20,3113,TVSSCS,EQ,884652,313300,35.42
20,3114,TVSSRICHAK,EQ,20685,8200,39.64
20,3115,TVTODAY,EQ,50189,24776,49.37
20,3116,TWCGOLDETF,EQ,6880,5603,81.44
20,3117,UBL,EQ,36542,19647,53.77
20,3118,UCOBANK,EQ,3624254,1692914,46.71
20,3119,UDAYJEW,EQ,1601,1575,98.38
20,3120,UDS,EQ,137777,80165,58.18
20,3121,UEL,EQ,2841,2841,100.00
20,3122,UFLEX,EQ,292297,95080,32.53
20,3123,UFO,EQ,54139,27444,50.69
20,3124,UGARSUGAR,EQ,801341,324880,40.54
20,3125,UGROCAP,EQ,190255,114078,59.96
20,3126,UHTL,ST,24000,24000,100.00
20,3127,UJJIVANSFB,EQ,6875259,4023356,58.52
20,3128,ULTRACEMCO,EQ,235738,138209,58.63
20,3129,ULTRAMAR,EQ,103267,72499,70.21
20,3130,UMA,SM,64000,32000,50.00
20,3131,UMESLTD,EQ,29979,26676,88.98
20,3132,UMIYA-MRO,EQ,58425,41007,70.19
20,3133,UNICHEMLAB,EQ,330176,126934,38.44
20,3134,UNIECOM,EQ,307248,156023,50.78
20,3135,UNIENTER,EQ,4514,3708,82.14
20,3136,UNIHEALTH,SM,6500,5000,76.92
20,3137,UNIINFO,EQ,959,842,87.80
20,3138,UNIMECH,EQ,99475,44646,44.88
20,3139,UNIONBANK,EQ,3617223,1640567,45.35
20,3140,UNIONGOLD,EQ,5872,3197,54.44
20,3141,UNIPARTS,EQ,467444,198762,42.52
20,3142,UNITDSPR,EQ,612774,428516,69.93
20,3143,UNITECH,EQ,3787223,2814270,74.31
20,3144,UNITEDPOLY,EQ,165582,119914,72.42
20,3145,UNITEDTEA,EQ,357,303,84.87
20,3146,UNIVCABLES,EQ,333702,138119,41.39
20,3147,UNOMINDA,EQ,552647,307046,55.56
20,3148,UPHOT,EQ,16,16,100.00
20,3149,UPL,EQ,1181623,589280,49.87
20,3150,URBAN,SM,43200,20800,48.15
20,3151,URBANCO,EQ,8658242,3457579,39.93
20,3152,URJA,EQ,427256,277472,64.94
20,3153,USHAFIN,SM,44800,41600,92.86
20,3154,USHAMART,EQ,386312,222933,57.71
20,3155,USK,EQ,10584,8295,78.37
20,3156,UTIAMC,EQ,50141,29920,59.67
20,3157,UTKAL,SM,20000,20000,100.00
20,3158,UTKARSHBNK,EQ,3732185,1701702,45.60
20,3159,UTLSOLAR,EQ,498009,262323,52.67
20,3160,UTSSAV,ST,8400,7800,92.86
20,3161,UTTAMSUGAR,EQ,362389,86772,23.94
20,3162,V2RETAIL,EQ,620306,332541,53.61
20,3163,VADILALIND,EQ,43027,17509,40.69
20,3164,VADILENT,EQ,298,262,87.92
20,3165,VAIBHAVGBL,EQ,160964,82213,51.08
20,3166,VAISHALI,EQ,58628,43984,75.02
20,3167,VAKRANGEE,EQ,794251,448695,56.49
20,3168,VAL30IETF,EQ,106794,69879,65.43
20,3169,VALUE,EQ,8030,6830,85.06
20,3170,VALUE360,SM,2400,1200,50.00
20,3171,VALUEAXIS,EQ,37478,22034,58.79
20,3172,VAML,EQ,6349673,3564291,56.13
20,3173,VARDMNPOLY,EQ,147794,107839,72.97
20,3174,VARROC,EQ,194076,75363,38.83
20,3175,VASCONEQ,EQ,213371,145056,67.98
20,3176,VASUPRADA,EQ,50,50,100.00
20,3177,VASWANI,EQ,5704,4153,72.81
20,3178,VBL,EQ,7918746,4548818,57.44
20,3179,VDEAL,SM,6600,5400,81.82
20,3180,VEDAVAAG,EQ,18350,15619,85.12
20,3181,VEDL,EQ,19438996,9359281,48.15
20,3182,VEDPOWER,EQ,13250516,7149595,53.96
20,3183,VEEDOL,EQ,4534,2228,49.14
20,3184,VEEKAYEM,SM,500,500,100.00
20,3185,VENKEYS,EQ,14290,7251,50.74
20,3186,VENTIVE,EQ,8952,4116,45.98
20,3187,VENUSPIPES,EQ,65204,38205,58.59
20,3188,VERANDA,EQ,182964,93980,51.37
20,3189,VERITAAS,SM,3600,2400,66.67
20,3190,VERTEXPLUS,SM,15000,15000,100.00
20,3191,VERTIS,IV,2125000,2125000,100.00
20,3192,VESUVIUS,EQ,106746,63037,59.05
20,3193,VGCL,EQ,27178,21743,80.00
20,3194,VGINFOTECH,SM,12000,12000,100.00
20,3195,VGL,EQ,9637,7574,78.59
20,3196,VGUARD,EQ,349373,239189,68.46
20,3197,VHL,EQ,596,413,69.30
20,3198,VIAZ,SM,2000,2000,100.00
20,3199,VICTORYEV,ST,15000,15000,100.00
20,3200,VIDHIING,EQ,75581,50537,66.86
20,3201,VIDYAWIRES,EQ,2554647,1485218,58.14
20,3202,VIESL,SM,57600,47200,81.94
20,3203,VIGOR,ST,6400,6400,100.00
20,3204,VIJAYA,EQ,123663,62503,50.54
20,3205,VIJAYPD,SM,86000,80000,93.02
20,3206,VIJSOLX,EQ,255,253,99.22
20,3207,VIKASECO,EQ,1874986,1357934,72.42
20,3208,VIKASLIFE,EQ,2479223,1549788,62.51
20,3209,VIKRAMSOLR,EQ,1282945,492161,38.36
20,3210,VIKRAN,EQ,921337,460744,50.01
20,3211,VILAS,SM,6500,5500,84.62
20,3212,VILINBIO,SM,40000,40000,100.00
20,3213,VIMTALABS,EQ,67057,20390,30.41
20,3214,VINATIORGA,EQ,19076,12918,67.72
20,3215,VINCOFE,EQ,4029164,1649681,40.94
20,3216,VINDHYATEL,EQ,51176,20470,40.00
20,3217,VINEETLAB,EQ,41952,21361,50.92
20,3218,VINNY,EQ,210648,179370,85.15
20,3219,VINSYS,ST,3250,3250,100.00
20,3220,VINYAS,SM,8800,5400,61.36
20,3221,VINYLINDIA,EQ,4451,2896,65.06
20,3222,VIPCLOTHNG,EQ,29428,21965,74.64
20,3223,VIPIND,EQ,365257,220085,60.25
20,3224,VIRAT,EQ,11161,9266,83.02
20,3225,VIRINCHI,EQ,66728,45395,68.03
20,3226,VIRTUALG,EQ,558395,426363,76.36
20,3227,VISACHROME,EQ,159657,147112,92.14
20,3228,VISAKAIND,EQ,221890,134608,60.66
20,3229,VISAMAN,SM,1000,1000,100.00
20,3230,VISDEM,SM,13200,12000,90.91
20,3231,VISHAL,EQ,11364,7663,67.43
20,3232,VISHNU,EQ,77007,42652,55.39
20,3233,VISHNUINFR,SM,16500,11000,66.67
20,3234,VISHWARAJ,EQ,565540,300885,53.20
20,3235,VISHWAS,ST,6400,4800,75.00
20,3236,VISL,EQ,20299879,9659617,47.58
20,3237,VIVIDEL,SM,17760,10560,59.46
20,3238,VIVIDHA,EQ,118614,99229,83.66
20,3239,VIVOBIOT,EQ,13463,12545,93.18
20,3240,VIYASH,EQ,7083862,3810909,53.80
20,3241,VLINFRA,SM,3000,3000,100.00
20,3242,VLSFINANCE,EQ,6675,4487,67.22
20,3243,VMARCIND,SM,169500,106500,62.83
20,3244,VMART,EQ,188815,101396,53.70
20,3245,VMM,EQ,5132761,2105801,41.03
20,3246,VMOBILE,SM,1600,800,50.00
20,3247,VMSTMT,EQ,20154,14900,73.93
20,3248,VOEPL,EQ,181264,66006,36.41
20,3249,VOGL,EQ,50083778,20593200,41.12
20,3250,VOITHPAPR,EQ,150,100,66.67
20,3251,VOLERCAR,SM,800,800,100.00
20,3252,VOLTAMP,EQ,19236,8564,44.52
20,3253,VOLTAS,EQ,761300,389338,51.14
20,3254,VPRPL,EQ,350253,206293,58.90
20,3255,VRAJ,EQ,17793,10115,56.85
20,3256,VRLLOG,EQ,268516,149821,55.80
20,3257,VSSL,EQ,68075,40205,59.06
20,3258,VSTIND,EQ,82104,61496,74.90
20,3259,VSTL,EQ,9476,6693,70.63
20,3260,VSTTILLERS,EQ,6151,4430,72.02
20,3261,VTL,EQ,103519,57346,55.40
20,3262,VTMLTD,EQ,86409,70938,82.10
20,3263,WAAREEENER,EQ,488508,145600,29.81
20,3264,WAAREEINDO,EQ,107996,61769,57.20
20,3265,WAAREERTL,EQ,171468,58825,34.31
20,3266,WABAG,EQ,644576,306364,47.53
20,3267,WAKEFIT,EQ,1135910,406936,35.82
20,3268,WALCHANNAG,EQ,388344,200488,51.63
20,3269,WALPAR,SM,6000,6000,100.00
20,3270,WANBURY,EQ,88873,40482,45.55
20,3271,WARDINMOBI,EQ,399468,327997,82.11
20,3272,WATERBASE,EQ,33531,29814,88.91
20,3273,WCIL,EQ,73305,45799,62.48
20,3274,WEALTH,EQ,1274,1171,91.92
20,3275,WEBELSOLAR,EQ,1471654,887971,60.34
20,3276,WEIZMANIND,EQ,1916,1826,95.30
20,3277,WEL,EQ,1368633,1253033,91.55
20,3278,WELCORP,EQ,1342665,410543,30.58
20,3279,WELENT,EQ,398894,224279,56.23
20,3280,WELSPLSOL,EQ,370412,192655,52.01
20,3281,WELSPUNLIV,EQ,3068541,981227,31.98
20,3282,WENDT,EQ,7022,4109,58.52
20,3283,WESTLIFE,EQ,47269,21075,44.59
20,3284,WEWIN,EQ,2307,2156,93.45
20,3285,WEWORK,EQ,203332,116311,57.20
20,3286,WHEELS,EQ,316555,145423,45.94
20,3287,WHIRLPOOL,EQ,893000,176334,19.75
20,3288,WHITEFORCE,SM,6400,4800,75.00
20,3289,WILLAMAGOR,EQ,2961,2483,83.86
20,3290,WINDLAS,EQ,33748,18815,55.75
20,3291,WINDMACHIN,EQ,42122,23882,56.70
20,3292,WINSOL,SM,10000,7600,76.00
20,3293,WIPL,EQ,652,625,95.86
20,3294,WIPRO,EQ,14686269,5526958,37.63
20,3295,WOCKPHARMA,EQ,1581060,545139,34.48
20,3296,WOMANCART,ST,13200,11600,87.88
20,3297,WONDERLA,EQ,199353,90348,45.32
20,3298,WORTHPERI,EQ,9269,3074,33.16
20,3299,WPIL,EQ,19718,8424,42.72
20,3300,WSI,EQ,117829,18773,15.93
20,3301,WSTCSTPAPR,EQ,163884,92991,56.74
20,3302,WTICAB,SM,7500,7500,100.00
20,3303,XCHANGING,EQ,30996,21054,67.92
20,3304,XELPMOC,EQ,5212,3947,75.73
20,3305,XPROINDIA,EQ,60756,45517,74.92
20,3306,XTGLOBAL,EQ,574198,275753,48.02
20,3307,XTRANET,EQ,5428284,1543646,28.44
20,3308,YAAP,SM,12000,10000,83.33
20,3309,YASHO,EQ,16813,6259,37.23
20,3310,YASHOPTICS,SM,800,800,100.00
20,3311,YATHARTH,EQ,1376658,456927,33.19
20,3312,YATRA,EQ,1574744,571004,36.26
20,3313,YESBANK,EQ,63531708,38053411,59.90
20,3314,YOGI,EQ,513,513,100.00
20,3315,YUDIZ,SM,800,800,100.00
20,3316,YUKEN,EQ,43929,21964,50.00
20,3317,ZAGGLE,EQ,1160425,320073,27.58
20,3318,ZEEL,EQ,20423986,6963494,34.09
20,3319,ZEEMEDIA,EQ,4361082,1697909,38.93
20,3320,ZENITHDRUG,SM,12000,8800,73.33
20,3321,ZENITHEXPO,EQ,1,1,100.00
20,3322,ZENITHSTL,EQ,98522,91191,92.56
20,3323,ZENSARTECH,EQ,1834114,844758,46.06
20,3324,ZENTEC,EQ,221628,99183,44.75
20,3325,ZFCVINDIA,EQ,70679,43537,61.60
20,3326,ZFSTEERING,EQ,4947,3356,67.84
20,3327,ZIMLAB,EQ,43488,27838,64.01
20,3328,ZODIAC,EQ,11449,6322,55.22
20,3329,ZODIACLOTH,EQ,5896,4279,72.57
20,3330,ZOTA,EQ,158966,107804,67.82
20,3331,ZSARACOM,EQ,11,8,72.73
20,3332,ZTECH,SM,16800,15600,92.86
20,3333,ZUARI,EQ,408824,172812,42.27
20,3334,ZUARIIND,EQ,67186,36137,53.79
20,3335,ZYDUSLIFE,EQ,1291738,687797,53.25
20,3336,ZYDUSWELL,EQ,171032,64495,37.71
