Security Wise Delivery Position - Compulsory Rolling Settlement
10,MTO,04092026,2040487778,0003375
Trade Date <04-SEP-2026>,Settlement Type <N>
Record Type,Sr No,Name of Security,Quantity Traded,Deliverable Quantity(gross across client level),% of Deliverable Quantity to Traded Quantity
20,1,0MOFSL27,N3,30,30,100.00
20,2,1003SFIL28,NX,4,4,100.00
20,3,1015ECL29,NR,710,707,99.58
20,4,1015SCL28,NR,6,6,100.00
20,5,1015SCL28B,AZ,1,1,100.00
20,6,1015SCL29B,N1,1,1,100.00
20,7,1018GS2026,GS,5208,5000,96.01
20,8,1025PATE28,N0,1,1,100.00
20,9,1025UCL26A,N1,5,5,100.00
20,10,1025VCCL28,N0,15,9,60.00
20,11,1050UCL28,NH,309,309,100.00
20,12,1060ECL29,NS,110,110,100.00
20,13,1065NFL27,NC,431,431,100.00
20,14,1075WCA28,N0,4,4,100.00
20,15,10IIFL28,N4,807,807,100.00
20,16,10IIFL28A,NE,770,770,100.00
20,17,10IIFL29,N6,20,20,100.00
20,18,10ISFL26,N3,25,25,100.00
20,19,1125AFIL29,N0,40,40,100.00
20,20,1150AFIL29,N0,21,21,100.00
20,21,115VCCL31,N0,1,1,100.00
20,22,125VCCL31,N0,4,4,100.00
20,23,1275DCCL28,N0,4,4,100.00
20,24,12AFIL27,N0,5,5,100.00
20,25,12AFIL28,N0,15,15,100.00
20,26,12VCCL29B,N0,10,10,100.00
20,27,182D100926,TB,1000,1000,100.00
20,28,182D260227,TB,200,100,50.00
20,29,20MICRONS,EQ,174812,82174,47.01
20,30,21STCENMGM,EQ,2056,1530,74.42
20,31,360ONE,EQ,603451,311039,51.54
20,32,364D031226,TB,15000,15000,100.00
20,33,364D100627,TB,2800,1400,50.00
20,34,364D110227,TB,100,100,100.00
20,35,364D110327,TB,200,100,50.00
20,36,364D130527,TB,400,300,75.00
20,37,364D231026,TB,500,500,100.00
20,38,364D251226,TB,3000,3000,100.00
20,39,364D290427,TB,1800,900,50.00
20,40,364D291026,TB,1000,500,50.00
20,41,3BBLACKBIO,EQ,19626,8828,44.98
20,42,3MINDIA,EQ,932,556,59.66
20,43,3PLAND,EQ,11543,7898,68.42
20,44,574GS2026,GS,1,1,100.00
20,45,585GS2030,GS,501,501,100.00
20,46,591GS2028,GS,15340,15218,99.20
20,47,5PAISA,EQ,258086,65965,25.56
20,48,601GS2030,GS,19,19,100.00
20,49,603GS2029,GS,100,100,100.00
20,50,610GS2031,GS,200,200,100.00
20,51,620GS2029,GS,7000,7000,100.00
20,52,633GS2035,GS,199,199,100.00
20,53,63MOONS,EQ,1136718,478314,42.08
20,54,648GS2035,GS,10,10,100.00
20,55,653CG28,SG,200,200,100.00
20,56,654GS2032,GS,17692,17692,100.00
20,57,664GS2027,GS,100,100,100.00
20,58,667GS2035,GS,799,799,100.00
20,59,667GS2050,GS,1,1,100.00
20,60,668GS2033,GS,300,200,66.67
20,61,668GS2040,GS,20102,20102,100.00
20,62,676GS2061,GS,3797,3797,100.00
20,63,679GS2031,GS,110,110,100.00
20,64,679GS2034A,GS,199,199,100.00
20,65,68GS2060,GS,990,990,100.00
20,66,690GS2065,GS,17185,15185,88.36
20,67,692GS2039,GS,500,500,100.00
20,68,694GS2036,GS,108,108,100.00
20,69,695GS2061,GS,2,1,50.00
20,70,702GS2027,GS,100,100,100.00
20,71,704GS2029,GS,100,100,100.00
20,72,706GS2028,GS,16100,16100,100.00
20,73,706GS2041,GS,3990,3990,100.00
20,74,709GS2054,GS,12308,7308,59.38
20,75,709GS2074,GS,1551,1551,100.00
20,76,710GS2029,GS,1089,1089,100.00
20,77,716GS2050,GS,15,15,100.00
20,78,717GS2030,GS,10000,10000,100.00
20,79,718GS2033,GS,100,100,100.00
20,80,718GS2037,GS,38273,37769,98.68
20,81,719GS2060,GS,25,25,100.00
20,82,723GS2039,GS,100,100,100.00
20,83,724GS2055,GS,16037,15532,96.85
20,84,725GS2063,GS,266232,264071,99.19
20,85,726GS2032,GS,2400,2400,100.00
20,86,726GS2033,GS,1600,1600,100.00
20,87,726MH30,SG,100,100,100.00
20,88,732GS2030,GS,200,100,50.00
20,89,733GS2026,GS,200,200,100.00
20,90,734GS2064,GS,127566,127564,100.00
20,91,735MH31,SG,500,500,100.00
20,92,735PFCL35,N1,770,770,100.00
20,93,736GS2052,GS,31009,31009,100.00
20,94,737GS2028,GS,3575,3575,100.00
20,95,737RJ30,SG,100,100,100.00
20,96,738GS2027,GS,29686,29686,100.00
20,97,738REC27TF,N2,200,200,100.00
20,98,73GS2053,GS,54492,54492,100.00
20,99,741GS2036,GS,2022,2009,99.36
20,100,743GS2076,GS,14967,14958,99.94
20,101,746GS2073,GS,101,101,100.00
20,102,74GS2062,GS,502,502,100.00
20,103,750GS2056,GS,4412,4412,100.00
20,104,753IRFC30,NJ,102,102,100.00
20,105,754GS2036,GS,379689,370889,97.68
20,106,755GJ30,SG,300,300,100.00
20,107,757MH31,SG,2700,2700,100.00
20,108,762NTPC35F,ND,157,157,100.00
20,109,764AP31,SG,100,100,100.00
20,110,764HUDCO31,N8,313,313,100.00
20,111,764NABAR31,N2,931,757,81.31
20,112,769HUDCO31,N9,320,300,93.75
20,113,769NHAI31,NE,1135,1135,100.00
20,114,76NHAI31,NA,98,95,96.94
20,115,771GS2066,GS,129820,119995,92.43
20,116,775DL41,SG,100,100,100.00
20,117,777HP49,SG,2800,2500,89.29
20,118,792BR51,SG,100,100,100.00
20,119,795GS2032,GS,200,200,100.00
20,120,797IGT31,NL,175,175,100.00
20,121,797TS43,SG,800,800,100.00
20,122,79NHIT35,N1,50,50,100.00
20,123,79NHIT40,N2,1,1,100.00
20,124,79NHIT47,N3,725,725,100.00
20,125,810IRFC27,N2,100,100,100.00
20,126,81TCHF28,N8,125,125,100.00
20,127,824GS2027,GS,615,615,100.00
20,128,824GS2033,GS,2000,2000,100.00
20,129,82HUDCO27,N2,30,30,100.00
20,130,830NHAI27,N2,713,696,97.62
20,131,832GS2032,GS,202,101,50.00
20,132,840IRFC29,N8,5,5,100.00
20,133,842IIFL26,NL,380,380,100.00
20,134,843IHFL29,NC,38,19,50.00
20,135,855IREDA29,N2,5,5,100.00
20,136,860AEL28,NH,500,497,99.40
20,137,862AEL31,NM,11,11,100.00
20,138,865IFL28,NZ,675,675,100.00
20,139,865IIFL28,NS,338,338,100.00
20,140,865IRFC29,NA,20,20,100.00
20,141,865LTF26,NN,10,10,100.00
20,142,865SCL27,N4,3,3,100.00
20,143,865TCAPS27,N8,11,11,100.00
20,144,871REC28,N9,223,223,100.00
20,145,875AEL29,NK,540,540,100.00
20,146,875NHAI29,N6,440,430,97.73
20,147,875SCL23A,YI,97,97,100.00
20,148,875SFL27,ZF,3,3,100.00
20,149,876HUDCO28,ND,470,470,100.00
20,150,879NHPC28,N5,797,797,100.00
20,151,880IREDA34,N6,100,100,100.00
20,152,885AEL28,NB,25,25,100.00
20,153,885SCL26,N9,3000,3000,100.00
20,154,885TCAPS29,NC,1,1,100.00
20,155,888ECL28,N1,410,406,99.02
20,156,888SCL25E,N4,75,75,100.00
20,157,889SCFL27,YC,29,29,100.00
20,158,890AEL31,NN,25,16,64.00
20,159,891IIFCL34,N4,109,108,99.08
20,160,891NTPC33,N6,176,166,94.32
20,161,892NHPC33,N6,700,700,100.00
20,162,892PFCL33,N8,10,10,100.00
20,163,893NHB29,N6,37,37,100.00
20,164,897GS2030,GS,13236,12236,92.44
20,165,898LTF29,N7,118,118,100.00
20,166,89IHFL29,N1,120,120,100.00
20,167,901HUDCO34,NE,337,288,85.46
20,168,901NHB34,N6,21,21,100.00
20,169,902SCL28,N1,75,75,100.00
20,170,903SFL28,YI,10,10,100.00
20,171,905SCL36,N0,150,150,100.00
20,172,910TCAP28,NA,1,1,100.00
20,173,915AEL28,NC,311,311,100.00
20,174,915APSBC28,N0,1,1,100.00
20,175,915APSBC35,N0,1,1,100.00
20,176,915SCL26,NE,106,106,100.00
20,177,91D121126,TB,500,500,100.00
20,178,91D170926,TB,1000,1000,100.00
20,179,91D221026,TB,4200,4200,100.00
20,180,91D291026,TB,10000,10000,100.00
20,181,925IIFL32A,N0,1,1,100.00
20,182,92GS2030,GS,18736,18736,100.00
20,183,930AEL30,NF,21,20,95.24
20,184,930APMD32,N0,2,2,100.00
20,185,930SFL28,YP,13,13,100.00
20,186,943ECL28,NJ,558,558,100.00
20,187,948SCL26A,NN,1170,1170,100.00
20,188,948SCL27D,N1,3,3,100.00
20,189,957ICCL25,YW,451,451,100.00
20,190,965AEL27,N4,123,118,95.93
20,191,965ISF28,N0,1,1,100.00
20,192,965SCL25F,NZ,20,20,100.00
20,193,96IIFL28,N5,5282,4380,82.92
20,194,96IIFL28A,NF,619,619,100.00
20,195,96SFIL24A,NB,251,251,100.00
20,196,970CAGL28,ND,299,299,100.00
20,197,971SCL30,N1,104,104,100.00
20,198,975ISF28,N0,7,7,100.00
20,199,97SFL29,YZ,200,200,100.00
20,200,985ECL28,NK,520,520,100.00
20,201,990SCL26,N7,15,15,100.00
20,202,995SCL2035,NM,50,50,100.00
20,203,99AEL29,N7,5,5,100.00
20,204,99SCL27V,N1,1525,1000,65.57
20,205,9AEL30,NE,10,10,100.00
20,206,9IIFL31,Y9,150,150,100.00
20,207,9PFL31A,NA,20,20,100.00
20,208,9SCL26BA,NA,60,60,100.00
20,209,A2ZINFRA,EQ,308540,177213,57.44
20,210,AAATECH,EQ,11314,7014,61.99
20,211,AADHARHFC,EQ,197998,99282,50.14
20,212,AAKAAR,SM,11200,9600,85.71
20,213,AAKASH,EQ,139620,104008,74.49
20,214,AARADHYA,SM,398400,386400,96.99
20,215,AAREYDRUGS,EQ,109417,83192,76.03
20,216,AARON,EQ,4376,3242,74.09
20,217,AARTIDRUGS,EQ,250307,115447,46.12
20,218,AARTIIND,EQ,767774,373615,48.66
20,219,AARTIPHARM,EQ,463265,244056,52.68
20,220,AARVI,EQ,7773,5592,71.94
20,221,AASTHA,EQ,228188,119342,52.30
20,222,AATMAJ,SM,2000,2000,100.00
20,223,AAVAS,EQ,60456,30079,49.75
20,224,ABANSENT,EQ,6398,5563,86.95
20,225,ABB,EQ,150500,82551,54.85
20,226,ABBOTINDIA,EQ,8803,3882,44.10
20,227,ABCAPITAL,EQ,2167785,1118270,51.59
20,228,ABCOTS,EQ,4500,2407,53.49
20,229,ABDL,EQ,114222,64248,56.25
20,230,ABFRL,EQ,8157673,2731691,33.49
20,231,ABGSEC,EQ,104,75,72.12
20,232,ABH,ST,138000,136800,99.13
20,233,ABHAPOWER,SM,24000,20800,86.67
20,234,ABLBL,EQ,852050,358640,42.09
20,235,ABMKNO,EQ,556,504,90.65
20,236,ABREL,EQ,68679,24660,35.91
20,237,ABSL10BANK,EQ,156,51,32.69
20,238,ABSLAMC,EQ,127937,65493,51.19
20,239,ABSLBANETF,EQ,61627,50628,82.15
20,240,ABSLLIQUID,EQ,1302,1048,80.49
20,241,ABSLMSCIN,EQ,1070,797,74.49
20,242,ABSLNN50ET,EQ,6022,3774,62.67
20,243,ABSLPSE,EQ,110576,98011,88.64
20,244,ABSMARINE,SM,343500,235000,68.41
20,245,ACC,EQ,101446,50737,50.01
20,246,ACCELYA,EQ,2359,1637,69.39
20,247,ACCENTMIC,SM,56500,26000,46.02
20,248,ACCORD,ST,2000,2000,100.00
20,249,ACCPL,ST,13200,13200,100.00
20,250,ACE,EQ,557111,205879,36.95
20,251,ACEINTEG,EQ,17975,10948,60.91
20,252,ACETEC,SM,1200,1200,100.00
20,253,ACGL,EQ,616,394,63.96
20,254,ACI,EQ,640010,273447,42.73
20,255,ACL,EQ,18265,13792,75.51
20,256,ACMESOLAR,EQ,6203953,2000296,32.24
20,257,ACUTAAS,EQ,149850,90069,60.11
20,258,ADANIENSOL,EQ,1386991,620353,44.73
20,259,ADANIENT,EQ,1060844,346901,32.70
20,260,ADANIGREEN,EQ,768437,277347,36.09
20,261,ADANIPORTS,EQ,1281968,753346,58.76
20,262,ADANIPOWER,EQ,9328145,3318652,35.58
20,263,ADDICTIVE,SM,8500,8500,100.00
20,264,ADDIND,EQ,486,319,65.64
20,265,ADFFOODS,EQ,78833,38525,48.87
20,266,ADISOFT,SM,49600,43200,87.10
20,267,ADL,EQ,757,520,68.69
20,268,ADOR,EQ,26990,14544,53.89
20,269,ADROITINFO,EQ,10874,8809,81.01
20,270,ADSL,EQ,63640,31961,50.22
20,271,ADVAIT,EQ,66736,33378,50.01
20,272,ADVANCE,EQ,118344,80075,67.66
20,273,ADVANIHOTR,EQ,22126,16474,74.46
20,274,ADVENTHTL,EQ,78410,49285,62.86
20,275,ADVENZYMES,EQ,257142,151360,58.86
20,276,ADVIKCA,EQ,329513,230445,69.94
20,277,AEGISLOG,EQ,665965,255280,38.33
20,278,AEGISVOPAK,EQ,788218,330990,41.99
20,279,AEL120924A,N5,31,31,100.00
20,280,AEL170725,ND,35,35,100.00
20,281,AEL170725A,NG,100,100,100.00
20,282,AEPL,EQ,170886,86698,50.73
20,283,AEQUS,EQ,1802739,964333,53.49
20,284,AEROENTER,EQ,477542,240198,50.30
20,285,AEROFLEX,EQ,1026759,335625,32.69
20,286,AERON,SM,25000,23000,92.00
20,287,AERONEU,EQ,80348,11703,14.57
20,288,AEROPLANE,EQ,724408,386737,53.39
20,289,AESTHETIK,SM,6000,3000,50.00
20,290,AETHER,EQ,205632,107979,52.51
20,291,AFCONS,EQ,400459,210521,52.57
20,292,AFFLE,EQ,3213241,585581,18.22
20,293,AFFORDABLE,EQ,21622,15416,71.30
20,294,AFIL,EQ,579665,463317,79.93
20,295,AFSL,EQ,9724,8155,83.86
20,296,AGARIND,EQ,56050,30978,55.27
20,297,AGARWALEYE,EQ,81568,41799,51.24
20,298,AGARWALTUF,SM,48000,38400,80.00
20,299,AGI,EQ,98049,52188,53.23
20,300,AGIIL,EQ,261176,121779,46.63
20,301,AGL,EQ,978529,548261,56.03
20,302,AGRITECH,EQ,3474,2959,85.18
20,303,AGROPHOS,EQ,12923,10375,80.28
20,304,AHCL,EQ,2049674,962104,46.94
20,305,AHIMSA,ST,231000,231000,100.00
20,306,AHLADA,EQ,11371,8186,71.99
20,307,AHLEAST,EQ,987,182,18.44
20,308,AHLUCONT,EQ,225666,148758,65.92
20,309,AIAENG,EQ,117943,107862,91.45
20,310,AIIL,EQ,145614,71404,49.04
20,311,AILIMITED,SM,9000,9000,100.00
20,312,AIMTRON,SM,18600,15200,81.72
20,313,AIRAN,EQ,208770,159101,76.21
20,314,AIROLAM,EQ,797,625,78.42
20,315,AISL,SM,45000,42000,93.33
20,316,AJANTPHARM,EQ,65346,41013,62.76
20,317,AJAXENGG,EQ,74192,35477,47.82
20,318,AJMERA,EQ,443302,219201,49.45
20,319,AJOONI,EQ,147021,99004,67.34
20,320,AKANKSHA,SM,55000,46000,83.64
20,321,AKASH,EQ,5520,3830,69.38
20,322,AKCAPIT,EQ,674,569,84.42
20,323,AKG,EQ,37356,28005,74.97
20,324,AKI,EQ,258805,258795,100.00
20,325,AKIKO,SM,27200,24000,88.24
20,326,AKSHAR,EQ,1110421,673032,60.61
20,327,AKUMS,EQ,338753,174108,51.40
20,328,ALANKIT,EQ,76587,62157,81.16
20,329,ALBERTDAVD,EQ,3339,2621,78.50
20,330,ALCODIS,SM,4375,1875,42.86
20,331,ALEMBICLTD,EQ,5309246,1212344,22.83
20,332,ALFREDHE,EQ,23,21,91.30
20,333,ALGOQUANT,EQ,1132524,325408,28.73
20,334,ALICON,EQ,12867,6375,49.55
20,335,ALIVUS,EQ,169642,82218,48.47
20,336,ALKEM,EQ,63261,34555,54.62
20,337,ALKYLAMINE,EQ,97864,27276,27.87
20,338,ALLCARGO,EQ,12711642,3213553,25.28
20,339,ALLDIGI,EQ,2586,1508,58.31
20,340,ALLETEC,SM,22400,21600,96.43
20,341,ALLTIME,EQ,171524,89913,52.42
20,342,ALMONDZ,EQ,302678,194833,64.37
20,343,ALOKINDS,EQ,65791332,23508679,35.73
20,344,ALPA,EQ,9194,5974,64.98
20,345,ALPEXSOLAR,SM,101900,74600,73.21
20,346,ALPHA,EQ,667379,530893,79.55
20,347,ALPHAETF,EQ,481962,322763,66.97
20,348,ALPINETEX,EQ,337604,141040,41.78
20,349,ALPL30IETF,EQ,473904,331228,69.89
20,350,ALUFLUOR,EQ,4229,3668,86.73
20,351,ALUWIND,SM,9000,7500,83.33
20,352,AMAGI,EQ,183462,77004,41.97
20,353,AMAL,EQ,4940,3843,77.79
20,354,AMARJOTHI,EQ,9739,4886,50.17
20,355,AMBAAUTO,SM,126000,114000,90.48
20,356,AMBER,EQ,128335,54205,42.24
20,357,AMBICAAGAR,EQ,520846,173682,33.35
20,358,AMBIKCO,EQ,5906,3127,52.95
20,359,AMBUJACEM,EQ,807422,327098,40.51
20,360,AMCL,SM,1600,1600,100.00
20,361,AMDIND,EQ,73559,44813,60.92
20,362,AMEYA,SM,2000,2000,100.00
20,363,AMJLAND,EQ,3541,3059,86.39
20,364,AMNPLST,EQ,5639,4372,77.53
20,365,AMRUTANJAN,EQ,41069,19454,47.37
20,366,ANANDRATHI,EQ,119776,71259,59.49
20,367,ANANTAM,IV,13503,13004,96.30
20,368,ANANTRAJ,EQ,4215356,907304,21.52
20,369,ANAWIL,SM,308800,164000,53.11
20,370,ANDHRAPAP,EQ,342517,171571,50.09
20,371,ANDHRSUGAR,EQ,477164,241148,50.54
20,372,ANDREWYU,EQ,42562,31163,73.22
20,373,ANGELONE,EQ,29274355,5953130,20.34
20,374,ANIKINDS,EQ,2038,1329,65.21
20,375,ANLON,SM,6800,6000,88.24
20,376,ANMOL,EQ,48326,36174,74.85
20,377,ANNAPURNA,EQ,96996,65040,67.05
20,378,ANONDITA,SM,71200,59000,82.87
20,379,ANSALBU,EQ,905,888,98.12
20,380,ANTELOPUS,EQ,4816181,484474,10.06
20,381,ANTGRAPHIC,EQ,202908,191262,94.26
20,382,ANTHEM,EQ,872940,440711,50.49
20,383,ANUHPHR,EQ,80373,51475,64.05
20,384,ANUP,EQ,10691,5657,52.91
20,385,ANURAS,EQ,82271,52276,63.54
20,386,ANYA,SM,5000,5000,100.00
20,387,ANZEN,IV,25000,25000,100.00
20,388,AONEGOLD,EQ,470758,259897,55.21
20,389,AONELIQUID,EQ,18446,11535,62.53
20,390,AONENIFTY,EQ,88348,70929,80.28
20,391,AONESILVER,EQ,264493,179852,68.00
20,392,AONETMMQ50,EQ,32103,21498,66.97
20,393,AONETOTAL,EQ,188125,150305,79.90
20,394,APARINDS,EQ,93101,32631,35.05
20,395,APCL,EQ,4976,3501,70.36
20,396,APCOTEXIND,EQ,172649,84937,49.20
20,397,APEX,EQ,99807,43187,43.27
20,398,APEXECO,ST,10400,9600,92.31
20,399,APLAPOLLO,EQ,955928,478164,50.02
20,400,APLLTD,EQ,174296,81383,46.69
20,401,APOLLO,EQ,4500219,1541462,34.25
20,402,APOLLOHOSP,EQ,288351,219653,76.18
20,403,APOLLOPIPE,EQ,76562,34920,45.61
20,404,APOLLOTYRE,EQ,407526,224280,55.03
20,405,APOLSINHOT,EQ,625,487,77.92
20,406,APRAMEYA,SM,21000,19000,90.48
20,407,APS,SM,12000,8250,68.75
20,408,APSISAERO,ST,2400,2400,100.00
20,409,APTUS,EQ,1203338,742764,61.73
20,410,AQYLON,EQ,555317,380872,68.59
20,411,ARCHIDPLY,EQ,17295,6819,39.43
20,412,ARCHIES,EQ,10318,7472,72.42
20,413,ARCIIL,SM,4000,3000,75.00
20,414,ARCL,EQ,998,827,82.87
20,415,ARDEE,EQ,2239330,799363,35.70
20,416,ARE&M,EQ,363791,179104,49.23
20,417,ARENTERP,EQ,597,546,91.46
20,418,ARFIN,EQ,1136109,131672,11.59
20,419,ARHAM,SM,81000,35000,43.21
20,420,ARIES,EQ,59836,27008,45.14
20,421,ARIHANT,EQ,1172,604,51.54
20,422,ARIHANTACA,SM,3600,3200,88.89
20,423,ARIHANTCAP,EQ,235293,112878,47.97
20,424,ARIHANTSUP,EQ,37696,32889,87.25
20,425,ARIS,EQ,1642011,665530,40.53
20,426,ARKADE,EQ,285467,89664,31.41
20,427,ARMANFIN,EQ,42583,26529,62.30
20,428,ARMOUR,ST,2000,2000,100.00
20,429,AROGRANITE,EQ,5191,5173,99.65
20,430,ARSSBL,EQ,153131,58516,38.21
20,431,ARTEMISMED,EQ,885338,354164,40.00
20,432,ARTNIRMAN,EQ,172,172,100.00
20,433,ARUNAYA,SM,12000,8000,66.67
20,434,ARVEE,EQ,790,392,49.62
20,435,ARVIND,EQ,308497,121476,39.38
20,436,ARVINDFASN,EQ,75363,40389,53.59
20,437,ARVINDPORT,SM,9000,9000,100.00
20,438,ARVSMART,EQ,28414,15622,54.98
20,439,ARYAMAN,EQ,129,87,67.44
20,440,ASAHIINDIA,EQ,256318,131092,51.14
20,441,ASAL,EQ,23916,14403,60.22
20,442,ASALCBR,EQ,14302,8543,59.73
20,443,ASHALOG,SM,1000,1000,100.00
20,444,ASHAPURMIN,EQ,275733,125476,45.51
20,445,ASHIANA,EQ,40739,29845,73.26
20,446,ASHIMASYN,EQ,207276,165688,79.94
20,447,ASHOKA,EQ,998292,466859,46.77
20,448,ASHOKAMET,EQ,17200,14406,83.76
20,449,ASHOKLEY,EQ,13509881,7214313,53.40
20,450,ASHWINI,SM,1000,1000,100.00
20,451,ASIANENE,EQ,476280,187223,39.31
20,452,ASIANHOTNR,EQ,10682,5372,50.29
20,453,ASIANPAINT,EQ,399368,240625,60.25
20,454,ASIANTILES,EQ,2049363,760256,37.10
20,455,ASIANTNE,EQ,16866,16169,95.87
20,456,ASKAUTOLTD,EQ,164992,93953,56.94
20,457,ASPINWALL,EQ,2331,2155,92.45
20,458,ASPIRE,SM,4000,2000,50.00
20,459,ASSAMENT,EQ,16,16,100.00
20,460,ASTAR,EQ,9,8,88.89
20,461,ASTEC,EQ,43913,28777,65.53
20,462,ASTERDM,EQ,1157850,657724,56.81
20,463,ASTRAL,EQ,658868,416557,63.22
20,464,ASTRAMICRO,EQ,502645,245488,48.84
20,465,ASTRAZEN,EQ,6489,3019,46.52
20,466,ATALREAL,EQ,13883610,3483006,25.09
20,467,ATAM,EQ,42586,25253,59.30
20,468,ATCENERGY,ST,12000,12000,100.00
20,469,ATGL,EQ,445851,149865,33.61
20,470,ATHERENERG,EQ,5585636,1547508,27.71
20,471,ATL,EQ,220494,128945,58.48
20,472,ATLANTAA,EQ,20793,13847,66.59
20,473,ATLANTAELE,EQ,102999,50623,49.15
20,474,ATLASCYCLE,EQ,3691,2496,67.62
20,475,ATLPP,E1,342,342,100.00
20,476,ATMASTCO,SM,9200,8800,95.65
20,477,ATUL,EQ,18343,10247,55.86
20,478,ATULAUTO,EQ,88513,38706,43.73
20,479,AUBANK,EQ,602949,295430,49.00
20,480,AUGMONT,EQ,942895,292278,31.00
20,481,AURIONPRO,EQ,98258,55400,56.38
20,482,AUROIMPEX,SM,16000,11200,70.00
20,483,AUROPHARMA,EQ,573938,223407,38.93
20,484,AURUM,EQ,88743,60375,68.03
20,485,AURUS,EQ,26293,23488,89.33
20,486,AUSL,SM,2000,2000,100.00
20,487,AUSOMENT,EQ,18928,11100,58.64
20,488,AUSTENG,EQ,951,794,83.49
20,489,AUTOAXLES,EQ,7212,5180,71.82
20,490,AUTOBEES,EQ,194219,121538,62.58
20,491,AUTOIETF,EQ,980798,695599,70.92
20,492,AUTOIND,EQ,600314,282717,47.09
20,493,AVADHSUGAR,EQ,97497,42962,44.06
20,494,AVALON,EQ,683759,194421,28.43
20,495,AVANA,ST,8000,8000,100.00
20,496,AVANCE,EQ,2992770,1678248,56.08
20,497,AVANTEL,EQ,546755,290877,53.20
20,498,AVANTIFEED,EQ,208229,92882,44.61
20,499,AVIANSH,SM,6000,4000,66.67
20,500,AVIENCE,SM,10200,9600,94.12
20,501,AVL,EQ,226161,162400,71.81
20,502,AVONMORE,EQ,310318,235455,75.88
20,503,AVPINFRA,SM,18400,16000,86.96
20,504,AVROIND,EQ,390578,260269,66.64
20,505,AVTNPL,EQ,309025,168430,54.50
20,506,AWFIS,EQ,118804,61578,51.83
20,507,AWHCL,EQ,64504,35361,54.82
20,508,AWL,EQ,2987354,1533488,51.33
20,509,AXISBANK,EQ,3810611,2360804,61.95
20,510,AXISCADES,EQ,168634,92020,54.57
20,511,AXITA,EQ,356179,172436,48.41
20,512,AXTEL,EQ,1470,1345,91.50
20,513,AYE,EQ,1223851,522623,42.70
20,514,AYMSYNTEX,EQ,124761,56543,45.32
20,515,AZAD,EQ,224210,75648,33.74
20,516,AZADIND,EQ,36841,10262,27.85
20,517,BABAFP,SM,6400,4800,75.00
20,518,BAGDIGITAL,SM,11200,9600,85.71
20,519,BAGFILMS,EQ,225253,150988,67.03
20,520,BAGMANE,RR,399564,331362,82.93
20,521,BAHETI,SM,13875,7875,56.76
20,522,BAIDFIN,EQ,43775,35155,80.31
20,523,BAJAJ-AUTO,EQ,154199,90859,58.92
20,524,BAJAJCON,EQ,1279757,554365,43.32
20,525,BAJAJELEC,EQ,73439,37122,50.55
20,526,BAJAJFINSV,EQ,437793,234585,53.58
20,527,BAJAJHCARE,EQ,458849,211665,46.13
20,528,BAJAJHFL,EQ,1824719,969433,53.13
20,529,BAJAJHIND,EQ,21280859,4974070,23.37
20,530,BAJAJHLDNG,EQ,37106,19680,53.04
20,531,BAJAJINDEF,EQ,30501,27771,91.05
20,532,BAJAJST,EQ,4966,3229,65.02
20,533,BAJEL,EQ,94742,50131,52.91
20,534,BAJFINANCE,EQ,5952048,4387056,73.71
20,535,BALAJEE,EQ,17375,13079,75.27
20,536,BALAJIPHOS,SM,13000,12000,92.31
20,537,BALAJITELE,EQ,1526021,267544,17.53
20,538,BALAMINES,EQ,608894,186704,30.66
20,539,BALAXI,EQ,50780,44637,87.90
20,540,BALCO,SM,3600,2400,66.67
20,541,BALKRISHNA,EQ,6016,5193,86.32
20,542,BALKRISIND,EQ,324489,163140,50.28
20,543,BALMLAWRIE,EQ,106907,61267,57.31
20,544,BALPHARMA,EQ,8210,6930,84.41
20,545,BALRAMCHIN,EQ,2232338,362556,16.24
20,546,BALUFORGE,EQ,1304593,406434,31.15
20,547,BANARBEADS,EQ,1302,1039,79.80
20,548,BANARISUG,EQ,857,536,62.54
20,549,BANCOINDIA,EQ,77773,39149,50.34
20,550,BANDHANBNK,EQ,2928918,1446683,49.39
20,551,BANG,EQ,78335,39358,50.24
20,552,BANK10ADD,EQ,2303,984,42.73
20,553,BANK10BETF,EQ,538,511,94.98
20,554,BANKA,EQ,5253,5209,99.16
20,555,BANKADD,EQ,5499,2837,51.59
20,556,BANKBARODA,EQ,7816984,5188974,66.38
20,557,BANKBEES,EQ,345232,186107,53.91
20,558,BANKBETA,EQ,65905,42248,64.10
20,559,BANKBETF,EQ,5574,2949,52.91
20,560,BANKETF,EQ,18870,10817,57.32
20,561,BANKIETF,EQ,278048,128546,46.23
20,562,BANKINDIA,EQ,2902558,1331072,45.86
20,563,BANKNIFTY1,EQ,149995,101111,67.41
20,564,BANKPSU,EQ,11350,4519,39.81
20,565,BANSALWIRE,EQ,63070,43654,69.22
20,566,BANSWRAS,EQ,31201,23972,76.83
20,567,BARFLEX,SM,12000,8000,66.67
20,568,BASF,EQ,30319,16342,53.90
20,569,BASILIC,SM,13800,11700,84.78
20,570,BATAINDIA,EQ,89939,46812,52.05
20,571,BATLIBOI,EQ,25336,15013,59.26
20,572,BAWEJA,ST,7200,7200,100.00
20,573,BAYERCROP,EQ,9989,7167,71.75
20,574,BBETF0432,EQ,1332,812,60.96
20,575,BBL,EQ,26842,19394,72.25
20,576,BBNPNBETF,EQ,200,199,99.50
20,577,BBNPPGOLD,EQ,1237,860,69.52
20,578,BBOX,EQ,198315,108799,54.86
20,579,BBTC,EQ,43404,22068,50.84
20,580,BBTCL,EQ,3429,2283,66.58
20,581,BCG,EQ,2648978,1713989,64.70
20,582,BCLIND,EQ,526260,292375,55.56
20,583,BCONCEPTS,EQ,11790,8142,69.06
20,584,BCPL,EQ,15587,10054,64.50
20,585,BDL,EQ,1391949,411661,29.57
20,586,BEACON,SM,20000,11000,55.00
20,587,BEARDSELL,EQ,7642,5493,71.88
20,588,BECTORFOOD,EQ,493507,231393,46.89
20,589,BEDMUTHA,EQ,7077,5236,73.99
20,590,BEEKAY,EQ,4726,3723,78.78
20,591,BEL,EQ,8354982,4045622,48.42
20,592,BELLACASA,EQ,4050,2917,72.02
20,593,BELRISE,EQ,1873911,844003,45.04
20,594,BEML,EQ,687676,220150,32.01
20,595,BENARAS,EQ,107,107,100.00
20,596,BENGALASM,EQ,362,221,61.05
20,597,BEPL,EQ,1190325,531317,44.64
20,598,BERGEPAINT,EQ,277300,149971,54.08
20,599,BESTAGRO,EQ,2082129,928764,44.61
20,600,BETA,EQ,13251,7030,53.05
20,601,BEWLTD,SM,11500,8000,69.57
20,602,BFINVEST,EQ,33149,15675,47.29
20,603,BFSI,EQ,323149,194148,60.08
20,604,BFUTILITIE,EQ,272295,57407,21.08
20,605,BHADORA,ST,69600,63600,91.38
20,606,BHAGCHEM,EQ,34606,19355,55.93
20,607,BHAGYANGR,EQ,77510,44251,57.09
20,608,BHANDARI,EQ,101595,81983,80.70
20,609,BHARATCOAL,EQ,3546055,1795560,50.64
20,610,BHARATFORG,EQ,1526364,812410,53.23
20,611,BHARATRAS,EQ,25242,16983,67.28
20,612,BHARATSE,EQ,93907,46028,49.01
20,613,BHARATWIRE,EQ,141594,69606,49.16
20,614,BHARTIARTL,EQ,3614328,2634172,72.88
20,615,BHARTIHEXA,EQ,37216,19913,53.51
20,616,BHEL,EQ,5925391,2357628,39.79
20,617,BIGBLOC,EQ,56466,35100,62.16
20,618,BIKAJI,EQ,52134,30667,58.82
20,619,BIKEWO,ST,74000,70000,94.59
20,620,BIL,EQ,8736,6086,69.67
20,621,BIMETAL,EQ,107,107,100.00
20,622,BIOCON,EQ,3108555,1688538,54.32
20,623,BIOFILCHEM,EQ,5543,4449,80.26
20,624,BIOPOL,SM,10800,10800,100.00
20,625,BIRET,RR,136167,101232,74.34
20,626,BIRLACORPN,EQ,48723,25289,51.90
20,627,BIRLAMONEY,EQ,62184,43742,70.34
20,628,BIRLANU,EQ,5921,2969,50.14
20,629,BIRLAPREC,EQ,2574084,1027914,39.93
20,630,BLACKBUCK,EQ,157466,87528,55.59
20,631,BLAL,EQ,43253,34506,79.78
20,632,BLBLIMITED,EQ,117198,85245,72.74
20,633,BLEL,EQ,823610,254768,30.93
20,634,BLIL,EQ,97501,58448,59.95
20,635,BLKASHYAP,EQ,2983058,1300082,43.58
20,636,BLS,EQ,646943,325226,50.27
20,637,BLSE,EQ,143302,62080,43.32
20,638,BLUECLOUDS,EQ,1013239,610290,60.23
20,639,BLUEDART,EQ,5838,3612,61.87
20,640,BLUEJET,EQ,442380,277378,62.70
20,641,BLUEPEBBLE,SM,18000,12000,66.67
20,642,BLUESTARCO,EQ,419549,175929,41.93
20,643,BLUESTONE,EQ,1065449,252462,23.70
20,644,BLUEWATER,ST,16000,14000,87.50
20,645,BLUSPRING,EQ,605059,258066,42.65
20,646,BMETRICS,SM,8800,4800,54.55
20,647,BMLL,SM,67000,29000,43.28
20,648,BMWVENTLTD,EQ,40922,23436,57.27
20,649,BNAGROCHEM,EQ,1260,651,51.67
20,650,BNKETFAXIS,EQ,145,124,85.52
20,651,BODALCHEM,EQ,5050468,1229213,24.34
20,652,BOHRAIND,EQ,3714,2944,79.27
20,653,BOMDYEING,EQ,381464,147274,38.61
20,654,BONLON,EQ,3268,2185,66.86
20,655,BORANA,EQ,11240,7197,64.03
20,656,BOROLTD,EQ,265545,109672,41.30
20,657,BORORENEW,EQ,271428,126737,46.69
20,658,BOROSCI,EQ,46065,32221,69.95
20,659,BOSCH-HCIL,EQ,64153,35675,55.61
20,660,BOSCHLTD,EQ,16913,7482,44.24
20,661,BOSS,SM,10000,10000,100.00
20,662,BPCL,EQ,1834819,908487,49.51
20,663,BPL,EQ,56301,35704,63.42
20,664,BPLPHARMA,EQ,586,366,62.46
20,665,BRAHMINFRA,EQ,26893,12854,47.80
20,666,BRANDMAN,SM,12800,8800,68.75
20,667,BRIGADE,EQ,1980508,256252,12.94
20,668,BRIGHOTEL,EQ,84277,42026,49.87
20,669,BRIGHTBR,EQ,20221,18439,91.19
20,670,BRITANNIA,EQ,269673,176038,65.28
20,671,BRNL,EQ,18030,10723,59.47
20,672,BSE,EQ,7975058,2669764,33.48
20,673,BSE500IETF,EQ,61545,32401,52.65
20,674,BSHSL,EQ,15418,11728,76.07
20,675,BSL,EQ,1949,1783,91.48
20,676,BSLGOLDETF,EQ,224272,147481,65.76
20,677,BSLNIFTY,EQ,339470,229405,67.58
20,678,BSLSENETFG,EQ,2392,2028,84.78
20,679,BSOFT,EQ,1083783,596276,55.02
20,680,BTML,EQ,305536,233239,76.34
20,681,BUILDPRO,EQ,351369,293871,83.64
20,682,BULKCORP,ST,1200,1200,100.00
20,683,BURNPUR,EQ,55339,55339,100.00
20,684,BUTTERFLY,EQ,11660,7546,64.72
20,685,BVCL,EQ,85128,28859,33.90
20,686,C2C,SM,57150,35550,62.20
20,687,CAMLINFINE,EQ,689443,326066,47.29
20,688,CAMPUS,EQ,364174,189980,52.17
20,689,CAMS,EQ,469646,198308,42.22
20,690,CANARYS,SM,96000,60000,62.50
20,691,CANBK,EQ,12141084,6873482,56.61
20,692,CANFINHOME,EQ,222474,154565,69.48
20,693,CANHLIFE,EQ,1086892,499929,46.00
20,694,CANTABIL,EQ,94452,42282,44.77
20,695,CAPACITE,EQ,373452,170324,45.61
20,696,CAPILLARY,EQ,109289,68256,62.45
20,697,CAPINVIT,IV,1210656,1193309,98.57
20,698,CAPITALSFB,EQ,6864,4009,58.41
20,699,CAPLIPOINT,EQ,208526,72779,34.90
20,700,CARBORUNIV,EQ,338864,151049,44.58
20,701,CARERATING,EQ,354155,312261,88.17
20,702,CARRARO,EQ,71136,32522,45.72
20,703,CARTRADE,EQ,315551,132755,42.07
20,704,CARYSIL,EQ,72848,37560,51.56
20,705,CASHIETF,EQ,101592,86426,85.07
20,706,CASTROLIND,EQ,4231930,3046214,71.98
20,707,CCAVENUE,EQ,35876401,11805817,32.91
20,708,CCCL,EQ,118802,78875,66.39
20,709,CCHHL,EQ,42082,36354,86.39
20,710,CCL,EQ,193825,106192,54.79
20,711,CDSL,EQ,1117172,342873,30.69
20,712,CEATLTD,EQ,73368,36692,50.01
20,713,CEDAAR,ST,10000,10000,100.00
20,714,CEIGALL,EQ,949597,283676,29.87
20,715,CEINSYS,EQ,71954,36130,50.21
20,716,CELEBRITY,EQ,23532,19563,83.13
20,717,CELLECOR,SM,354000,276000,77.97
20,718,CELLO,EQ,189002,106965,56.59
20,719,CELLPOINT,SM,2400,2400,100.00
20,720,CEMNTGROWW,EQ,63765,36942,57.93
20,721,CEMPRO,EQ,359470,237410,66.04
20,722,CENTENKA,EQ,126471,37348,29.53
20,723,CENTEXT,EQ,957330,501969,52.43
20,724,CENTRALBK,EQ,5295221,3177880,60.01
20,725,CENTRUM,EQ,180060,89926,49.94
20,726,CENTUM,EQ,29156,9646,33.08
20,727,CENTURYPLY,EQ,17510,9633,55.01
20,728,CERA,EQ,19476,5654,29.03
20,729,CESC,EQ,1448303,1077168,74.37
20,730,CEWATER,EQ,42011,19843,47.23
20,731,CFEL,EQ,14038,13384,95.34
20,732,CGCL,EQ,7594713,2155505,28.38
20,733,CGPOWER,EQ,2159759,1095265,50.71
20,734,CGRAPHICS,SM,16000,12000,75.00
20,735,CGVAK,EQ,1852,1736,93.74
20,736,CHALET,EQ,87842,44752,50.95
20,737,CHAMBLFERT,EQ,329143,201542,61.23
20,738,CHAMUNDA,SM,21000,15000,71.43
20,739,CHANDAN,SM,27200,16000,58.82
20,740,CHAVDA,SM,7000,6000,85.71
20,741,CHEMBOND,EQ,6660,3422,51.38
20,742,CHEMCRUX,EQ,5344,4594,85.97
20,743,CHEMFAB,EQ,4597,4525,98.43
20,744,CHEMICAL,EQ,539227,337024,62.50
20,745,CHEMPLASTS,EQ,198762,93811,47.20
20,746,CHENNPETRO,EQ,934269,249173,26.67
20,747,CHETANA,SM,6400,4800,75.00
20,748,CHEVIOT,EQ,1428,1285,89.99
20,749,CHOICEGOLD,EQ,9699,5738,59.16
20,750,CHOICEIN,EQ,567061,169075,29.82
20,751,CHOLAFIN,EQ,677118,443900,65.56
20,752,CHOLAHLDNG,EQ,77666,39324,50.63
20,753,CIEINDIA,EQ,185100,114719,61.98
20,754,CIFL,EQ,231565,212723,91.86
20,755,CINELINE,EQ,308404,127633,41.39
20,756,CINEVISTA,EQ,2982,2466,82.70
20,757,CIPLA,EQ,1326180,686344,51.75
20,758,CITIUSINVT,IV,115340,109256,94.73
20,759,CKKRETAIL,SM,1600,1600,100.00
20,760,CLASSICEIL,SM,25600,24000,93.75
20,761,CLAYCRAFT,SM,23400,16200,69.23
20,762,CLEAN,EQ,297191,133291,44.85
20,763,CLEANMAX,EQ,256257,113817,44.42
20,764,CLSEL,EQ,68370,33824,49.47
20,765,CMLL,EQ,314875,105155,33.40
20,766,CMNL,SM,25500,21000,82.35
20,767,CMPDI,EQ,2694037,1339686,49.73
20,768,CMRGREEN,EQ,270377,121740,45.03
20,769,CMRSL,SM,4000,4000,100.00
20,770,CMSINFO,EQ,528852,313849,59.35
20,771,CNL,EQ,12127,8254,68.06
20,772,COALINDIA,EQ,6126850,3735438,60.97
20,773,COASTCORP,EQ,69707,44247,63.48
20,774,COCHINSHIP,EQ,630573,178307,28.28
20,775,COCKERILL,EQ,4524,2608,57.65
20,776,COFORGE,EQ,1108102,547632,49.42
20,777,COHANCE,EQ,572792,256719,44.82
20,778,COLPAL,EQ,562995,376557,66.88
20,779,COMFINTE,EQ,114743,71100,61.96
20,780,COMMOIETF,EQ,28716,15287,53.24
20,781,COMPEAU,EQ,2858,2152,75.30
20,782,COMPUSOFT,EQ,23203,16405,70.70
20,783,COMSYN,EQ,108742,74339,68.36
20,784,CONCOR,EQ,1107962,623217,56.25
20,785,CONCORDBIO,EQ,59142,30777,52.04
20,786,CONFIPET,EQ,2371168,1260534,53.16
20,787,CONNPLEX,SM,670400,513600,76.61
20,788,CONS,EQ,14601,12877,88.19
20,789,CONSUMAXIS,EQ,1590,1224,76.98
20,790,CONSUMBEES,EQ,421784,403190,95.59
20,791,CONSUMER,EQ,487786,393079,80.58
20,792,CONSUMIETF,EQ,412702,375198,90.91
20,793,CONTI,SM,203313,203313,100.00
20,794,CONTROLPR,EQ,7641,4553,59.59
20,795,COOLCAPS,ST,176250,172500,97.87
20,796,CORALFINAC,EQ,13197,6855,51.94
20,797,CORDELIA,EQ,2698667,779467,28.88
20,798,CORDSCABLE,EQ,264160,123287,46.67
20,799,COROMANDEL,EQ,143726,99928,69.53
20,800,CORONA,EQ,12081,4169,34.51
20,801,COSMOFIRST,EQ,66169,45215,68.33
20,802,CPCAP,EQ,85391,41629,48.75
20,803,CPEDU,EQ,5928,4872,82.19
20,804,CPL,EQ,138710,18692,13.48
20,805,CPPLUS,EQ,202259,127250,62.91
20,806,CPS,SM,3000,2850,95.00
20,807,CPSEETF,EQ,353172,204164,57.81
20,808,CRAFTSMAN,EQ,28595,12488,43.67
20,809,CRAMC,EQ,177971,109919,61.76
20,810,CRAVATEX,EQ,1353,1158,85.59
20,811,CRAYONS,SM,9000,9000,100.00
20,812,CREATIVEYE,EQ,16063,13628,84.84
20,813,CREDENT,SM,140400,114600,81.62
20,814,CREDITACC,EQ,217925,127343,58.43
20,815,CREST,EQ,1505,1201,79.80
20,816,CRISIL,EQ,184833,149461,80.86
20,817,CRIZAC,EQ,294106,184106,62.60
20,818,CROMPTON,EQ,4443658,1849443,41.62
20,819,CROWN,EQ,37657,29454,78.22
20,820,CSBBANK,EQ,658990,314279,47.69
20,821,CSLFINANCE,EQ,94290,67288,71.36
20,822,CSM,EQ,80421,58684,72.97
20,823,CSSL,SM,26000,24000,92.31
20,824,CUB,EQ,2621193,1128650,43.06
20,825,CUBEINVIT,IV,504255,473556,93.91
20,826,CUBEXTUB,EQ,48940,27125,55.43
20,827,CUDML,SM,22000,21000,95.45
20,828,CUMMINSIND,EQ,483825,352666,72.89
20,829,CUPID,EQ,8434946,3848101,45.62
20,830,CURAA,EQ,2020,1371,67.87
20,831,CURIS,SM,38000,30000,78.95
20,832,CURRENT,SM,6400,6400,100.00
20,833,CYBERMEDIA,EQ,2157521,585091,27.12
20,834,CYIENT,EQ,327209,104180,31.84
20,835,CYIENTDLM,EQ,1201568,429960,35.78
20,836,DABUR,EQ,1702061,876010,51.47
20,837,DAICHI,EQ,5043,3739,74.14
20,838,DALBHARAT,EQ,73496,41771,56.83
20,839,DALMIASUG,EQ,342704,139211,40.62
20,840,DAMCAPITAL,EQ,170224,75655,44.44
20,841,DANGEE,EQ,40836,33972,83.19
20,842,DANISH,SM,31500,20850,66.19
20,843,DATAMATICS,EQ,55826,27359,49.01
20,844,DATAPATTNS,EQ,377845,84746,22.43
20,845,DAVANGERE,EQ,15393852,11435873,74.29
20,846,DBCORP,EQ,43972,25727,58.51
20,847,DBL,EQ,58236,25322,43.48
20,848,DBOL,EQ,232171,130212,56.08
20,849,DBREALTY,EQ,1439328,783773,54.45
20,850,DCAL,EQ,122894,74132,60.32
20,851,DCBBANK,EQ,539992,256899,47.57
20,852,DCCL,SM,4000,4000,100.00
20,853,DCG,SM,22800,21600,94.74
20,854,DCI,EQ,87942,37122,42.21
20,855,DCMFINSERV,EQ,5995,5360,89.41
20,856,DCMNVL,EQ,16490,13525,82.02
20,857,DCMSHRIRAM,EQ,85914,53932,62.77
20,858,DCMSIL,EQ,99773,65841,65.99
20,859,DCMSRIND,EQ,182082,67059,36.83
20,860,DCW,EQ,912734,326087,35.73
20,861,DCXINDIA,EQ,328462,166604,50.72
20,862,DDEVPLSTIK,EQ,51629,36432,70.56
20,863,DECCANCE,EQ,29858,21520,72.07
20,864,DECCANTRAN,SM,117600,117600,100.00
20,865,DECNGOLD,EQ,959258,442945,46.18
20,866,DEEDEV,EQ,327955,147142,44.87
20,867,DEEM,ST,3000,3000,100.00
20,868,DEEP,EQ,23168,19386,83.68
20,869,DEEPAKFERT,EQ,229112,110590,48.27
20,870,DEEPAKNTR,EQ,196070,103034,52.55
20,871,DEEPINDS,EQ,1324171,457266,34.53
20,872,DEFENCE,EQ,239629,126750,52.89
20,873,DELAPLEX,SM,7800,5400,69.23
20,874,DELHIVERY,EQ,1936111,1274507,65.83
20,875,DELTACORP,EQ,1070574,487361,45.52
20,876,DELTAMAGNT,EQ,4124,3462,83.95
20,877,DELTIC,SM,6000,5000,83.33
20,878,DEN,EQ,211531,151747,71.74
20,879,DENEERS,SM,60000,52200,87.00
20,880,DENORA,EQ,2711,2024,74.66
20,881,DENTA,EQ,56286,23748,42.19
20,882,DENTALKART,SM,4250,3500,82.35
20,883,DEVIT,EQ,69859,50286,71.98
20,884,DEVX,EQ,40903,30201,73.84
20,885,DEVYANI,EQ,2432975,855506,35.16
20,886,DGCONTENT,EQ,1564,1418,90.66
20,887,DHAMPURSUG,EQ,832821,398090,47.80
20,888,DHANBANK,EQ,349043,209633,60.06
20,889,DHANLAXMI,SM,8000,4000,50.00
20,890,DHANSA,SM,18000,12000,66.67
20,891,DHANUKA,EQ,17124,8927,52.13
20,892,DHARARAIL,ST,15000,15000,100.00
20,893,DHARIWAL,SM,846000,531000,62.77
20,894,DHARMAJ,EQ,29203,16685,57.13
20,895,DHATRE,EQ,17330,12135,70.02
20,896,DHOOTTRANS,EQ,6047122,1285880,21.26
20,897,DHRUV,EQ,7195,5859,81.43
20,898,DHUNINV,EQ,1224,800,65.36
20,899,DIAMINESQ,EQ,3798,3063,80.65
20,900,DIAMONDYD,EQ,5787,3759,64.96
20,901,DICIND,EQ,45846,31618,68.97
20,902,DIFFNKG,EQ,2072376,437280,21.10
20,903,DIGIDRIVE,EQ,6628,5912,89.20
20,904,DIGIKORE,SM,57600,23600,40.97
20,905,DIGISPICE,EQ,73604,35870,48.73
20,906,DIGITIDE,EQ,263762,122342,46.38
20,907,DIGJAMLMTD,EQ,1422,773,54.36
20,908,DISAQ,EQ,61,31,50.82
20,909,DISHTV,EQ,1807676,1355353,74.98
20,910,DIVGIITTS,EQ,94690,42835,45.24
20,911,DIVIDEND,EQ,2476,1492,60.26
20,912,DIVINEHIRA,ST,16800,12000,71.43
20,913,DIVISLAB,EQ,250202,158206,63.23
20,914,DIVOPPBEES,EQ,97372,65760,67.53
20,915,DIVYADHAN,ST,12000,12000,100.00
20,916,DIXON,EQ,350720,129916,37.04
20,917,DJML,EQ,234263,96217,41.07
20,918,DLF,EQ,1911967,1017091,53.20
20,919,DLINKINDIA,EQ,67520,31849,47.17
20,920,DMART,EQ,288600,175208,60.71
20,921,DMCC,EQ,46455,20062,43.19
20,922,DNAMEDIA,EQ,34439,22011,63.91
20,923,DODLA,EQ,8579,4825,56.24
20,924,DOLATALGO,EQ,187699,79123,42.15
20,925,DOLLAR,EQ,36786,20289,55.15
20,926,DOLLEX,SM,4000,4000,100.00
20,927,DOLPHIN,EQ,169333,88126,52.04
20,928,DOMS,EQ,77261,41719,54.00
20,929,DONEAR,EQ,106790,64195,60.11
20,930,DPABHUSHAN,EQ,36359,9960,27.39
20,931,DPEL,SM,12000,6000,50.00
20,932,DRAGARWQ,EQ,954,774,81.13
20,933,DRCSYSTEMS,EQ,37863,27690,73.13
20,934,DREAMFOLKS,EQ,38187,22708,59.47
20,935,DREDGECORP,EQ,128213,35502,27.69
20,936,DRONE,SM,43500,28000,64.37
20,937,DRREDDY,EQ,568461,323584,56.92
20,938,DSSL,EQ,34708,18049,52.00
20,939,DUCOL,SM,4000,3200,80.00
20,940,DUCON,EQ,1709236,1306124,76.42
20,941,DUGLOBAL,SM,12500,12500,100.00
20,942,DURLAX,SM,26000,16000,61.54
20,943,DVL,EQ,15605,10053,64.42
20,944,DWARKESH,EQ,2333510,858760,36.80
20,945,DYCL,EQ,1789647,739649,41.33
20,946,DYNAMATECH,EQ,8608,2830,32.88
20,947,DYNAMIC,ST,14500,11000,75.86
20,948,DYNPRO,EQ,37117,26340,70.96
20,949,E2ERAIL,SM,83200,35200,42.31
20,950,EASEMYTRIP,EQ,5002636,2699285,53.96
20,951,EASTWEST,EQ,61727,47970,77.71
20,952,EBANK10,EQ,401,398,99.25
20,953,EBANKNIFTY,EQ,2088,2026,97.03
20,954,EBBETF0430,EQ,2002,1606,80.22
20,955,EBBETF0431,EQ,5856,2790,47.64
20,956,EBBETF0433,EQ,2625,1894,72.15
20,957,EBGNG,EQ,1005022,446481,44.42
20,958,ECAPINSURE,EQ,53393,47016,88.06
20,959,ECLERX,EQ,163141,70117,42.98
20,960,ECOLINE,ST,31000,31000,100.00
20,961,ECORECO,EQ,10145,8157,80.40
20,962,ECOSMOBLTY,EQ,79330,47505,59.88
20,963,EDELWEISS,EQ,11273587,4802952,42.60
20,964,EEPL,ST,18000,17000,94.44
20,965,EFACTOR,SM,3600,2000,55.56
20,966,EFCIL,EQ,235570,136097,57.77
20,967,EFFWA,ST,8800,8800,100.00
20,968,EFORCE,SM,16800,12000,71.43
20,969,EGOLD,EQ,167536,160267,95.66
20,970,EICHERMOT,EQ,492954,343882,69.76
20,971,EIDPARRY,EQ,270760,131254,48.48
20,972,EIEL,EQ,769678,304654,39.58
20,973,EIHAHOTELS,EQ,11705,8049,68.77
20,974,EIHOTEL,EQ,154906,83244,53.74
20,975,EIMCOELECO,EQ,19567,11877,60.70
20,976,EKC,EQ,150735,95432,63.31
20,977,EKI,EQ,6162,4839,78.53
20,978,ELANTAS,EQ,1367,714,52.23
20,979,ELCIDIN,EQ,12,7,58.33
20,980,ELDEHSG,EQ,415,361,86.99
20,981,ELECON,EQ,535067,159527,29.81
20,982,ELECTCAST,EQ,1762760,752076,42.66
20,983,ELECTHERM,EQ,7385,5848,79.19
20,984,ELGIEQUIP,EQ,691967,317521,45.89
20,985,ELGIRUBCO,EQ,44079,17645,40.03
20,986,ELGNZ,SM,25000,16000,64.00
20,987,ELIN,EQ,196524,109742,55.84
20,988,ELIQUID,EQ,11691,11691,100.00
20,989,ELITECON,EQ,1122582,1122582,100.00
20,990,ELLEN,EQ,759237,352897,46.48
20,991,ELM250,EQ,355767,337329,94.82
20,992,ELMDIV,EQ,602,598,99.34
20,993,ELPROINTL,EQ,3631,2242,61.75
20,994,EMAMILTD,EQ,1293997,767481,59.31
20,995,EMAMIREAL,EQ,24880,19723,79.27
20,996,EMAPARTNER,SM,18000,14000,77.78
20,997,EMBASSY,RR,641632,611702,95.34
20,998,EMBDL,EQ,2533639,1276003,50.36
20,999,EMCURE,EQ,276608,112894,40.81
20,1000,EMETAL,EQ,5051,4890,96.81
20,1001,EMIL,EQ,1637322,726750,44.39
20,1002,EMKAY,EQ,54753,38638,70.57
20,1003,EMKAYTOOLS,SM,1350,1200,88.89
20,1004,EMMIL,SM,15750,11000,69.84
20,1005,EMMVEE,EQ,873378,380050,43.51
20,1006,EMPIND,EQ,6883,5777,83.93
20,1007,EMPOWER,EQ,26427168,11039243,41.77
20,1008,EMSLIMITED,EQ,166270,72617,43.67
20,1009,EMUDHRA,EQ,71392,36777,51.51
20,1010,EMULTIMQ,EQ,11409,7297,63.96
20,1011,ENCOMPAS,SM,9600,7600,79.17
20,1012,ENDURANCE,EQ,50285,32106,63.85
20,1013,ENERGY,EQ,274108,232941,84.98
20,1014,ENERGYAXIS,EQ,7399,7292,98.55
20,1015,ENERGYDEV,EQ,11133,8678,77.95
20,1016,ENEXT50,EQ,275,275,100.00
20,1017,ENFUSE,SM,1800,1800,100.00
20,1018,ENGINERSIN,EQ,3490446,1377233,39.46
20,1019,ENIFTY,EQ,6023,4517,75.00
20,1020,ENIL,EQ,27341,20099,73.51
20,1021,ENKEIWHEL,EQ,776,744,95.88
20,1022,ENRIN,EQ,262111,151491,57.80
20,1023,ENSER,SM,50000,50000,100.00
20,1024,ENTERO,EQ,96165,46199,48.04
20,1025,ENVIRO,SM,11000,6000,54.55
20,1026,EPACK,EQ,343336,148156,43.15
20,1027,EPACKPEB,EQ,324727,127314,39.21
20,1028,EPIGRAL,EQ,48188,22191,46.05
20,1029,EPL,EQ,3718253,1751312,47.10
20,1030,EPWINDIA,ST,4800,4800,100.00
20,1031,EQUAL200,EQ,10167,9375,92.21
20,1032,EQUAL50,EQ,444,227,51.13
20,1033,EQUAL50ADD,EQ,15781,12480,79.08
20,1034,EQUITASBNK,EQ,534782,316827,59.24
20,1035,ERIS,EQ,69111,41703,60.34
20,1036,ESABINDIA,EQ,2820,1747,61.95
20,1037,ESCONET,SM,40800,31600,77.45
20,1038,ESCORTS,EQ,62925,34866,55.41
20,1039,ESDS,EQ,15790052,10515154,66.59
20,1040,ESENSEX,EQ,37,23,62.16
20,1041,ESFL,SM,11160,10080,90.32
20,1042,ESG,EQ,2704,2426,89.72
20,1043,ESILVER,EQ,221315,198113,89.52
20,1044,ESPRIT,SM,4800,3200,66.67
20,1045,ESSARSHPNG,EQ,325102,187749,57.75
20,1046,ESSENTIA,EQ,2849052,1213667,42.60
20,1047,ESTER,EQ,41294,26083,63.16
20,1048,ETERNAL,EQ,17824027,11256198,63.15
20,1049,ETHOSLTD,EQ,79319,55297,69.71
20,1050,ETL,SM,300,300,100.00
20,1051,ETML,SM,6000,2400,40.00
20,1052,EUREKAFORB,EQ,99508,47482,47.72
20,1053,EUROBOND,EQ,921,682,74.05
20,1054,EUROPRATIK,EQ,192832,45602,23.65
20,1055,EVEREADY,EQ,57194,35991,62.93
20,1056,EVIETF,EQ,183629,122880,66.92
20,1057,EVINDIA,EQ,304394,237744,78.10
20,1058,EXCELINDUS,EQ,4529,2613,57.69
20,1059,EXCELLENT,ST,6400,6400,100.00
20,1060,EXCELSOFT,EQ,299626,122378,40.84
20,1061,EXICOM,EQ,5389417,1652933,30.67
20,1062,EXIDEIND,EQ,2581393,1139592,44.15
20,1063,EXIMROUTES,SM,1600,1600,100.00
20,1064,EXPLEOSOL,EQ,27691,14127,51.02
20,1065,EXXARO,EQ,298855,242227,81.05
20,1066,FABTECH,EQ,112484,61323,54.52
20,1067,FACT,EQ,97544,31212,32.00
20,1068,FALCONTECH,SM,1200,1200,100.00
20,1069,FASCINATE,ST,13600,13600,100.00
20,1070,FAZE3Q,EQ,9304,4298,46.20
20,1071,FCL,EQ,20692198,8669984,41.90
20,1072,FCSSOFT,EQ,1046769,766732,73.25
20,1073,FDC,EQ,120312,65036,54.06
20,1074,FEDDERSHOL,EQ,1773925,238714,13.46
20,1075,FEDERALBNK,EQ,4115397,2557269,62.14
20,1076,FEDFINA,EQ,818017,397577,48.60
20,1077,FELIX,SM,219000,116000,52.97
20,1078,FERMENTA,EQ,101413,50258,49.56
20,1079,FIBERWEB,EQ,10675,9427,88.31
20,1080,FIDEL,SM,10000,10000,100.00
20,1081,FIEMIND,EQ,46943,25052,53.37
20,1082,FILATEX,EQ,1156499,584717,50.56
20,1083,FILATFASH,EQ,21161213,14777497,69.83
20,1084,FINBUD,SM,11000,10000,90.91
20,1085,FINCABLES,EQ,1492429,626265,41.96
20,1086,FINEORG,EQ,12034,7028,58.40
20,1087,FINIETF,EQ,174481,114208,65.46
20,1088,FINKURVE,EQ,62572,33615,53.72
20,1089,FINOPB,EQ,82299,41569,50.51
20,1090,FINPIPE,EQ,507087,128194,25.28
20,1091,FIRSTCRY,EQ,1541167,408374,26.50
20,1092,FISCHER,EQ,329518,198042,60.10
20,1093,FIVESTAR,EQ,915369,450242,49.19
20,1094,FLAIR,EQ,105224,63966,60.79
20,1095,FLEXIADD,EQ,35100,22190,63.22
20,1096,FLUOROCHEM,EQ,473510,197712,41.75
20,1097,FLYSBS,SM,68800,43600,63.37
20,1098,FMCGADD,EQ,47656,26376,55.35
20,1099,FMCGIETF,EQ,2400471,1828434,76.17
20,1100,FMGOETZE,EQ,1030188,363151,35.25
20,1101,FMNL,EQ,18463,14450,78.26
20,1102,FOCE,SM,480,480,100.00
20,1103,FONEBOX,SM,2000,2000,100.00
20,1104,FOODSIN,EQ,89638,49114,54.79
20,1105,FORCEMOT,EQ,47840,18545,38.76
20,1106,FORGEAUTO,SM,15600,12000,76.92
20,1107,FORTIS,EQ,627470,322685,51.43
20,1108,FOSECOIND,EQ,7937,3401,42.85
20,1109,FRACTAL,EQ,216017,117701,54.49
20,1110,FREDUN,EQ,15103,9286,61.48
20,1111,FRESHARA,ST,49800,39000,78.31
20,1112,FROG,ST,31600,29200,92.41
20,1113,FRONTSP,EQ,21620,14593,67.50
20,1114,FSL,EQ,942732,309249,32.80
20,1115,FUSION,EQ,1385863,947622,68.38
20,1116,FWSTC,SM,52200,51000,97.70
20,1117,GABRIEL,EQ,208239,73770,35.43
20,1118,GAEL,EQ,466226,235077,50.42
20,1119,GAIL,EQ,3878219,1883619,48.57
20,1120,GAJA,EQ,1327301,377772,28.46
20,1121,GAJANAND,SM,6000,6000,100.00
20,1122,GALAPREC,EQ,21048,11623,55.22
20,1123,GALAXYSURF,EQ,43774,20817,47.56
20,1124,GALLANTT,EQ,300142,70051,23.34
20,1125,GANDHAR,EQ,860917,389610,45.26
20,1126,GANDHITUBE,EQ,1700,1198,70.47
20,1127,GANECOS,EQ,331101,124618,37.64
20,1128,GANESHCP,EQ,117370,58969,50.24
20,1129,GANESHHOU,EQ,25372,14629,57.66
20,1130,GANESHIN,ST,58400,56000,95.89
20,1131,GANGABATH,SM,30000,15000,50.00
20,1132,GANGAFORGE,EQ,8689563,4133797,47.57
20,1133,GANGESSECU,EQ,1203,902,74.98
20,1134,GARFIBRES,EQ,15701,6996,44.56
20,1135,GARUDA,EQ,285751,140707,49.24
20,1136,GATEWAY,EQ,387773,222384,57.35
20,1137,GAYAHWS,EQ,206145,140740,68.27
20,1138,GAYAPROJ,EQ,363836,277553,76.29
20,1139,GCHOTELS,ST,19800,16200,81.82
20,1140,GCSL,EQ,726731,241064,33.17
20,1141,GEEKAYWIRE,EQ,127142,102615,80.71
20,1142,GEMAROMA,EQ,90914,45606,50.16
20,1143,GENCON,EQ,345096,52929,15.34
20,1144,GENESYS,EQ,475906,224624,47.20
20,1145,GENUSPAPER,EQ,216963,185250,85.38
20,1146,GENUSPOWER,EQ,2486451,1112065,44.72
20,1147,GENXAI,SM,15600,13200,84.62
20,1148,GEOJITFSL,EQ,332909,180191,54.13
20,1149,GESHIP,EQ,1043987,506400,48.51
20,1150,GFLLIMITED,EQ,497897,329930,66.26
20,1151,GGBL,SM,18600,15000,80.65
20,1152,GHCL,EQ,84548,52793,62.44
20,1153,GHCLTEXTIL,EQ,424691,212762,50.10
20,1154,GICHSGFIN,EQ,172955,92017,53.20
20,1155,GICL,EQ,162762,102185,62.78
20,1156,GICRE,EQ,4931565,1641411,33.28
20,1157,GILLANDERS,EQ,1894,1080,57.02
20,1158,GILLETTE,EQ,9291,5407,58.20
20,1159,GILT10BETA,EQ,1210,1114,92.07
20,1160,GILT5BETA,EQ,18441,17657,95.75
20,1161,GILT5YBEES,EQ,183586,132707,72.29
20,1162,GIPCL,EQ,400260,253113,63.24
20,1163,GIRIRAJ,SM,879500,879250,99.97
20,1164,GJL,ST,76800,75200,97.92
20,1165,GKB,EQ,13013,7637,58.69
20,1166,GKENERGY,EQ,264878,132478,50.01
20,1167,GKSL,EQ,238346,75632,31.73
20,1168,GKWLIMITED,EQ,154,142,92.21
20,1169,GLAND,EQ,2977808,1280582,43.00
20,1170,GLAXO,EQ,48109,18464,38.38
20,1171,GLENMARK,EQ,412728,237692,57.59
20,1172,GLFL,EQ,4293,4225,98.42
20,1173,GLOBAL,EQ,570402,325012,56.98
20,1174,GLOBALE,EQ,18110,15864,87.60
20,1175,GLOBALPET,ST,20250,20250,100.00
20,1176,GLOBALVECT,EQ,2436,1850,75.94
20,1177,GLOBE,EQ,440779,386779,87.75
20,1178,GLOBECIVIL,EQ,41613,30457,73.19
20,1179,GLOBUSSPR,EQ,46420,26072,56.17
20,1180,GLOSTERLTD,EQ,323,318,98.45
20,1181,GLOTTIS,EQ,33918,30575,90.14
20,1182,GMBREW,EQ,40347,23618,58.54
20,1183,GMDCLTD,EQ,503162,166092,33.01
20,1184,GML,SM,6000,6000,100.00
20,1185,GMMPFAUDLR,EQ,1049404,270486,25.78
20,1186,GMRAIRPORT,EQ,9286457,5598468,60.29
20,1187,GMRP&UI,EQ,1966833,810841,41.23
20,1188,GNA,EQ,276542,140383,50.76
20,1189,GNFC,EQ,791924,391533,49.44
20,1190,GNRL,EQ,185644,148707,80.10
20,1191,GOACARBON,EQ,9112,6295,69.08
20,1192,GOCLCORP,EQ,304041,110833,36.45
20,1193,GOCOLORS,EQ,46077,23681,51.39
20,1194,GODAVARIB,EQ,53060,29661,55.90
20,1195,GODFRYPHLP,EQ,100359,29567,29.46
20,1196,GODIGIT,EQ,203109,123361,60.74
20,1197,GODREJAGRO,EQ,306292,129552,42.30
20,1198,GODREJCP,EQ,1306185,590152,45.18
20,1199,GODREJIND,EQ,60778,18764,30.87
20,1200,GODREJPROP,EQ,307319,107209,34.89
20,1201,GOKEX,EQ,472178,253013,53.58
20,1202,GOKUL,EQ,221325,54858,24.79
20,1203,GOKULAGRO,EQ,282521,133684,47.32
20,1204,GOLD1,EQ,1165650,605197,51.92
20,1205,GOLD360,EQ,9775,4812,49.23
20,1206,GOLDADD,EQ,4153135,3485113,83.92
20,1207,GOLDAXIS,EQ,333634,212753,63.77
20,1208,GOLDBEES,EQ,20415178,8577919,42.02
20,1209,GOLDBETA,EQ,548417,409861,74.74
20,1210,GOLDBND,EQ,2042,1207,59.11
20,1211,GOLDCASE,EQ,8672063,4396300,50.69
20,1212,GOLDETF,EQ,1811520,1259490,69.53
20,1213,GOLDIAM,EQ,332390,132929,39.99
20,1214,GOLDIETF,EQ,4150183,2218228,53.45
20,1215,GOLDKART,SM,1250,1250,100.00
20,1216,GOODLUCK,EQ,455214,245110,53.85
20,1217,GOODYEAR,EQ,2498,1641,65.69
20,1218,GOPAL,EQ,84409,45585,54.00
20,1219,GOYALALUM,EQ,74465,29223,39.24
20,1220,GOYALSALT,SM,1800,1800,100.00
20,1221,GPECO,ST,32800,31800,96.95
20,1222,GPIL,EQ,985110,516824,52.46
20,1223,GPPL,EQ,1293533,600683,46.44
20,1224,GPTHEALTH,EQ,259291,123428,47.60
20,1225,GPTINFRA,EQ,108936,54678,50.19
20,1226,GRADIENTE,EQ,1829209,792217,43.31
20,1227,GRANDOAK,EQ,4351,2413,55.46
20,1228,GRANULES,EQ,1172635,559829,47.74
20,1229,GRAPHISAD,SM,10800,8400,77.78
20,1230,GRAPHITE,EQ,1066661,308635,28.93
20,1231,GRASIM,EQ,892704,542315,60.75
20,1232,GRAUWEIL,EQ,175799,104993,59.72
20,1233,GRAVISSHO,EQ,329,328,99.70
20,1234,GRAVITA,EQ,442686,222169,50.19
20,1235,GRCL,SM,1250,1250,100.00
20,1236,GREAVESCOT,EQ,467649,204095,43.64
20,1237,GREENCHEF,SM,32000,27200,85.00
20,1238,GREENLAM,EQ,14287,8167,57.16
20,1239,GREENLEAF,ST,4000,4000,100.00
20,1240,GREENPANEL,EQ,268737,124519,46.33
20,1241,GREENPLY,EQ,387224,240949,62.22
20,1242,GREENPOWER,EQ,1505445,760037,50.49
20,1243,GRETEX,SM,3000,3000,100.00
20,1244,GRINDWELL,EQ,10248,5484,53.51
20,1245,GRINFRA,EQ,8369,4233,50.58
20,1246,GRMOVER,EQ,1151167,182530,15.86
20,1247,GROBTEA,EQ,101,95,94.06
20,1248,GROWW,EQ,44702306,21709004,48.56
20,1249,GROWWCAPM,EQ,279688,156857,56.08
20,1250,GROWWCHEM,EQ,4453571,4330259,97.23
20,1251,GROWWDEFNC,EQ,231792,124530,53.72
20,1252,GROWWEV,EQ,259593,179432,69.12
20,1253,GROWWGOLD,EQ,2159184,1337889,61.96
20,1254,GROWWHOSPI,EQ,303066,252869,83.44
20,1255,GROWWLIQID,EQ,649969,478826,73.67
20,1256,GROWWLOVOL,EQ,4721,2807,59.46
20,1257,GROWWMC150,EQ,303,277,91.42
20,1258,GROWWMETAL,EQ,467942,195870,41.86
20,1259,GROWWMOM50,EQ,277790,199222,71.72
20,1260,GROWWN200,EQ,29513,18820,63.77
20,1261,GROWWNET,EQ,490430,341834,69.70
20,1262,GROWWNIFTY,EQ,684423,349390,51.05
20,1263,GROWWNXT50,EQ,2293,1544,67.34
20,1264,GROWWPOWER,EQ,2199856,1438692,65.40
20,1265,GROWWPSE,EQ,4944,3447,69.72
20,1266,GROWWPSUBK,EQ,1830,999,54.59
20,1267,GROWWRAIL,EQ,2704363,2548563,94.24
20,1268,GROWWRLTY,EQ,161707,100518,62.16
20,1269,GROWWSC250,EQ,100126,64125,64.04
20,1270,GROWWSLVR,EQ,1486031,680243,45.78
20,1271,GRPLTD,EQ,1281,1018,79.47
20,1272,GRSE,EQ,299818,101731,33.93
20,1273,GRWRHITECH,EQ,35292,21368,60.55
20,1274,GSEC10ADD,EQ,42,22,52.38
20,1275,GSEC10IETF,EQ,42,42,100.00
20,1276,GSEC10YEAR,EQ,616,580,94.16
20,1277,GSEC5IETF,EQ,862,862,100.00
20,1278,GSFC,EQ,1107016,483918,43.71
20,1279,GSLSU,EQ,31054,21683,69.82
20,1280,GSMFOILS,SM,13500,13500,100.00
20,1281,GSPCROP,EQ,119185,40339,33.85
20,1282,GSS,EQ,198815,141186,71.01
20,1283,GSTL,SM,12000,9000,75.00
20,1284,GTL,EQ,293515,193251,65.84
20,1285,GTLINFRA,EQ,35008053,18926055,54.06
20,1286,GTPL,EQ,87796,57641,65.65
20,1287,GUFICBIO,EQ,88007,45027,51.16
20,1288,GUJALKALI,EQ,109374,40717,37.23
20,1289,GUJAPOLLO,EQ,12193,7551,61.93
20,1290,GUJENERGY,EQ,3952971,2578554,65.23
20,1291,GUJRAFFIA,EQ,106,61,57.55
20,1292,GUJTHEM,EQ,605159,289506,47.84
20,1293,GULFOILLUB,EQ,157655,86744,55.02
20,1294,GULPOLY,EQ,133134,57104,42.89
20,1295,GURUNANAK,SM,28800,19200,66.67
20,1296,GVPIL,EQ,255215,123847,48.53
20,1297,GVT&D,EQ,549760,292701,53.24
20,1298,GYFTR,EQ,27733,15116,54.51
20,1299,HAL,EQ,1399667,445970,31.86
20,1300,HALDER,EQ,26009,8834,33.97
20,1301,HALEOSLABS,EQ,5164,4998,96.79
20,1302,HAMPTON,EQ,9884,9769,98.84
20,1303,HAPPSTMNDS,EQ,1122676,422334,37.62
20,1304,HAPPY,SM,116000,68000,58.62
20,1305,HAPPYFORGE,EQ,69563,42721,61.41
20,1306,HARDWYN,EQ,1626111,971372,59.74
20,1307,HARIOMPIPE,EQ,113348,43100,38.02
20,1308,HARRMALAYA,EQ,7134,4171,58.47
20,1309,HARSHA,EQ,132144,76230,57.69
20,1310,HATHWAY,EQ,1819906,909265,49.96
20,1311,HATSUN,EQ,65825,25083,38.11
20,1312,HAVELLS,EQ,2840527,1464035,51.54
20,1313,HAVISHA,EQ,107777,57504,53.35
20,1314,HAWKINCOOK,EQ,1806,987,54.65
20,1315,HAZOOR,EQ,1290374,1124762,87.17
20,1316,HBESD,EQ,1075,1041,96.84
20,1317,HBLENGINE,EQ,14312325,1346486,9.41
20,1318,HBPOR,EQ,115,110,95.65
20,1319,HBSL,EQ,1337,1181,88.33
20,1320,HCC,EQ,20266993,7032581,34.70
20,1321,HCG,EQ,65274,29962,45.90
20,1322,HCL-INSYS,EQ,702510,532752,75.84
20,1323,HCLTECH,EQ,2210569,1365474,61.77
20,1324,HDBFS,EQ,366577,164810,44.96
20,1325,HDFCAMC,EQ,844970,615815,72.88
20,1326,HDFCBANK,EQ,14488024,8371615,57.78
20,1327,HDFCBSE500,EQ,862356,838323,97.21
20,1328,HDFCGOLD,EQ,3350795,2031508,60.63
20,1329,HDFCGROWTH,EQ,55143,25604,46.43
20,1330,HDFCLIFE,EQ,6016219,3609378,59.99
20,1331,HDFCLIQUID,EQ,14831,11757,79.27
20,1332,HDFCLOWVOL,EQ,3372,1428,42.35
20,1333,HDFCMID150,EQ,422354,281118,66.56
20,1334,HDFCMOMENT,EQ,97334,59711,61.35
20,1335,HDFCNEXT50,EQ,201831,136370,67.57
20,1336,HDFCNIF100,EQ,17792,10788,60.63
20,1337,HDFCNIFBAN,EQ,123216,111025,90.11
20,1338,HDFCNIFIT,EQ,128067,114893,89.71
20,1339,HDFCNIFTY,EQ,140738,115846,82.31
20,1340,HDFCNIMEG,EQ,46678,39372,84.35
20,1341,HDFCPSUBK,EQ,44418,26068,58.69
20,1342,HDFCPVTBAN,EQ,143631,100179,69.75
20,1343,HDFCQUAL,EQ,2788,1681,60.29
20,1344,HDFCSENSEX,EQ,23630,16747,70.87
20,1345,HDFCSILVER,EQ,2287210,838369,36.65
20,1346,HDFCSML250,EQ,738277,534504,72.40
20,1347,HDFCVALUE,EQ,1613,853,52.88
20,1348,HEADSUP,EQ,52608,49119,93.37
20,1349,HEALTHADD,EQ,21553,20140,93.44
20,1350,HEALTHAXIS,EQ,6611,3166,47.89
20,1351,HEALTHCARE,EQ,20094,16354,81.39
20,1352,HEALTHIETF,EQ,169428,103236,60.93
20,1353,HEALTHX,EQ,17264,14611,84.63
20,1354,HEALTHY,EQ,723183,479267,66.27
20,1355,HECPROJECT,EQ,8085,6397,79.12
20,1356,HEG,EQ,2565950,1043169,40.65
20,1357,HEIDELBERG,EQ,218319,133953,61.36
20,1358,HEMIPROP,EQ,269289,171055,63.52
20,1359,HERANBA,EQ,13651,7228,52.95
20,1360,HERITGFOOD,EQ,1034903,387570,37.45
20,1361,HEROMOTOCO,EQ,607423,390189,64.24
20,1362,HESTERBIO,EQ,93542,10466,11.19
20,1363,HEXATRADEX,EQ,1741,1619,92.99
20,1364,HEXT,EQ,192374,77386,40.23
20,1365,HGINFRA,EQ,49859,25878,51.90
20,1366,HGM,EQ,31154,23892,76.69
20,1367,HGS,EQ,9933,7521,75.72
20,1368,HIGREEN,SM,7200,5600,77.78
20,1369,HIKAL,EQ,5359400,1051214,19.61
20,1370,HILINFRA,EQ,36577,26451,72.32
20,1371,HILTON,EQ,83646,58701,70.18
20,1372,HIMATSEIDE,EQ,358084,190520,53.21
20,1373,HINDADH,EQ,517,495,95.74
20,1374,HINDALCO,EQ,3682428,2238105,60.78
20,1375,HINDALUMI,EQ,3024,2229,73.71
20,1376,HINDCOMPOS,EQ,5640,3043,53.95
20,1377,HINDCON,EQ,42853,30601,71.41
20,1378,HINDCOPPER,EQ,3802351,1214004,31.93
20,1379,HINDOILEXP,EQ,1959249,557554,28.46
20,1380,HINDPETRO,EQ,3155139,2065157,65.45
20,1381,HINDUNILVR,EQ,2247162,1518145,67.56
20,1382,HINDWAREAP,EQ,113928,85240,74.82
20,1383,HINDZINC,EQ,4650039,1992128,42.84
20,1384,HIRECT,EQ,18689,10932,58.49
20,1385,HISARMETAL,EQ,964,626,64.94
20,1386,HITECH,EQ,1169763,569922,48.72
20,1387,HLEGLAS,EQ,605651,202540,33.44
20,1388,HLVLTD,EQ,143901,116357,80.86
20,1389,HMAAGRO,EQ,314281,188686,60.04
20,1390,HNDFDS,EQ,133631,93212,69.75
20,1391,HNGSNGBEES,EQ,61650,39227,63.63
20,1392,HOACFOODS,ST,6375,6375,100.00
20,1393,HOLMARC,SM,16500,15000,90.91
20,1394,HOMEFIRST,EQ,128463,73359,57.11
20,1395,HONASA,EQ,996548,445510,44.71
20,1396,HONAUT,EQ,1792,870,48.55
20,1397,HONDAPOWER,EQ,2712,1492,55.01
20,1398,HORIZONIND,EQ,6411837,3551292,55.39
20,1399,HPAL,EQ,59982,41761,69.62
20,1400,HPIL,EQ,1499,1365,91.06
20,1401,HPL,EQ,97614,44585,45.67
20,1402,HRHNEXT,SM,18000,18000,100.00
20,1403,HRYNSHP,EQ,434,393,90.55
20,1404,HSBCGOLD,EQ,29190,22234,76.17
20,1405,HSCL,EQ,2597175,1052457,40.52
20,1406,HTMEDIA,EQ,43144,25054,58.07
20,1407,HUBTOWN,EQ,598031,327817,54.82
20,1408,HUDCO,EQ,946223,492122,52.01
20,1409,HUHTAMAKI,EQ,125656,76332,60.75
20,1410,HVAX,SM,150,150,100.00
20,1411,HYBRIDETF,EQ,41052,27817,67.76
20,1412,HYUNDAI,EQ,531330,250196,47.09
20,1413,IBLFL,SM,2000,2000,100.00
20,1414,IBULLSLTD,EQ,7874352,4165957,52.91
20,1415,ICDSLTD,EQ,53177,28902,54.35
20,1416,ICELCO,SM,91200,70800,77.63
20,1417,ICEMAKE,EQ,7174,4841,67.48
20,1418,ICICIAMC,EQ,281169,160880,57.22
20,1419,ICICIB22,EQ,255356,177169,69.38
20,1420,ICICIBANK,EQ,6693889,4537805,67.79
20,1421,ICICIGI,EQ,824875,596060,72.26
20,1422,ICICIPRULI,EQ,962782,472001,49.02
20,1423,ICIL,EQ,621520,195072,31.39
20,1424,ICRA,EQ,21042,10305,48.97
20,1425,IDBI,EQ,5012839,1895746,37.82
20,1426,IDEA,EQ,525960563,159158688,30.26
20,1427,IDEAFORGE,EQ,208626,109270,52.38
20,1428,IDENTICAL,SM,20000,16000,80.00
20,1429,IDFCFIRSTB,EQ,15288105,7329344,47.94
20,1430,IDFNIFTYET,EQ,1426,1289,90.39
20,1431,IEML,ST,40000,39500,98.75
20,1432,IEX,EQ,11547227,4426507,38.33
20,1433,IFBAGRO,EQ,4296,2333,54.31
20,1434,IFBIND,EQ,19145,12681,66.24
20,1435,IFCI,EQ,407352536,39482257,9.69
20,1436,IFGLEXPOR,EQ,22469,12813,57.03
20,1437,IGARASHI,EQ,40948,18039,44.05
20,1438,IGCL,EQ,54634,32459,59.41
20,1439,IGIL,EQ,369135,215368,58.34
20,1440,IGL,EQ,8174532,3334409,40.79
20,1441,IGPL,EQ,200277,92988,46.43
20,1442,IIFL,EQ,2119359,1021515,48.20
20,1443,IIFL060326,YA,45,45,100.00
20,1444,IIFLCAPS,EQ,330001,219698,66.57
20,1445,IIFLZC28,NG,100,100,100.00
20,1446,IIFLZC28B,Y1,20,20,100.00
20,1447,IITL,EQ,100778,14572,14.46
20,1448,IKIO,EQ,831128,223762,26.92
20,1449,IKS,EQ,220451,88787,40.28
20,1450,IMAGICAA,EQ,2402726,1205348,50.17
20,1451,IMC1,N3,8,8,100.00
20,1452,IMFA,EQ,162105,91259,56.30
20,1453,IMPAL,EQ,1266,1013,80.02
20,1454,INA,EQ,481868,238614,49.52
20,1455,INCREDIBLE,EQ,5276,4300,81.50
20,1456,INDBANK,EQ,93377,61370,65.72
20,1457,INDGN,EQ,804735,542466,67.41
20,1458,INDHOTEL,EQ,1528492,915918,59.92
20,1459,INDIACEM,EQ,42548,18420,43.29
20,1460,INDIAMART,EQ,43854,28225,64.36
20,1461,INDIANB,EQ,786614,381404,48.49
20,1462,INDIANCARD,EQ,3224,2305,71.50
20,1463,INDIANHUME,EQ,56614,31708,56.01
20,1464,INDIASHLTR,EQ,70209,43158,61.47
20,1465,INDIGO,EQ,394117,235051,59.64
20,1466,INDIGOPNTS,EQ,94147,52379,55.64
20,1467,INDIGRID,IV,489772,422999,86.37
20,1468,INDIQUBE,EQ,16617,11038,66.43
20,1469,INDNIPPON,EQ,63581,33361,52.47
20,1470,INDOBORAX,EQ,126424,47703,37.73
20,1471,INDOCO,EQ,368891,137671,37.32
20,1472,INDOFARM,EQ,68314,35676,52.22
20,1473,INDOKEM,EQ,3809,2629,69.02
20,1474,INDOMIM,EQ,4512815,1537302,34.07
20,1475,INDORAMA,EQ,1609101,583442,36.26
20,1476,INDOSTAR,EQ,111553,69783,62.56
20,1477,INDOTECH,EQ,7508,4717,62.83
20,1478,INDOTHAI,EQ,742070,736955,99.31
20,1479,INDOUS,EQ,41730,37988,91.03
20,1480,INDOWIND,EQ,77378,71151,91.95
20,1481,INDPRUD,EQ,94,76,80.85
20,1482,INDRAMEDCO,EQ,311569,207819,66.70
20,1483,INDSWFTLAB,EQ,695062,355013,51.08
20,1484,INDTERRAIN,EQ,17159,12526,73.00
20,1485,INDUSINDBK,EQ,1321066,692536,52.42
20,1486,INDUSINVIT,IV,95377,83186,87.22
20,1487,INDUSTOWER,EQ,1578193,851663,53.96
20,1488,INFINIUM,SM,14500,14000,96.55
20,1489,INFLUX,SM,4200,3600,85.71
20,1490,INFOBEAN,EQ,750810,211608,28.18
20,1491,INFOLLION,SM,13200,12000,90.91
20,1492,INFOMEDIA,EQ,22935,12605,54.96
20,1493,INFRA,EQ,14437,9523,65.96
20,1494,INFRABEES,EQ,3516,1901,54.07
20,1495,INFRAIETF,EQ,555466,527026,94.88
20,1496,INFY,EQ,5881388,3829599,65.11
20,1497,INGERRAND,EQ,11320,6303,55.68
20,1498,INM,SM,7200,6600,91.67
20,1499,INNOMET,ST,37200,37200,100.00
20,1500,INNOVACAP,EQ,321751,85511,26.58
20,1501,INNOVANA,EQ,583,403,69.13
20,1502,INNOVISION,EQ,11734,4779,40.73
20,1503,INOXGREEN,EQ,1333015,595273,44.66
20,1504,INOXINDIA,EQ,1027233,240799,23.44
20,1505,INOXWIND,EQ,22688206,6643453,29.28
20,1506,INSECTICID,EQ,22609,14251,63.03
20,1507,INSPIRE,SM,4000,4000,100.00
20,1508,INSPIRISYS,EQ,2978,2377,79.82
20,1509,INSUREIETF,EQ,402017,220128,54.76
20,1510,INTEGRITY,ST,1200,1200,100.00
20,1511,INTELLECT,EQ,491572,164300,33.42
20,1512,INTENTECH,EQ,42907,26684,62.19
20,1513,INTERARCH,EQ,33231,19303,58.09
20,1514,INTERNET,EQ,534263,359634,67.31
20,1515,INTLCONV,EQ,92332,60283,65.29
20,1516,INVENTURE,EQ,618481,397104,64.21
20,1517,INVICTA,SM,1600,1600,100.00
20,1518,IOB,EQ,2673908,1374189,51.39
20,1519,IOC,EQ,4277697,2733519,63.90
20,1520,IOLCP,EQ,5291531,1459439,27.58
20,1521,IONEXCHANG,EQ,1293430,430699,33.30
20,1522,IPCALAB,EQ,80401,45844,57.02
20,1523,IPHL,SM,54000,34800,64.44
20,1524,IPL,EQ,67260,36996,55.00
20,1525,IPRINGLTD,EQ,3047,2378,78.04
20,1526,IPSL,SM,500,500,100.00
20,1527,IRB,EQ,6862525,2736472,39.88
20,1528,IRBINVIT,IV,411810,346085,84.04
20,1529,IRCON,EQ,1686344,501402,29.73
20,1530,IRCTC,EQ,603706,299234,49.57
20,1531,IREDA,EQ,2627200,985287,37.50
20,1532,IRFC,EQ,7883831,3058213,38.79
20,1533,IRIS,EQ,92277,39342,42.63
20,1534,IRISDOREME,EQ,2431238,1194233,49.12
20,1535,IRMENERGY,EQ,76393,38901,50.92
20,1536,ISFT,EQ,132771,15660,11.79
20,1537,ISGEC,EQ,30774,17395,56.52
20,1538,ISHAN,SM,96000,96000,100.00
20,1539,ISHANCH,EQ,38670,22214,57.45
20,1540,ISTLTD,EQ,357,303,84.87
20,1541,IT,EQ,153062,70388,45.99
20,1542,ITADD,EQ,6830,4258,62.34
20,1543,ITALIANE,SM,12000,10000,83.33
20,1544,ITAXIS,EQ,1669,785,47.03
20,1545,ITBEES,EQ,8504508,5756878,67.69
20,1546,ITBETA,EQ,84,52,61.90
20,1547,ITC,EQ,9519153,4936252,51.86
20,1548,ITCHOTELS,EQ,2050484,1011648,49.34
20,1549,ITDC,EQ,39915,10001,25.06
20,1550,ITETF,EQ,127150,53589,42.15
20,1551,ITI,EQ,264152,62875,23.80
20,1552,ITIETF,EQ,354409,251700,71.02
20,1553,ITL,EQ,558,480,86.02
20,1554,IVALUE,EQ,133823,76730,57.34
20,1555,IVC,EQ,1022586,690681,67.54
20,1556,IVZBANKNF,EQ,1513,1513,100.00
20,1557,IVZINGOLD,EQ,9964,7483,75.10
20,1558,IVZINNIFTY,EQ,158,94,59.49
20,1559,IVZSENSEX,EQ,972,524,53.91
20,1560,IWARE,ST,28800,21000,72.92
20,1561,IWP,EQ,25747,24940,96.87
20,1562,IXIGO,EQ,3400102,1845947,54.29
20,1563,IZMO,EQ,87266,38310,43.90
20,1564,J&KBANK,EQ,1883250,902647,47.93
20,1565,JAGRAN,EQ,247379,181577,73.40
20,1566,JAGSNPHARM,EQ,96227,46365,48.18
20,1567,JAIBALAJI,EQ,293778,210242,71.56
20,1568,JAICORPLTD,EQ,246316,115640,46.95
20,1569,JAINAM,SM,3000,3000,100.00
20,1570,JAINIK,SM,13200,12000,90.91
20,1571,JAINREC,EQ,1135766,416986,36.71
20,1572,JAIPURKURT,EQ,51045,47127,92.32
20,1573,JALAN,ST,6000,6000,100.00
20,1574,JAMNAAUTO,EQ,691775,380983,55.07
20,1575,JARO,EQ,119338,37791,31.67
20,1576,JASH,EQ,280288,82454,29.42
20,1577,JAYAGROGN,EQ,8025,5995,74.70
20,1578,JAYBARMARU,EQ,141098,77774,55.12
20,1579,JAYBEE,SM,10000,8500,85.00
20,1580,JAYESH,SM,38000,13000,34.21
20,1581,JAYKAY,EQ,470358,245514,52.20
20,1582,JAYNECOIND,EQ,49840056,17721628,35.56
20,1583,JAYSREETEA,EQ,48814,34644,70.97
20,1584,JBMA,EQ,146607,58285,39.76
20,1585,JENBURPH,EQ,422,378,89.57
20,1586,JETFREIGHT,EQ,123233,59992,48.68
20,1587,JEYYAM,ST,44000,44000,100.00
20,1588,JFLLIFE,SM,6000,6000,100.00
20,1589,JGCHEM,EQ,210794,94996,45.07
20,1590,JHS,EQ,45834,40941,89.32
20,1591,JINDALPHOT,EQ,2011,1034,51.42
20,1592,JINDALPOLY,EQ,11895,6541,54.99
20,1593,JINDALSAW,EQ,868641,434475,50.02
20,1594,JINDALSTEL,EQ,893053,406754,45.55
20,1595,JINDRILL,EQ,708720,265131,37.41
20,1596,JINDWORLD,EQ,188275533,17063197,9.06
20,1597,JIOFIN,EQ,11860254,6116662,51.57
20,1598,JISLDVREQS,EQ,310219,176105,56.77
20,1599,JISLJALEQS,EQ,29548721,3998809,13.53
20,1600,JITFINFRA,EQ,23808,12671,53.22
20,1601,JIWANRAM,SM,24000,12000,50.00
20,1602,JKCEMENT,EQ,15032,7376,49.07
20,1603,JKIL,EQ,24845,15359,61.82
20,1604,JKIPL,EQ,19248,13546,70.38
20,1605,JKLAKSHMI,EQ,512153,425708,83.12
20,1606,JKPAPER,EQ,381165,142844,37.48
20,1607,JKTYRE,EQ,360957,178388,49.42
20,1608,JLHL,EQ,102896,85536,83.13
20,1609,JMA,EQ,7483,6095,81.45
20,1610,JMFINANCIL,EQ,4507470,1791769,39.75
20,1611,JNKINDIA,EQ,128595,56587,44.00
20,1612,JNPR,EQ,983254,485759,49.40
20,1613,JPOLYINVST,EQ,3507,1291,36.81
20,1614,JPPOWER,EQ,30695821,11133733,36.27
20,1615,JSFB,EQ,453979,200005,44.06
20,1616,JSL,EQ,780597,474395,60.77
20,1617,JSLL,EQ,921231,391789,42.53
20,1618,JSWCEMENT,EQ,1203964,654446,54.36
20,1619,JSWDULUX,EQ,24093,17437,72.37
20,1620,JSWENERGY,EQ,2598872,1661866,63.95
20,1621,JSWHL,EQ,2952,1015,34.38
20,1622,JSWINFRA,EQ,2001532,1428649,71.38
20,1623,JSWSTEEL,EQ,1094356,580155,53.01
20,1624,JTEKTINDIA,EQ,143861,72359,50.30
20,1625,JTLIND,EQ,2884117,1216567,42.18
20,1626,JUBLCPL,EQ,7185,4220,58.73
20,1627,JUBLFOOD,EQ,624576,254404,40.73
20,1628,JUBLINGREA,EQ,91316,45556,49.89
20,1629,JUBLPHARMA,EQ,498346,216480,43.44
20,1630,JUNIORBEES,EQ,283994,213941,75.33
20,1631,JUNIPER,EQ,82885,46955,56.65
20,1632,JUSTDIAL,EQ,106018,40523,38.22
20,1633,JWL,EQ,1056588,241989,22.90
20,1634,JYOTHYLAB,EQ,469980,228839,48.69
20,1635,JYOTICNC,EQ,1051995,420571,39.98
20,1636,JYOTIGLOBL,SM,30000,28000,93.33
20,1637,JYOTIRES,EQ,5189,3418,65.87
20,1638,JYOTISTRUC,EQ,10113711,3649486,36.08
20,1639,K2INFRA,ST,6000,5400,90.00
20,1640,KABRAEXTRU,EQ,130668,56820,43.48
20,1641,KAJARIACER,EQ,319639,178760,55.93
20,1642,KAKATCEM,EQ,2586,1707,66.01
20,1643,KALAMANDIR,EQ,150963,81320,53.87
20,1644,KALANA,SM,38000,22000,57.89
20,1645,KALPATARU,EQ,40767,27064,66.39
20,1646,KALYANKJIL,EQ,9662044,1998449,20.68
20,1647,KAMAHOLD,EQ,1979,1133,57.25
20,1648,KAMANWALA,EQ,7692,6592,85.70
20,1649,KAMATHOTEL,EQ,107699,54736,50.82
20,1650,KAMOPAINTS,EQ,270171,212593,78.69
20,1651,KANANIIND,EQ,144024,105232,73.07
20,1652,KANCHI,EQ,1607,1119,69.63
20,1653,KANCOTEA,EQ,28,5,17.86
20,1654,KANDARP,SM,1000,1000,100.00
20,1655,KANPRPLA,EQ,11967,7418,61.99
20,1656,KANSAINER,EQ,2465067,2364464,95.92
20,1657,KAPSTON,EQ,70957,43545,61.37
20,1658,KARMAENG,EQ,4181,3301,78.95
20,1659,KARNIKA,SM,46000,39000,84.78
20,1660,KARURVYSYA,EQ,955056,493467,51.67
20,1661,KATARIA,SM,3000,3000,100.00
20,1662,KAVDEFENCE,EQ,1505543,924916,61.43
20,1663,KAYNES,EQ,1211084,294896,24.35
20,1664,KAYTEX,SM,4800,4000,83.33
20,1665,KCEIL,SM,11000,9000,81.82
20,1666,KCK,ST,50000,50000,100.00
20,1667,KCP,EQ,228887,126844,55.42
20,1668,KDDL,EQ,25376,14631,57.66
20,1669,KDGREEN,EQ,21136,16090,76.13
20,1670,KDL,SM,13950,10050,72.04
20,1671,KEC,EQ,777483,368722,47.43
20,1672,KECL,EQ,55192,28762,52.11
20,1673,KEEPLEARN,EQ,39241,24902,63.46
20,1674,KEI,EQ,2381568,995015,41.78
20,1675,KELLTONTEC,EQ,2178042,1076147,49.41
20,1676,KEN,SM,3600,3600,100.00
20,1677,KENNAMET,EQ,21846,11322,51.83
20,1678,KERNEX,EQ,852400,210659,24.71
20,1679,KEYFINSERV,EQ,2872,1761,61.32
20,1680,KFINTECH,EQ,715524,227829,31.84
20,1681,KHAICHEM,EQ,94220,58949,62.57
20,1682,KHAITANLTD,EQ,2277,2112,92.75
20,1683,KHANDSE,EQ,698,534,76.50
20,1684,KHFM,SM,1550,1550,100.00
20,1685,KICL,EQ,291,184,63.23
20,1686,KIMS,EQ,158954,91769,57.73
20,1687,KINGFA,EQ,8112,4955,61.08
20,1688,KIOCL,EQ,57868,25842,44.66
20,1689,KIRANVYPAR,EQ,3402,2687,78.98
20,1690,KIRIINDUS,EQ,2243746,621480,27.70
20,1691,KIRLFER,EQ,242037,169682,70.11
20,1692,KIRLOSBROS,EQ,19160,9325,48.67
20,1693,KIRLOSENG,EQ,365394,184619,50.53
20,1694,KIRLOSIND,EQ,7463,3933,52.70
20,1695,KIRLPNU,EQ,137821,79166,57.44
20,1696,KISSHT,EQ,1041438,486800,46.74
20,1697,KITEX,EQ,679715,265909,39.12
20,1698,KJMCFIN,EQ,2504,2044,81.63
20,1699,KKCL,EQ,34214,19504,57.01
20,1700,KKJEWELS,SM,2000,2000,100.00
20,1701,KLBRENG-B,EQ,303427,164680,54.27
20,1702,KLL,SM,12000,11200,93.33
20,1703,KMCSHIL,EQ,94440,56616,59.95
20,1704,KMEW,EQ,98630,45272,45.90
20,1705,KMSUGAR,EQ,302618,202481,66.91
20,1706,KNACK,EQ,402969,211019,52.37
20,1707,KNAGRI,EQ,15550,10025,64.47
20,1708,KNRCON,EQ,2626704,1123844,42.79
20,1709,KODYTECH,ST,6000,5900,98.33
20,1710,KOHINOOR,EQ,131797,40177,30.48
20,1711,KOKUYOCMLN,EQ,40527,27243,67.22
20,1712,KOLTEPATIL,EQ,72213,40498,56.08
20,1713,KONSTELEC,ST,51000,45000,88.24
20,1714,KONTOR,SM,600,600,100.00
20,1715,KOPRAN,EQ,661197,321399,48.61
20,1716,KORE,SM,58000,51250,88.36
20,1717,KOTAKBANK,EQ,9408316,6773568,72.00
20,1718,KOTHARIPET,EQ,51588,36091,69.96
20,1719,KOTHARIPRO,EQ,3862,2748,71.15
20,1720,KOTIC,EQ,11357,6280,55.30
20,1721,KOVAI,EQ,1977,1158,58.57
20,1722,KPEL,EQ,382368,180926,47.32
20,1723,KPIGREEN,EQ,525172,227829,43.38
20,1724,KPIL,EQ,145207,67852,46.73
20,1725,KPITTECH,EQ,1239906,621560,50.13
20,1726,KPL,EQ,49245,23705,48.14
20,1727,KPRMILL,EQ,199902,96342,48.19
20,1728,KRBL,EQ,313910,129984,41.41
20,1729,KREBSBIO,EQ,5830,4949,84.89
20,1730,KRISHANA,EQ,525256,305720,58.20
20,1731,KRISHCA,SM,6500,5000,76.92
20,1732,KRISHIVAL,EQ,31340,22112,70.56
20,1733,KRISHNADEF,EQ,67885,35958,52.97
20,1734,KRITI,EQ,23406,16480,70.41
20,1735,KRITIKA,EQ,76423,66007,86.37
20,1736,KRITINUT,EQ,13358,8389,62.80
20,1737,KRMAYURVED,SM,56000,41000,73.21
20,1738,KRN,EQ,408862,196738,48.12
20,1739,KROSS,EQ,223590,114086,51.02
20,1740,KRSNAA,EQ,21497,11636,54.13
20,1741,KRT,RR,6191981,5940782,95.94
20,1742,KRYSTAL,EQ,8580,4985,58.10
20,1743,KSB,EQ,89128,52475,58.88
20,1744,KSCL,EQ,46257,26599,57.50
20,1745,KSE,EQ,15087,11613,76.97
20,1746,KSHINTL,EQ,542413,183218,33.78
20,1747,KSHITIJPOL,EQ,2941441,2530565,86.03
20,1748,KSL,EQ,67652,33284,49.20
20,1749,KSOLVES,EQ,16299,7922,48.60
20,1750,KSR,EQ,388546,370012,95.23
20,1751,KTKBANK,EQ,1919012,956412,49.84
20,1752,KUANTUM,EQ,61468,31262,50.86
20,1753,KUSUMGAR,EQ,226964,136735,60.25
20,1754,KWIL,EQ,11043010,4559474,41.29
20,1755,LADDERUP,EQ,23,12,52.17
20,1756,LAGNAM,EQ,23024,21800,94.68
20,1757,LAHOTIOV,EQ,3701,3363,90.87
20,1758,LAKSHMIMIL,EQ,29,28,96.55
20,1759,LAKSHYA,SM,10400,8800,84.62
20,1760,LAL,EQ,30223,23324,77.17
20,1761,LALITHAA,EQ,23781731,6439292,27.08
20,1762,LALPATHLAB,EQ,288144,148797,51.64
20,1763,LAMBODHARA,EQ,4467,2218,49.65
20,1764,LAMOSAIC,ST,72000,70200,97.50
20,1765,LANCER,EQ,603720,506847,83.95
20,1766,LANCORHOL,EQ,2381575,1196755,50.25
20,1767,LANDMARK,EQ,79884,40572,50.79
20,1768,LANDSMILL,EQ,10129295,4613771,45.55
20,1769,LAOPALA,EQ,75699,39435,52.09
20,1770,LARGEMID50,EQ,2309,1353,58.60
20,1771,LASA,EQ,24575,17225,70.09
20,1772,LASERPOWER,EQ,999119,520383,52.08
20,1773,LATENTVIEW,EQ,351722,157602,44.81
20,1774,LATTEYS,EQ,44829,39903,89.01
20,1775,LAURUSLABS,EQ,1075943,604792,56.21
20,1776,LAXMICOT,EQ,72640,41398,56.99
20,1777,LAXMIDENTL,EQ,40392,21954,54.35
20,1778,LAXMIINDIA,EQ,360742,174743,48.44
20,1779,LCCINFOTEC,EQ,44787,25996,58.04
20,1780,LCL,EQ,1628313,727078,44.65
20,1781,LEAPIND,EQ,5589910,2523870,45.15
20,1782,LEMERITE,EQ,135407,28360,20.94
20,1783,LEMONTREE,EQ,3464757,2137101,61.68
20,1784,LENSKART,EQ,10188245,5969654,58.59
20,1785,LEXUS,EQ,5919,3396,57.37
20,1786,LFIC,EQ,387,303,78.29
20,1787,LGBBROSLTD,EQ,50384,35522,70.50
20,1788,LGEINDIA,EQ,387555,227185,58.62
20,1789,LGHL,EQ,6577,1746,26.55
20,1790,LIBAS,EQ,19725,17242,87.41
20,1791,LIBERTSHOE,EQ,15371,11088,72.14
20,1792,LICHSGFIN,EQ,7126780,3129561,43.91
20,1793,LICI,EQ,5411741,2960983,54.71
20,1794,LICMFGOLD,EQ,349843,327148,93.51
20,1795,LICNETFGSC,EQ,75526,73261,97.00
20,1796,LICNETFN50,EQ,347,178,51.30
20,1797,LICNETFSEN,EQ,22,11,50.00
20,1798,LICNFNHGP,EQ,386,359,93.01
20,1799,LICNMID100,EQ,2147,1432,66.70
20,1800,LIKHITHA,EQ,27488,17796,64.74
20,1801,LINC,EQ,7202,6279,87.18
20,1802,LINCOLN,EQ,29091,18159,62.42
20,1803,LINDEINDIA,EQ,9490,5332,56.19
20,1804,LIQGRWBEES,EQ,101203,82772,81.79
20,1805,LIQUID,EQ,328991,194015,58.97
20,1806,LIQUID1,EQ,616507,259346,42.07
20,1807,LIQUIDADD,EQ,332115,242987,73.16
20,1808,LIQUIDBEES,EQ,2607097,2035892,78.09
20,1809,LIQUIDBETA,EQ,100142,99990,99.85
20,1810,LIQUIDBETF,EQ,217506,139432,64.10
20,1811,LIQUIDCASE,EQ,18435860,12411151,67.32
20,1812,LIQUIDETF,EQ,308648,272787,88.38
20,1813,LIQUIDIETF,EQ,540668,469655,86.87
20,1814,LIQUIDPLUS,EQ,233686,172220,73.70
20,1815,LIQUIDSBI,EQ,5550,4540,81.80
20,1816,LIQUIDSHRI,EQ,20717,17533,84.63
20,1817,LKPSEC,EQ,7614,6171,81.05
20,1818,LLOYDS,SM,9000,7000,77.78
20,1819,LLOYDSENGG,EQ,4801657,1962755,40.88
20,1820,LLOYDSENT,EQ,3684805,1894805,51.42
20,1821,LLOYDSME,EQ,146092,71034,48.62
20,1822,LMW,EQ,2214,1080,48.78
20,1823,LODHA,EQ,948334,442335,46.64
20,1824,LOKESHMACH,EQ,56473,34140,60.45
20,1825,LORDSCHLO,EQ,40550,28878,71.22
20,1826,LOTUSCHO,EQ,4002,2642,66.02
20,1827,LOTUSEYE,EQ,8350,6650,79.64
20,1828,LOVABLE,EQ,5969,4678,78.37
20,1829,LOWVOL,EQ,1,1,100.00
20,1830,LOWVOL1,EQ,642373,446398,69.49
20,1831,LOWVOLIETF,EQ,1319509,858940,65.10
20,1832,LOYALTEX,EQ,2285,2042,89.37
20,1833,LPDC,EQ,41802,20082,48.04
20,1834,LRRPL,SM,3000,3000,100.00
20,1835,LT,EQ,1319056,827413,62.73
20,1836,LTF,EQ,3279672,1522077,46.41
20,1837,LTFOODS,EQ,450291,178147,39.56
20,1838,LTGILTBEES,EQ,3617915,3514946,97.15
20,1839,LTGILTCASE,EQ,131619,90298,68.61
20,1840,LTM,EQ,243635,98818,40.56
20,1841,LTTS,EQ,51558,24847,48.19
20,1842,LUMAXIND,EQ,15590,8384,53.78
20,1843,LUMAXTECH,EQ,81128,39102,48.20
20,1844,LUMINO,EQ,139069849,17106290,12.30
20,1845,LUPIN,EQ,862828,526696,61.04
20,1846,LUXIND,EQ,9331,5005,53.64
20,1847,LXCHEM,EQ,416497,213719,51.31
20,1848,M&M,EQ,1489449,985722,66.18
20,1849,M&MFIN,EQ,2628655,1375052,52.31
20,1850,MAANALU,EQ,74246,46923,63.20
20,1851,MACPOWER,EQ,38330,20754,54.15
20,1852,MADHAV,EQ,6274,4004,63.82
20,1853,MADHAVBAUG,ST,1200,1200,100.00
20,1854,MADHAVIPL,EQ,78511,54604,69.55
20,1855,MADHUSUDAN,ST,20000,20000,100.00
20,1856,MADRASFERT,EQ,26810,18040,67.29
20,1857,MAFANG,EQ,59968,59968,100.00
20,1858,MAFATIND,EQ,25114,16395,65.28
20,1859,MAGADSUGAR,EQ,19463,10696,54.96
20,1860,MAGNUM,EQ,7566,6863,90.71
20,1861,MAHABANK,EQ,13802528,6884434,49.88
20,1862,MAHAPEXLTD,EQ,6664,4510,67.68
20,1863,MAHEPC,EQ,7636,5430,71.11
20,1864,MAHICKRA,SM,1500,1500,100.00
20,1865,MAHKTECH,EQ,436637,426637,97.71
20,1866,MAHLIFE,EQ,37464,17943,47.89
20,1867,MAHLOG,EQ,130587,80895,61.95
20,1868,MAHSCOOTER,EQ,1009,735,72.84
20,1869,MAHSEAMLES,EQ,1179393,350813,29.75
20,1870,MAITHANALL,EQ,400161,143266,35.80
20,1871,MAITREYA,SM,400,400,100.00
20,1872,MAKEINDIA,EQ,32053,21293,66.43
20,1873,MAKERSL,EQ,6513,4237,65.05
20,1874,MAKS,SM,1500,1500,100.00
20,1875,MAL,SM,177600,158400,89.19
20,1876,MALLCOM,EQ,1900,948,49.89
20,1877,MALUPAPER,EQ,8353,6805,81.47
20,1878,MAMATA,EQ,39601,19613,49.53
20,1879,MANAKALUCO,EQ,34763,26191,75.34
20,1880,MANAKCOAT,EQ,144960,81014,55.89
20,1881,MANAKSIA,EQ,235473,138620,58.87
20,1882,MANAKSTEEL,EQ,171136,99497,58.14
20,1883,MANALIPETC,EQ,6435710,1500345,23.31
20,1884,MANAPPURAM,EQ,2017457,830852,41.18
20,1885,MANBA,EQ,26727,7858,29.40
20,1886,MANCREDIT,EQ,6769,2645,39.08
20,1887,MANGALAM,EQ,18726,13837,73.89
20,1888,MANGLMCEM,EQ,64519,27743,43.00
20,1889,MANINDS,EQ,505736,196251,38.81
20,1890,MANINFRA,EQ,1748780,978424,55.95
20,1891,MANIPALHOS,EQ,1177059,589995,50.12
20,1892,MANKIND,EQ,122389,63154,51.60
20,1893,MANOMAY,EQ,390666,101814,26.06
20,1894,MANORAMA,EQ,521970,207273,39.71
20,1895,MANORG,EQ,16738,11466,68.50
20,1896,MANUFGBEES,EQ,3201,2766,86.41
20,1897,MANYAVAR,EQ,775723,318413,41.05
20,1898,MAPMYINDIA,EQ,65490,27251,41.61
20,1899,MARALOVER,EQ,313426,145717,46.49
20,1900,MARATHON,EQ,388461,105163,27.07
20,1901,MARCO,SM,12000,9000,75.00
20,1902,MARICO,EQ,1021459,705243,69.04
20,1903,MARINE,EQ,826123,268879,32.55
20,1904,MARKOLINES,EQ,251690,53875,21.41
20,1905,MARKSANS,EQ,1654370,578881,34.99
20,1906,MARSONS,EQ,12724657,1133518,8.91
20,1907,MARUSHIKA,SM,3600,3600,100.00
20,1908,MARUTI,EQ,322752,182259,56.47
20,1909,MASFIN,EQ,69659,43194,62.01
20,1910,MASKINVEST,EQ,22,15,68.18
20,1911,MASON,SM,10000,9000,90.00
20,1912,MASPTOP50,EQ,25819,25819,100.00
20,1913,MASTEK,EQ,94020,37646,40.04
20,1914,MASTER,SM,1000,1000,100.00
20,1915,MASTERTR,EQ,8360812,720665,8.62
20,1916,MATRIMONY,EQ,7124,4258,59.77
20,1917,MAWANASUG,EQ,186868,87163,46.64
20,1918,MAXESTATES,EQ,111898,79670,71.20
20,1919,MAXHEALTH,EQ,1167047,650300,55.72
20,1920,MAXIND,EQ,24712,13908,56.28
20,1921,MAXPOSURE,SM,189000,179000,94.71
20,1922,MAXVOLT,SM,23600,17600,74.58
20,1923,MAYURUNIQ,EQ,29504,19960,67.65
20,1924,MAZDOCK,EQ,735425,173880,23.64
20,1925,MBAPL,EQ,983522,536327,54.53
20,1926,MBEL,EQ,74971,40169,53.58
20,1927,MBLINFRA,EQ,25935,16868,65.04
20,1928,MCCHRLS-B,EQ,310,299,96.45
20,1929,MCL,EQ,25283,12885,50.96
20,1930,MCLEODRUSS,EQ,185910,106167,57.11
20,1931,MCLOUD,EQ,1615599,1014770,62.81
20,1932,MCON,SM,8000,8000,100.00
20,1933,MCX,EQ,2485731,884117,35.57
20,1934,MEDANTA,EQ,470026,239254,50.90
20,1935,MEDIASSIST,EQ,433407,337589,77.89
20,1936,MEDICAMEQ,EQ,118422,56587,47.78
20,1937,MEDICAPQ,EQ,1645,1449,88.09
20,1938,MEDICO,EQ,52932,26840,50.71
20,1939,MEDIORG,SM,44000,42000,95.45
20,1940,MEDISTEP,SM,12000,12000,100.00
20,1941,MEDPLUS,EQ,310867,114387,36.80
20,1942,MEESHO,EQ,22949812,9694787,42.24
20,1943,MEGAFLEX,SM,6000,6000,100.00
20,1944,MEGASTAR,EQ,2947,2642,89.65
20,1945,MEGATHERM,SM,58000,48800,84.14
20,1946,MEIL,EQ,99521,58314,58.59
20,1947,MENNPIS,EQ,261863,131383,50.17
20,1948,MERCANTILE,EQ,550263,209440,38.06
20,1949,MERCURYEV,EQ,41943,28084,66.96
20,1950,METAL,EQ,1538895,786492,51.11
20,1951,METALIC,ST,48000,46400,96.67
20,1952,METALIETF,EQ,5744597,3054316,53.17
20,1953,METROBRAND,EQ,39468,25300,64.10
20,1954,METROGLOBL,EQ,601,498,82.86
20,1955,METROPOLIS,EQ,239323,126367,52.80
20,1956,MFML,EQ,3002,2417,80.51
20,1957,MFSL,EQ,543214,304532,56.06
20,1958,MGL,EQ,288338,146057,50.65
20,1959,MGSL,SM,16800,12000,71.43
20,1960,MHRIL,EQ,155829,117787,75.59
20,1961,MID150,EQ,59978,42075,70.15
20,1962,MID150BEES,EQ,654280,487477,74.51
20,1963,MID150CASE,EQ,879546,708650,80.57
20,1964,MIDBANKADD,EQ,10430,7516,72.06
20,1965,MIDCAP,EQ,695787,288955,41.53
20,1966,MIDCAPADD,EQ,1461,1180,80.77
20,1967,MIDCAPBETA,EQ,767,540,70.40
20,1968,MIDCAPETF,EQ,1238138,866885,70.02
20,1969,MIDCAPIETF,EQ,669603,411636,61.47
20,1970,MIDHANI,EQ,562610,206249,36.66
20,1971,MIDQ50ADD,EQ,45658,37100,81.26
20,1972,MIDSELIETF,EQ,137616,80705,58.65
20,1973,MIDSMALL,EQ,148865,117019,78.61
20,1974,MIDWESTLTD,EQ,7030,4304,61.22
20,1975,MIEL,SM,16000,12000,75.00
20,1976,MIIL,EQ,82890,48508,58.52
20,1977,MILKYMIST,EQ,14599282,1987628,13.61
20,1978,MILTON,SM,19800,17600,88.89
20,1979,MINDACORP,EQ,199782,102933,51.52
20,1980,MINDSPACE,RR,139215,110150,79.12
20,1981,MINDTECK,EQ,17432,10324,59.22
20,1982,MIRZAINT,EQ,65986,47381,71.80
20,1983,MITTAL,EQ,713212,534960,75.01
20,1984,MKEXIM,EQ,17942,14712,82.00
20,1985,MKPL,EQ,143996,95632,66.41
20,1986,MLKFOOD,EQ,1824,972,53.29
20,1987,MMEL,SM,54000,48000,88.89
20,1988,MMFL,EQ,163248,74642,45.72
20,1989,MMP,EQ,112103,72542,64.71
20,1990,MMTC,EQ,8443462,1493305,17.69
20,1991,MMWL,EQ,8751,8245,94.22
20,1992,MNC,EQ,83789,77066,91.98
20,1993,MOALPHA50,EQ,5914,5025,84.97
20,1994,MOBANK10,EQ,868,835,96.20
20,1995,MOBIKWIK,EQ,393306,150109,38.17
20,1996,MOBILISE,SM,1600,1600,100.00
20,1997,MOCAPITAL,EQ,682395,408377,59.84
20,1998,MODEFENCE,EQ,3442112,2803942,81.46
20,1999,MODINATUR,EQ,3782,2799,74.01
20,2000,MODIRUBBER,EQ,1186,621,52.36
20,2001,MODIS,EQ,11292,6470,57.30
20,2002,MODISONLTD,EQ,412447,197444,47.87
20,2003,MODTHREAD,EQ,12306,6319,51.35
20,2004,MOENERGY,EQ,118745,99935,84.16
20,2005,MOGOLD,EQ,39281,18659,47.50
20,2006,MOGSEC,EQ,1982,1825,92.08
20,2007,MOHEALTH,EQ,31140,26247,84.29
20,2008,MOHITE,EQ,133842,97805,73.07
20,2009,MOHITIND,EQ,10348,7048,68.11
20,2010,MOIL,EQ,505504,220131,43.55
20,2011,MOINFRA,EQ,1827,1827,100.00
20,2012,MOIPO,EQ,23258,23203,99.76
20,2013,MOKSH,EQ,112542,90118,80.07
20,2014,MOL,EQ,1538689,778643,50.60
20,2015,MOLBIO,EQ,594273,154110,25.93
20,2016,MOLDTKPAC,EQ,36489,20898,57.27
20,2017,MOLOWVOL,EQ,3927,2800,71.30
20,2018,MOM100,EQ,153254,93072,60.73
20,2019,MOM30IETF,EQ,501933,298396,59.45
20,2020,MOM50,EQ,1830,1592,86.99
20,2021,MOMENTUM,EQ,128103,111722,87.21
20,2022,MOMENTUM30,EQ,21437,12116,56.52
20,2023,MOMENTUM50,EQ,675732,477934,70.73
20,2024,MOMETAL,EQ,9735,8634,88.69
20,2025,MOMGF,EQ,315,292,92.70
20,2026,MOMIDMTM,EQ,59852,53539,89.45
20,2027,MOMMIDCAP,EQ,463054,440224,95.07
20,2028,MOMNC,EQ,2895,2753,95.09
20,2029,MOMOMENTUM,EQ,43375,31033,71.55
20,2030,MON100,EQ,70173,70173,100.00
20,2031,MON50EQUAL,EQ,6254,5147,82.30
20,2032,MONARCH,EQ,77678,49488,63.71
20,2033,MONEXT50,EQ,1755,1355,77.21
20,2034,MONEYBOXX,EQ,92042,42499,46.17
20,2035,MONIFTY100,EQ,23737,23026,97.00
20,2036,MONIFTY500,EQ,249509,169779,68.05
20,2037,MONOLITH,SM,33250,24000,72.18
20,2038,MONOPHARMA,SM,6000,4000,66.67
20,2039,MONQ50,EQ,17832,17832,100.00
20,2040,MONTECARLO,EQ,53976,29078,53.87
20,2041,MOOILGAS,EQ,6633,6543,98.64
20,2042,MOPSE,EQ,217,211,97.24
20,2043,MOQUALITY,EQ,1467,1314,89.57
20,2044,MOREALTY,EQ,2200446,1797580,81.69
20,2045,MOREPENLAB,EQ,17563502,5691959,32.41
20,2046,MOS,ST,152000,152000,100.00
20,2047,MOSCHIP,EQ,1176516,475224,40.39
20,2048,MOSERVICE,EQ,4297,4297,100.00
20,2049,MOSILVER,EQ,20361,7628,37.46
20,2050,MOSMALL250,EQ,1698632,1135087,66.82
20,2051,MOTHERSON,EQ,7139764,3972535,55.64
20,2052,MOTILALOFS,EQ,807197,282650,35.02
20,2053,MOTISONS,EQ,123701270,11168602,9.03
20,2054,MOTOUR,EQ,14189,12856,90.61
20,2055,MOVALUE,EQ,33586,25435,75.73
20,2056,MPEL,ST,3200,3200,100.00
20,2057,MPHASIS,EQ,160732,59997,37.33
20,2058,MPSLTD,EQ,15166,8703,57.38
20,2059,MRF,EQ,4656,3105,66.69
20,2060,MRIL,ST,4800,4800,100.00
20,2061,MRPL,EQ,3031271,841548,27.76
20,2062,MSCI360,EQ,6033,5170,85.70
20,2063,MSCIADD,EQ,836,328,39.23
20,2064,MSCIINDIA,EQ,544455,543083,99.75
20,2065,MSL,EQ,1952,1662,85.14
20,2066,MSPL,EQ,334614,228295,68.23
20,2067,MSTCLTD,EQ,159233,85325,53.58
20,2068,MSUMI,EQ,12064648,6705836,55.58
20,2069,MTNL,EQ,518060,194839,37.61
20,2070,MUFIN,EQ,1131652,390150,34.48
20,2071,MUFTI,EQ,149617,87241,58.31
20,2072,MUKANDLTD,EQ,44731,25361,56.70
20,2073,MUKESHB,EQ,312,312,100.00
20,2074,MUKKA,EQ,6910108,2547451,36.87
20,2075,MULTICAP,EQ,75191,51669,68.72
20,2076,MUNISH,SM,15600,12000,76.92
20,2077,MUNJALAU,EQ,317397,123266,38.84
20,2078,MUNJALSHOW,EQ,19122,10670,55.80
20,2079,MURUDCERA,EQ,15994,11394,71.24
20,2080,MUTHOOTCAP,EQ,9133,5491,60.12
20,2081,MUTHOOTFIN,EQ,583485,268136,45.95
20,2082,MUTHOOTMF,EQ,177382,97512,54.97
20,2083,MVELECTRO,EQ,3173336,365879,11.53
20,2084,MVGJL,EQ,1146917,319122,27.82
20,2085,MVKAGRO,SM,12000,12000,100.00
20,2086,MWL,EQ,243445,194770,80.01
20,2087,MYMUDRA,SM,16800,14400,85.71
20,2088,NACLIND,EQ,220617,106213,48.14
20,2089,NAGREEKCAP,EQ,2918,1999,68.51
20,2090,NAGREEKEXP,EQ,411783,22469,5.46
20,2091,NAHARCAP,EQ,798,726,90.98
20,2092,NAHARINDUS,EQ,17477,8175,46.78
20,2093,NAHARPOLY,EQ,12772,8802,68.92
20,2094,NAHARSPING,EQ,36995,23501,63.52
20,2095,NAM-INDIA,EQ,1522876,977811,64.21
20,2096,NAMAN,SM,3200,3200,100.00
20,2097,NAMOEWASTE,ST,32000,26400,82.50
20,2098,NARMADA,EQ,246596,176134,71.43
20,2099,NATCOPHARM,EQ,445370,269252,60.46
20,2100,NATHBIOGEN,EQ,7468,5833,78.11
20,2101,NATIONALUM,EQ,5517970,3036941,55.04
20,2102,NATIONSTD,EQ,16687,8402,50.35
20,2103,NAUKRI,EQ,556306,319167,57.37
20,2104,NAVA,EQ,192328,113388,58.96
20,2105,NAVINFLUOR,EQ,131131,74663,56.94
20,2106,NAVKARCORP,EQ,230610,121200,52.56
20,2107,NAVNETEDUL,EQ,77764,47024,60.47
20,2108,NAZARA,EQ,1088812,694401,63.78
20,2109,NBCC,EQ,2548390,1029552,40.40
20,2110,NBIFIN,EQ,5313,5235,98.53
20,2111,NCC,EQ,2168692,1227377,56.60
20,2112,NCLIND,EQ,29351,15585,53.10
20,2113,NDGL,EQ,392,350,89.29
20,2114,NDL,EQ,1205958,895146,74.23
20,2115,NDLVENTURE,EQ,18630,17010,91.30
20,2116,NDRAUTO,EQ,8337,4700,56.38
20,2117,NDTV,EQ,236637,117231,49.54
20,2118,NEAGI,EQ,1,1,100.00
20,2119,NECLIFE,EQ,205001,170557,83.20
20,2120,NELCAST,EQ,88011,62797,71.35
20,2121,NELCO,EQ,159766,81801,51.20
20,2122,NEOCHEM,SM,15600,13200,84.62
20,2123,NEOGEN,EQ,88400,44372,50.19
20,2124,NEPHROCARE,SM,26800,20800,77.61
20,2125,NEPHROPLUS,EQ,197509,92769,46.97
20,2126,NEPTUNE,SM,500,500,100.00
20,2127,NESCO,EQ,48170,28973,60.15
20,2128,NESTLEIND,EQ,974257,569315,58.44
20,2129,NETF,EQ,5315,4146,78.01
20,2130,NETWEB,EQ,1816227,343068,18.89
20,2131,NETWORK18,EQ,3493333,1866595,53.43
20,2132,NEULANDLAB,EQ,21110,12236,57.96
20,2133,NEWGEN,EQ,2160906,399250,18.48
20,2134,NEXT30ADD,EQ,3585,1911,53.31
20,2135,NEXT50,EQ,85666,69915,81.61
20,2136,NEXT50ADD,EQ,13815,6419,46.46
20,2137,NEXT50BETA,EQ,686812,669131,97.43
20,2138,NEXT50ETF,EQ,8527,7255,85.08
20,2139,NEXT50IETF,EQ,319174,218058,68.32
20,2140,NEXTMEDIA,EQ,54384,34043,62.60
20,2141,NFL,EQ,400837,188129,46.93
20,2142,NFPSAMPOOR,SM,6000,6000,100.00
20,2143,NGIL,EQ,5259,3583,68.13
20,2144,NGLFINE,EQ,7107,3036,42.72
20,2145,NH,EQ,210266,106628,50.71
20,2146,NHPC,EQ,4059538,2287976,56.36
20,2147,NIACL,EQ,66928665,7439732,11.12
20,2148,NIBE,EQ,28848,14624,50.69
20,2149,NIBL,EQ,6851,5137,74.98
20,2150,NICCOPAR,EQ,2885,2406,83.40
20,2151,NIDAN,SM,6000,5000,83.33
20,2152,NIF100BEES,EQ,31122,27190,87.37
20,2153,NIF100IETF,EQ,44315,23316,52.61
20,2154,NIF500BETA,EQ,990,937,94.65
20,2155,NIFTY1,EQ,54358,38052,70.00
20,2156,NIFTY100EW,EQ,16624,15986,96.16
20,2157,NIFTYADD,EQ,3105,1676,53.98
20,2158,NIFTYAXIS,EQ,27062,25573,94.50
20,2159,NIFTYBEES,EQ,3162846,2236367,70.71
20,2160,NIFTYBETA,EQ,8750,6235,71.26
20,2161,NIFTYBETF,EQ,1413872,800399,56.61
20,2162,NIFTYCASE,EQ,560039,449932,80.34
20,2163,NIFTYETF,EQ,110752,58445,52.77
20,2164,NIFTYIETF,EQ,315336,220924,70.06
20,2165,NIFTYJBLK,EQ,56629,41859,73.92
20,2166,NIFTYQLITY,EQ,16867,11803,69.98
20,2167,NIITLTD,EQ,255516,115450,45.18
20,2168,NIITMTS,EQ,100147,49382,49.31
20,2169,NIKITA,SM,2400,2400,100.00
20,2170,NILAINFRA,EQ,220311,170422,77.36
20,2171,NILASPACES,EQ,666134,283328,42.53
20,2172,NILE,EQ,2840,2191,77.15
20,2173,NILKAMAL,EQ,19143,8866,46.31
20,2174,NIMBSPROJ,EQ,4411,2373,53.80
20,2175,NINSYS,EQ,2822,1817,64.39
20,2176,NIPPOBATRY,EQ,2225,1569,70.52
20,2177,NIRAJ,EQ,30448,22970,75.44
20,2178,NIRLON,EQ,10246,7953,77.62
20,2179,NIRMAN,SM,12300,9900,80.49
20,2180,NITCO,EQ,449640,244829,54.45
20,2181,NITINSPIN,EQ,63257,35562,56.22
20,2182,NITIRAJ,EQ,38842,23479,60.45
20,2183,NITTAGELA,EQ,5396,3609,66.88
20,2184,NIVABUPA,EQ,804923,547067,67.97
20,2185,NKIND,EQ,937,926,98.83
20,2186,NLCINDIA,EQ,714404,386874,54.15
20,2187,NMDC,EQ,13224234,6796593,51.39
20,2188,NMSTEEL,SM,8000,6400,80.00
20,2189,NOCIL,EQ,403591,218503,54.14
20,2190,NOIDATOLL,EQ,171080,150062,87.71
20,2191,NORBTEAEXP,EQ,752,400,53.19
20,2192,NORTHARC,EQ,1089238,545825,50.11
20,2193,NOVARTIND,EQ,22436,16625,74.10
20,2194,NPBET,EQ,1194,1001,83.84
20,2195,NPST,EQ,56393,26902,47.70
20,2196,NRAIL,EQ,157426,62475,39.69
20,2197,NRBBEARING,EQ,195054,108266,55.51
20,2198,NRVANDANA,SM,3000,3000,100.00
20,2199,NSIL,EQ,4333,3503,80.84
20,2200,NSLNISP,EQ,5132127,1796538,35.01
20,2201,NTCIND,EQ,7739,7549,97.54
20,2202,NTPC,EQ,7032282,4532526,64.45
20,2203,NTPCGREEN,EQ,1370420,689273,50.30
20,2204,NUCLEUS,EQ,38501,31467,81.73
20,2205,NUVAMA,EQ,263032,118513,45.06
20,2206,NUVOCO,EQ,1482368,604429,40.77
20,2207,NV20,EQ,87237,80932,92.77
20,2208,NV20BEES,EQ,5065,3550,70.09
20,2209,NV20IETF,EQ,322970,216132,66.92
20,2210,NXST,RR,1115181,883123,79.19
20,2211,NYKAA,EQ,2156326,1307752,60.65
20,2212,OAL,EQ,181436,64957,35.80
20,2213,OBCL,EQ,1073,1040,96.92
20,2214,OBEROIRLTY,EQ,585940,271955,46.41
20,2215,OBSCP,SM,26400,20000,75.76
20,2216,ODIGMA,EQ,11579,9950,85.93
20,2217,ODYCORP,EQ,311228,132447,42.56
20,2218,OFSS,EQ,166477,82108,49.32
20,2219,OIL,EQ,1259478,732490,58.16
20,2220,OILIETF,EQ,1207003,1050106,87.00
20,2221,OLAELEC,EQ,42570426,9887232,23.23
20,2222,OLECTRA,EQ,251277,126916,50.51
20,2223,OLIL,SM,23200,8400,36.21
20,2224,OMAXAUTO,EQ,18555,11189,60.30
20,2225,OMAXE,EQ,5607789,1066583,19.02
20,2226,OMFURN,SM,3600,3600,100.00
20,2227,OMINFRAL,EQ,68243,33400,48.94
20,2228,OMNI,EQ,303506,103395,34.07
20,2229,OMPOWER,EQ,75803,48736,64.29
20,2230,ONDOOR,SM,12300,7800,63.41
20,2231,ONEGLOBAL,EQ,16907,9069,53.64
20,2232,ONEPOINT,EQ,2688123,825010,30.69
20,2233,ONESOURCE,EQ,112994,57619,50.99
20,2234,ONGC,EQ,5338085,3164036,59.27
20,2235,ONIDA,EQ,244072,141636,58.03
20,2236,ONIXSOLAR,EQ,265016,215405,81.28
20,2237,ONWARDTEC,EQ,37115,21617,58.24
20,2238,ONYX,ST,126000,118000,93.65
20,2239,OPTIEMUS,EQ,61281,26766,43.68
20,2240,OPTIFIN,EQ,167616,121285,72.36
20,2241,OPTIMYSTIX,SM,46400,40000,86.21
20,2242,OPTIVALUE,ST,52800,35200,66.67
20,2243,ORCHASP,EQ,79157,51740,65.36
20,2244,ORCHPHARMA,EQ,41657,19153,45.98
20,2245,ORIANA,SM,73425,51900,70.68
20,2246,ORICONENT,EQ,22589,12635,55.93
20,2247,ORIENTALTL,EQ,322042,235245,73.05
20,2248,ORIENTBELL,EQ,69026,51027,73.92
20,2249,ORIENTCEM,EQ,118199,74571,63.09
20,2250,ORIENTCER,EQ,73584,41290,56.11
20,2251,ORIENTELEC,EQ,74074,43513,58.74
20,2252,ORIENTHOT,EQ,301159,147243,48.89
20,2253,ORIENTPPR,EQ,100814,70760,70.19
20,2254,ORIENTTECH,EQ,63818,29625,46.42
20,2255,ORIRAIL,EQ,263412,130946,49.71
20,2256,ORISSAMINE,EQ,4863,1916,39.40
20,2257,ORKLAINDIA,EQ,84660,40201,47.49
20,2258,ORTINGLOBE,EQ,9743,8191,84.07
20,2259,OSELDEVICE,SM,9400,7200,76.60
20,2260,OSWALAGRO,EQ,21089,18851,89.39
20,2261,OSWALGREEN,EQ,158014,72720,46.02
20,2262,OSWALPUMPS,EQ,858028,371431,43.29
20,2263,OSWALSEEDS,EQ,48433,31059,64.13
20,2264,OWAIS,ST,10300,9800,95.15
20,2265,PACEDIGITK,EQ,512494,263152,51.35
20,2266,PACIFICI,EQ,288,253,87.85
20,2267,PAGEIND,EQ,14523,7297,50.24
20,2268,PAISALO,EQ,31201929,14871595,47.66
20,2269,PAKKA,EQ,119489,62411,52.23
20,2270,PALASHSECU,EQ,427,251,58.78
20,2271,PANACEABIO,EQ,56486,35725,63.25
20,2272,PANAMAPET,EQ,242825,101042,41.61
20,2273,PANORAMA,EQ,473879,185321,39.11
20,2274,PANSARI,EQ,589,477,80.98
20,2275,PARACABLES,EQ,4472304,2041409,45.65
20,2276,PARADEEP,EQ,3778120,1419544,37.57
20,2277,PARAGMILK,EQ,613677,313433,51.07
20,2278,PARAGON,SM,8400,6000,71.43
20,2279,PARAMOUNT,SM,2400,1200,50.00
20,2280,PARAS,EQ,552173,124875,22.62
20,2281,PARASPETRO,EQ,112807,68129,60.39
20,2282,PARIN,SM,8500,6000,70.59
20,2283,PARKHOSPS,EQ,504932,367123,72.71
20,2284,PARKHOTELS,EQ,155104,125056,80.63
20,2285,PARNAXLAB,EQ,736,691,93.89
20,2286,PARTH,SM,13600,11600,85.29
20,2287,PASHUPATI,EQ,25243,13803,54.68
20,2288,PATANJALI,EQ,1749871,838838,47.94
20,2289,PATELENG,EQ,2330616,1378264,59.14
20,2290,PATELRMART,EQ,23300,14381,61.72
20,2291,PATILAUTOM,SM,271800,204600,75.28
20,2292,PAUSHAKLTD,EQ,31723,13151,41.46
20,2293,PAVNAIND,EQ,48040,37532,78.13
20,2294,PAYTM,EQ,5191803,2289795,44.10
20,2295,PBMPOLY,EQ,528,428,81.06
20,2296,PCBL,EQ,621744,380461,61.19
20,2297,PCCL,SM,14400,10800,75.00
20,2298,PCJEWELLER,EQ,1088942848,208187030,19.12
20,2299,PDMJEPAPER,EQ,86197,40336,46.80
20,2300,PDSL,EQ,97344,57069,58.63
20,2301,PEARLPOLY,EQ,14296,9083,63.54
20,2302,PELATRO,SM,44400,34500,77.70
20,2303,PENIND,EQ,477553,286194,59.93
20,2304,PENTAGON,SM,33000,28000,84.85
20,2305,PERMAGN,EQ,2962,2190,73.94
20,2306,PERSISTENT,EQ,302507,91997,30.41
20,2307,PETRONET,EQ,1412952,939342,66.48
20,2308,PFC,EQ,19206290,13384461,69.69
20,2309,PFCL41A,NE,85,85,100.00
20,2310,PFIZER,EQ,32739,26779,81.80
20,2311,PFOCUS,EQ,1960283,984886,50.24
20,2312,PFS,EQ,481425,265038,55.05
20,2313,PGEL,EQ,990864,365642,36.90
20,2314,PGHH,EQ,21072,13346,63.34
20,2315,PGHL,EQ,7255,4498,62.00
20,2316,PGIL,EQ,82043,45452,55.40
20,2317,PGINVIT,IV,962443,788882,81.97
20,2318,PHANTOMFX,SM,31200,27600,88.46
20,2319,PHARMABEES,EQ,4482502,3158540,70.46
20,2320,PHOENIXLTD,EQ,263929,147347,55.83
20,2321,PHOENXINTL,EQ,5152,3389,65.78
20,2322,PICCADIL,EQ,167134,87411,52.30
20,2323,PIDILITIND,EQ,605836,391011,64.54
20,2324,PIGL,EQ,28460,19083,67.05
20,2325,PIIND,EQ,415878,151489,36.43
20,2326,PILANIINVS,EQ,699,459,65.67
20,2327,PILITA,EQ,40149,29836,74.31
20,2328,PINELABS,EQ,46587163,18244788,39.16
20,2329,PIONEEREMB,EQ,62157,50104,80.61
20,2330,PIRAMALFIN,EQ,98603,50355,51.07
20,2331,PITTIENG,EQ,48625,26026,53.52
20,2332,PIXTRANS,EQ,12505,6858,54.84
20,2333,PKTEA,EQ,6257,6111,97.67
20,2334,PLADAINFO,SM,15000,15000,100.00
20,2335,PLASTIBLEN,EQ,13407,7597,56.66
20,2336,PLATIND,EQ,92532,61987,66.99
20,2337,PLAZACABLE,EQ,128546,79719,62.02
20,2338,PML,EQ,57,51,89.47
20,2339,PNB,EQ,11160741,6196964,55.52
20,2340,PNBGILTS,EQ,2416618,666265,27.57
20,2341,PNBHOUSING,EQ,923575,415527,44.99
20,2342,PNC,EQ,4397,4107,93.40
20,2343,PNCINFRA,EQ,499774,271939,54.41
20,2344,PNGJL,EQ,436673,180370,41.31
20,2345,PNGSREVA,EQ,103324,67078,64.92
20,2346,POCL,EQ,292548,124558,42.58
20,2347,PODDARMENT,EQ,2908,2409,82.84
20,2348,POEL,EQ,51934,44019,84.76
20,2349,POKARNA,EQ,49926,32251,64.60
20,2350,POLICYBZR,EQ,445054,200169,44.98
20,2351,POLYCAB,EQ,1559741,721733,46.27
20,2352,POLYMED,EQ,171700,89247,51.98
20,2353,POLYPLEX,EQ,72824,47801,65.64
20,2354,POLYSIL,SM,7000,7000,100.00
20,2355,POLYSPIN,EQ,1968,1447,73.53
20,2356,PONNIERODE,EQ,31436,18253,58.06
20,2357,POONAWALLA,EQ,713159,402831,56.49
20,2358,POSITRON,SM,23400,19800,84.62
20,2359,POWERGRID,EQ,7967122,4368863,54.84
20,2360,POWERICA,EQ,291923,141887,48.60
20,2361,POWERINDIA,EQ,83443,39042,46.79
20,2362,POWERMECH,EQ,135843,72881,53.65
20,2363,PPLPHARMA,EQ,2618467,1013777,38.72
20,2364,PPSL,SM,45000,33000,73.33
20,2365,PRABHA,EQ,11908766,1745729,14.66
20,2366,PRAENG,EQ,154995,119751,77.26
20,2367,PRAJIND,EQ,425298,207432,48.77
20,2368,PRAKASH,EQ,297033,130094,43.80
20,2369,PRAKASHSTL,EQ,213981,142745,66.71
20,2370,PRAMARA,SM,6500,4000,61.54
20,2371,PRAMODINI,SM,46800,36000,76.92
20,2372,PRANIK,SM,43200,43200,100.00
20,2373,PRATHAM,SM,1200,1200,100.00
20,2374,PRAVEG,EQ,28429,15278,53.74
20,2375,PRAXIS,EQ,292373,286466,97.98
20,2376,PRECAM,EQ,118929,60739,51.07
20,2377,PRECISION,ST,2000,2000,100.00
20,2378,PRECOT,EQ,2308,1811,78.47
20,2379,PRECWIRE,EQ,830119,235058,28.32
20,2380,PREMCO,EQ,2051,2007,97.85
20,2381,PREMEXPLN,EQ,305895,232439,75.99
20,2382,PREMIERENE,EQ,1046394,607796,58.08
20,2383,PREMIERPOL,EQ,1113475,264384,23.74
20,2384,PREMIUM,SM,21000,21000,100.00
20,2385,PRESSTONIC,SM,55200,44000,79.71
20,2386,PRESTIGE,EQ,588022,190247,32.35
20,2387,PRICOLLTD,EQ,246508,118278,47.98
20,2388,PRIMECAB,ST,25600,25600,100.00
20,2389,PRIMESECU,EQ,24727,18973,76.73
20,2390,PRIMO,EQ,157678,94129,59.70
20,2391,PRINCEPIPE,EQ,140756,67400,47.88
20,2392,PRISMX,EQ,111170,96526,86.83
20,2393,PRIVISCL,EQ,42021,28011,66.66
20,2394,PRIZOR,ST,6400,6400,100.00
20,2395,PRLIND,SM,102000,72000,70.59
20,2396,PROFX,SM,1600,1600,100.00
20,2397,PROLIFE,SM,1000,1000,100.00
20,2398,PROPEQUITY,SM,3600,3000,83.33
20,2399,PROPSHOP,SM,174000,158000,90.80
20,2400,PROSTARM,EQ,275346,155111,56.33
20,2401,PROTEAN,EQ,385965,229454,59.45
20,2402,PROV,SM,240,240,100.00
20,2403,PROZONER,EQ,722413,384087,53.17
20,2404,PRSMJOHNSN,EQ,167167,105633,63.19
20,2405,PRUDENT,EQ,53800,31127,57.86
20,2406,PSB,EQ,1431638,706626,49.36
20,2407,PSFL,SM,42000,38000,90.48
20,2408,PSPPROJECT,EQ,51382,23370,45.48
20,2409,PSRAJ,ST,50000,47500,95.00
20,2410,PSUBANK,EQ,235393,115978,49.27
20,2411,PSUBANKADD,EQ,13572,5589,41.18
20,2412,PSUBNKBEES,EQ,1284747,865377,67.36
20,2413,PSUBNKIETF,EQ,155480,74374,47.84
20,2414,PTC,EQ,849440,520431,61.27
20,2415,PTCIL,EQ,65344,25515,39.05
20,2416,PTL,EQ,62624,46938,74.95
20,2417,PULZ,SM,16000,16000,100.00
20,2418,PUNJABCHEM,EQ,2842,1731,60.91
20,2419,PURPLEUTED,ST,40750,39750,97.55
20,2420,PURVA,EQ,17390475,636437,3.66
20,2421,PURVFLEXI,SM,11200,10400,92.86
20,2422,PUSHPA,SM,8000,7000,87.50
20,2423,PVP,EQ,5145513,2011996,39.10
20,2424,PVRINOX,EQ,213587,110878,51.91
20,2425,PVSL,EQ,28205,22995,81.53
20,2426,PVTBANIETF,EQ,672096,364791,54.28
20,2427,PVTBANK,EQ,722,722,100.00
20,2428,PVTBANKADD,EQ,17724,7130,40.23
20,2429,PVTBKGROWW,EQ,7168,4139,57.74
20,2430,PWL,EQ,62160413,13985728,22.50
20,2431,PYRAMID,EQ,60009,41380,68.96
20,2432,QGOLDHALF,EQ,315196,189448,60.10
20,2433,QLINE,SM,64400,52000,80.75
20,2434,QNIFTY,EQ,2823,1231,43.61
20,2435,QPOWER,EQ,228191,131586,57.66
20,2436,QUADFUTURE,EQ,294130,138414,47.06
20,2437,QUADPRO,SM,24000,24000,100.00
20,2438,QUAL30IETF,EQ,76847,60792,79.11
20,2439,QUALITY30,EQ,7309,6330,86.61
20,2440,QUESS,EQ,974018,277846,28.53
20,2441,QUESTLAB,SM,6000,4800,80.00
20,2442,QUICKTOUCH,SM,5000,4500,90.00
20,2443,QUINT,EQ,9343,8566,91.68
20,2444,RACE,EQ,72608,69460,95.66
20,2445,RACLGEAR,EQ,47944,20773,43.33
20,2446,RADAAN,EQ,44053,30274,68.72
20,2447,RADHIKAJWE,EQ,14544177,2353621,16.18
20,2448,RADIANTCMS,EQ,1713450,893814,52.16
20,2449,RADICO,EQ,205308,116483,56.74
20,2450,RADIOCITY,EQ,60215,54451,90.43
20,2451,RADIOWALLA,ST,8000,6400,80.00
20,2452,RAILTEL,EQ,401507,115757,28.83
20,2453,RAIN,EQ,4009182,1312124,32.73
20,2454,RAINBOW,EQ,49513,22539,45.52
20,2455,RAJINDLTD,SM,3000,1500,50.00
20,2456,RAJMET,EQ,289526,215805,74.54
20,2457,RAJPALAYAM,EQ,1199,1022,85.24
20,2458,RAJPUTANA,SM,6000,5500,91.67
20,2459,RAJRATAN,EQ,99899,42948,42.99
20,2460,RAJSREESUG,EQ,29765,17126,57.54
20,2461,RAJTV,EQ,220386,218186,99.00
20,2462,RALLIS,EQ,361939,189702,52.41
20,2463,RAMANEWS,EQ,4990,4508,90.34
20,2464,RAMAPHO,EQ,11962,7417,62.00
20,2465,RAMBHAJO,EQ,1915247,624633,32.61
20,2466,RAMCOCEM,EQ,98361,41726,42.42
20,2467,RAMCOIND,EQ,105342,55859,53.03
20,2468,RAMCOSYS,EQ,217405,92688,42.63
20,2469,RAMKY,EQ,33996,23103,67.96
20,2470,RAMRAT,EQ,342804,148506,43.32
20,2471,RANASUG,EQ,346950,259897,74.91
20,2472,RANEHOLDIN,EQ,102623,23016,22.43
20,2473,RAPIDFLEET,SM,23400,3600,15.38
20,2474,RATEGAIN,EQ,551109,295157,53.56
20,2475,RATNAMANI,EQ,72730,27894,38.35
20,2476,RATNAVEER,EQ,4493978,1285149,28.60
20,2477,RAYMOND,EQ,1867268,366372,19.62
20,2478,RAYMONDLSL,EQ,335816,154537,46.02
20,2479,RAYMONDREL,EQ,936640,450950,48.15
20,2480,RBA,EQ,2606009,1210836,46.46
20,2481,RBLBANK,EQ,7858699,3978361,50.62
20,2482,RBMINFRA,SM,10000,7400,74.00
20,2483,RBS,SM,5600,4800,85.71
20,2484,RBZJEWEL,EQ,6929954,780630,11.26
20,2485,RCDL,SM,123000,111000,90.24
20,2486,RCDL-RE,ST,342000,339000,99.12
20,2487,RCF,EQ,1043164,454941,43.61
20,2488,READYMIX,SM,21000,9000,42.86
20,2489,RECLTD,EQ,5894088,3336151,56.60
20,2490,REDINGTON,EQ,3554885,1625525,45.73
20,2491,REDTAPE,EQ,423314,272188,64.30
20,2492,REFEX,EQ,249214,103586,41.57
20,2493,REFRACTORY,SM,45000,41000,91.11
20,2494,REGAAL,EQ,576781,177426,30.76
20,2495,REGENCERAM,EQ,1624,1028,63.30
20,2496,RELAXO,EQ,48646,18561,38.16
20,2497,RELCHEMQ,EQ,1295,619,47.80
20,2498,RELIABLE,EQ,15018,1575,10.49
20,2499,RELIANCE,EQ,13031534,8600946,66.00
20,2500,RELIGARE,EQ,1795582,1030654,57.40
20,2501,RELTD,EQ,124230,76356,61.46
20,2502,REMSONSIND,EQ,158912,92773,58.38
20,2503,REMUS,SM,3000,2200,73.33
20,2504,RENUKA,EQ,13578560,4115787,30.31
20,2505,REPCOHOME,EQ,41434,24295,58.64
20,2506,REPRO,EQ,4692,3122,66.54
20,2507,RESPONIND,EQ,40184929,1184079,2.95
20,2508,RETAIL,EQ,2441,1712,70.14
20,2509,RGL,EQ,3035236,893218,29.43
20,2510,RHETAN,EQ,5456321,4410090,80.83
20,2511,RHIM,EQ,97629,55931,57.29
20,2512,RHL,EQ,1284,914,71.18
20,2513,RICHA,ST,1000,1000,100.00
20,2514,RICOAUTO,EQ,1119592,360533,32.20
20,2515,RIIL,EQ,42420,13812,32.56
20,2516,RIIT,IV,56392,53875,95.54
20,2517,RILINFRA,SM,4900,4400,89.80
20,2518,RIR,EQ,335333,192291,57.34
20,2519,RISHABH,EQ,208178,91254,43.83
20,2520,RITCO,EQ,112935,75074,66.48
20,2521,RITES,EQ,278299,94196,33.85
20,2522,RITEZONE,SM,3200,3200,100.00
20,2523,RKDL,EQ,7502,6875,91.64
20,2524,RKEC,EQ,65608,38755,59.07
20,2525,RKFORGE,EQ,1116062,568344,50.92
20,2526,RKSWAMY,EQ,16462,12135,73.72
20,2527,RMC,EQ,40561,20818,51.33
20,2528,RML,EQ,2195205,169795,7.73
20,2529,RNBDENIMS,EQ,424488,222972,52.53
20,2530,RNFI,SM,100200,84600,84.43
20,2531,RNPL,SM,7200,1200,16.67
20,2532,ROCKINGDCE,SM,9000,5500,61.11
20,2533,ROCKPP,E1,2000,2000,100.00
20,2534,ROHLTD,EQ,7153,4327,60.49
20,2535,ROLEXRINGS,EQ,743997,357159,48.01
20,2536,ROML,EQ,11538,10789,93.51
20,2537,ROSSARI,EQ,83247,47974,57.63
20,2538,ROSSELLIND,EQ,77117,41166,53.38
20,2539,ROSSTECH,EQ,234989,98346,41.85
20,2540,ROTO,EQ,233711,100303,42.92
20,2541,ROUTE,EQ,76123,31616,41.53
20,2542,ROXHITECH,SM,24000,17600,73.33
20,2543,RPEL,EQ,209791,72149,34.39
20,2544,RPGLIFE,EQ,20463,9460,46.23
20,2545,RPOWER,EQ,13517969,5044794,37.32
20,2546,RPPINFRA,EQ,32609,22241,68.21
20,2547,RPSGVENT,EQ,23012,11867,51.57
20,2548,RPTECH,EQ,158904,83181,52.35
20,2549,RRECL,EQ,309,285,92.23
20,2550,RRIL,EQ,18631,14660,78.69
20,2551,RRKABEL,EQ,2596720,784190,30.20
20,2552,RSL,EQ,337269,139514,41.37
20,2553,RSSOFTWARE,EQ,50380,34197,67.88
20,2554,RSYSTEMS,EQ,203978,118907,58.29
20,2555,RTNINDIA,EQ,1727353,762024,44.12
20,2556,RTNPOWER,EQ,13604316,6192554,45.52
20,2557,RTSPOWR,EQ,2343,1924,82.12
20,2558,RUBFILA,EQ,76949,60337,78.41
20,2559,RUBICON,EQ,113571,45975,40.48
20,2560,RUCHINFRA,EQ,367135,185147,50.43
20,2561,RUCHIRA,EQ,61272,42755,69.78
20,2562,RUDRA,EQ,25195,12546,49.80
20,2563,RULKA,SM,3300,3000,90.91
20,2564,RUPA,EQ,81141,45438,56.00
20,2565,RUSHIL,EQ,247963,163016,65.74
20,2566,RUSTOMJEE,EQ,27990,16579,59.23
20,2567,RVHL,EQ,8503,8365,98.38
20,2568,RVNL,EQ,6287421,1076525,17.12
20,2569,RVTH,EQ,277,273,98.56
20,2570,S&SPOWER,EQ,1826,1336,73.17
20,2571,SAAKSHI,ST,15000,12600,84.00
20,2572,SAATVIKGL,EQ,40616,19897,48.99
20,2573,SAB,EQ,365,345,94.52
20,2574,SABAR,ST,55000,55000,100.00
20,2575,SACHEEROME,SM,47400,36000,75.95
20,2576,SADBHAV,EQ,131919,96168,72.90
20,2577,SADHAV,SM,9000,5400,60.00
20,2578,SAFARI,EQ,23964,12589,52.53
20,2579,SAFEENTP,SM,31000,21000,67.74
20,2580,SAGARDEEP,EQ,5256,2522,47.98
20,2581,SAGCEM,EQ,244455,210204,85.99
20,2582,SAGILITY,EQ,11136928,5843834,52.47
20,2583,SAHAJSOLAR,SM,16000,12400,77.50
20,2584,SAHANA,SM,20100,15900,79.10
20,2585,SAHASRA,ST,24400,20800,85.25
20,2586,SAHLIBHFI,EQ,43843,27918,63.68
20,2587,SAHYADRI,EQ,111187,45021,40.49
20,2588,SAICAPI,EQ,1101,767,69.66
20,2589,SAIFL,SM,296000,196000,66.22
20,2590,SAIL,EQ,19094202,7131445,37.35
20,2591,SAILIFE,EQ,561938,209055,37.20
20,2592,SAIPARENT,EQ,45947,27649,60.18
20,2593,SAKAR,EQ,87982,47106,53.54
20,2594,SAKHTISUG,EQ,175324,92042,52.50
20,2595,SAKSOFT,EQ,179015,66847,37.34
20,2596,SAKUMA,EQ,721220,531433,73.69
20,2597,SALASAR,EQ,26712678,9277139,34.73
20,2598,SALONA,EQ,74,66,89.19
20,2599,SALSTEEL,EQ,233867,114179,48.82
20,2600,SALZERELEC,EQ,54544,26033,47.73
20,2601,SAMAY,ST,4000,4000,100.00
20,2602,SAMBANDAM,EQ,206,186,90.29
20,2603,SAMBHAAV,EQ,46902,41504,88.49
20,2604,SAMBHV,EQ,1221798,438932,35.93
20,2605,SAMHI,EQ,397845,219730,55.23
20,2606,SAMMAANCAP,EQ,13853349,6827755,49.29
20,2607,SAMPANN,EQ,10476,8709,83.13
20,2608,SANATHAN,EQ,330832,85543,25.86
20,2609,SANDESH,EQ,750,628,83.73
20,2610,SANDHAR,EQ,143060,74975,52.41
20,2611,SANDUMA,EQ,375487,193424,51.51
20,2612,SANGAMIND,EQ,7685,4270,55.56
20,2613,SANGANI,SM,12000,12000,100.00
20,2614,SANGHVIMOV,EQ,455750,239582,52.57
20,2615,SANOFI,EQ,9898,6289,63.54
20,2616,SANOFICONR,EQ,6432,3638,56.56
20,2617,SANSERA,EQ,101677,53357,52.48
20,2618,SANSTAR,EQ,633145,144767,22.86
20,2619,SAPPHIRE,EQ,713459,342368,47.99
20,2620,SAPPL,EQ,796,625,78.52
20,2621,SARDAEN,EQ,526969,242178,45.96
20,2622,SAREGAMA,EQ,353123,176080,49.86
20,2623,SARLAPOLY,EQ,97835,63712,65.12
20,2624,SARTELE,SM,39500,30500,77.22
20,2625,SARVESHWAR,EQ,1228078,786860,64.07
20,2626,SASKEN,EQ,12365,7766,62.81
20,2627,SATECH,SM,20000,17000,85.00
20,2628,SATIA,EQ,251939,151539,60.15
20,2629,SATIN,EQ,205973,111051,53.92
20,2630,SATIPOLY,ST,2000,2000,100.00
20,2631,SATKARTAR,SM,28800,21600,75.00
20,2632,SATTVAENGG,SM,11200,9600,85.71
20,2633,SAURASHCEM,EQ,90990,41891,46.04
20,2634,SAVY,SM,139200,126000,90.52
20,2635,SAWALIYA,SM,8400,7200,85.71
20,2636,SAYAJIHOTL,EQ,12,11,91.67
20,2637,SAYAJIIND,EQ,103,101,98.06
20,2638,SBC,EQ,13241116,5341929,40.34
20,2639,SBCL,EQ,810275,322970,39.86
20,2640,SBFC,EQ,817043,316190,38.70
20,2641,SBGLP,EQ,12199,9772,80.10
20,2642,SBIBPB,EQ,104576,93273,89.19
20,2643,SBICARD,EQ,1752698,1008068,57.52
20,2644,SBIETFCON,EQ,13201,10346,78.37
20,2645,SBIETFIT,EQ,1908,1363,71.44
20,2646,SBIETFPB,EQ,2003,1246,62.21
20,2647,SBIETFQLTY,EQ,718,681,94.85
20,2648,SBIFUNDS,EQ,1143214,704723,61.64
20,2649,SBILIFE,EQ,1720166,937528,54.50
20,2650,SBILIQETF,EQ,104098,73514,70.62
20,2651,SBIMIDMOM,EQ,5431,3951,72.75
20,2652,SBIN,EQ,6724566,4178795,62.14
20,2653,SBINEQWETF,EQ,26479,26180,98.87
20,2654,SBINMID150,EQ,11172,7650,68.47
20,2655,SBISILVER,EQ,717256,224175,31.25
20,2656,SBISMLETF,EQ,29237,22666,77.53
20,2657,SBIVALETF,EQ,5269,4827,91.61
20,2658,SCHAEFFLER,EQ,53652,27227,50.75
20,2659,SCHAND,EQ,10647,7695,72.27
20,2660,SCHNEIDER,EQ,255402,129593,50.74
20,2661,SCI,EQ,1792086,759570,42.38
20,2662,SCILAL,EQ,196582,143686,73.09
20,2663,SCML,SM,14000,2000,14.29
20,2664,SCODATUBES,EQ,215520,112233,52.08
20,2665,SDBL,EQ,578202,385481,66.67
20,2666,SEAMECLTD,EQ,130765,72496,55.44
20,2667,SECMARK,EQ,1139,622,54.61
20,2668,SECURKLOUD,EQ,24259,21689,89.41
20,2669,SEDEMAC,EQ,102621,58612,57.12
20,2670,SEIL,EQ,440822,360814,81.85
20,2671,SEJALLTD,EQ,5519,3452,62.55
20,2672,SEKURITIND,EQ,31358,24627,78.53
20,2673,SEL,SM,4800,4000,83.33
20,2674,SELECTIPO,EQ,61110,47334,77.46
20,2675,SELLOWRAP,SM,1600,1600,100.00
20,2676,SELMC,EQ,4456,3539,79.42
20,2677,SEMAC,EQ,4531,3261,71.97
20,2678,SENCO,EQ,1141834,395086,34.60
20,2679,SENORES,EQ,124425,45687,36.72
20,2680,SENSEXADD,EQ,56,28,50.00
20,2681,SENSEXAXIS,EQ,1362,679,49.85
20,2682,SENSEXBETA,EQ,4022,3875,96.35
20,2683,SENSEXETF,EQ,14854,8302,55.89
20,2684,SENSEXIETF,EQ,28419,27138,95.49
20,2685,SEPC,EQ,7339250,3398732,46.31
20,2686,SERVICE,SM,34000,12000,35.29
20,2687,SERVOTECH,EQ,492370,180920,36.74
20,2688,SESHAPAPER,EQ,18854,12864,68.23
20,2689,SETF10GILT,EQ,7480,7405,99.00
20,2690,SETFGOLD,EQ,4422415,2318080,52.42
20,2691,SETFNIF50,EQ,561856,355989,63.36
20,2692,SETFNIFBK,EQ,18450,9844,53.36
20,2693,SETFNN50,EQ,80614,68755,85.29
20,2694,SETL,EQ,1430578,694379,48.54
20,2695,SFL,EQ,59553,30824,51.76
20,2696,SFML,SM,24000,24000,100.00
20,2697,SGBAPR28I,GB,61,36,59.02
20,2698,SGBAUG27,GB,57,48,84.21
20,2699,SGBAUG28V,GB,530,371,70.00
20,2700,SGBAUG29V,GB,51,34,66.67
20,2701,SGBAUG30,GB,268,159,59.33
20,2702,SGBD29VIII,GB,104,87,83.65
20,2703,SGBDC27VII,GB,18,15,83.33
20,2704,SGBDE30III,GB,180,152,84.44
20,2705,SGBDE31III,GB,1138,839,73.73
20,2706,SGBDEC26,GB,9,8,88.89
20,2707,SGBFEB27,GB,4,4,100.00
20,2708,SGBFEB29XI,GB,193,144,74.61
20,2709,SGBFEB32IV,GB,1206,840,69.65
20,2710,SGBJ28VIII,GB,1,1,100.00
20,2711,SGBJAN27,GB,9,5,55.56
20,2712,SGBJAN29IX,GB,53,38,71.70
20,2713,SGBJAN29X,GB,267,228,85.39
20,2714,SGBJAN30IX,GB,224,188,83.93
20,2715,SGBJU29III,GB,120,77,64.17
20,2716,SGBJUL28IV,GB,253,195,77.08
20,2717,SGBJUL29IV,GB,120,94,78.33
20,2718,SGBJUN27,GB,4,4,100.00
20,2719,SGBJUN28,GB,40,35,87.50
20,2720,SGBJUN29II,GB,73,69,94.52
20,2721,SGBJUN30,GB,49,30,61.22
20,2722,SGBJUN31I,GB,145,112,77.24
20,2723,SGBMAR28X,GB,44,39,88.64
20,2724,SGBMAR30X,GB,116,64,55.17
20,2725,SGBMAR31IV,GB,114,67,58.77
20,2726,SGBMAY28,GB,59,52,88.14
20,2727,SGBMAY29I,GB,459,376,81.92
20,2728,SGBMR29XII,GB,148,103,69.59
20,2729,SGBN28VIII,GB,41,19,46.34
20,2730,SGBNV29VII,GB,169,164,97.04
20,2731,SGBOC28VII,GB,123,107,86.99
20,2732,SGBOCT27,GB,6,6,100.00
20,2733,SGBSEP27,GB,27,27,100.00
20,2734,SGBSEP28VI,GB,384,241,62.76
20,2735,SGBSEP29VI,GB,221,121,54.75
20,2736,SGBSEP31II,GB,338,279,82.54
20,2737,SGFIN,EQ,164000,87159,53.15
20,2738,SGIL,EQ,4698,3814,81.18
20,2739,SGL,EQ,2432,2167,89.10
20,2740,SGLRES,EQ,58369,39848,68.27
20,2741,SGMART,EQ,114546,49094,42.86
20,2742,SGRL,EQ,22022,15451,70.16
20,2743,SHADOWFAX,EQ,1649661,853648,51.75
20,2744,SHAH,EQ,1297179,828143,63.84
20,2745,SHAILY,EQ,77257,37805,48.93
20,2746,SHAKTIPUMP,EQ,419668,171715,40.92
20,2747,SHALBY,EQ,31700,18438,58.16
20,2748,SHANKARA,EQ,46914,32931,70.19
20,2749,SHANKESH,EQ,8474688,2050499,24.20
20,2750,SHANTI,EQ,24947,16209,64.97
20,2751,SHANTIGEAR,EQ,1612281,267813,16.61
20,2752,SHANTIGOLD,EQ,2489253,895751,35.98
20,2753,SHARDACROP,EQ,105369,56437,53.56
20,2754,SHARDAMOTR,EQ,27320,15817,57.90
20,2755,SHAREINDIA,EQ,316097,212212,67.14
20,2756,SHARIABEES,EQ,25560,20319,79.50
20,2757,SHBAJRG,EQ,2205,1531,69.43
20,2758,SHEEL,ST,6000,4000,66.67
20,2759,SHEETAL,SM,500,500,100.00
20,2760,SHERA,SM,34000,28000,82.35
20,2761,SHERVANI,EQ,78,77,98.72
20,2762,SHETHJI,SM,72000,63000,87.50
20,2763,SHIGAN,SM,9000,7500,83.33
20,2764,SHILCTECH,EQ,17962,10306,57.38
20,2765,SHILGRAVQ,EQ,9295,7090,76.28
20,2766,SHILPAMED,EQ,652726,247704,37.95
20,2767,SHINDL,EQ,220380,18842,8.55
20,2768,SHIPROCKET,EQ,4989875,1144889,22.94
20,2769,SHIVAAGRO,EQ,4883,4865,99.63
20,2770,SHIVACEM,EQ,55679,39248,70.49
20,2771,SHIVAMAUTO,EQ,77913,51979,66.71
20,2772,SHIVAMILLS,EQ,438,411,93.84
20,2773,SHIVASHRIT,SM,34000,30000,88.24
20,2774,SHIVATEX,EQ,15793,8800,55.72
20,2775,SHIVAUM,EQ,1042,425,40.79
20,2776,SHK,EQ,432026,203038,47.00
20,2777,SHKSIL,SM,32000,22000,68.75
20,2778,SHOPERSTOP,EQ,14069,5984,42.53
20,2779,SHRADDHA,EQ,3120,2108,67.56
20,2780,SHRADHA,EQ,16176,14059,86.91
20,2781,SHREDIGCEM,EQ,189709,115266,60.76
20,2782,SHREECEM,EQ,15350,8408,54.78
20,2783,SHREEDHAR,ST,20000,16000,80.00
20,2784,SHREEJISPG,EQ,2336669,917789,39.28
20,2785,SHREEKARNI,SM,4050,2550,62.96
20,2786,SHREEOSFM,SM,2000,2000,100.00
20,2787,SHREEPUSHK,EQ,50352,22847,45.37
20,2788,SHREERAMA,EQ,51339,32043,62.41
20,2789,SHREMINVIT,IV,575000,575000,100.00
20,2790,SHREYANIND,EQ,6128,5196,84.79
20,2791,SHRIAHIMSA,ST,12000,9000,75.00
20,2792,SHRIKANHA,SM,11200,9600,85.71
20,2793,SHRIKRISH,EQ,1225,941,76.82
20,2794,SHRINGARMS,EQ,255200,68618,26.89
20,2795,SHRIPISTON,EQ,68512,33135,48.36
20,2796,SHRIRAMFIN,EQ,4135730,3039100,73.48
20,2797,SHRIRAMPPS,EQ,248858,151876,61.03
20,2798,SHRJAGP,EQ,782,520,66.50
20,2799,SHUBHSHREE,SM,2100,2100,100.00
20,2800,SHUKRAPHAR,EQ,4036493,1533308,37.99
20,2801,SHYAMDHANI,ST,2000,2000,100.00
20,2802,SHYAMMETL,EQ,199343,112665,56.52
20,2803,SHYAMTEL,EQ,2583,2425,93.88
20,2804,SICAGEN,EQ,18933,12548,66.28
20,2805,SIDDHICOTS,SM,6000,4800,80.00
20,2806,SIDDHIKA,SM,2500,2500,100.00
20,2807,SIEL,EQ,748,748,100.00
20,2808,SIEMENS,EQ,177116,83360,47.07
20,2809,SIGACHI,EQ,9215095,2782930,30.20
20,2810,SIGMA,EQ,132618,75620,57.02
20,2811,SIGNATURE,EQ,239499,26136,10.91
20,2812,SIGNPOST,EQ,56184,35720,63.58
20,2813,SIKA,EQ,31520,15804,50.14
20,2814,SIL,EQ,66127,38975,58.94
20,2815,SILGO,EQ,113233,8854,7.82
20,2816,SILINV,EQ,2201,1599,72.65
20,2817,SILKFLEX,SM,60000,41000,68.33
20,2818,SILKY,SM,3200,3200,100.00
20,2819,SILLYMONKS,EQ,2494,1883,75.50
20,2820,SILVER,EQ,770617,248985,32.31
20,2821,SILVER001,EQ,14165,11956,84.41
20,2822,SILVER1,EQ,5918854,2424338,40.96
20,2823,SILVER360,EQ,14214,9273,65.24
20,2824,SILVERADD,EQ,2849876,1073642,37.67
20,2825,SILVERAG,EQ,122655,66187,53.96
20,2826,SILVERAXIS,EQ,144700,51604,35.66
20,2827,SILVERBEES,EQ,16085668,6890920,42.84
20,2828,SILVERBETA,EQ,288687,84218,29.17
20,2829,SILVERBND,EQ,13449,12328,91.66
20,2830,SILVERCASE,EQ,5606876,2018063,35.99
20,2831,SILVERIETF,EQ,2490162,958803,38.50
20,2832,SILVERTUC,EQ,373676,113721,30.43
20,2833,SIMCA,ST,3000,2400,80.00
20,2834,SIMPLEXINF,EQ,96034,64353,67.01
20,2835,SIMPLXREA,EQ,12,12,100.00
20,2836,SINCLAIR,EQ,26997,20361,75.42
20,2837,SINDHUTRAD,EQ,11832177,2197821,18.57
20,2838,SINGERIND,EQ,170692,69660,40.81
20,2839,SINTERCOM,EQ,10325,6547,63.41
20,2840,SIRCA,EQ,156696,74331,47.44
20,2841,SIS,EQ,390191,130167,33.36
20,2842,SIYSIL,EQ,28594,16210,56.69
20,2843,SJLOGISTIC,SM,32000,27000,84.38
20,2844,SJS,EQ,229418,116444,50.76
20,2845,SJVN,EQ,1260938,685748,54.38
20,2846,SKFINDIA,EQ,91130,75607,82.97
20,2847,SKFINDUS,EQ,33944,20521,60.46
20,2848,SKIPPER,EQ,10118419,2025158,20.01
20,2849,SKMEGGPROD,EQ,242481,138689,57.20
20,2850,SKP,SM,46500,16500,35.48
20,2851,SKYGOLD,EQ,1069790,482888,45.14
20,2852,SKYTECH,SM,32000,32000,100.00
20,2853,SKYWAYS,EQ,8338807,3201149,38.39
20,2854,SLONE,ST,29600,29200,98.65
20,2855,SMALL250,EQ,194876,131715,67.59
20,2856,SMALLADD,EQ,67956,46668,68.67
20,2857,SMALLCAP,EQ,3500382,2427208,69.34
20,2858,SMALLGROWW,EQ,6170,3918,63.50
20,2859,SMALLIETF,EQ,65128,33289,51.11
20,2860,SMARTEN,ST,1200,1200,100.00
20,2861,SMARTWORKS,EQ,44075,24461,55.50
20,2862,SMCGLOBAL,EQ,865274,411059,47.51
20,2863,SML100CASE,EQ,2300711,1448863,62.97
20,2864,SMLMAH,EQ,427607,109862,25.69
20,2865,SMLT,EQ,7074,4070,57.53
20,2866,SMSPHARMA,EQ,473075,191678,40.52
20,2867,SNEHAA,SM,6000,5000,83.33
20,2868,SNOWMAN,EQ,75311,42541,56.49
20,2869,SNXT30BEES,EQ,8325,8266,99.29
20,2870,SNXT50BETA,EQ,727,475,65.34
20,2871,SOBHA,EQ,74200,34695,46.76
20,2872,SOCL,SM,11200,11200,100.00
20,2873,SOFTTECH,EQ,2760,2175,78.80
20,2874,SOLARA,EQ,396998,170356,42.91
20,2875,SOLARINDS,EQ,127515,51177,40.13
20,2876,SOLARWORLD,EQ,219235,103612,47.26
20,2877,SOLEX,EQ,113401,30462,26.86
20,2878,SOMANYCERA,EQ,78257,45564,58.22
20,2879,SOMATEX,EQ,33507,16372,48.86
20,2880,SOMICONVEY,EQ,8738,5365,61.40
20,2881,SONACOMS,EQ,816762,406854,49.81
20,2882,SONAL,EQ,5,3,60.00
20,2883,SONAMAC,SM,7000,4000,57.14
20,2884,SONATSOFTW,EQ,830434,321890,38.76
20,2885,SONUINFRA,ST,69000,69000,100.00
20,2886,SOTL,EQ,273612,76064,27.80
20,2887,SOUTHBANK,EQ,8819050,3875913,43.95
20,2888,SOUTHWEST,EQ,139283,83956,60.28
20,2889,SPAL,EQ,64434,29639,46.00
20,2890,SPANDANA,EQ,79485,40306,50.71
20,2891,SPARC,EQ,588034,274487,46.68
20,2892,SPCENET,EQ,1308892,1079721,82.49
20,2893,SPCL,SM,22200,18000,81.08
20,2894,SPEB,SM,2000,2000,100.00
20,2895,SPECTSTM,SM,800,800,100.00
20,2896,SPELS,EQ,17175,9691,56.43
20,2897,SPENCERS,EQ,24318,17974,73.91
20,2898,SPIC,EQ,648651,357838,55.17
20,2899,SPLIL,EQ,20970,12507,59.64
20,2900,SPLPETRO,EQ,1726190,341819,19.80
20,2901,SPMLINFRA,EQ,407685,136111,33.39
20,2902,SPORTKING,EQ,266293,136512,51.26
20,2903,SPRL,SM,800,800,100.00
20,2904,SPUNWEB,SM,33600,28800,85.71
20,2905,SRD,EQ,26155,19583,74.87
20,2906,SREEL,EQ,21434,15687,73.19
20,2907,SRF,EQ,352418,140687,39.92
20,2908,SRGHFL,EQ,3956,2260,57.13
20,2909,SRHHYPOLTD,EQ,49199,22468,45.67
20,2910,SRIKPRIND,EQ,388915,160353,41.23
20,2911,SRIVASAVI,ST,3000,3000,100.00
20,2912,SRM,EQ,129358,63692,49.24
20,2913,SRTL,EQ,29437,22471,76.34
20,2914,SSDL,EQ,14090,7644,54.25
20,2915,SSEGL,SM,24400,21800,89.34
20,2916,SSFL,ST,5000,5000,100.00
20,2917,SSWL,EQ,1006017,437695,43.51
20,2918,STANLEY,EQ,62857,41099,65.38
20,2919,STAR,EQ,217190,104004,47.89
20,2920,STARCEMENT,EQ,192236,126001,65.54
20,2921,STARHEALTH,EQ,260539,141001,54.12
20,2922,STARPAPER,EQ,11085,6984,63.00
20,2923,STARTECK,EQ,162,103,63.58
20,2924,STCINDIA,EQ,60350,18995,31.47
20,2925,STEELCAS,EQ,106510,53435,50.17
20,2926,STEELCITY,EQ,6956,5059,72.73
20,2927,STEELXIND,EQ,3888782,1696494,43.63
20,2928,STEL,EQ,3953,3136,79.33
20,2929,STLNETWORK,EQ,2164957,1603016,74.04
20,2930,STLSTRINF,EQ,168,167,99.40
20,2931,STOVEKRAFT,EQ,93139,46092,49.49
20,2932,STRIDERS,SM,4800,4800,100.00
20,2933,STUDDS,EQ,34112,23401,68.60
20,2934,STUDIOLSD,SM,20000,16000,80.00
20,2935,STYL,EQ,123059,43502,35.35
20,2936,STYLAMIND,EQ,65092,24213,37.20
20,2937,STYLEBAAZA,EQ,557524,286212,51.34
20,2938,STYRENIX,EQ,30372,19201,63.22
20,2939,SUBAHOTELS,SM,36000,27600,76.67
20,2940,SUBEXLTD,EQ,1970415,1354443,68.74
20,2941,SUBROS,EQ,26816,14805,55.21
20,2942,SUDARCOLOR,EQ,7856,5633,71.70
20,2943,SUDARSCHEM,EQ,186180,81677,43.87
20,2944,SUDEEPPHRM,EQ,242835,102713,42.30
20,2945,SUKHJITS,EQ,4696,4360,92.84
20,2946,SULA,EQ,170121,76238,44.81
20,2947,SUMAX,ST,276000,255600,92.61
20,2948,SUMEDHA,EQ,3377,3262,96.59
20,2949,SUMEETINDS,EQ,1120467,753492,67.25
20,2950,SUMICHEM,EQ,142729,75042,52.58
20,2951,SUMIT,EQ,9572,5304,55.41
20,2952,SUMMITSEC,EQ,1566,1151,73.50
20,2953,SUNCLAY,EQ,3165,2390,75.51
20,2954,SUNDARAM,EQ,323987,294093,90.77
20,2955,SUNDARMFIN,EQ,19600,13153,67.11
20,2956,SUNDRMFAST,EQ,44457,24340,54.75
20,2957,SUNDROP,EQ,6390,4406,68.95
20,2958,SUNFLAG,EQ,90403,52661,58.25
20,2959,SUNLITE,SM,11400,9900,86.84
20,2960,SUNLOC,EQ,41,41,100.00
20,2961,SUNPHARMA,EQ,761333,495879,65.13
20,2962,SUNRAKSHAK,EQ,13415,11941,89.01
20,2963,SUNREST,SM,9600,9600,100.00
20,2964,SUNSHIEL,EQ,981,908,92.56
20,2965,SUNSHINE,EQ,2746047,351972,12.82
20,2966,SUNTECH,SM,3200,3200,100.00
20,2967,SUNTECK,EQ,71967,38163,53.03
20,2968,SUNTV,EQ,846938,387119,45.71
20,2969,SUPERHOUSE,EQ,2738,1549,56.57
20,2970,SUPRAJIT,EQ,56637,32999,58.26
20,2971,SUPREME,EQ,8259,4786,57.95
20,2972,SUPREMEIND,EQ,139232,84098,60.40
20,2973,SUPREMEINF,EQ,16081,12511,77.80
20,2974,SUPREMEPWR,SM,65500,45000,68.70
20,2975,SUPRIYA,EQ,324059,154250,47.60
20,2976,SURAJEST,EQ,129331,79801,61.70
20,2977,SURAJLTD,EQ,3832,3598,93.89
20,2978,SURAKSHA,EQ,38299,21185,55.31
20,2979,SURANASOL,EQ,96327,65932,68.45
20,2980,SURANAT&P,EQ,29385,24866,84.62
20,2981,SURANI,SM,9600,9400,97.92
20,2982,SURYALA,EQ,1694,1673,98.76
20,2983,SURYALAXMI,EQ,1013,723,71.37
20,2984,SURYAROSNI,EQ,449482,276195,61.45
20,2985,SURYODAY,EQ,130519,49474,37.91
20,2986,SUVEN,EQ,494667,221652,44.81
20,2987,SUVIDHAA,EQ,651333,414121,63.58
20,2988,SUYOG,EQ,10651,6937,65.13
20,2989,SUZLON,EQ,55366085,23541209,42.52
20,2990,SVGLOBAL,EQ,286302,61310,21.41
20,2991,SVPGLOB,EQ,48032,27886,58.06
20,2992,SWANCORP,EQ,810711,264706,32.65
20,2993,SWARAJENG,EQ,6552,3761,57.40
20,2994,SWARNSAR,EQ,6016,5998,99.70
20,2995,SWASTIK,ST,3600,3600,100.00
20,2996,SWELECTES,EQ,17212,7752,45.04
20,2997,SWIGGY,EQ,184369387,148767707,80.69
20,2998,SWSOLAR,EQ,580711,282909,48.72
20,2999,SYLVANPLY,SM,4000,4000,100.00
20,3000,SYMBIOTEC,EQ,1509878,484935,32.12
20,3001,SYMPHONY,EQ,32564,14387,44.18
20,3002,SYNCOMF,EQ,16788160,5924824,35.29
20,3003,SYNGENE,EQ,522372,314091,60.13
20,3004,SYNOPTICS,ST,6000,5400,90.00
20,3005,SYRMA,EQ,569018,274403,48.22
20,3006,SYSTANGO,SM,12800,9600,75.00
20,3007,TAALTECH,EQ,5834,3740,64.11
20,3008,TAC,ST,22800,18400,80.70
20,3009,TAINWALCHM,EQ,1124,922,82.03
20,3010,TAJGVK,EQ,150325,66815,44.45
20,3011,TAKE,EQ,918186,722882,78.73
20,3012,TALBROAUTO,EQ,76183,42985,56.42
20,3013,TANAA,EQ,9298,6194,66.62
20,3014,TANKUP,ST,2250,2250,100.00
20,3015,TANLA,EQ,368770,138627,37.59
20,3016,TARACHAND,EQ,54428,18106,33.27
20,3017,TARAPUR,EQ,46363,33584,72.44
20,3018,TARC,EQ,355398,211161,59.42
20,3019,TARIL,EQ,752285,297965,39.61
20,3020,TARMAT,EQ,36316,22442,61.80
20,3021,TARSONS,EQ,63661,27484,43.17
20,3022,TASTYBITE,EQ,1301,708,54.42
20,3023,TATACAP,EQ,1331842,922976,69.30
20,3024,TATACHEM,EQ,991042,399356,40.30
20,3025,TATACOMM,EQ,276930,129690,46.83
20,3026,TATACONSUM,EQ,1030689,706746,68.57
20,3027,TATAELXSI,EQ,203529,84251,41.40
20,3028,TATAGOLD,EQ,44264152,17129570,38.70
20,3029,TATAINVEST,EQ,130701,54718,41.87
20,3030,TATAPOWER,EQ,3826383,2222447,58.08
20,3031,TATASTEEL,EQ,36500951,16871357,46.22
20,3032,TATATECH,EQ,1067933,355771,33.31
20,3033,TATSILV,EQ,34470366,15953635,46.28
20,3034,TATVA,EQ,85803,45414,52.93
20,3035,TAURIAN,ST,15200,10400,68.42
20,3036,TBI,SM,125400,96600,77.03
20,3037,TBOTEK,EQ,66445,32202,48.46
20,3038,TBZ,EQ,3486401,1008033,28.91
20,3039,TCC,EQ,578711,338025,58.41
20,3040,TCHF30,NB,10,10,100.00
20,3041,TCI,EQ,18074,10507,58.13
20,3042,TCIEXP,EQ,65210,34630,53.11
20,3043,TCL,SM,28800,20000,69.44
20,3044,TCPLPACK,EQ,15468,6964,45.02
20,3045,TCS,EQ,2564322,1542024,60.13
20,3046,TDPOWERSYS,EQ,1283741,678882,52.88
20,3047,TEAMGTY,EQ,684,351,51.32
20,3048,TEAMLEASE,EQ,29000,16855,58.12
20,3049,TEAMTECH,ST,8000,8000,100.00
20,3050,TECH,EQ,18515,11732,63.36
20,3051,TECHD,SM,19500,17100,87.69
20,3052,TECHERA,SM,19200,14400,75.00
20,3053,TECHLABS,SM,15125,13500,89.26
20,3054,TECHM,EQ,1173518,668526,56.97
20,3055,TECHNOCRAF,EQ,476411,193759,40.67
20,3056,TECHNOE,EQ,82871,45610,55.04
20,3057,TECHNVISN,EQ,1147,809,70.53
20,3058,TECILCHEM,EQ,21289,12949,60.82
20,3059,TEGA,EQ,55328,33062,59.76
20,3060,TEJA,SM,58800,44400,75.51
20,3061,TEJASNET,EQ,26085952,3265470,12.52
20,3062,TEMBO,EQ,7416209,1886785,25.44
20,3063,TEMPSENS,EQ,2650794,700606,26.43
20,3064,TENNIND,EQ,581989,318693,54.76
20,3065,TERAI,EQ,1068,1005,94.10
20,3066,TERASOFT,EQ,41365,18834,45.53
20,3067,TEXINFRA,EQ,122665,89168,72.69
20,3068,TEXMOPIPES,EQ,23440,18284,78.00
20,3069,TEXRAIL,EQ,3746637,1816179,48.47
20,3070,TFCILTD,EQ,8211306,3307944,40.29
20,3071,TFL,EQ,23861,23585,98.84
20,3072,TGBHOTELS,EQ,24575,13546,55.12
20,3073,TGL,ST,400,400,100.00
20,3074,TGVSL,EQ,615070,360353,58.59
20,3075,THAKDEV,EQ,33,33,100.00
20,3076,THANGAMAYL,EQ,65612,36824,56.12
20,3077,THEINVEST,EQ,3714,2488,66.99
20,3078,THEJO,EQ,5621,4038,71.84
20,3079,THELEELA,EQ,561774,388051,69.08
20,3080,THEMISMED,EQ,159319,76646,48.11
20,3081,THERMAX,EQ,258180,136776,52.98
20,3082,THOMASCOOK,EQ,2297803,801467,34.88
20,3083,THOMASCOTT,EQ,44350,27165,61.25
20,3084,THYROCARE,EQ,137365,76187,55.46
20,3085,TI,EQ,540041,241461,44.71
20,3086,TIGERLOGS,EQ,168111,149240,88.77
20,3087,TIIL,EQ,25085,12839,51.18
20,3088,TIINDIA,EQ,173117,101183,58.45
20,3089,TIMETECHNO,EQ,1385822,322959,23.30
20,3090,TIMEX,EQ,323553,139714,43.18
20,3091,TIMKEN,EQ,15156,8013,52.87
20,3092,TINNARUBR,EQ,38228,15457,40.43
20,3093,TIPSFILMS,EQ,4667,3501,75.02
20,3094,TIPSMUSIC,EQ,146163,73539,50.31
20,3095,TIRUMALCHM,EQ,236650,121437,51.32
20,3096,TIRUPATI,SM,125,125,100.00
20,3097,TITAGARH,EQ,3001183,795372,26.50
20,3098,TITAN,EQ,310845,163490,52.60
20,3099,TMB,EQ,131784,62086,47.11
20,3100,TMCV,EQ,6245264,2825106,45.24
20,3101,TMPV,EQ,4010174,1945548,48.52
20,3102,TNIDETF,EQ,57515,46822,81.41
20,3103,TNPETRO,EQ,1119931,432771,38.64
20,3104,TNPL,EQ,382264,151883,39.73
20,3105,TNTELE,EQ,22878,16447,71.89
20,3106,TOKYOPLAST,EQ,1924,1772,92.10
20,3107,TOLINS,EQ,44505,30186,67.83
20,3108,TOP100CASE,EQ,498182,345102,69.27
20,3109,TOP10ADD,EQ,305895,233538,76.35
20,3110,TOP15IETF,EQ,89010,47845,53.75
20,3111,TOP20,EQ,28580,27559,96.43
20,3112,TORNTPHARM,EQ,322787,213801,66.24
20,3113,TORNTPOWER,EQ,398524,149160,37.43
20,3114,TOTAL,EQ,4743,3245,68.42
20,3115,TOUCHWOOD,EQ,1237,1093,88.36
20,3116,TOYAMSL,EQ,129950,109248,84.07
20,3117,TPLPLASTEH,EQ,117553,39952,33.99
20,3118,TRACXN,EQ,191760,176696,92.14
20,3119,TRANSCOR,EQ,2509,2508,99.96
20,3120,TRANSRAILL,EQ,313125,151041,48.24
20,3121,TRANSTEEL,SM,56000,33000,58.93
20,3122,TRAVELFOOD,EQ,61349,46423,75.67
20,3123,TREEHOUSE,EQ,26470,17415,65.79
20,3124,TREJHARA,EQ,18766,14606,77.83
20,3125,TREL,EQ,215792,150252,69.63
20,3126,TRENT,EQ,577393,208455,36.10
20,3127,TRF,EQ,4712,3297,69.97
20,3128,TRIDENT,EQ,3292066,1390895,42.25
20,3129,TRIGYN,EQ,99874,50184,50.25
20,3130,TRITONV,EQ,2321,1524,65.66
20,3131,TRITURBINE,EQ,254725,144184,56.60
20,3132,TRIVENI,EQ,472150,226213,47.91
20,3133,TROM,SM,9000,9000,100.00
20,3134,TRU,EQ,93025,59765,64.25
20,3135,TRUALT,EQ,121440,68803,56.66
20,3136,TRUST,SM,19200,16800,87.50
20,3137,TSC,ST,42000,42000,100.00
20,3138,TSFINV,EQ,57607,27301,47.39
20,3139,TTKHLTCARE,EQ,19761,11117,56.26
20,3140,TTKPRESTIG,EQ,90200,42295,46.89
20,3141,TTL,EQ,210015,140410,66.86
20,3142,TTML,EQ,1380442,575649,41.70
20,3143,TUNWAL,SM,68000,44000,64.71
20,3144,TURTLEMINT,EQ,385856,179323,46.47
20,3145,TUTIALKA,EQ,28654,25329,88.40
20,3146,TVSELECT,EQ,16780,8218,48.97
20,3147,TVSHLTD,EQ,7881,3721,47.21
20,3148,TVSMOTOR,EQ,424571,215535,50.77
20,3149,TVSSCS,EQ,926210,328504,35.47
20,3150,TVSSRICHAK,EQ,12133,4044,33.33
20,3151,TVTODAY,EQ,34674,29645,85.50
20,3152,TWCGOLDETF,EQ,5230,3078,58.85
20,3153,UBL,EQ,352868,191328,54.22
20,3154,UCOBANK,EQ,5993994,2134107,35.60
20,3155,UDAYJEW,EQ,3159,2507,79.36
20,3156,UDS,EQ,487592,269527,55.28
20,3157,UEL,EQ,18811,12244,65.09
20,3158,UFLEX,EQ,168967,83583,49.47
20,3159,UFO,EQ,42873,24200,56.45
20,3160,UGARSUGAR,EQ,1348315,704641,52.26
20,3161,UGROCAP,EQ,574138,98255,17.11
20,3162,UHTL,ST,368000,354000,96.20
20,3163,UJJIVANSFB,EQ,12168369,6525101,53.62
20,3164,ULTRACEMCO,EQ,280870,172865,61.55
20,3165,ULTRAMAR,EQ,84008,49542,58.97
20,3166,UMA,SM,8000,4000,50.00
20,3167,UMESLTD,EQ,12835,10495,81.77
20,3168,UMIYA-MRO,EQ,137662,82053,59.60
20,3169,UNICHEMLAB,EQ,56415,26062,46.20
20,3170,UNIECOM,EQ,273184,141541,51.81
20,3171,UNIENTER,EQ,6732,5082,75.49
20,3172,UNIHEALTH,SM,11500,9000,78.26
20,3173,UNIINFO,EQ,1618,1618,100.00
20,3174,UNILEX,SM,3200,1600,50.00
20,3175,UNIMECH,EQ,179849,76522,42.55
20,3176,UNIONBANK,EQ,7910433,3932062,49.71
20,3177,UNIONGOLD,EQ,1581,942,59.58
20,3178,UNIPARTS,EQ,311978,122819,39.37
20,3179,UNITDSPR,EQ,357038,211468,59.23
20,3180,UNITECH,EQ,14406516,8047913,55.86
20,3181,UNITEDPOLY,EQ,210611,141973,67.41
20,3182,UNITEDTEA,EQ,7393,6119,82.77
20,3183,UNIVCABLES,EQ,278353,141964,51.00
20,3184,UNOMINDA,EQ,574742,320071,55.69
20,3185,UPL,EQ,1730115,1067035,61.67
20,3186,URBAN,SM,43200,38400,88.89
20,3187,URBANCO,EQ,6940698,2558517,36.86
20,3188,URJA,EQ,672065,351669,52.33
20,3189,USASEEDS,SM,1284,1284,100.00
20,3190,USHAFIN,SM,57600,57600,100.00
20,3191,USHAMART,EQ,1631592,607177,37.21
20,3192,USK,EQ,17245,15852,91.92
20,3193,UTIAMC,EQ,48517,29958,61.75
20,3194,UTKAL,SM,4000,4000,100.00
20,3195,UTKARSHBNK,EQ,5961768,3478123,58.34
20,3196,UTLSOLAR,EQ,169583,94301,55.61
20,3197,UTSSAV,ST,24000,21000,87.50
20,3198,UTTAMSUGAR,EQ,383064,137577,35.91
20,3199,V2RETAIL,EQ,1628077,905441,55.61
20,3200,VADILALIND,EQ,7172,3354,46.77
20,3201,VADILENT,EQ,35,32,91.43
20,3202,VAIBHAVGBL,EQ,304029,101058,33.24
20,3203,VAISHALI,EQ,68892,50873,73.84
20,3204,VAKRANGEE,EQ,1296846,729778,56.27
20,3205,VAL30IETF,EQ,111743,68877,61.64
20,3206,VALUE,EQ,15902,10506,66.07
20,3207,VALUE360,SM,6000,3600,60.00
20,3208,VALUEAXIS,EQ,20010,14309,71.51
20,3209,VAML,EQ,6641767,3730657,56.17
20,3210,VARDMNPOLY,EQ,118267,95532,80.78
20,3211,VARROC,EQ,282257,136610,48.40
20,3212,VASCONEQ,EQ,205749,123422,59.99
20,3213,VASUPRADA,EQ,1,1,100.00
20,3214,VASWANI,EQ,17934,15339,85.53
20,3215,VBL,EQ,4144842,2463230,59.43
20,3216,VDEAL,SM,2400,2400,100.00
20,3217,VEDAVAAG,EQ,17174,16166,94.13
20,3218,VEDL,EQ,5992724,2811726,46.92
20,3219,VEDPOWER,EQ,12242508,7039903,57.50
20,3220,VEEDOL,EQ,4888,2636,53.93
20,3221,VEEKAYEM,SM,7500,4500,60.00
20,3222,VENKEYS,EQ,25085,11570,46.12
20,3223,VENTIVE,EQ,16151,8049,49.84
20,3224,VENUSPIPES,EQ,91566,42445,46.35
20,3225,VERANDA,EQ,139217,79151,56.85
20,3226,VERITAAS,SM,8400,4800,57.14
20,3227,VERTEXPLUS,SM,3000,3000,100.00
20,3228,VERTIS,IV,50000,50000,100.00
20,3229,VERTOZ,EQ,51344,41111,80.07
20,3230,VESUVIUS,EQ,40711,25620,62.93
20,3231,VGCL,EQ,7319,4370,59.71
20,3232,VGINFOTECH,SM,64000,54000,84.38
20,3233,VGL,EQ,123080,63074,51.25
20,3234,VGUARD,EQ,751013,383120,51.01
20,3235,VHL,EQ,779,581,74.58
20,3236,VICTORYEV,SM,12000,12000,100.00
20,3237,VIDHIING,EQ,10251,6103,59.54
20,3238,VIDYAWIRES,EQ,838636,399155,47.60
20,3239,VIESL,SM,44000,30400,69.09
20,3240,VIGOR,ST,32000,32000,100.00
20,3241,VIJAYA,EQ,45618,18501,40.56
20,3242,VIJAYPD,SM,54000,54000,100.00
20,3243,VIJSOLX,EQ,222,162,72.97
20,3244,VIKASECO,EQ,1815757,1111595,61.22
20,3245,VIKASLIFE,EQ,1315249,832104,63.27
20,3246,VIKRAMSOLR,EQ,3550735,1540830,43.39
20,3247,VIKRAN,EQ,1930821,930340,48.18
20,3248,VILAS,SM,21750,19250,88.51
20,3249,VILINBIO,SM,68000,64000,94.12
20,3250,VIMTALABS,EQ,219490,88166,40.17
20,3251,VINATIORGA,EQ,57413,28805,50.17
20,3252,VINCOFE,EQ,2286890,864686,37.81
20,3253,VINDHYATEL,EQ,82288,29751,36.15
20,3254,VINEETLAB,EQ,38381,26678,69.51
20,3255,VINNY,EQ,236444,196560,83.13
20,3256,VINSYS,ST,750,750,100.00
20,3257,VINYAS,SM,6700,4500,67.16
20,3258,VINYLINDIA,EQ,10241,5073,49.54
20,3259,VIPCLOTHNG,EQ,82615,59730,72.30
20,3260,VIPIND,EQ,440277,168309,38.23
20,3261,VIRAT,EQ,5617,4547,80.95
20,3262,VIRINCHI,EQ,115200,88993,77.25
20,3263,VISACHROME,EQ,33107,27871,84.18
20,3264,VISAKAIND,EQ,440201,222704,50.59
20,3265,VISAMAN,SM,521000,521000,100.00
20,3266,VISDEM,SM,24000,22800,95.00
20,3267,VISHAL,EQ,55662,34737,62.41
20,3268,VISHNU,EQ,623372,240948,38.65
20,3269,VISHNUINFR,SM,1500,1500,100.00
20,3270,VISHWARAJ,EQ,290468,203954,70.22
20,3271,VISL,EQ,28223582,15837438,56.11
20,3272,VITAL,EQ,15658,15608,99.68
20,3273,VIVIDEL,SM,27360,23760,86.84
20,3274,VIVIDHA,EQ,80310,58859,73.29
20,3275,VIVOBIOT,EQ,13081,10963,83.81
20,3276,VIYASH,EQ,3313584,1764700,53.26
20,3277,VLINFRA,SM,9000,9000,100.00
20,3278,VLSFINANCE,EQ,6476,3789,58.51
20,3279,VMARCIND,SM,1140000,615000,53.95
20,3280,VMART,EQ,68219,29249,42.88
20,3281,VMM,EQ,7783965,4737452,60.86
20,3282,VMOBILE,SM,4800,4800,100.00
20,3283,VMSTMT,EQ,19824,12753,64.33
20,3284,VOEPL,EQ,95767,62362,65.12
20,3285,VOGL,EQ,30917507,9324956,30.16
20,3286,VOITHPAPR,EQ,643,546,84.91
20,3287,VOLERCAR,SM,160800,90400,56.22
20,3288,VOLTAMP,EQ,50836,26904,52.92
20,3289,VOLTAS,EQ,460619,205848,44.69
20,3290,VPRPL,EQ,589692,201356,34.15
20,3291,VRAJ,EQ,12164,8111,66.68
20,3292,VRLLOG,EQ,133531,98735,73.94
20,3293,VSCL,SM,21000,15000,71.43
20,3294,VSSL,EQ,140547,66051,47.00
20,3295,VSTIND,EQ,96626,44449,46.00
20,3296,VSTL,EQ,22471,15468,68.84
20,3297,VSTTILLERS,EQ,4042,2481,61.38
20,3298,VTL,EQ,284973,96463,33.85
20,3299,VTMLTD,EQ,3172,2760,87.01
20,3300,WAAREEENER,EQ,547994,224001,40.88
20,3301,WAAREEINDO,EQ,75519,43049,57.00
20,3302,WAAREERTL,EQ,81592,33849,41.49
20,3303,WABAG,EQ,193647,86961,44.91
20,3304,WAKEFIT,EQ,1231198,497696,40.42
20,3305,WALCHANNAG,EQ,400336,180763,45.15
20,3306,WALPAR,SM,2000,2000,100.00
20,3307,WANBURY,EQ,51910,26023,50.13
20,3308,WARDINMOBI,EQ,288674,226660,78.52
20,3309,WATERBASE,EQ,22127,12852,58.08
20,3310,WCIL,EQ,25920,14607,56.35
20,3311,WEALTH,EQ,1333,1123,84.25
20,3312,WEBELSOLAR,EQ,2610445,1303455,49.93
20,3313,WEIZMANIND,EQ,1005,759,75.52
20,3314,WEL,EQ,1935872,1302975,67.31
20,3315,WELCORP,EQ,1247810,510384,40.90
20,3316,WELENT,EQ,2915318,817317,28.04
20,3317,WELSPLSOL,EQ,4319775,1408979,32.62
20,3318,WELSPUNLIV,EQ,7470859,2211003,29.60
20,3319,WENDT,EQ,4236,2310,54.53
20,3320,WESTLIFE,EQ,34235,19011,55.53
20,3321,WEWIN,EQ,2680,1501,56.01
20,3322,WEWORK,EQ,335811,184900,55.06
20,3323,WHBRADY,EQ,248,237,95.56
20,3324,WHEELS,EQ,336451,122959,36.55
20,3325,WHIRLPOOL,EQ,193831,105002,54.17
20,3326,WILLAMAGOR,EQ,4157,2266,54.51
20,3327,WINDLAS,EQ,190854,83199,43.59
20,3328,WINDMACHIN,EQ,39051,19793,50.69
20,3329,WINSOL,SM,8000,7200,90.00
20,3330,WIPL,EQ,16,10,62.50
20,3331,WIPRO,EQ,6882678,3143304,45.67
20,3332,WOCKPHARMA,EQ,3557646,1136675,31.95
20,3333,WOL3D,SM,2000,2000,100.00
20,3334,WOMANCART,ST,20000,14400,72.00
20,3335,WONDERLA,EQ,74859,36384,48.60
20,3336,WORTHPERI,EQ,4169,3058,73.35
20,3337,WPIL,EQ,12409,7388,59.54
20,3338,WSI,EQ,64372,33643,52.26
20,3339,WSTCSTPAPR,EQ,276595,159006,57.49
20,3340,WTICAB,SM,21500,19500,90.70
20,3341,XCHANGING,EQ,61684,41493,67.27
20,3342,XELPMOC,EQ,24153,17240,71.38
20,3343,XPROINDIA,EQ,154351,83170,53.88
20,3344,XTGLOBAL,EQ,190376,98033,51.49
20,3345,XTRANET,EQ,5584599,979498,17.54
20,3346,YAAP,SM,39000,25000,64.10
20,3347,YASHO,EQ,38997,17059,43.74
20,3348,YASHOPTICS,SM,7200,6400,88.89
20,3349,YATHARTH,EQ,314144,137610,43.80
20,3350,YATRA,EQ,1067659,515103,48.25
20,3351,YCCL,SM,27000,27000,100.00
20,3352,YESBANK,EQ,31739702,17317820,54.56
20,3353,YOGI,EQ,90,90,100.00
20,3354,YUDIZ,SM,2400,2400,100.00
20,3355,YUKEN,EQ,9116,4766,52.28
20,3356,ZAGGLE,EQ,912980,373892,40.95
20,3357,ZEAL,SM,1800,1800,100.00
20,3358,ZEEL,EQ,13036739,3731730,28.62
20,3359,ZEEMEDIA,EQ,1442303,543817,37.70
20,3360,ZENITHDRUG,SM,11200,10400,92.86
20,3361,ZENITHSTL,EQ,845763,493886,58.40
20,3362,ZENSARTECH,EQ,499424,219246,43.90
20,3363,ZENTEC,EQ,169326,58844,34.75
20,3364,ZFCVINDIA,EQ,30385,16241,53.45
20,3365,ZFSTEERING,EQ,7552,5279,69.90
20,3366,ZIMLAB,EQ,54799,33332,60.83
20,3367,ZODIAC,EQ,11622,7768,66.84
20,3368,ZODIACLOTH,EQ,9323,7795,83.61
20,3369,ZOTA,EQ,91901,48277,52.53
20,3370,ZSARACOM,EQ,221,147,66.52
20,3371,ZTECH,SM,25800,22800,88.37
20,3372,ZUARI,EQ,66309,41537,62.64
20,3373,ZUARIIND,EQ,45048,21837,48.47
20,3374,ZYDUSLIFE,EQ,516768,249738,48.33
20,3375,ZYDUSWELL,EQ,209449,97768,46.68
