Security Wise Delivery Position - Compulsory Rolling Settlement
10,MTO,18092026,2376932903,0003383
Trade Date <18-SEP-2026>,Settlement Type <N>
Record Type,Sr No,Name of Security,Quantity Traded,Deliverable Quantity(gross across client level),% of Deliverable Quantity to Traded Quantity
20,1,1003ISFL28,N4,364,314,86.26
20,2,1003SFIL28,NX,30,30,100.00
20,3,1015ECL29,NR,171,171,100.00
20,4,1015SCFL29,YY,85,85,100.00
20,5,1015SCL28A,AL,58,58,100.00
20,6,1015SCL29,ZL,17,17,100.00
20,7,1025PATE28,N0,1,1,100.00
20,8,1025SCL34,Z8,10,10,100.00
20,9,1025UCL26A,N1,16,16,100.00
20,10,1025UCL27A,NG,48,48,100.00
20,11,1030SFIL28,NM,48,48,100.00
20,12,1039UCL26,NE,46,46,100.00
20,13,1050ASPL27,N0,1,1,100.00
20,14,105IIFL29,N7,20,20,100.00
20,15,1060ECL29,NS,165,100,60.61
20,16,1065NFL27,NC,10,10,100.00
20,17,1075WCA28,N0,7,7,100.00
20,18,10IIFL28,N4,750,750,100.00
20,19,10IIFL28A,NE,500,500,100.00
20,20,10IIFL29,N6,199,199,100.00
20,21,10ISFL26,N3,70,70,100.00
20,22,1119NFL27,ND,287,287,100.00
20,23,1125AFIL29,N0,40,20,50.00
20,24,113ESFB31,N0,5,5,100.00
20,25,1150AFIL29,N0,2,2,100.00
20,26,1165ESFB32,N0,2,2,100.00
20,27,1225IFL27,N0,5,5,100.00
20,28,1225IFL28,N0,4,4,100.00
20,29,125VCCL31,N0,5,5,100.00
20,30,12AFIL27,N0,2,2,100.00
20,31,12AFIL28,N0,89,55,61.80
20,32,182D070127,TB,100,100,100.00
20,33,20MICRONS,EQ,45744,21567,47.15
20,34,21STCENMGM,EQ,135,69,51.11
20,35,360ONE,EQ,519067,347735,66.99
20,36,364D120827,TB,100,100,100.00
20,37,3BBLACKBIO,EQ,6766,4905,72.49
20,38,3MINDIA,EQ,8040,4207,52.33
20,39,3PLAND,EQ,721,513,71.15
20,40,574GS2026,GS,1,1,100.00
20,41,577GS2030,GS,100,100,100.00
20,42,585GS2030,GS,1000000,1000000,100.00
20,43,5PAISA,EQ,21347,11667,54.65
20,44,601GS2030,GS,100,100,100.00
20,45,610GS2031,GS,1,1,100.00
20,46,620GS2029,GS,1,1,100.00
20,47,622GS2035,GS,52,25,48.08
20,48,636GS2031,GS,1602,1602,100.00
20,49,63MOONS,EQ,231331,94610,40.90
20,50,648GS2035,GS,3640,3540,97.25
20,51,653GS2031,GS,302,302,100.00
20,52,657GS2033A,GS,3000,3000,100.00
20,53,667GS2035,GS,1000006,1000003,100.00
20,54,668GS2040,GS,1498,1100,73.43
20,55,675GS2029,GS,99,99,100.00
20,56,676GS2061,GS,24608,24476,99.46
20,57,690GS2065,GS,236,236,100.00
20,58,694GS2036,GS,2040,2040,100.00
20,59,695GS2061,GS,1627,1627,100.00
20,60,697GR2034,GS,1,1,100.00
20,61,699GS2051,GS,13,13,100.00
20,62,702GS2027,GS,1,1,100.00
20,63,702GS2031,GS,1000,1000,100.00
20,64,704GS2029,GS,6900,6600,95.65
20,65,706GS2028,GS,101,100,99.01
20,66,706GS2041,GS,5,5,100.00
20,67,708RJ30,SG,100,100,100.00
20,68,709GS2054,GS,16267,13081,80.41
20,69,709GS2074,GS,6672,6672,100.00
20,70,716GS2050,GS,5000,5000,100.00
20,71,717GS2030,GS,45270,38670,85.42
20,72,718GS2033,GS,55902,54902,98.21
20,73,718GS2037,GS,29704,29704,100.00
20,74,71GS2034,GS,10103,10003,99.01
20,75,724GS2055,GS,4575,4575,100.00
20,76,725GS2063,GS,8866,7211,81.33
20,77,726GS2032,GS,100,100,100.00
20,78,726GS2033,GS,1048,524,50.00
20,79,732GS2030,GS,2100,2100,100.00
20,80,734GS2064,GS,24664,24514,99.39
20,81,736GS2052,GS,6086,6033,99.13
20,82,737GS2028,GS,100,100,100.00
20,83,738GS2027,GS,28707,28707,100.00
20,84,73GS2053,GS,194888,162288,83.27
20,85,741GS2036,GS,100,100,100.00
20,86,742AS34,SG,100,100,100.00
20,87,743GS2076,GS,23389,22828,97.60
20,88,746GS2073,GS,3,2,66.67
20,89,746UP34,SG,100,100,100.00
20,90,74GS2035,GS,1300,650,50.00
20,91,74GS2062,GS,2823,2823,100.00
20,92,750GS2056,GS,101,101,100.00
20,93,751HUDCO28,N5,332,332,100.00
20,94,753IRFC30,NJ,7,7,100.00
20,95,753NTPC30E,NC,163,163,100.00
20,96,754GS2036,GS,305760,292217,95.57
20,97,754TS33,SG,400,400,100.00
20,98,755GA32,SG,1900,1900,100.00
20,99,757TN33,SG,100,100,100.00
20,100,762GS2039,GS,100,50,50.00
20,101,763GS2056,GS,3109,3089,99.36
20,102,764HUDCO31,N8,300,300,100.00
20,103,764IRFC31,NO,235,235,100.00
20,104,764NABAR31,N2,793,735,92.69
20,105,765PN42,SG,1000,1000,100.00
20,106,769HUDCO31,N9,35,35,100.00
20,107,769NHAI31,NE,739,739,100.00
20,108,76KA32,SG,100,100,100.00
20,109,76NHAI31,NA,804,584,72.64
20,110,771GS2066,GS,15969,15869,99.37
20,111,772GS2055,GS,822,411,50.00
20,112,774UP38,SG,1900,1900,100.00
20,113,775AP29,SG,500,500,100.00
20,114,77MH34A,SG,200,200,100.00
20,115,781RJ49,SG,200,200,100.00
20,116,795GS2032,GS,2,2,100.00
20,117,797IGT31,NL,1,1,100.00
20,118,79NHIT35,N1,440,440,100.00
20,119,79NHIT47,N3,6,3,50.00
20,120,805NMC31,N3,7,7,100.00
20,121,806RJ57,SG,200,100,50.00
20,122,812REC27,NI,350,350,100.00
20,123,824GS2027,GS,3658,3658,100.00
20,124,824GS2033,GS,1,1,100.00
20,125,82HUDCO27,N2,1157,895,77.36
20,126,82IGT31,NJ,333,285,85.59
20,127,830NHAI27,N2,12094,9482,78.40
20,128,830PFCL27,N5,660,650,98.48
20,129,83GS2040,GS,1490,790,53.02
20,130,842IIFL26,NL,566,566,100.00
20,131,843IHFL29,NC,122,122,100.00
20,132,846REC28,N6,150,150,100.00
20,133,848AEL29,NJ,70,70,100.00
20,134,84TCHF28,NA,150,150,100.00
20,135,862AEL31,NM,1740,1066,61.26
20,136,863IRFC29,NC,33,33,100.00
20,137,865IIFL28,NS,96,96,100.00
20,138,865IIFL31,Y6,240,240,100.00
20,139,865IRFC29,NA,39,19,48.72
20,140,865LTF26,NN,349,349,100.00
20,141,865SCL27,N4,94,94,100.00
20,142,865TCAPS27,N8,3,3,100.00
20,143,870IIFL28,Y7,94,94,100.00
20,144,871REC28,N9,250,250,100.00
20,145,875NHAI29,N6,201,201,100.00
20,146,879SCL30,N0,4,4,100.00
20,147,883GS2041,GS,111,111,100.00
20,148,888ECL28,N1,96,95,98.96
20,149,888IRFC29,NE,3,3,100.00
20,150,888REC29,NF,165,165,100.00
20,151,888SCL25E,N4,172,100,58.14
20,152,890AEL31,NN,100,79,79.00
20,153,891IIFCL34,N4,1194,1194,100.00
20,154,891NTPC33,N6,791,788,99.62
20,155,892PFCL33,N8,811,811,100.00
20,156,893NHB29,N6,4,4,100.00
20,157,897GS2030,GS,1,1,100.00
20,158,897MOFSL29,N4,239,149,62.34
20,159,898LTF29,N7,203,183,90.15
20,160,8SMC29,N1,190,190,100.00
20,161,8SMC30,N2,232,232,100.00
20,162,901HUDCO34,NE,1784,1605,89.97
20,163,901NHB34,N6,55,55,100.00
20,164,903SFL28,YI,50,50,100.00
20,165,905LTF27,NF,293,268,91.47
20,166,910TCAP28,NA,139,139,100.00
20,167,915AEL28,NC,2,1,50.00
20,168,915APSBC31,N0,1,1,100.00
20,169,91D011026,TB,21500,21500,100.00
20,170,91D031226,TB,500,300,60.00
20,171,91D151026,TB,500,500,100.00
20,172,91D191126,TB,2300,2300,100.00
20,173,920HFL30,N0,1,1,100.00
20,174,920ISF28,N0,98,98,100.00
20,175,925ECL28,N2,125,5,4.00
20,176,925ISF28,N0,23,23,100.00
20,177,92GS2030,GS,14818,14818,100.00
20,178,92SFIL28,ND,131,131,100.00
20,179,930AEL30,NF,501,491,98.00
20,180,930APMD29,N0,35,35,100.00
20,181,930IIFL27,NX,1,1,100.00
20,182,930SFL28,YP,200,200,100.00
20,183,935TSI30,N0,1,1,100.00
20,184,935TSIIC28,N0,2,2,100.00
20,185,943ECL28,NJ,158,150,94.94
20,186,948SCL26A,NN,1,1,100.00
20,187,948SCL26B,Y8,55,55,100.00
20,188,948SCL27D,N1,50,50,100.00
20,189,950ISF27C,N0,2,2,100.00
20,190,956AEL29,N6,109,85,77.98
20,191,957IIFLS27,NA,9,9,100.00
20,192,965AEL27,N4,78,78,100.00
20,193,965SCL25F,NZ,117,117,100.00
20,194,96IIFL28,N5,2672,1709,63.96
20,195,96IIFL28A,NF,1179,1119,94.91
20,196,970CAGL28,ND,1253,1250,99.76
20,197,97SFL28,YS,10,10,100.00
20,198,97SFL29,YZ,2,0,0.00
20,199,985ECL28,NK,1189,1189,100.00
20,200,990SCL26B,Y7,25,25,100.00
20,201,990SCL27,YT,220,220,100.00
20,202,99AEL29,N7,414,412,99.52
20,203,9IIFL28A,NT,1000,1000,100.00
20,204,9IIFL31,Y9,333,175,52.55
20,205,9PFL31A,NA,250,250,100.00
20,206,A2ZINFRA,EQ,43624,35698,81.83
20,207,AAATECH,EQ,107337,18640,17.37
20,208,AADHARHFC,EQ,2175228,1575505,72.43
20,209,AAKAAR,SM,28800,25600,88.89
20,210,AAKASH,EQ,78109,46595,59.65
20,211,AARADHYA,ST,21600,21600,100.00
20,212,AAREYDRUGS,EQ,289834,193906,66.90
20,213,AARON,EQ,38147,25670,67.29
20,214,AARTIDRUGS,EQ,88332,49145,55.64
20,215,AARTIIND,EQ,541708,259120,47.83
20,216,AARTIPHARM,EQ,1901494,1201820,63.20
20,217,AARVI,EQ,3984,2681,67.29
20,218,AASTHA,EQ,240248,120330,50.09
20,219,AAVAS,EQ,164549,103909,63.15
20,220,ABANSENT,EQ,7320,6442,88.01
20,221,ABB,EQ,383030,220700,57.62
20,222,ABBOTINDIA,EQ,38339,25627,66.84
20,223,ABCAPITAL,EQ,4888619,3053891,62.47
20,224,ABCOTS,EQ,219982,135491,61.59
20,225,ABDL,EQ,437696,208212,47.57
20,226,ABFRL,EQ,3238057,1462637,45.17
20,227,ABGSEC,EQ,8,6,75.00
20,228,ABH,SM,123600,100800,81.55
20,229,ABHAPOWER,SM,6400,4800,75.00
20,230,ABLBL,EQ,1106286,631090,57.05
20,231,ABMKNO,EQ,1382,1147,83.00
20,232,ABREL,EQ,171318,84736,49.46
20,233,ABSL10BANK,EQ,281,262,93.24
20,234,ABSLAMC,EQ,378189,236505,62.54
20,235,ABSLBANETF,EQ,10671,4210,39.45
20,236,ABSLLIQUID,EQ,8812,8554,97.07
20,237,ABSLMSCIN,EQ,608,513,84.38
20,238,ABSLNN50ET,EQ,7289,5341,73.27
20,239,ABSLPSE,EQ,46993,28297,60.22
20,240,ABSMARINE,SM,90500,67000,74.03
20,241,ACC,EQ,386560,246221,63.70
20,242,ACCELYA,EQ,3559,2619,73.59
20,243,ACCENTMIC,SM,23000,16500,71.74
20,244,ACCPL,ST,2400,2400,100.00
20,245,ACE,EQ,881443,320647,36.38
20,246,ACEINTEG,EQ,2419,1736,71.77
20,247,ACGL,EQ,1004,484,48.21
20,248,ACI,EQ,327739,175051,53.41
20,249,ACL,EQ,6820,4643,68.08
20,250,ACMESOLAR,EQ,12038412,7105260,59.02
20,251,ACTIVEINFR,SM,27600,27600,100.00
20,252,ACUTAAS,EQ,521496,264645,50.75
20,253,ADANIENSOL,EQ,2145921,1136258,52.95
20,254,ADANIENT,EQ,1628125,909369,55.85
20,255,ADANIGREEN,EQ,2597171,926233,35.66
20,256,ADANIPORTS,EQ,4148803,3187106,76.82
20,257,ADANIPOWER,EQ,18185888,8102807,44.56
20,258,ADDICTIVE,SM,500,500,100.00
20,259,ADDIND,EQ,3,1,33.33
20,260,ADFFOODS,EQ,88038,50941,57.86
20,261,ADISOFT,SM,32000,17600,55.00
20,262,ADL,EQ,261,137,52.49
20,263,ADOR,EQ,19186,10885,56.73
20,264,ADROITINFO,EQ,39432,28576,72.47
20,265,ADSL,EQ,57062,34319,60.14
20,266,ADVAIT,EQ,19625,10504,53.52
20,267,ADVANCE,EQ,87868,55240,62.87
20,268,ADVANIHOTR,EQ,13516,9336,69.07
20,269,ADVENTHTL,EQ,174166,67830,38.95
20,270,ADVENZYMES,EQ,243137,149118,61.33
20,271,ADVIKCA,EQ,216964,147982,68.21
20,272,AEGISLOG,EQ,1333662,619362,46.44
20,273,AEGISVOPAK,EQ,2342046,843380,36.01
20,274,AEL120126,NL,165,160,96.97
20,275,AEL1212026,NO,112,112,100.00
20,276,AEL12126,NI,316,316,100.00
20,277,AEL170725A,NG,7,7,100.00
20,278,AEL17725,NA,4,4,100.00
20,279,AEPL,EQ,15668,13302,84.90
20,280,AEQUS,EQ,859211,422015,49.12
20,281,AEROENTER,EQ,751302,290435,38.66
20,282,AEROFLEX,EQ,890374,320324,35.98
20,283,AERON,SM,3000,2000,66.67
20,284,AERONEU,EQ,28643,11695,40.83
20,285,AEROPLANE,EQ,778122,457370,58.78
20,286,AETHER,EQ,94450,44465,47.08
20,287,AFCONS,EQ,3352350,1055025,31.47
20,288,AFFLE,EQ,434146,270937,62.41
20,289,AFFORDABLE,EQ,29285,21774,74.35
20,290,AFIL,EQ,302606,206700,68.31
20,291,AFSL,EQ,7974,6727,84.36
20,292,AGARIND,EQ,17291,9369,54.18
20,293,AGARWALEYE,EQ,105331,60094,57.05
20,294,AGARWALFT,SM,18000,18000,100.00
20,295,AGARWALTUF,SM,164400,96000,58.39
20,296,AGI,EQ,155939,63070,40.45
20,297,AGIIL,EQ,660624,270957,41.02
20,298,AGL,EQ,1221013,594947,48.73
20,299,AGNI,SM,7500,7500,100.00
20,300,AGRITECH,EQ,1770,1515,85.59
20,301,AGROPHOS,EQ,5479,4185,76.38
20,302,AHCL,EQ,145565213,15892901,10.92
20,303,AHLADA,EQ,8224,5838,70.99
20,304,AHLEAST,EQ,5283,4200,79.50
20,305,AHLUCONT,EQ,63766,37148,58.26
20,306,AIAENG,EQ,75514,40177,53.20
20,307,AIIL,EQ,762508,444779,58.33
20,308,AILIMITED,SM,6000,6000,100.00
20,309,AIMTRON,SM,42000,29600,70.48
20,310,AIRAN,EQ,56051,37931,67.67
20,311,AIROLAM,EQ,12571,10475,83.33
20,312,AISL,SM,1800,1800,100.00
20,313,AJANTPHARM,EQ,201322,120230,59.72
20,314,AJAXENGG,EQ,86718,61864,71.34
20,315,AJMERA,EQ,307767,166001,53.94
20,316,AJOONI,EQ,714622,502383,70.30
20,317,AKANKSHA,SM,75000,60000,80.00
20,318,AKASH,EQ,2440,1787,73.24
20,319,AKCAPIT,EQ,1185,958,80.84
20,320,AKG,EQ,8242,7651,92.83
20,321,AKIKO,SM,16000,11200,70.00
20,322,AKSHAR,EQ,990838,783461,79.07
20,323,AKUMS,EQ,330477,203792,61.67
20,324,ALANKIT,EQ,109982,83986,76.36
20,325,ALBERTDAVD,EQ,1809,1238,68.44
20,326,ALCODIS,SM,4375,3750,85.71
20,327,ALEMBICLTD,EQ,829029,488620,58.94
20,328,ALFREDHE,EQ,52,52,100.00
20,329,ALGOQUANT,EQ,3786684,847958,22.39
20,330,ALICON,EQ,33801,17187,50.85
20,331,ALIVUS,EQ,304330,195156,64.13
20,332,ALKALI,EQ,133798,56778,42.44
20,333,ALKEM,EQ,320770,244775,76.31
20,334,ALKYLAMINE,EQ,55371,33269,60.08
20,335,ALLCARGO,EQ,7521321,3023928,40.20
20,336,ALLDIGI,EQ,12122,8644,71.31
20,337,ALLETEC,SM,18800,14800,78.72
20,338,ALLTIME,EQ,65171,31075,47.68
20,339,ALMONDZ,EQ,264761,167615,63.31
20,340,ALOKINDS,EQ,21523794,10337255,48.03
20,341,ALPA,EQ,17399,15424,88.65
20,342,ALPEXSOLAR,SM,32500,23700,72.92
20,343,ALPHA,EQ,2753171,2275356,82.64
20,344,ALPHAETF,EQ,696150,635878,91.34
20,345,ALPINETEX,EQ,133099,70508,52.97
20,346,ALPL30IETF,EQ,241054,95929,39.80
20,347,ALUFLUOR,EQ,28768,19559,67.99
20,348,ALUWIND,SM,16500,13500,81.82
20,349,AMAGI,EQ,232661,113533,48.80
20,350,AMAL,EQ,25482,18079,70.95
20,351,AMARJOTHI,EQ,1260,1106,87.78
20,352,AMBAAUTO,SM,3000,3000,100.00
20,353,AMBER,EQ,75972,30421,40.04
20,354,AMBICAAGAR,EQ,5850,4237,72.43
20,355,AMBIKCO,EQ,8106,5266,64.96
20,356,AMBUJACEM,EQ,2583375,1292295,50.02
20,357,AMCL,SM,36000,28400,78.89
20,358,AMEYA,SM,20000,19000,95.00
20,359,AMJLAND,EQ,691,449,64.98
20,360,AMNPLST,EQ,9478,4303,45.40
20,361,AMRUTANJAN,EQ,19221,10127,52.69
20,362,ANANDRATHI,EQ,880377,483335,54.90
20,363,ANANTAM,IV,24430,23895,97.81
20,364,ANANTRAJ,EQ,1464027,470351,32.13
20,365,ANAWIL,SM,158800,116400,73.30
20,366,ANDHRAPAP,EQ,950746,354227,37.26
20,367,ANDHRSUGAR,EQ,257513,106593,41.39
20,368,ANDREWYU,EQ,49555,38816,78.33
20,369,ANGELONE,EQ,3531096,1453492,41.16
20,370,ANIKINDS,EQ,6672,6160,92.33
20,371,ANLON,SM,21600,18000,83.33
20,372,ANNAPURNA,EQ,45381,28244,62.24
20,373,ANNU,EQ,1339255,452460,33.78
20,374,ANONDITA,SM,82200,60000,72.99
20,375,ANSALBU,EQ,110,95,86.36
20,376,ANTELOPUS,EQ,555265,98189,17.68
20,377,ANTGRAPHIC,EQ,304156,228205,75.03
20,378,ANTHEM,EQ,5490000,3815599,69.50
20,379,ANUHPHR,EQ,95805,52837,55.15
20,380,ANUP,EQ,35387,21308,60.21
20,381,ANURAS,EQ,465185,235302,50.58
20,382,ANYA,SM,155000,140000,90.32
20,383,AONEGOLD,EQ,691851,431324,62.34
20,384,AONELIQUID,EQ,55374,49580,89.54
20,385,AONENIFTY,EQ,163521,101954,62.35
20,386,AONESILVER,EQ,807684,517234,64.04
20,387,AONETMMQ50,EQ,109369,90966,83.17
20,388,AONETOTAL,EQ,71974,50863,70.67
20,389,APARINDS,EQ,271798,119345,43.91
20,390,APCL,EQ,14530,12638,86.98
20,391,APCOTEXIND,EQ,77596,40832,52.62
20,392,APEX,EQ,103075,43012,41.73
20,393,APEXECO,ST,17600,17600,100.00
20,394,APLAPOLLO,EQ,1115754,720174,64.55
20,395,APLLTD,EQ,634938,277683,43.73
20,396,APOLLO,EQ,9146349,3142423,34.36
20,397,APOLLOHOSP,EQ,344265,260438,75.65
20,398,APOLLOPIPE,EQ,313076,153362,48.99
20,399,APOLLOTYRE,EQ,2365364,1322825,55.92
20,400,APOLSINHOT,EQ,374,273,72.99
20,401,APOORVA,EQ,1516,1385,91.36
20,402,APRAMEYA,SM,500,500,100.00
20,403,APS,SM,10250,7250,70.73
20,404,APSISAERO,ST,13200,13200,100.00
20,405,APTUS,EQ,3101354,1964928,63.36
20,406,AQYLON,EQ,38267346,19975155,52.20
20,407,ARABIAN,SM,6000,6000,100.00
20,408,ARCHIDPLY,EQ,14610,13140,89.94
20,409,ARCHIES,EQ,10999,8041,73.11
20,410,ARCIIL,SM,8000,7000,87.50
20,411,ARCIL,EQ,6345147,2521140,39.73
20,412,ARCL,EQ,3408,2076,60.92
20,413,ARDEE,EQ,1819919,690004,37.91
20,414,ARE&M,EQ,760908,438057,57.57
20,415,ARENTERP,EQ,287,242,84.32
20,416,ARFIN,EQ,2628465,932184,35.46
20,417,ARHAM,SM,11000,7000,63.64
20,418,ARIHANT,EQ,2240,884,39.46
20,419,ARIHANTACA,SM,3200,3200,100.00
20,420,ARIHANTCAP,EQ,109582,57816,52.76
20,421,ARIHANTSUP,EQ,4595,3510,76.39
20,422,ARIS,EQ,3619098,1276876,35.28
20,423,ARKADE,EQ,162908,55304,33.95
20,424,ARMANFIN,EQ,11273,5792,51.38
20,425,ARMOUR,ST,16000,12000,75.00
20,426,AROGRANITE,EQ,673,662,98.37
20,427,ARROWGREEN,EQ,50512,29447,58.30
20,428,ARSSBL,EQ,65352,38645,59.13
20,429,ARTEMISMED,EQ,335686,145968,43.48
20,430,ARTNIRMAN,EQ,14,9,64.29
20,431,ARVEE,EQ,791,609,76.99
20,432,ARVIND,EQ,627060,304338,48.53
20,433,ARVINDFASN,EQ,132261,62450,47.22
20,434,ARVINDPORT,SM,12000,9000,75.00
20,435,ARVSMART,EQ,118593,56252,47.43
20,436,ARYAMAN,EQ,138,138,100.00
20,437,ASAHIINDIA,EQ,98471,45202,45.90
20,438,ASAL,EQ,7762,4616,59.47
20,439,ASALCBR,EQ,20148,12149,60.30
20,440,ASHAPURMIN,EQ,170804,74927,43.87
20,441,ASHIANA,EQ,53770,36000,66.95
20,442,ASHIMASYN,EQ,194419,156308,80.40
20,443,ASHOKA,EQ,780308,310827,39.83
20,444,ASHOKAMET,EQ,58651,34236,58.37
20,445,ASHOKLEY,EQ,17546400,12077095,68.83
20,446,ASHUTOSH,ST,160800,150000,93.28
20,447,ASHWINI,SM,7000,6000,85.71
20,448,ASIANENE,EQ,232493,102285,43.99
20,449,ASIANHOTNR,EQ,25728,22700,88.23
20,450,ASIANPAINT,EQ,1000730,683121,68.26
20,451,ASIANTILES,EQ,2493341,1130035,45.32
20,452,ASIANTNE,EQ,8933,8149,91.22
20,453,ASKAUTOLTD,EQ,515555,219318,42.54
20,454,ASPINWALL,EQ,636,513,80.66
20,455,ASPIRE,SM,2000,2000,100.00
20,456,ASSAMENT,EQ,1,1,100.00
20,457,ASTAR,EQ,13851,3632,26.22
20,458,ASTEC,EQ,101375,24172,23.84
20,459,ASTERDM,EQ,1616337,1001132,61.94
20,460,ASTRAL,EQ,1389183,910419,65.54
20,461,ASTRAMICRO,EQ,199551,104900,52.57
20,462,ASTRAZEN,EQ,4635,2808,60.58
20,463,ATALREAL,EQ,18623657,3568448,19.16
20,464,ATAM,EQ,15055,10695,71.04
20,465,ATCENERGY,ST,8400,8400,100.00
20,466,ATGL,EQ,39305845,2190454,5.57
20,467,ATHERENERG,EQ,5010015,2198996,43.89
20,468,ATL,EQ,95340,56185,58.93
20,469,ATLANTAA,EQ,24208,19626,81.07
20,470,ATLANTAELE,EQ,104958,49446,47.11
20,471,ATLASCYCLE,EQ,16554,12364,74.69
20,472,ATLPP,E1,1412,1400,99.15
20,473,ATMASTCO,SM,7600,7600,100.00
20,474,ATUL,EQ,21266,12884,60.58
20,475,ATULAUTO,EQ,52416,19571,37.34
20,476,AUBANK,EQ,1251837,811439,64.82
20,477,AUGMONT,EQ,898791,297171,33.06
20,478,AURIONPRO,EQ,183275,99283,54.17
20,479,AUROIMPEX,SM,8000,8000,100.00
20,480,AUROPHARMA,EQ,1209478,678997,56.14
20,481,AURUM,EQ,149650,128769,86.05
20,482,AURUS,EQ,15310,11256,73.52
20,483,AUSL,SM,4000,4000,100.00
20,484,AUSOMENT,EQ,9808,5954,60.71
20,485,AUSTENG,EQ,2596,1463,56.36
20,486,AUTOAXLES,EQ,4894,2292,46.83
20,487,AUTOBEES,EQ,85935,40128,46.70
20,488,AUTOIETF,EQ,993774,591642,59.53
20,489,AUTOIND,EQ,88494,58747,66.39
20,490,AVADHSUGAR,EQ,74170,31599,42.60
20,491,AVALON,EQ,4310981,1369122,31.76
20,492,AVANA,ST,10000,10000,100.00
20,493,AVANCE,EQ,2535570,1533767,60.49
20,494,AVANTEL,EQ,619077,251485,40.62
20,495,AVANTIFEED,EQ,318512,143395,45.02
20,496,AVATAR,ST,26000,24000,92.31
20,497,AVIANSH,SM,1000,1000,100.00
20,498,AVIENCE,SM,13800,8400,60.87
20,499,AVL,EQ,147990,65121,44.00
20,500,AVONMORE,EQ,98361,45032,45.78
20,501,AVPINFRA,SM,13600,12800,94.12
20,502,AVROIND,EQ,153863,112636,73.21
20,503,AVTNPL,EQ,59925,34195,57.06
20,504,AWFIS,EQ,539359,246254,45.66
20,505,AWHCL,EQ,403982,91625,22.68
20,506,AWL,EQ,2593357,1552856,59.88
20,507,AXISBANK,EQ,5693016,4627220,81.28
20,508,AXISCADES,EQ,286095,126312,44.15
20,509,AXITA,EQ,327258,154753,47.29
20,510,AXTEL,EQ,7910,6831,86.36
20,511,AYE,EQ,854592,392060,45.88
20,512,AYMSYNTEX,EQ,33688,21116,62.68
20,513,AZAD,EQ,700873,283096,40.39
20,514,AZADIND,EQ,36707,5870,15.99
20,515,BABAFP,SM,3200,3200,100.00
20,516,BAGFILMS,EQ,58850,30409,51.67
20,517,BAGMANE,RR,5292708,3587052,67.77
20,518,BAHETI,SM,22500,15000,66.67
20,519,BAIDFIN,EQ,238710,85580,35.85
20,520,BAJAJ-AUTO,EQ,296757,221542,74.65
20,521,BAJAJCON,EQ,942030,437867,46.48
20,522,BAJAJELEC,EQ,113896,60007,52.69
20,523,BAJAJFINSV,EQ,719520,504220,70.08
20,524,BAJAJHCARE,EQ,42148,24008,56.96
20,525,BAJAJHFL,EQ,5168608,2891361,55.94
20,526,BAJAJHIND,EQ,14869475,3276702,22.04
20,527,BAJAJHLDNG,EQ,56100,35406,63.11
20,528,BAJAJINDEF,EQ,29344,22459,76.54
20,529,BAJAJST,EQ,4283,2539,59.28
20,530,BAJEL,EQ,153833,93763,60.95
20,531,BAJFINANCE,EQ,8201656,6226077,75.91
20,532,BALAJEE,EQ,22788,16593,72.81
20,533,BALAJIPHOS,SM,1000,1000,100.00
20,534,BALAJITELE,EQ,146529,64560,44.06
20,535,BALAMINES,EQ,97030,33427,34.45
20,536,BALAXI,EQ,17900,14501,81.01
20,537,BALKRISHNA,EQ,8085,4388,54.27
20,538,BALKRISIND,EQ,616772,392708,63.67
20,539,BALMLAWRIE,EQ,149297,102566,68.70
20,540,BALPHARMA,EQ,24581,16083,65.43
20,541,BALRAMCHIN,EQ,1086980,324375,29.84
20,542,BALUFORGE,EQ,1043655,505121,48.40
20,543,BANARBEADS,EQ,790,330,41.77
20,544,BANARISUG,EQ,629,515,81.88
20,545,BANCOINDIA,EQ,92889,52347,56.35
20,546,BANDHANBNK,EQ,20360613,12181525,59.83
20,547,BANG,EQ,35579,13485,37.90
20,548,BANK10ADD,EQ,3296,1773,53.79
20,549,BANK10BETF,EQ,6250,5199,83.18
20,550,BANKA,EQ,1630,1425,87.42
20,551,BANKADD,EQ,10688,8884,83.12
20,552,BANKBARODA,EQ,7110561,4640856,65.27
20,553,BANKBEES,EQ,369452,248974,67.39
20,554,BANKBETA,EQ,39047,26831,68.71
20,555,BANKBETF,EQ,6890,3581,51.97
20,556,BANKETF,EQ,12315,4220,34.27
20,557,BANKIETF,EQ,95206,55235,58.02
20,558,BANKINDIA,EQ,4269930,2634281,61.69
20,559,BANKNIFTY1,EQ,106721,66385,62.20
20,560,BANKPSU,EQ,13954,6471,46.37
20,561,BANSALWIRE,EQ,81678,38533,47.18
20,562,BANSWRAS,EQ,57722,31884,55.24
20,563,BARFLEX,SM,12000,8000,66.67
20,564,BASF,EQ,35931,17045,47.44
20,565,BASILIC,SM,14100,12000,85.11
20,566,BATAINDIA,EQ,1089830,501482,46.01
20,567,BATLIBOI,EQ,54989,25187,45.80
20,568,BAWEJA,SM,11200,9600,85.71
20,569,BAYERCROP,EQ,87483,60642,69.32
20,570,BBETF0432,EQ,437,291,66.59
20,571,BBL,EQ,15471,8582,55.47
20,572,BBNPNBETF,EQ,372,283,76.08
20,573,BBNPPGOLD,EQ,5669,5134,90.56
20,574,BBOX,EQ,640804,222205,34.68
20,575,BBTC,EQ,2468226,104016,4.21
20,576,BBTCL,EQ,509,495,97.25
20,577,BCG,EQ,9727064,4304466,44.25
20,578,BCLIND,EQ,347328,188601,54.30
20,579,BCONCEPTS,EQ,5600,4172,74.50
20,580,BCPL,EQ,10426,8514,81.66
20,581,BDL,EQ,741593,263144,35.48
20,582,BEACON,SM,4000,4000,100.00
20,583,BEARDSELL,EQ,11453,10132,88.47
20,584,BECTORFOOD,EQ,1369086,575938,42.07
20,585,BEDMUTHA,EQ,2278,2067,90.74
20,586,BEEKAY,EQ,1478,1342,90.80
20,587,BEL,EQ,11862641,6761334,57.00
20,588,BELLACASA,EQ,9510,4003,42.09
20,589,BELRISE,EQ,10829670,6525639,60.26
20,590,BEML,EQ,1380251,348655,25.26
20,591,BENARAS,EQ,37,33,89.19
20,592,BENGALASM,EQ,151,63,41.72
20,593,BEPL,EQ,834218,392360,47.03
20,594,BERGEPAINT,EQ,1220340,803285,65.82
20,595,BESTAGRO,EQ,285469,172297,60.36
20,596,BETA,EQ,14462,8025,55.49
20,597,BEWLTD,SM,56000,53500,95.54
20,598,BFINVEST,EQ,25663,8196,31.94
20,599,BFSI,EQ,75368,42200,55.99
20,600,BFUTILITIE,EQ,206053,48316,23.45
20,601,BHADORA,ST,19200,19200,100.00
20,602,BHAGCHEM,EQ,146748,124540,84.87
20,603,BHAGYANGR,EQ,329482,180117,54.67
20,604,BHANDARI,EQ,92258,83841,90.88
20,605,BHARATCOAL,EQ,3195446,1601454,50.12
20,606,BHARATFORG,EQ,1602315,675949,42.19
20,607,BHARATRAS,EQ,11371,5681,49.96
20,608,BHARATSE,EQ,96601,41471,42.93
20,609,BHARATWIRE,EQ,72882,34937,47.94
20,610,BHARTIARTL,EQ,14189780,12483302,87.97
20,611,BHARTIHEXA,EQ,307475,208156,67.70
20,612,BHEL,EQ,7669374,3865871,50.41
20,613,BIGBLOC,EQ,25873,18994,73.41
20,614,BIKAJI,EQ,153843,72103,46.87
20,615,BIKEWO,ST,86000,76000,88.37
20,616,BIL,EQ,9486,5026,52.98
20,617,BIMETAL,EQ,332,188,56.63
20,618,BIOCON,EQ,7901211,6325497,80.06
20,619,BIOFILCHEM,EQ,16681,9379,56.23
20,620,BIOPOL,SM,10800,10800,100.00
20,621,BIRET,RR,752548,531078,70.57
20,622,BIRLACABLE,EQ,573898,265221,46.21
20,623,BIRLACORPN,EQ,124135,49712,40.05
20,624,BIRLAMONEY,EQ,18286,10390,56.82
20,625,BIRLANU,EQ,5947,3576,60.13
20,626,BLACKBUCK,EQ,1667349,778084,46.67
20,627,BLAL,EQ,20633,15205,73.69
20,628,BLBLIMITED,EQ,122807,79308,64.58
20,629,BLEL,EQ,370777,165507,44.64
20,630,BLIL,EQ,110370,88170,79.89
20,631,BLKASHYAP,EQ,424616,200678,47.26
20,632,BLS,EQ,748096,461072,61.63
20,633,BLSE,EQ,224022,139188,62.13
20,634,BLUECLOUDS,EQ,493433,278765,56.50
20,635,BLUECOAST,EQ,963,813,84.42
20,636,BLUEDART,EQ,10165,5390,53.03
20,637,BLUEJET,EQ,207881,117596,56.57
20,638,BLUEPEBBLE,ST,400,400,100.00
20,639,BLUESTARCO,EQ,798646,462754,57.94
20,640,BLUESTONE,EQ,1018859,248451,24.39
20,641,BLUEWATER,ST,6000,6000,100.00
20,642,BLUSPRING,EQ,141114,77985,55.26
20,643,BMETRICS,SM,1600,800,50.00
20,644,BMLL,SM,20000,20000,100.00
20,645,BMWVENTLTD,EQ,185490,103124,55.60
20,646,BNAGROCHEM,EQ,944,841,89.09
20,647,BNKETFAXIS,EQ,772,245,31.74
20,648,BODALCHEM,EQ,1686113,774419,45.93
20,649,BOHRAIND,EQ,36792,24555,66.74
20,650,BOMDYEING,EQ,1069497,322314,30.14
20,651,BONLON,EQ,2577,1984,76.99
20,652,BORANA,EQ,25153,16255,64.62
20,653,BOROLTD,EQ,133921,76287,56.96
20,654,BORORENEW,EQ,460974,216637,47.00
20,655,BOROSCI,EQ,21927,13649,62.25
20,656,BOSCH-HCIL,EQ,36229,20042,55.32
20,657,BOSCHLTD,EQ,27389,14282,52.15
20,658,BPCL,EQ,9439555,7022774,74.40
20,659,BPL,EQ,13947,8840,63.38
20,660,BPLPHARMA,EQ,843,562,66.67
20,661,BRACEPORT,SM,3200,3200,100.00
20,662,BRAHMINFRA,EQ,20632,19240,93.25
20,663,BRANDMAN,SM,2400,1600,66.67
20,664,BRIGADE,EQ,666470,414315,62.17
20,665,BRIGHOTEL,EQ,35906,23024,64.12
20,666,BRIGHTBR,EQ,836,756,90.43
20,667,BRITANNIA,EQ,346885,260436,75.08
20,668,BRNL,EQ,29263,15755,53.84
20,669,BROOKS,EQ,38012,27350,71.95
20,670,BSE,EQ,2075360,901434,43.44
20,671,BSE500IETF,EQ,58159,38138,65.58
20,672,BSHSL,EQ,3480,2018,57.99
20,673,BSL,EQ,3489,2606,74.69
20,674,BSLGOLDETF,EQ,327089,215162,65.78
20,675,BSLNIFTY,EQ,690033,507726,73.58
20,676,BSLSENETFG,EQ,4943,3412,69.03
20,677,BSOFT,EQ,1305483,646636,49.53
20,678,BTML,EQ,704020,576629,81.91
20,679,BUILDPRO,EQ,123781,82818,66.91
20,680,BULKCORP,ST,7200,7200,100.00
20,681,BUTTERFLY,EQ,26618,14853,55.80
20,682,BVCL,EQ,7122,4930,69.22
20,683,C2C,SM,85500,58350,68.25
20,684,CAMLINFINE,EQ,1375944,814653,59.21
20,685,CAMPUS,EQ,306540,184551,60.20
20,686,CAMS,EQ,1128255,596435,52.86
20,687,CANARYS,SM,288000,144000,50.00
20,688,CANBK,EQ,11489793,6890669,59.97
20,689,CANFINHOME,EQ,539763,296165,54.87
20,690,CANHLIFE,EQ,807851,484645,59.99
20,691,CANTABIL,EQ,143791,69705,48.48
20,692,CAPACITE,EQ,235892,126089,53.45
20,693,CAPILLARY,EQ,532692,196835,36.95
20,694,CAPINVIT,IV,179280,159464,88.95
20,695,CAPITALSFB,EQ,8706,5930,68.11
20,696,CAPLIPOINT,EQ,308471,77924,25.26
20,697,CARBORUNIV,EQ,533148,266451,49.98
20,698,CARERATING,EQ,46640,27166,58.25
20,699,CARRARO,EQ,169514,61835,36.48
20,700,CARTRADE,EQ,650048,142544,21.93
20,701,CARYSIL,EQ,62416,31681,50.76
20,702,CASHIETF,EQ,122070,80435,65.89
20,703,CASTROLIND,EQ,9615337,5533528,57.55
20,704,CCAVENUE,EQ,15304318,4966932,32.45
20,705,CCCL,EQ,57075,43344,75.94
20,706,CCHHL,EQ,25484,19680,77.22
20,707,CCL,EQ,92827,60098,64.74
20,708,CDSL,EQ,1694146,697061,41.15
20,709,CEATLTD,EQ,113245,49778,43.96
20,710,CEDAAR,ST,20000,18000,90.00
20,711,CEIGALL,EQ,307512,162560,52.86
20,712,CEINSYS,EQ,73862,32425,43.90
20,713,CELEBRITY,EQ,7755,7268,93.72
20,714,CELLECOR,SM,207000,177000,85.51
20,715,CELLO,EQ,240397,151192,62.89
20,716,CELLPOINT,SM,20400,18000,88.24
20,717,CEMNTGROWW,EQ,45103,22521,49.93
20,718,CEMPRO,EQ,233345,143099,61.33
20,719,CENTENKA,EQ,33970,20279,59.70
20,720,CENTEXT,EQ,123725,91562,74.00
20,721,CENTRALBK,EQ,56472458,31914466,56.51
20,722,CENTRUM,EQ,41442,19514,47.09
20,723,CENTUM,EQ,41693,17830,42.76
20,724,CENTURYPLY,EQ,83789,43653,52.10
20,725,CERA,EQ,14398,7105,49.35
20,726,CESC,EQ,3878798,2729511,70.37
20,727,CEWATER,EQ,750844,186892,24.89
20,728,CGCL,EQ,6367147,2828255,44.42
20,729,CGPOWER,EQ,3114673,1520654,48.82
20,730,CGRAPHICS,SM,24800,20800,83.87
20,731,CGVAK,EQ,2553,1708,66.90
20,732,CHALET,EQ,566679,371075,65.48
20,733,CHAMBLFERT,EQ,470769,272813,57.95
20,734,CHAMUNDA,SM,3000,3000,100.00
20,735,CHANDAN,SM,32800,24000,73.17
20,736,CHAVDA,SM,7000,5000,71.43
20,737,CHEMBOND,EQ,12271,6188,50.43
20,738,CHEMCRUX,EQ,4816,1508,31.31
20,739,CHEMFAB,EQ,2010,1197,59.55
20,740,CHEMICAL,EQ,279002,122595,43.94
20,741,CHEMPLASTS,EQ,443500,170141,38.36
20,742,CHENNPETRO,EQ,1081342,290995,26.91
20,743,CHETANA,SM,4800,4800,100.00
20,744,CHEVIOT,EQ,820,705,85.98
20,745,CHOICEGOLD,EQ,2964,1823,61.50
20,746,CHOICEIN,EQ,989378,178966,18.09
20,747,CHOLAFIN,EQ,1509978,1000916,66.29
20,748,CHOLAHLDNG,EQ,395533,241383,61.03
20,749,CIEINDIA,EQ,376545,181245,48.13
20,750,CIFL,EQ,45611,35682,78.23
20,751,CINELINE,EQ,6895,4614,66.92
20,752,CINEVISTA,EQ,6423,5740,89.37
20,753,CIPLA,EQ,1386584,943438,68.04
20,754,CITIUSINVT,IV,21756,17191,79.02
20,755,CKKRETAIL,SM,88800,56800,63.96
20,756,CLASSICEIL,SM,24000,16000,66.67
20,757,CLAYCRAFT,SM,116400,92400,79.38
20,758,CLEAN,EQ,891352,302954,33.99
20,759,CLEANMAX,EQ,102176,61262,59.96
20,760,CLEDUCATE,EQ,7979,7201,90.25
20,761,CLSEL,EQ,32143,14718,45.79
20,762,CLSL,ST,8000,6000,75.00
20,763,CMLL,EQ,165073,84390,51.12
20,764,CMNL,SM,4500,3750,83.33
20,765,CMPDI,EQ,2923381,1135289,38.83
20,766,CMRGREEN,EQ,1840718,754895,41.01
20,767,CMRSL,SM,1600,1600,100.00
20,768,CMSINFO,EQ,952449,525159,55.14
20,769,CNL,EQ,17388,8774,50.46
20,770,COALINDIA,EQ,7700870,4948015,64.25
20,771,COASTCORP,EQ,131467,67370,51.24
20,772,COCHINSHIP,EQ,1456165,765720,52.58
20,773,COCKERILL,EQ,3914,1670,42.67
20,774,COFFEEDAY,EQ,346468,222122,64.11
20,775,COFORGE,EQ,2489460,1461501,58.71
20,776,COHANCE,EQ,699254,358109,51.21
20,777,COLPAL,EQ,601910,419181,69.64
20,778,COMFINTE,EQ,71837,55084,76.68
20,779,COMMITTED,SM,1600,1600,100.00
20,780,COMMOIETF,EQ,21581,13293,61.60
20,781,COMPEAU,EQ,714,713,99.86
20,782,COMPUSOFT,EQ,299192,126026,42.12
20,783,COMSYN,EQ,869871,468621,53.87
20,784,CONCOR,EQ,2242132,1502403,67.01
20,785,CONCORDBIO,EQ,170417,58015,34.04
20,786,CONFIPET,EQ,5542393,2400216,43.31
20,787,CONNPLEX,SM,33600,27200,80.95
20,788,CONS,EQ,3928,3708,94.40
20,789,CONSUMAXIS,EQ,851,618,72.62
20,790,CONSUMBEES,EQ,39495,23484,59.46
20,791,CONSUMER,EQ,73605,39564,53.75
20,792,CONSUMIETF,EQ,4906,2858,58.26
20,793,CONTI,SM,9999,6666,66.67
20,794,CONTROLPR,EQ,28633,18211,63.60
20,795,COOLCAPS,SM,228750,145000,63.39
20,796,CORALFINAC,EQ,23368,14305,61.22
20,797,CORDELIA,EQ,2435983,1636438,67.18
20,798,CORDSCABLE,EQ,176486,81524,46.19
20,799,COROMANDEL,EQ,302340,206678,68.36
20,800,CORONA,EQ,12123,6658,54.92
20,801,COSMOFIRST,EQ,34649,19498,56.27
20,802,CPCAP,EQ,107712,62110,57.66
20,803,CPEDU,EQ,5691,4927,86.58
20,804,CPL,EQ,41073,10073,24.52
20,805,CPPLUS,EQ,880079,629303,71.51
20,806,CPS,SM,900,900,100.00
20,807,CPSEETF,EQ,392825,255320,65.00
20,808,CRAFTSMAN,EQ,207605,141171,68.00
20,809,CRAMC,EQ,275239,170111,61.80
20,810,CRAVATEX,EQ,1798,1678,93.33
20,811,CRAYONS,SM,4000,4000,100.00
20,812,CREATIVEYE,EQ,11299,9951,88.07
20,813,CREDENT,SM,133200,105600,79.28
20,814,CREDITACC,EQ,149069,76664,51.43
20,815,CREST,EQ,2310,1011,43.77
20,816,CRESTO,EQ,6035,5980,99.09
20,817,CRISIL,EQ,81962,54695,66.73
20,818,CRIZAC,EQ,149317,86674,58.05
20,819,CROMPTON,EQ,1405047,945115,67.27
20,820,CROWN,EQ,8079,5085,62.94
20,821,CSBBANK,EQ,1075560,424911,39.51
20,822,CSLFINANCE,EQ,12818,6141,47.91
20,823,CSM,EQ,9116969,926756,10.17
20,824,CSSL,SM,2000,2000,100.00
20,825,CUB,EQ,2196738,1047112,47.67
20,826,CUBEINVIT,IV,530408,508787,95.92
20,827,CUBEXTUB,EQ,247242,140599,56.87
20,828,CUDML,SM,4000,4000,100.00
20,829,CUMMINSIND,EQ,502366,369945,73.64
20,830,CUPID,EQ,27287571,12513149,45.86
20,831,CURIS,ST,9000,9000,100.00
20,832,CURRENT,SM,1600,1600,100.00
20,833,CYIENT,EQ,668011,375316,56.18
20,834,CYIENTDLM,EQ,469640,192710,41.03
20,835,DABUR,EQ,2455500,1673364,68.15
20,836,DALBHARAT,EQ,374184,194857,52.08
20,837,DALMIASUG,EQ,148278,49455,33.35
20,838,DAMCAPITAL,EQ,176661,98319,55.65
20,839,DANGEE,EQ,22988,22484,97.81
20,840,DANISH,SM,76050,57750,75.94
20,841,DATAMATICS,EQ,43182,19520,45.20
20,842,DATAPATTNS,EQ,606762,180326,29.72
20,843,DAVANGERE,EQ,6216386,4175064,67.16
20,844,DBCORP,EQ,107079,81095,75.73
20,845,DBEIL,EQ,686235,595233,86.74
20,846,DBL,EQ,638580,301439,47.20
20,847,DBOL,EQ,181653,99592,54.83
20,848,DBREALTY,EQ,1389676,759986,54.69
20,849,DCAL,EQ,727114,283232,38.95
20,850,DCBBANK,EQ,1445096,810731,56.10
20,851,DCCL,SM,2000,2000,100.00
20,852,DCG,ST,28800,28800,100.00
20,853,DCI,EQ,78388,23959,30.56
20,854,DCM,EQ,4286,2933,68.43
20,855,DCMFINSERV,EQ,5895,3575,60.64
20,856,DCMNVL,EQ,8381,7334,87.51
20,857,DCMSHRIRAM,EQ,69400,53641,77.29
20,858,DCMSIL,EQ,110121,72560,65.89
20,859,DCMSRIND,EQ,225676,148828,65.95
20,860,DCW,EQ,560676,325260,58.01
20,861,DCXINDIA,EQ,307226,162721,52.96
20,862,DDEVPLSTIK,EQ,71638,39505,55.15
20,863,DECCANCE,EQ,36914,26880,72.82
20,864,DECCANTRAN,SM,3600,3600,100.00
20,865,DECNGOLD,EQ,714192,327657,45.88
20,866,DEEDEV,EQ,288664,234147,81.11
20,867,DEEM,ST,6000,6000,100.00
20,868,DEEP,EQ,24429,18136,74.24
20,869,DEEPA,EQ,7608515,1193338,15.68
20,870,DEEPAKFERT,EQ,209549,92217,44.01
20,871,DEEPAKNTR,EQ,426779,304105,71.26
20,872,DEEPINDS,EQ,137404,55405,40.32
20,873,DEFENCE,EQ,216860,114967,53.01
20,874,DELAPLEX,SM,22800,19200,84.21
20,875,DELHIVERY,EQ,1686221,1108231,65.72
20,876,DELTACORP,EQ,1668878,818175,49.03
20,877,DELTAMAGNT,EQ,898,717,79.84
20,878,DELTIC,SM,12000,8000,66.67
20,879,DEN,EQ,72184,53909,74.68
20,880,DENEERS,SM,10200,9000,88.24
20,881,DENORA,EQ,1861,1225,65.82
20,882,DENTA,EQ,61071,23249,38.07
20,883,DENTALKART,SM,20000,13500,67.50
20,884,DEVIT,EQ,15846,11366,71.73
20,885,DEVX,EQ,103136,56700,54.98
20,886,DEVYANI,EQ,2466888,1312466,53.20
20,887,DGCONTENT,EQ,19907,18356,92.21
20,888,DHAMPURSUG,EQ,762354,327329,42.94
20,889,DHANBANK,EQ,262185,142597,54.39
20,890,DHANLAXMI,SM,2000,2000,100.00
20,891,DHANSA,ST,8000,8000,100.00
20,892,DHANUKA,EQ,13511,6950,51.44
20,893,DHARARAIL,ST,7000,7000,100.00
20,894,DHARIWAL,SM,264000,186000,70.45
20,895,DHARMAJ,EQ,40591,20652,50.88
20,896,DHATRE,EQ,31872,23915,75.03
20,897,DHOOTTRANS,EQ,1187578,361125,30.41
20,898,DHRUV,EQ,14049,12581,89.55
20,899,DHTL,SM,12800,12000,93.75
20,900,DHUNINV,EQ,799,556,69.59
20,901,DIAMINESQ,EQ,2884,1518,52.64
20,902,DIAMONDYD,EQ,15018,10296,68.56
20,903,DICIND,EQ,7309,5067,69.33
20,904,DIFFNKG,EQ,86835,35767,41.19
20,905,DIGIDRIVE,EQ,22287,19798,88.83
20,906,DIGIKORE,SM,68400,49600,72.51
20,907,DIGISPICE,EQ,300569,244649,81.40
20,908,DIGITIDE,EQ,146398,84991,58.05
20,909,DISAQ,EQ,137,85,62.04
20,910,DISHTV,EQ,2364283,1811051,76.60
20,911,DIVGIITTS,EQ,45303,22129,48.85
20,912,DIVIDEND,EQ,2339,1247,53.31
20,913,DIVINEHIRA,ST,8400,4800,57.14
20,914,DIVISLAB,EQ,691534,492740,71.25
20,915,DIVOPPBEES,EQ,25029,14747,58.92
20,916,DIXON,EQ,371296,195168,52.56
20,917,DJML,EQ,19162,9753,50.90
20,918,DKEGL,SM,1500,1500,100.00
20,919,DLF,EQ,2890331,1847279,63.91
20,920,DLINKINDIA,EQ,46171,27711,60.02
20,921,DMART,EQ,881497,626100,71.03
20,922,DMCC,EQ,122609,47482,38.73
20,923,DNAMEDIA,EQ,39981,30016,75.08
20,924,DODLA,EQ,28490,16046,56.32
20,925,DOLATALGO,EQ,98529,63789,64.74
20,926,DOLLAR,EQ,161698,82411,50.97
20,927,DOLLEX,EQ,14860,13045,87.79
20,928,DOLPHIN,EQ,27025,11561,42.78
20,929,DOMS,EQ,20153,12925,64.13
20,930,DONEAR,EQ,7103,5501,77.45
20,931,DPABHUSHAN,EQ,37904,21535,56.81
20,932,DPEL,SM,37000,26000,70.27
20,933,DRAGARWQ,EQ,708,289,40.82
20,934,DRCSYSTEMS,EQ,12957,10416,80.39
20,935,DREAMFOLKS,EQ,30395,18892,62.15
20,936,DREDGECORP,EQ,36676,16550,45.12
20,937,DRONE,SM,14000,12000,85.71
20,938,DRREDDY,EQ,3002566,1743201,58.06
20,939,DSSL,EQ,13842,7249,52.37
20,940,DUCOL,SM,17600,16000,90.91
20,941,DUCON,EQ,6489613,4614009,71.10
20,942,DUGLOBAL,SM,65000,50000,76.92
20,943,DURLAX,SM,284000,160000,56.34
20,944,DVL,EQ,11439,7884,68.92
20,945,DWARKESH,EQ,1861792,524654,28.18
20,946,DYCL,EQ,419341,125839,30.01
20,947,DYNAMATECH,EQ,12437,4256,34.22
20,948,DYNAMIC,ST,24000,21500,89.58
20,949,DYNPRO,EQ,4824,3767,78.09
20,950,E2ERAIL,SM,136800,47200,34.50
20,951,EASEMYTRIP,EQ,13670746,7276894,53.23
20,952,EASTWEST,EQ,56253,41762,74.24
20,953,EBANK10,EQ,109,109,100.00
20,954,EBANKNIFTY,EQ,1676,1590,94.87
20,955,EBBETF0430,EQ,3456,2458,71.12
20,956,EBBETF0431,EQ,2826,2431,86.02
20,957,EBBETF0433,EQ,2911,1689,58.02
20,958,EBGNG,EQ,1067215,347908,32.60
20,959,ECAPINSURE,EQ,24238,20540,84.74
20,960,ECLERX,EQ,177527,85789,48.32
20,961,ECOLINE,ST,15000,12000,80.00
20,962,ECORECO,EQ,8812,5140,58.33
20,963,ECOSMOBLTY,EQ,30641,16996,55.47
20,964,EDELWEISS,EQ,9148549,4338894,47.43
20,965,EEPL,ST,10000,9000,90.00
20,966,EFACTOR,SM,3200,3200,100.00
20,967,EFCIL,EQ,216644,121947,56.29
20,968,EFFWA,SM,28800,18800,65.28
20,969,EFORCE,SM,6000,4800,80.00
20,970,EGOLD,EQ,71864,43136,60.02
20,971,EICHERMOT,EQ,419526,296630,70.71
20,972,EIDPARRY,EQ,854169,399940,46.82
20,973,EIEL,EQ,574560,267655,46.58
20,974,EIHAHOTELS,EQ,37838,19153,50.62
20,975,EIHOTEL,EQ,1308371,439618,33.60
20,976,EIMCOELECO,EQ,15042,7641,50.80
20,977,EKC,EQ,92899,52898,56.94
20,978,EKI,EQ,6068,4339,71.51
20,979,ELANTAS,EQ,3136,1257,40.08
20,980,ELCIDIN,EQ,13,8,61.54
20,981,ELDEHSG,EQ,209,161,77.03
20,982,ELECON,EQ,301790,93911,31.12
20,983,ELECTCAST,EQ,1797787,1029734,57.28
20,984,ELECTHERM,EQ,12959,10913,84.21
20,985,ELGIEQUIP,EQ,398074,216857,54.48
20,986,ELGIRUBCO,EQ,74237,49196,66.27
20,987,ELGNZ,SM,23000,8000,34.78
20,988,ELIN,EQ,71187,42467,59.66
20,989,ELIQUID,EQ,9883,9883,100.00
20,990,ELITECON,EQ,15604333,9190865,58.90
20,991,ELLEN,EQ,733301,309633,42.22
20,992,ELM250,EQ,73569,47225,64.19
20,993,ELMDIV,EQ,4,4,100.00
20,994,ELPROINTL,EQ,15621,12372,79.20
20,995,EMAMILTD,EQ,3703471,1841498,49.72
20,996,EMAMIREAL,EQ,3888,2907,74.77
20,997,EMAPARTNER,SM,20000,18000,90.00
20,998,EMBASSY,RR,5129525,4597276,89.62
20,999,EMBDL,EQ,2229839,968626,43.44
20,1000,EMCURE,EQ,1744754,1140456,65.36
20,1001,EMETAL,EQ,6609,5957,90.13
20,1002,EMIL,EQ,15751870,4185572,26.57
20,1003,EMKAY,EQ,11664,7785,66.74
20,1004,EMMIL,SM,6250,5750,92.00
20,1005,EMMVEE,EQ,974170,457752,46.99
20,1006,EMPIND,EQ,968,743,76.76
20,1007,EMPOWER,EQ,1202346,1200846,99.88
20,1008,EMSLIMITED,EQ,104833,44694,42.63
20,1009,EMUDHRA,EQ,1272884,256767,20.17
20,1010,EMULTIMQ,EQ,9268,5270,56.86
20,1011,ENCOMPAS,SM,56400,39600,70.21
20,1012,ENDURANCE,EQ,88695,63572,71.67
20,1013,ENERGY,EQ,124531,89377,71.77
20,1014,ENERGYAXIS,EQ,10923,4896,44.82
20,1015,ENERGYDEV,EQ,18897,13676,72.37
20,1016,ENEXT50,EQ,406,382,94.09
20,1017,ENFUSE,SM,1800,1200,66.67
20,1018,ENGINERSIN,EQ,1732303,860578,49.68
20,1019,ENIFTY,EQ,4415,4210,95.36
20,1020,ENIL,EQ,13770,10688,77.62
20,1021,ENKEIWHEL,EQ,827,670,81.02
20,1022,ENRIN,EQ,740325,494927,66.85
20,1023,ENSER,SM,35000,20000,57.14
20,1024,ENTERO,EQ,244661,114756,46.90
20,1025,ENVIRO,SM,28000,20000,71.43
20,1026,EPACK,EQ,161343,78859,48.88
20,1027,EPACKPEB,EQ,315915,129027,40.84
20,1028,EPIGRAL,EQ,25007,14598,58.38
20,1029,EPL,EQ,2325889,1416217,60.89
20,1030,EPWINDIA,ST,18000,14400,80.00
20,1031,EQUAL200,EQ,2868,2101,73.26
20,1032,EQUAL50,EQ,2038,109,5.35
20,1033,EQUAL50ADD,EQ,6164,4601,74.64
20,1034,EQUITASBNK,EQ,2395159,1521514,63.52
20,1035,ERIS,EQ,143139,74243,51.87
20,1036,ESABINDIA,EQ,3207,1999,62.33
20,1037,ESCONET,ST,43200,37200,86.11
20,1038,ESCORTS,EQ,81690,50113,61.35
20,1039,ESDS,EQ,582208,365267,62.74
20,1040,ESENSEX,EQ,1311,1300,99.16
20,1041,ESFL,SM,7200,6840,95.00
20,1042,ESG,EQ,5616,4034,71.83
20,1043,ESILVER,EQ,255075,222798,87.35
20,1044,ESPRIT,SM,11200,8000,71.43
20,1045,ESSARSHPNG,EQ,112302,82208,73.20
20,1046,ESSENTIA,EQ,1591457,1050280,65.99
20,1047,ESTER,EQ,36137,22078,61.10
20,1048,ETERNAL,EQ,17696853,9746344,55.07
20,1049,ETHOSLTD,EQ,27302,13852,50.74
20,1050,ETL,SM,750,600,80.00
20,1051,ETML,SM,3600,2400,66.67
20,1052,EUREKAFORB,EQ,438600,265429,60.52
20,1053,EUROBOND,EQ,4198,2411,57.43
20,1054,EUROPRATIK,EQ,211870,58411,27.57
20,1055,EVEREADY,EQ,178458,103675,58.09
20,1056,EVIETF,EQ,133816,81935,61.23
20,1057,EVINDIA,EQ,100432,73176,72.86
20,1058,EXCELINDUS,EQ,12412,5975,48.14
20,1059,EXCELLENT,ST,3200,1600,50.00
20,1060,EXCELSOFT,EQ,372636,172895,46.40
20,1061,EXICOM,EQ,730474,266722,36.51
20,1062,EXIDEIND,EQ,5570954,2544769,45.68
20,1063,EXIMROUTES,SM,12800,9600,75.00
20,1064,EXPLEOSOL,EQ,20658,10970,53.10
20,1065,EXXARO,EQ,115668,95904,82.91
20,1066,FABTECH,EQ,41486,21625,52.13
20,1067,FACT,EQ,66764,19346,28.98
20,1068,FALCONTECH,SM,13200,9600,72.73
20,1069,FASCINATE,SM,270400,209600,77.51
20,1070,FAZE3Q,EQ,11314,7445,65.80
20,1071,FCL,EQ,26160940,6966016,26.63
20,1072,FCSSOFT,EQ,856983,620796,72.44
20,1073,FDC,EQ,115044,69141,60.10
20,1074,FEDDERSHOL,EQ,4766815,853382,17.90
20,1075,FEDERALBNK,EQ,14568034,9314058,63.93
20,1076,FEDFINA,EQ,792266,405950,51.24
20,1077,FELIX,SM,21500,14500,67.44
20,1078,FERMENTA,EQ,26096,15164,58.11
20,1079,FIBERWEB,EQ,9330,7113,76.24
20,1080,FIDEL,SM,39000,28000,71.79
20,1081,FIEMIND,EQ,71600,38930,54.37
20,1082,FILATEX,EQ,6299414,2031162,32.24
20,1083,FILATFASH,EQ,16682906,13756221,82.46
20,1084,FINBUD,SM,15000,12000,80.00
20,1085,FINCABLES,EQ,1061919,450708,42.44
20,1086,FINEORG,EQ,45907,30435,66.30
20,1087,FINIETF,EQ,140103,112355,80.19
20,1088,FINKURVE,EQ,35407,15321,43.27
20,1089,FINOPB,EQ,82685,41868,50.64
20,1090,FINPIPE,EQ,484153,231602,47.84
20,1091,FIRSTCRY,EQ,6662007,1470300,22.07
20,1092,FISCHER,EQ,361136,207435,57.44
20,1093,FIVESTAR,EQ,741259,318603,42.98
20,1094,FLAIR,EQ,44067,18556,42.11
20,1095,FLEXIADD,EQ,103179,69232,67.10
20,1096,FLUOROCHEM,EQ,225937,158606,70.20
20,1097,FLYSBS,SM,53800,41600,77.32
20,1098,FMCGADD,EQ,16877,8759,51.90
20,1099,FMCGIETF,EQ,1479012,756728,51.16
20,1100,FMGOETZE,EQ,117700,53275,45.26
20,1101,FMNL,EQ,103859,68340,65.80
20,1102,FONEBOX,SM,33000,31000,93.94
20,1103,FOODSIN,EQ,62580,38038,60.78
20,1104,FORCAS,ST,9600,6400,66.67
20,1105,FORCEMOT,EQ,63130,36485,57.79
20,1106,FORGEAUTO,SM,8400,7200,85.71
20,1107,FORTIS,EQ,1928099,1446880,75.04
20,1108,FOSECOIND,EQ,44756,10997,24.57
20,1109,FRACTAL,EQ,203930,113086,55.45
20,1110,FREDUN,EQ,65181,33619,51.58
20,1111,FRESHARA,ST,10800,9600,88.89
20,1112,FROG,SM,35600,25200,70.79
20,1113,FRONTSP,EQ,15604,8081,51.79
20,1114,FSL,EQ,1243136,563375,45.32
20,1115,FUSION,EQ,511372,273408,53.47
20,1116,FWSTC,SM,63600,60600,95.28
20,1117,GABRIEL,EQ,293065,151241,51.61
20,1118,GAEL,EQ,962051,541348,56.27
20,1119,GAIL,EQ,8527161,6004479,70.42
20,1120,GAJA,EQ,198526,93327,47.01
20,1121,GAJANAND,SM,3000,3000,100.00
20,1122,GALAPREC,EQ,12068,6207,51.43
20,1123,GALAXYSURF,EQ,22064,9923,44.97
20,1124,GALLANTT,EQ,73721,28507,38.67
20,1125,GANDHAR,EQ,670870,337711,50.34
20,1126,GANDHITUBE,EQ,7643,3918,51.26
20,1127,GANECOS,EQ,99501,43972,44.19
20,1128,GANESHCP,EQ,98944,51944,52.50
20,1129,GANESHHOU,EQ,25397,18774,73.92
20,1130,GANESHIN,ST,41600,40800,98.08
20,1131,GANGABATH,SM,12000,9000,75.00
20,1132,GANGAFORGE,EQ,1827820,1143110,62.54
20,1133,GANGESSECU,EQ,669,555,82.96
20,1134,GARFIBRES,EQ,56698,28788,50.77
20,1135,GARUDA,EQ,180277,88798,49.26
20,1136,GATEWAY,EQ,660523,464463,70.32
20,1137,GAUDIUMIVF,EQ,155323,106576,68.62
20,1138,GAYAHWS,EQ,253808,172201,67.85
20,1139,GAYAPROJ,EQ,1572098,870696,55.38
20,1140,GCHOTELS,ST,35400,35400,100.00
20,1141,GCSL,EQ,622465,199440,32.04
20,1142,GEEKAYWIRE,EQ,814069,528122,64.87
20,1143,GEMAROMA,EQ,145529,98160,67.45
20,1144,GENCON,EQ,237077,13681,5.77
20,1145,GENESYS,EQ,496070,154920,31.23
20,1146,GENUSPAPER,EQ,40231,27340,67.96
20,1147,GENUSPOWER,EQ,3184194,1330219,41.78
20,1148,GENXAI,SM,6000,6000,100.00
20,1149,GEOJITFSL,EQ,713593,344423,48.27
20,1150,GESHIP,EQ,465939,234149,50.25
20,1151,GFLLIMITED,EQ,23959,17049,71.16
20,1152,GGBL,SM,27000,17400,64.44
20,1153,GHCL,EQ,157583,102460,65.02
20,1154,GHCLTEXTIL,EQ,222126,114554,51.57
20,1155,GICHSGFIN,EQ,89007,59505,66.85
20,1156,GICRE,EQ,1183930,812643,68.64
20,1157,GILLANDERS,EQ,1721,1487,86.40
20,1158,GILLETTE,EQ,52262,36528,69.89
20,1159,GILT10BETA,EQ,641,527,82.22
20,1160,GILT5BETA,EQ,117,92,78.63
20,1161,GILT5YBEES,EQ,117989,74429,63.08
20,1162,GIPCL,EQ,253911,149027,58.69
20,1163,GIRIRAJ,SM,2250,2000,88.89
20,1164,GJL,ST,8800,8000,90.91
20,1165,GKB,EQ,10541,2970,28.18
20,1166,GKENERGY,EQ,561130,255280,45.49
20,1167,GKSL,EQ,273151,95703,35.04
20,1168,GKWLIMITED,EQ,208,143,68.75
20,1169,GLAND,EQ,492452,319412,64.86
20,1170,GLASSWALL,EQ,73819973,5624062,7.62
20,1171,GLAXO,EQ,125265,88399,70.57
20,1172,GLENMARK,EQ,545520,362810,66.51
20,1173,GLFL,EQ,320,240,75.00
20,1174,GLOBAL,EQ,143869,76793,53.38
20,1175,GLOBALE,EQ,8037,4545,56.55
20,1176,GLOBALPET,SM,750,750,100.00
20,1177,GLOBALVECT,EQ,6742,4320,64.08
20,1178,GLOBE,EQ,2740470,2139631,78.08
20,1179,GLOBECIVIL,EQ,21470,15967,74.37
20,1180,GLOBUSSPR,EQ,68570,40733,59.40
20,1181,GLOSTERLTD,EQ,325,256,78.77
20,1182,GLOTTIS,EQ,24282,19162,78.91
20,1183,GMBREW,EQ,70274,39897,56.77
20,1184,GMDCLTD,EQ,635840,239397,37.65
20,1185,GMMPFAUDLR,EQ,1207844,418886,34.68
20,1186,GMRAIRPORT,EQ,21945461,15970769,72.77
20,1187,GMRP&UI,EQ,1263129,557902,44.17
20,1188,GNA,EQ,2062341,730304,35.41
20,1189,GNFC,EQ,1359872,383522,28.20
20,1190,GNRL,EQ,205527,81863,39.83
20,1191,GOACARBON,EQ,21751,10818,49.74
20,1192,GOCLCORP,EQ,522016,272228,52.15
20,1193,GOCOLORS,EQ,44609,27701,62.10
20,1194,GODAVARIB,EQ,80755,31456,38.95
20,1195,GODFRYPHLP,EQ,404029,108498,26.85
20,1196,GODIGIT,EQ,3424067,2072171,60.52
20,1197,GODREJAGRO,EQ,161090,88835,55.15
20,1198,GODREJCP,EQ,1410736,921154,65.30
20,1199,GODREJIND,EQ,114004,67909,59.57
20,1200,GODREJPROP,EQ,659676,358880,54.40
20,1201,GOKEX,EQ,166162,77571,46.68
20,1202,GOKUL,EQ,137161,27050,19.72
20,1203,GOKULAGRO,EQ,245236,120920,49.31
20,1204,GOLD1,EQ,1925096,968015,50.28
20,1205,GOLD360,EQ,6821,3663,53.70
20,1206,GOLDADD,EQ,7975560,5392365,67.61
20,1207,GOLDAXIS,EQ,2006311,1703922,84.93
20,1208,GOLDBEES,EQ,28783409,16383832,56.92
20,1209,GOLDBETA,EQ,806701,510374,63.27
20,1210,GOLDBND,EQ,44050,39537,89.75
20,1211,GOLDCASE,EQ,8804176,4329417,49.17
20,1212,GOLDETF,EQ,2707257,1575116,58.18
20,1213,GOLDIAM,EQ,282706,128985,45.63
20,1214,GOLDIETF,EQ,4606964,2610007,56.65
20,1215,GOLDSTAR,SM,438750,427500,97.44
20,1216,GOODLUCK,EQ,363708,174591,48.00
20,1217,GOODYEAR,EQ,5290,3985,75.33
20,1218,GOPAL,EQ,121271,66233,54.62
20,1219,GOYALALUM,EQ,189846,112739,59.38
20,1220,GOYALSALT,SM,4800,4800,100.00
20,1221,GPECO,SM,8200,7400,90.24
20,1222,GPIL,EQ,1620482,1084513,66.93
20,1223,GPPL,EQ,1713766,901576,52.61
20,1224,GPTHEALTH,EQ,319398,146270,45.80
20,1225,GPTINFRA,EQ,3008060,375882,12.50
20,1226,GRANDOAK,EQ,2900,1425,49.14
20,1227,GRANULES,EQ,1200729,647972,53.96
20,1228,GRAPHITE,EQ,2312208,962911,41.64
20,1229,GRASIM,EQ,682793,476531,69.79
20,1230,GRAUWEIL,EQ,14617872,2115014,14.47
20,1231,GRAVITA,EQ,377745,216918,57.42
20,1232,GRCL,SM,500,500,100.00
20,1233,GREAVESCOT,EQ,1549231,721711,46.59
20,1234,GREENCHEF,SM,22400,19200,85.71
20,1235,GREENLAM,EQ,75198,36986,49.18
20,1236,GREENPANEL,EQ,701624,484955,69.12
20,1237,GREENPLY,EQ,221495,135776,61.30
20,1238,GREENPOWER,EQ,3333043,1746055,52.39
20,1239,GRINDWELL,EQ,41705,27099,64.98
20,1240,GRINFRA,EQ,47000,17068,36.31
20,1241,GRMOVER,EQ,1123465,244421,21.76
20,1242,GROBTEA,EQ,139,108,77.70
20,1243,GROWW,EQ,73111303,47257322,64.64
20,1244,GROWWCAPM,EQ,516604,275943,53.41
20,1245,GROWWCHEM,EQ,29833,16833,56.42
20,1246,GROWWDEFNC,EQ,167199,78656,47.04
20,1247,GROWWEV,EQ,137774,63602,46.16
20,1248,GROWWGOLD,EQ,1882882,522271,27.74
20,1249,GROWWHOSPI,EQ,266394,158591,59.53
20,1250,GROWWLIQID,EQ,102618,80094,78.05
20,1251,GROWWLOVOL,EQ,13538,6190,45.72
20,1252,GROWWMC150,EQ,165,121,73.33
20,1253,GROWWMETAL,EQ,443476,275220,62.06
20,1254,GROWWMOM50,EQ,144864,134208,92.64
20,1255,GROWWN200,EQ,14116,9726,68.90
20,1256,GROWWNET,EQ,446972,353355,79.06
20,1257,GROWWNIFTY,EQ,375003,223630,59.63
20,1258,GROWWNXT50,EQ,1327,1067,80.41
20,1259,GROWWPOWER,EQ,1720753,873832,50.78
20,1260,GROWWPSE,EQ,2729,2106,77.17
20,1261,GROWWPSUBK,EQ,12152,4163,34.26
20,1262,GROWWRAIL,EQ,641865,393547,61.31
20,1263,GROWWRLTY,EQ,2189718,2135234,97.51
20,1264,GROWWSC250,EQ,183371,126732,69.11
20,1265,GROWWSLVR,EQ,2841992,1878562,66.10
20,1266,GRPLTD,EQ,1162,1021,87.87
20,1267,GRSE,EQ,531793,229286,43.12
20,1268,GRWRHITECH,EQ,29770,15318,51.45
20,1269,GSEC10IETF,EQ,2,2,100.00
20,1270,GSEC10YEAR,EQ,279,148,53.05
20,1271,GSEC5IETF,EQ,563,368,65.36
20,1272,GSFC,EQ,1280620,546501,42.67
20,1273,GSLSU,EQ,24429,14139,57.88
20,1274,GSMFOILS,SM,539500,273000,50.60
20,1275,GSPCROP,EQ,277176,36941,13.33
20,1276,GSS,EQ,31000,22090,71.26
20,1277,GSTL,SM,3000,2000,66.67
20,1278,GTECJAINX,EQ,8169,5148,63.02
20,1279,GTL,EQ,57543,44369,77.11
20,1280,GTLINFRA,EQ,29685116,11189767,37.69
20,1281,GTPL,EQ,73098,56660,77.51
20,1282,GUFICBIO,EQ,58865,27678,47.02
20,1283,GUJALKALI,EQ,217900,95419,43.79
20,1284,GUJAPOLLO,EQ,36321,23173,63.80
20,1285,GUJENERGY,EQ,6160841,3871385,62.84
20,1286,GUJRAFFIA,EQ,3547,2101,59.23
20,1287,GUJTHEM,EQ,580582,288473,49.69
20,1288,GULFOILLUB,EQ,30222,20567,68.05
20,1289,GULPOLY,EQ,99834,52897,52.98
20,1290,GURUNANAK,SM,1600,1600,100.00
20,1291,GVPIL,EQ,128144,70585,55.08
20,1292,GVT&D,EQ,809572,495497,61.20
20,1293,GYFTR,EQ,223375,173595,77.71
20,1294,HAL,EQ,972849,501625,51.56
20,1295,HALDER,EQ,482,285,59.13
20,1296,HALEOSLABS,EQ,777,522,67.18
20,1297,HAMPTON,EQ,115275,109777,95.23
20,1298,HAPPSTMNDS,EQ,860696,337968,39.27
20,1299,HAPPY,SM,42000,34000,80.95
20,1300,HAPPYFORGE,EQ,61172,34407,56.25
20,1301,HARDWYN,EQ,693563,362079,52.21
20,1302,HARIOMPIPE,EQ,170163,61676,36.25
20,1303,HARRMALAYA,EQ,10216,7954,77.86
20,1304,HARSHA,EQ,92889,51094,55.01
20,1305,HATHWAY,EQ,1165234,792614,68.02
20,1306,HATSUN,EQ,78526,37428,47.66
20,1307,HAVELLS,EQ,745375,469708,63.02
20,1308,HAVISHA,EQ,14206,12034,84.71
20,1309,HAWKINCOOK,EQ,937,684,73.00
20,1310,HAZOOR,EQ,2904804,510188,17.56
20,1311,HBESD,EQ,1323,711,53.74
20,1312,HBLENGINE,EQ,1898943,736767,38.80
20,1313,HBPOR,EQ,788,753,95.56
20,1314,HBSL,EQ,1597,1488,93.17
20,1315,HCC,EQ,16759566,6422313,38.32
20,1316,HCG,EQ,82273,40079,48.71
20,1317,HCL-INSYS,EQ,494275,358132,72.46
20,1318,HCLTECH,EQ,2886447,1804403,62.51
20,1319,HDBFS,EQ,780230,550367,70.54
20,1320,HDFCAMC,EQ,1040790,737672,70.88
20,1321,HDFCBANK,EQ,39400710,25195213,63.95
20,1322,HDFCBSE500,EQ,202980,104735,51.60
20,1323,HDFCGOLD,EQ,3837028,2212598,57.66
20,1324,HDFCGROWTH,EQ,17188,9208,53.57
20,1325,HDFCLIFE,EQ,5599030,3566409,63.70
20,1326,HDFCLIQUID,EQ,10808,8338,77.15
20,1327,HDFCLOWVOL,EQ,5708,3745,65.61
20,1328,HDFCMID150,EQ,361504,127145,35.17
20,1329,HDFCMOMENT,EQ,113697,51786,45.55
20,1330,HDFCNEXT50,EQ,38062,23516,61.78
20,1331,HDFCNIF100,EQ,50524,35198,69.67
20,1332,HDFCNIFBAN,EQ,31923,18258,57.19
20,1333,HDFCNIFIT,EQ,256307,135426,52.84
20,1334,HDFCNIFTY,EQ,1788313,1721002,96.24
20,1335,HDFCNIMEG,EQ,15389,12187,79.19
20,1336,HDFCPSUBK,EQ,41351,18252,44.14
20,1337,HDFCPVTBAN,EQ,50848,24370,47.93
20,1338,HDFCQUAL,EQ,11934,6296,52.76
20,1339,HDFCSENSEX,EQ,51347,41637,81.09
20,1340,HDFCSILVER,EQ,3863924,2091661,54.13
20,1341,HDFCSML250,EQ,1274357,875482,68.70
20,1342,HDFCVALUE,EQ,7148,2854,39.93
20,1343,HEADSUP,EQ,14036,11198,79.78
20,1344,HEALTHADD,EQ,37211,34532,92.80
20,1345,HEALTHAXIS,EQ,1483,743,50.10
20,1346,HEALTHCARE,EQ,22617,17563,77.65
20,1347,HEALTHIETF,EQ,124667,97860,78.50
20,1348,HEALTHX,EQ,1400,1160,82.86
20,1349,HEALTHY,EQ,168153,102958,61.23
20,1350,HECPROJECT,EQ,8152,7035,86.30
20,1351,HEIDELBERG,EQ,145888,89386,61.27
20,1352,HEMIPROP,EQ,245577,136864,55.73
20,1353,HERANBA,EQ,35651,14217,39.88
20,1354,HERITGFOOD,EQ,567662,273449,48.17
20,1355,HEROMOTOCO,EQ,688654,512051,74.36
20,1356,HESTERBIO,EQ,5041,3719,73.78
20,1357,HEXATRADEX,EQ,2261,1972,87.22
20,1358,HEXT,EQ,191368,116064,60.65
20,1359,HGINFRA,EQ,172786,97666,56.52
20,1360,HGM,EQ,546,519,95.05
20,1361,HGS,EQ,19544,13671,69.95
20,1362,HIGREEN,SM,36000,29600,82.22
20,1363,HIKAL,EQ,382596,148190,38.73
20,1364,HILINFRA,EQ,415937,129782,31.20
20,1365,HILTON,EQ,395977,295193,74.55
20,1366,HIMATSEIDE,EQ,578349,290149,50.17
20,1367,HINDADH,EQ,2455,2253,91.77
20,1368,HINDALCO,EQ,8310236,5716635,68.79
20,1369,HINDALUMI,EQ,1778,1259,70.81
20,1370,HINDCOMPOS,EQ,7703,4098,53.20
20,1371,HINDCON,EQ,32398,28317,87.40
20,1372,HINDCOPPER,EQ,9888264,4818264,48.73
20,1373,HINDOILEXP,EQ,525134,242299,46.14
20,1374,HINDPETRO,EQ,6539998,4618844,70.62
20,1375,HINDUNILVR,EQ,1994635,1518642,76.14
20,1376,HINDWAREAP,EQ,124952,78364,62.72
20,1377,HINDZINC,EQ,7197021,3497765,48.60
20,1378,HIRECT,EQ,50557,17456,34.53
20,1379,HISARMETAL,EQ,148,116,78.38
20,1380,HITECH,EQ,751081,444535,59.19
20,1381,HLEGLAS,EQ,1020903,360796,35.34
20,1382,HLVLTD,EQ,114147,92261,80.83
20,1383,HMAAGRO,EQ,3564052,979916,27.49
20,1384,HNDFDS,EQ,57146,32668,57.17
20,1385,HNGSNGBEES,EQ,56641,36222,63.95
20,1386,HOACFOODS,ST,10125,9750,96.30
20,1387,HOLMARC,SM,1500,1500,100.00
20,1388,HOMEFIRST,EQ,873253,499083,57.15
20,1389,HOMESFY,SM,1800,1800,100.00
20,1390,HONASA,EQ,1065010,467830,43.93
20,1391,HONAUT,EQ,15555,5969,38.37
20,1392,HONDAPOWER,EQ,4755,3085,64.88
20,1393,HORIZONIND,EQ,2786457,1432425,51.41
20,1394,HPAL,EQ,28109,13802,49.10
20,1395,HPIL,EQ,737,547,74.22
20,1396,HPL,EQ,113357,55053,48.57
20,1397,HPTL,SM,15600,15000,96.15
20,1398,HRHNEXT,SM,10500,10500,100.00
20,1399,HRYNSHP,EQ,1604,1415,88.22
20,1400,HSBCGOLD,EQ,13418,10643,79.32
20,1401,HSCL,EQ,2687060,1621990,60.36
20,1402,HTEL,EQ,3939738,1395391,35.42
20,1403,HTMEDIA,EQ,100997,64184,63.55
20,1404,HUBTOWN,EQ,745087,383118,51.42
20,1405,HUDCO,EQ,3438429,1876243,54.57
20,1406,HUHTAMAKI,EQ,136211,63814,46.85
20,1407,HVAX,SM,7950,7050,88.68
20,1408,HYBRIDETF,EQ,38244,10443,27.31
20,1409,HYUNDAI,EQ,764325,503753,65.91
20,1410,IBULLSLTD,EQ,34084914,21559083,63.25
20,1411,ICELCO,SM,39600,27600,69.70
20,1412,ICEMAKE,EQ,53006,38625,72.87
20,1413,ICICIAMC,EQ,1632087,1091172,66.86
20,1414,ICICIB22,EQ,154083,103795,67.36
20,1415,ICICIBANK,EQ,7509409,5293245,70.49
20,1416,ICICIGI,EQ,925599,634071,68.50
20,1417,ICICIPRULI,EQ,2240637,1313801,58.64
20,1418,ICIL,EQ,300607,141345,47.02
20,1419,ICRA,EQ,33473,23727,70.88
20,1420,IDBI,EQ,20869049,7374021,35.33
20,1421,IDEA,EQ,350366817,171233183,48.87
20,1422,IDEAFORGE,EQ,103895,54292,52.26
20,1423,IDEALTECHO,SM,6000,4000,66.67
20,1424,IDFCFIRSTB,EQ,27340008,16741708,61.24
20,1425,IDFNIFTYET,EQ,363,228,62.81
20,1426,IEML,ST,70000,62000,88.57
20,1427,IEX,EQ,2248423,1272926,56.61
20,1428,IFBAGRO,EQ,3866,2372,61.36
20,1429,IFBIND,EQ,22497,11297,50.22
20,1430,IFCI,EQ,60473703,7851903,12.98
20,1431,IFGLEXPOR,EQ,28261,14121,49.97
20,1432,IGARASHI,EQ,77496,33310,42.98
20,1433,IGCL,EQ,121706,63317,52.02
20,1434,IGIL,EQ,2435441,1142658,46.92
20,1435,IGL,EQ,4539547,2920638,64.34
20,1436,IGPL,EQ,52110,31239,59.95
20,1437,IHFL261224,N1,14,14,100.00
20,1438,IIFL,EQ,2243955,1168261,52.06
20,1439,IIFL60326,YB,100,100,100.00
20,1440,IIFLCAPS,EQ,1665584,1108996,66.58
20,1441,IIFLHF29,NE,48,1,2.08
20,1442,IITL,EQ,110592,22773,20.59
20,1443,IKIO,EQ,516858,137908,26.68
20,1444,IKS,EQ,451923,335510,74.24
20,1445,IMAGICAA,EQ,1607686,610447,37.97
20,1446,IMC1,N1,116,116,100.00
20,1447,IMC1,N2,21,21,100.00
20,1448,IMC1,N3,370,370,100.00
20,1449,IMFA,EQ,49098,27674,56.36
20,1450,IMPAL,EQ,1932,1376,71.22
20,1451,INA,EQ,561788,280575,49.94
20,1452,INCREDIBLE,EQ,3415,2663,77.98
20,1453,INDBANK,EQ,27153,19318,71.14
20,1454,INDGN,EQ,469267,276265,58.87
20,1455,INDHOTEL,EQ,3256156,1886853,57.95
20,1456,INDIACEM,EQ,229613,80706,35.15
20,1457,INDIAGLYCO,EQ,1678037,452985,26.99
20,1458,INDIAMART,EQ,709316,556844,78.50
20,1459,INDIANB,EQ,1400080,861650,61.54
20,1460,INDIANCARD,EQ,144,123,85.42
20,1461,INDIANHUME,EQ,81339,21160,26.01
20,1462,INDIASHLTR,EQ,62948,39803,63.23
20,1463,INDIGO,EQ,732347,429627,58.66
20,1464,INDIGOPNTS,EQ,43988,24902,56.61
20,1465,INDIGRID,IV,1489506,1061521,71.27
20,1466,INDIQUBE,EQ,81977,27807,33.92
20,1467,INDNIPPON,EQ,32358,13095,40.47
20,1468,INDOBORAX,EQ,40484,19585,48.38
20,1469,INDOCO,EQ,205516,64849,31.55
20,1470,INDOFARM,EQ,92008,42473,46.16
20,1471,INDOKEM,EQ,13991,8772,62.70
20,1472,INDOMIM,EQ,3925761,1325993,33.78
20,1473,INDORAMA,EQ,1163975,364047,31.28
20,1474,INDOSTAR,EQ,121475,80877,66.58
20,1475,INDOTECH,EQ,8364,5403,64.60
20,1476,INDOTHAI,EQ,3760631,1407360,37.42
20,1477,INDOUS,EQ,5215,2877,55.17
20,1478,INDOWIND,EQ,72495,37592,51.85
20,1479,INDPRUD,EQ,64,59,92.19
20,1480,INDRAMEDCO,EQ,134873,87764,65.07
20,1481,INDSWFTLAB,EQ,399757,180799,45.23
20,1482,INDTERRAIN,EQ,57089,35267,61.78
20,1483,INDUSINDBK,EQ,6250679,4656142,74.49
20,1484,INDUSINVIT,IV,66874,52455,78.44
20,1485,INDUSTOWER,EQ,4696284,3037338,64.68
20,1486,INFINIUM,SM,3000,2500,83.33
20,1487,INFLUX,SM,29400,18600,63.27
20,1488,INFOBEAN,EQ,99135,48696,49.12
20,1489,INFOLLION,SM,2800,2400,85.71
20,1490,INFOMEDIA,EQ,35771,23433,65.51
20,1491,INFRA,EQ,16540,12013,72.63
20,1492,INFRABEES,EQ,5322,2749,51.65
20,1493,INFRAIETF,EQ,203080,181745,89.49
20,1494,INFY,EQ,22124953,15755453,71.21
20,1495,INGERRAND,EQ,41603,21896,52.63
20,1496,INM,SM,600,600,100.00
20,1497,INNOMET,ST,28800,28800,100.00
20,1498,INNOVACAP,EQ,32076,19803,61.74
20,1499,INNOVANA,EQ,35756,13961,39.05
20,1500,INNOVISION,EQ,8009,5559,69.41
20,1501,INOXGREEN,EQ,536646,252730,47.09
20,1502,INOXINDIA,EQ,229005,109149,47.66
20,1503,INOXWIND,EQ,10976663,5173553,47.13
20,1504,INSECTICID,EQ,5335,3711,69.56
20,1505,INSPIRE,SM,4000,2000,50.00
20,1506,INSPIRISYS,EQ,2161,2154,99.68
20,1507,INSUREIETF,EQ,308060,198412,64.41
20,1508,INTELLECT,EQ,290091,161185,55.56
20,1509,INTENTECH,EQ,11763,8938,75.98
20,1510,INTERARCH,EQ,35940,23778,66.16
20,1511,INTERNET,EQ,297012,158742,53.45
20,1512,INTLCONV,EQ,17876,12648,70.75
20,1513,INVENTURE,EQ,358172,189063,52.79
20,1514,INVICTA,SM,6400,4800,75.00
20,1515,IOB,EQ,1954679,1094654,56.00
20,1516,IOC,EQ,11505787,8022320,69.72
20,1517,IOLCP,EQ,4695376,1571237,33.46
20,1518,IONEXCHANG,EQ,491666,266916,54.29
20,1519,IPCALAB,EQ,527501,361636,68.56
20,1520,IPHL,SM,4800,4800,100.00
20,1521,IPL,EQ,496519,251532,50.66
20,1522,IPRINGLTD,EQ,2570,2398,93.31
20,1523,IRB,EQ,21372707,14644687,68.52
20,1524,IRBINVIT,IV,1394444,1088582,78.07
20,1525,IRCON,EQ,2642536,941341,35.62
20,1526,IRCTC,EQ,1670118,817864,48.97
20,1527,IREDA,EQ,5072770,2840181,55.99
20,1528,IRFC,EQ,14377921,7178311,49.93
20,1529,IRIS,EQ,5209,3112,59.74
20,1530,IRISDOREME,EQ,2408240,872622,36.23
20,1531,IRMENERGY,EQ,69769,38166,54.70
20,1532,ISFT,EQ,414668,94538,22.80
20,1533,ISGEC,EQ,50228,28396,56.53
20,1534,ISHANCH,EQ,41286,18138,43.93
20,1535,ISTLTD,EQ,583,292,50.09
20,1536,IT,EQ,639140,364112,56.97
20,1537,ITADD,EQ,25542,18063,70.72
20,1538,ITALIANE,SM,4000,4000,100.00
20,1539,ITAXIS,EQ,2163,1416,65.46
20,1540,ITBEES,EQ,13607369,6435599,47.29
20,1541,ITBETA,EQ,798,778,97.49
20,1542,ITC,EQ,14399150,9515153,66.08
20,1543,ITCHOTELS,EQ,2982731,1657195,55.56
20,1544,ITDC,EQ,46546,15646,33.61
20,1545,ITETF,EQ,500010,155713,31.14
20,1546,ITI,EQ,79274,40504,51.09
20,1547,ITIETF,EQ,825230,366391,44.40
20,1548,ITL,EQ,1046,819,78.30
20,1549,IVALUE,EQ,132240,64963,49.13
20,1550,IVC,EQ,144297,96889,67.15
20,1551,IVZBANKNF,EQ,12191,10238,83.98
20,1552,IVZINGOLD,EQ,33465,26158,78.17
20,1553,IVZINNIFTY,EQ,209,152,72.73
20,1554,IVZSENSEX,EQ,2023,2017,99.70
20,1555,IWARE,ST,20400,18600,91.18
20,1556,IWP,EQ,9946,8078,81.22
20,1557,IXIGO,EQ,3132025,1853179,59.17
20,1558,IZMO,EQ,130243,43438,33.35
20,1559,J&KBANK,EQ,3653479,2078629,56.89
20,1560,JAGRAN,EQ,110739,76138,68.75
20,1561,JAGSNPHARM,EQ,48985,22050,45.01
20,1562,JAIBALAJI,EQ,524099,315446,60.19
20,1563,JAICORPLTD,EQ,148952,55173,37.04
20,1564,JAINAM,SM,1000,1000,100.00
20,1565,JAINIK,ST,2400,2400,100.00
20,1566,JAINREC,EQ,555155,220747,39.76
20,1567,JAIPURKURT,EQ,3279,1443,44.01
20,1568,JALAN,ST,6000,6000,100.00
20,1569,JAMNAAUTO,EQ,2670217,985968,36.92
20,1570,JARO,EQ,98491,16763,17.02
20,1571,JASH,EQ,166601,89132,53.50
20,1572,JAYAGROGN,EQ,6086,4443,73.00
20,1573,JAYBARMARU,EQ,160918,99126,61.60
20,1574,JAYBEE,SM,10500,7000,66.67
20,1575,JAYESH,SM,1000,1000,100.00
20,1576,JAYKAY,EQ,966066,272955,28.25
20,1577,JAYNECOIND,EQ,1630439,892096,54.72
20,1578,JAYSREETEA,EQ,31481,23102,73.38
20,1579,JBMA,EQ,200524,74094,36.95
20,1580,JENBURPH,EQ,1916,1772,92.48
20,1581,JETFREIGHT,EQ,1486253,370249,24.91
20,1582,JEYYAM,ST,24000,22000,91.67
20,1583,JFLLIFE,SM,6000,6000,100.00
20,1584,JGCHEM,EQ,346503,143228,41.34
20,1585,JHS,EQ,41482,29238,70.48
20,1586,JINDALPHOT,EQ,7243,5261,72.64
20,1587,JINDALPOLY,EQ,16484,9196,55.79
20,1588,JINDALSAW,EQ,2085677,1334017,63.96
20,1589,JINDALSTEL,EQ,1056818,693935,65.66
20,1590,JINDRILL,EQ,269661,71240,26.42
20,1591,JINDWORLD,EQ,11061999,1335991,12.08
20,1592,JIOFIN,EQ,11847025,7384537,62.33
20,1593,JISLDVREQS,EQ,12202,7480,61.30
20,1594,JISLJALEQS,EQ,5621238,1677254,29.84
20,1595,JITFINFRA,EQ,18410,12062,65.52
20,1596,JIWANRAM,SM,24000,18000,75.00
20,1597,JKCEMENT,EQ,60794,32831,54.00
20,1598,JKIL,EQ,65328,44335,67.87
20,1599,JKIPL,EQ,4652,3363,72.29
20,1600,JKLAKSHMI,EQ,278231,131430,47.24
20,1601,JKPAPER,EQ,572207,268147,46.86
20,1602,JKTYRE,EQ,621396,320042,51.50
20,1603,JLHL,EQ,240514,135386,56.29
20,1604,JMA,EQ,11223,7615,67.85
20,1605,JMFINANCIL,EQ,5637377,3421389,60.69
20,1606,JNKINDIA,EQ,58911,29301,49.74
20,1607,JNPR,EQ,720178,443691,61.61
20,1608,JOCIL,EQ,6159,3552,57.67
20,1609,JPOLYINVST,EQ,1447,731,50.52
20,1610,JPPOWER,EQ,37304111,15581569,41.77
20,1611,JSFB,EQ,1405254,696098,49.54
20,1612,JSL,EQ,2671236,1590149,59.53
20,1613,JSLL,EQ,341598,193301,56.59
20,1614,JSWCEMENT,EQ,1513300,832805,55.03
20,1615,JSWDULUX,EQ,21480,11744,54.67
20,1616,JSWENERGY,EQ,3397652,2484988,73.14
20,1617,JSWHL,EQ,3808,1608,42.23
20,1618,JSWINFRA,EQ,25470641,16474653,64.68
20,1619,JSWSTEEL,EQ,2378010,1576365,66.29
20,1620,JTEKTINDIA,EQ,217543,133922,61.56
20,1621,JTLIND,EQ,2943629,844054,28.67
20,1622,JUBLCPL,EQ,6169,4107,66.57
20,1623,JUBLFOOD,EQ,2900829,1763654,60.80
20,1624,JUBLINGREA,EQ,923659,542200,58.70
20,1625,JUBLPHARMA,EQ,308313,175017,56.77
20,1626,JUNIORBEES,EQ,180919,100579,55.59
20,1627,JUNIPER,EQ,274539,161750,58.92
20,1628,JUSTDIAL,EQ,174274,91357,52.42
20,1629,JWL,EQ,1093397,417963,38.23
20,1630,JYOTHYLAB,EQ,713471,296981,41.62
20,1631,JYOTICNC,EQ,3979254,1173515,29.49
20,1632,JYOTIGLOBL,SM,24000,22000,91.67
20,1633,JYOTIRES,EQ,2378,1375,57.82
20,1634,JYOTISTRUC,EQ,4504436,2497386,55.44
20,1635,K2INFRA,ST,16200,14400,88.89
20,1636,KABRAEXTRU,EQ,233883,94741,40.51
20,1637,KAJARIACER,EQ,194896,119726,61.43
20,1638,KAKATCEM,EQ,1116,602,53.94
20,1639,KALAMANDIR,EQ,532981,237296,44.52
20,1640,KALANA,SM,2000,2000,100.00
20,1641,KALPATARU,EQ,59103,41084,69.51
20,1642,KALYANKJIL,EQ,5379085,2474978,46.01
20,1643,KAMAHOLD,EQ,5489,4212,76.74
20,1644,KAMANWALA,EQ,414,400,96.62
20,1645,KAMATHOTEL,EQ,48978,32501,66.36
20,1646,KAMOPAINTS,EQ,124231,112118,90.25
20,1647,KANANIIND,EQ,132727,92765,69.89
20,1648,KANCHI,EQ,439,284,64.69
20,1649,KANCOTEA,EQ,1,1,100.00
20,1650,KANOHAR,EQ,7345005,1113960,15.17
20,1651,KANPRPLA,EQ,26773,16587,61.95
20,1652,KANSAINER,EQ,672383,391100,58.17
20,1653,KAPSTON,EQ,40257,25933,64.42
20,1654,KARAMTARA,EQ,29625649,8203070,27.69
20,1655,KARMAENG,EQ,18883,6349,33.62
20,1656,KARNIKA,SM,13000,9000,69.23
20,1657,KARURVYSYA,EQ,3218547,1942371,60.35
20,1658,KATARIA,SM,7800,6600,84.62
20,1659,KAYNES,EQ,1266788,271276,21.41
20,1660,KAYTEX,SM,4000,4000,100.00
20,1661,KCEIL,SM,11500,11000,95.65
20,1662,KCK,ST,32500,32500,100.00
20,1663,KCP,EQ,136817,97966,71.60
20,1664,KDDL,EQ,7233,3778,52.23
20,1665,KDGREEN,EQ,44221,35071,79.31
20,1666,KDL,SM,28650,28650,100.00
20,1667,KEC,EQ,1338287,657655,49.14
20,1668,KECL,EQ,66064,35479,53.70
20,1669,KEEPLEARN,EQ,16221,14113,87.00
20,1670,KEI,EQ,573397,306769,53.50
20,1671,KELLTONTEC,EQ,1105458,528514,47.81
20,1672,KEN,SM,102000,73200,71.76
20,1673,KENNAMET,EQ,23629,9290,39.32
20,1674,KERNEX,EQ,104121,42005,40.34
20,1675,KEYFINSERV,EQ,123,86,69.92
20,1676,KFINTECH,EQ,539201,290956,53.96
20,1677,KHAICHEM,EQ,135895,69871,51.42
20,1678,KHAITANLTD,EQ,3145,2258,71.80
20,1679,KHANDSE,EQ,894,894,100.00
20,1680,KICL,EQ,2638,2037,77.22
20,1681,KIMS,EQ,1242321,760029,61.18
20,1682,KINGFA,EQ,6576,3997,60.78
20,1683,KIOCL,EQ,77819,32107,41.26
20,1684,KIRANVYPAR,EQ,1367,1050,76.81
20,1685,KIRIINDUS,EQ,384478,199179,51.81
20,1686,KIRLFER,EQ,201207,130286,64.75
20,1687,KIRLOSBROS,EQ,50634,13429,26.52
20,1688,KIRLOSENG,EQ,473818,297066,62.70
20,1689,KIRLOSIND,EQ,21797,7988,36.65
20,1690,KIRLPNU,EQ,252323,141301,56.00
20,1691,KISSHT,EQ,4153061,1820241,43.83
20,1692,KITEX,EQ,262500,139846,53.27
20,1693,KJMCFIN,EQ,620,570,91.94
20,1694,KKCL,EQ,9200,5417,58.88
20,1695,KKJEWELS,SM,3000,3000,100.00
20,1696,KLBRENG-B,EQ,93229,54934,58.92
20,1697,KLL,SM,264800,212800,80.36
20,1698,KMCSHIL,EQ,467949,146921,31.40
20,1699,KMEW,EQ,56943,24606,43.21
20,1700,KMSUGAR,EQ,136758,70090,51.25
20,1701,KNACK,EQ,753950,410149,54.40
20,1702,KNAGRI,EQ,10201,5400,52.94
20,1703,KNRCON,EQ,3109057,1444642,46.47
20,1704,KODYTECH,ST,5700,5500,96.49
20,1705,KOHINOOR,EQ,72393,25592,35.35
20,1706,KOKUYOCMLN,EQ,18695,13956,74.65
20,1707,KOLTEPATIL,EQ,117469,69075,58.80
20,1708,KONSTELEC,ST,4000,4000,100.00
20,1709,KONTOR,SM,1800,1800,100.00
20,1710,KOPRAN,EQ,2434887,449850,18.48
20,1711,KORE,ST,11500,11250,97.83
20,1712,KOTAKBANK,EQ,15461137,12806526,82.83
20,1713,KOTHARIPET,EQ,101963,61204,60.03
20,1714,KOTHARIPRO,EQ,4933,2522,51.13
20,1715,KOTIC,EQ,87682,21294,24.29
20,1716,KOVAI,EQ,3229,2139,66.24
20,1717,KPEL,EQ,216598,92472,42.69
20,1718,KPIGREEN,EQ,1041400,405762,38.96
20,1719,KPIL,EQ,224766,137804,61.31
20,1720,KPITTECH,EQ,3944020,2067762,52.43
20,1721,KPL,EQ,28652,11875,41.45
20,1722,KPRMILL,EQ,265730,142076,53.47
20,1723,KRBL,EQ,358622,178958,49.90
20,1724,KREBSBIO,EQ,54497,15129,27.76
20,1725,KRIDHANINF,EQ,6829,6288,92.08
20,1726,KRISHANA,EQ,358867,197293,54.98
20,1727,KRISHCA,SM,8500,7500,88.24
20,1728,KRISHIVAL,EQ,7573,4650,61.40
20,1729,KRISHNADEF,EQ,49863,25773,51.69
20,1730,KRITI,EQ,30068,27179,90.39
20,1731,KRITIKA,EQ,65954,52905,80.21
20,1732,KRITINUT,EQ,6156,4421,71.82
20,1733,KRMAYURVED,SM,93000,52000,55.91
20,1734,KRN,EQ,245619,138441,56.36
20,1735,KROSS,EQ,1324987,435473,32.87
20,1736,KRSNAA,EQ,121588,44892,36.92
20,1737,KRT,RR,4321212,3209205,74.27
20,1738,KRYSTAL,EQ,46393,20573,44.35
20,1739,KSB,EQ,277580,128727,46.37
20,1740,KSCL,EQ,71585,34345,47.98
20,1741,KSE,EQ,5194,3700,71.24
20,1742,KSHINTL,EQ,274277,99615,36.32
20,1743,KSHITIJPOL,EQ,6675034,3694114,55.34
20,1744,KSL,EQ,67867,34984,51.55
20,1745,KSOLVES,EQ,55291,31496,56.96
20,1746,KTKBANK,EQ,1649339,1034143,62.70
20,1747,KUANTUM,EQ,286124,94724,33.11
20,1748,KUSUMGAR,EQ,504398,237133,47.01
20,1749,KWIL,EQ,11630941,4511182,38.79
20,1750,LAGNAM,EQ,15924,10182,63.94
20,1751,LAHOTIOV,EQ,5598,3862,68.99
20,1752,LAKSHMIMIL,EQ,1,1,100.00
20,1753,LAKSHYA,SM,35200,33600,95.45
20,1754,LAL,EQ,223610,217594,97.31
20,1755,LALITHAA,EQ,8505145,2680956,31.52
20,1756,LALPATHLAB,EQ,477275,306578,64.24
20,1757,LAMBODHARA,EQ,6550,2926,44.67
20,1758,LAMOSAIC,ST,45000,41400,92.00
20,1759,LANCER,EQ,346283,300440,86.76
20,1760,LANDMARK,EQ,67669,40393,59.69
20,1761,LANDSMILL,EQ,1697340,1184525,69.79
20,1762,LAOPALA,EQ,310800,121102,38.96
20,1763,LARGEMID50,EQ,1014,970,95.66
20,1764,LASERPOWER,EQ,1116298,611080,54.74
20,1765,LATENTVIEW,EQ,254240,155443,61.14
20,1766,LATTEYS,EQ,40204,28361,70.54
20,1767,LAURUSLABS,EQ,2655873,1851023,69.70
20,1768,LAXMICOT,EQ,5476,3135,57.25
20,1769,LAXMIDENTL,EQ,29411,14866,50.55
20,1770,LAXMIINDIA,EQ,133652,70914,53.06
20,1771,LCCINFOTEC,EQ,47268,47268,100.00
20,1772,LCCPROJECT,EQ,11654009,3770884,32.36
20,1773,LCL,EQ,322072,152046,47.21
20,1774,LEAPIND,EQ,2759097,1137481,41.23
20,1775,LEMERITE,EQ,249153,154045,61.83
20,1776,LEMONTREE,EQ,2070198,1038718,50.17
20,1777,LENSKART,EQ,25690503,16501225,64.23
20,1778,LEXUS,EQ,39290,25703,65.42
20,1779,LFIC,EQ,2724,1666,61.16
20,1780,LGBBROSLTD,EQ,25696,14845,57.77
20,1781,LGEINDIA,EQ,1337344,980784,73.34
20,1782,LGHL,EQ,25458,15395,60.47
20,1783,LIBAS,EQ,272411,111550,40.95
20,1784,LIBERTSHOE,EQ,20763,13826,66.59
20,1785,LICHSGFIN,EQ,2234836,1352944,60.54
20,1786,LICI,EQ,6937082,5439345,78.41
20,1787,LICMFGOLD,EQ,332691,185250,55.68
20,1788,LICNETFGSC,EQ,6406,3808,59.44
20,1789,LICNETFN50,EQ,69,63,91.30
20,1790,LICNETFSEN,EQ,52,52,100.00
20,1791,LICNFNHGP,EQ,361,261,72.30
20,1792,LICNMID100,EQ,17461,2052,11.75
20,1793,LIKHITHA,EQ,62548,37829,60.48
20,1794,LINC,EQ,5818,4339,74.58
20,1795,LINCOLN,EQ,18250,9737,53.35
20,1796,LINDEINDIA,EQ,20753,11662,56.19
20,1797,LIQGRWBEES,EQ,101609,93112,91.64
20,1798,LIQUID,EQ,107563,60935,56.65
20,1799,LIQUID1,EQ,588053,347842,59.15
20,1800,LIQUIDADD,EQ,335850,215902,64.29
20,1801,LIQUIDBEES,EQ,6909810,6022757,87.16
20,1802,LIQUIDBETF,EQ,477228,374107,78.39
20,1803,LIQUIDCASE,EQ,13211859,11393609,86.24
20,1804,LIQUIDETF,EQ,89967,70367,78.21
20,1805,LIQUIDIETF,EQ,841690,811104,96.37
20,1806,LIQUIDPLUS,EQ,480177,348265,72.53
20,1807,LIQUIDSBI,EQ,2584,2297,88.89
20,1808,LIQUIDSHRI,EQ,5249,3765,71.73
20,1809,LKPSEC,EQ,9134,6144,67.27
20,1810,LLOYDS,SM,15000,14000,93.33
20,1811,LLOYDSENGG,EQ,2821471,1215697,43.09
20,1812,LLOYDSENT,EQ,1584258,684714,43.22
20,1813,LLOYDSME,EQ,342148,223245,65.25
20,1814,LMW,EQ,8747,5253,60.05
20,1815,LODHA,EQ,4727259,3082611,65.21
20,1816,LOKESHMACH,EQ,15887,9151,57.60
20,1817,LORDSCHLO,EQ,10327,8211,79.51
20,1818,LOTUSCHO,EQ,1912,1323,69.19
20,1819,LOTUSEYE,EQ,7112,6646,93.45
20,1820,LOVABLE,EQ,3538,2175,61.48
20,1821,LOWVOL,EQ,1007,5,0.50
20,1822,LOWVOL1,EQ,30084,4698,15.62
20,1823,LOWVOLIETF,EQ,4231155,3970823,93.85
20,1824,LOYALTEX,EQ,447,404,90.38
20,1825,LPDC,EQ,456816,231338,50.64
20,1826,LRRPL,SM,1500,1500,100.00
20,1827,LT,EQ,1547690,1126758,72.80
20,1828,LTF,EQ,4647669,2077063,44.69
20,1829,LTFOODS,EQ,459122,201844,43.96
20,1830,LTGILTBEES,EQ,1009925,775706,76.81
20,1831,LTGILTCASE,EQ,228742,226618,99.07
20,1832,LTM,EQ,500645,257977,51.53
20,1833,LTTS,EQ,103280,65740,63.65
20,1834,LUMAXIND,EQ,10193,3036,29.79
20,1835,LUMAXTECH,EQ,190451,86588,45.46
20,1836,LUMINO,EQ,21880189,3274269,14.96
20,1837,LUPIN,EQ,1194290,907759,76.01
20,1838,LUXIND,EQ,279753,64207,22.95
20,1839,LXCHEM,EQ,922831,409185,44.34
20,1840,M&M,EQ,2973119,2252454,75.76
20,1841,M&MFIN,EQ,3129493,2039034,65.16
20,1842,MAANALU,EQ,32914,19218,58.39
20,1843,MACPOWER,EQ,237776,98149,41.28
20,1844,MADHAV,EQ,25672,11474,44.69
20,1845,MADHAVBAUG,ST,6000,5200,86.67
20,1846,MADHAVIPL,EQ,146481,108075,73.78
20,1847,MADHURKNIT,SM,285600,158400,55.46
20,1848,MADHUSUDAN,ST,17000,13000,76.47
20,1849,MADRASFERT,EQ,22335,11717,52.46
20,1850,MAFANG,EQ,1209212,574348,47.50
20,1851,MAFATIND,EQ,45441,36800,80.98
20,1852,MAGADSUGAR,EQ,25380,12605,49.67
20,1853,MAGNUM,EQ,75187,18076,24.04
20,1854,MAGSON,SM,43000,43000,100.00
20,1855,MAHABANK,EQ,18030197,11131131,61.74
20,1856,MAHAPEXLTD,EQ,2016,1477,73.26
20,1857,MAHEPC,EQ,11732,8532,72.72
20,1858,MAHESHWARI,EQ,2620,2235,85.31
20,1859,MAHKTECH,EQ,1637716,1017910,62.15
20,1860,MAHLIFE,EQ,140424,72519,51.64
20,1861,MAHLOG,EQ,101788,59656,58.61
20,1862,MAHSCOOTER,EQ,8261,3973,48.09
20,1863,MAHSEAMLES,EQ,177765,76828,43.22
20,1864,MAITHANALL,EQ,55436,27828,50.20
20,1865,MAKEINDIA,EQ,56042,30496,54.42
20,1866,MAKERSL,EQ,1211,867,71.59
20,1867,MAL,ST,25600,20800,81.25
20,1868,MALLCOM,EQ,1230,792,64.39
20,1869,MALUPAPER,EQ,17439,7593,43.54
20,1870,MAMATA,EQ,39826,21448,53.85
20,1871,MANAKALUCO,EQ,30354,16407,54.05
20,1872,MANAKCOAT,EQ,281064,113557,40.40
20,1873,MANAKSIA,EQ,42702,25235,59.10
20,1874,MANALIPETC,EQ,884970,299173,33.81
20,1875,MANAPPURAM,EQ,3822669,1787558,46.76
20,1876,MANBA,EQ,78068,27201,34.84
20,1877,MANCREDIT,EQ,137124,8293,6.05
20,1878,MANDEEP,SM,2000,2000,100.00
20,1879,MANGALAM,EQ,167646,100245,59.80
20,1880,MANGLMCEM,EQ,36083,27020,74.88
20,1881,MANILAM,SM,2000,2000,100.00
20,1882,MANINDS,EQ,1165509,434590,37.29
20,1883,MANINFRA,EQ,2921365,666433,22.81
20,1884,MANIPALHOS,EQ,838917,507293,60.47
20,1885,MANKIND,EQ,484552,294518,60.78
20,1886,MANOMAY,EQ,182888,38868,21.25
20,1887,MANORAMA,EQ,97087,53153,54.75
20,1888,MANORG,EQ,8980,7380,82.18
20,1889,MANUFGBEES,EQ,3663,2139,58.39
20,1890,MANUGRAPH,EQ,591694,235148,39.74
20,1891,MANYAVAR,EQ,2133812,1277075,59.85
20,1892,MAPMYINDIA,EQ,120929,60769,50.25
20,1893,MARALOVER,EQ,3430,2356,68.69
20,1894,MARATHON,EQ,86215,59721,69.27
20,1895,MARC,SM,10800,9600,88.89
20,1896,MARCO,SM,7500,6000,80.00
20,1897,MARICO,EQ,2848872,2129629,74.75
20,1898,MARINE,EQ,395698,181188,45.79
20,1899,MARKOLINES,EQ,68615,38559,56.20
20,1900,MARKSANS,EQ,975318,477653,48.97
20,1901,MARSONS,EQ,5689077,1118739,19.66
20,1902,MARUSHIKA,SM,10800,8400,77.78
20,1903,MARUTI,EQ,659773,430473,65.25
20,1904,MASFIN,EQ,360227,237549,65.94
20,1905,MASKINVEST,EQ,345,336,97.39
20,1906,MASON,SM,69500,45500,65.47
20,1907,MASPTOP50,EQ,4373919,1536399,35.13
20,1908,MASTEK,EQ,200770,104372,51.99
20,1909,MASTER,SM,1000,1000,100.00
20,1910,MASTERTR,EQ,309406,72540,23.44
20,1911,MATRIMONY,EQ,5229,3332,63.72
20,1912,MAWANASUG,EQ,108075,46254,42.80
20,1913,MAXESTATES,EQ,201561,168410,83.55
20,1914,MAXHEALTH,EQ,2098416,1362101,64.91
20,1915,MAXIND,EQ,216930,120671,55.63
20,1916,MAXPOSURE,SM,5000,4000,80.00
20,1917,MAXVOLT,SM,19200,10400,54.17
20,1918,MAYASHEEL,SM,66000,66000,100.00
20,1919,MAYURUNIQ,EQ,37518,19207,51.19
20,1920,MAZDOCK,EQ,850778,300372,35.31
20,1921,MBAPL,EQ,852099,516358,60.60
20,1922,MBEL,EQ,88783,41074,46.26
20,1923,MBLINFRA,EQ,22105,16358,74.00
20,1924,MCCHRLS-B,EQ,6059,5890,97.21
20,1925,MCL,EQ,39011,20149,51.65
20,1926,MCLEODRUSS,EQ,84730,59300,69.99
20,1927,MCLOUD,EQ,881659,439984,49.90
20,1928,MCX,EQ,2197423,1100622,50.09
20,1929,MDL,SM,22000,22000,100.00
20,1930,MEDANTA,EQ,703445,356743,50.71
20,1931,MEDIASSIST,EQ,105999,65680,61.96
20,1932,MEDICO,EQ,312783,204942,65.52
20,1933,MEDIORG,SM,2000,2000,100.00
20,1934,MEDPLUS,EQ,87557,51714,59.06
20,1935,MEESHO,EQ,83376786,52055207,62.43
20,1936,MEGAFLEX,SM,2000,2000,100.00
20,1937,MEGASTAR,EQ,17638,17508,99.26
20,1938,MEGATHERM,SM,15600,12800,82.05
20,1939,MEIL,EQ,23180,13282,57.30
20,1940,MERCANTILE,EQ,2852,2302,80.72
20,1941,MERCURYEV,EQ,456747,302813,66.30
20,1942,METAL,EQ,3215331,2668817,83.00
20,1943,METALIC,ST,56000,52800,94.29
20,1944,METALIETF,EQ,3650778,1887509,51.70
20,1945,METROBRAND,EQ,918435,583208,63.50
20,1946,METROGLOBL,EQ,59,59,100.00
20,1947,METROPOLIS,EQ,223299,105080,47.06
20,1948,MFML,EQ,2179,2123,97.43
20,1949,MFSL,EQ,898566,603143,67.12
20,1950,MGEL,EQ,241973,169044,69.86
20,1951,MGL,EQ,196402,113138,57.61
20,1952,MGSL,SM,43200,31200,72.22
20,1953,MHHL,SM,1500,1500,100.00
20,1954,MHRIL,EQ,169999,98085,57.70
20,1955,MICROPRO,SM,1600,1600,100.00
20,1956,MID150,EQ,222934,200324,89.86
20,1957,MID150BEES,EQ,453893,260682,57.43
20,1958,MID150CASE,EQ,622348,387971,62.34
20,1959,MIDBANKADD,EQ,12233,11145,91.11
20,1960,MIDCAP,EQ,96964,63174,65.15
20,1961,MIDCAPADD,EQ,1040,838,80.58
20,1962,MIDCAPBETA,EQ,5959,5943,99.73
20,1963,MIDCAPETF,EQ,1444353,842131,58.31
20,1964,MIDCAPIETF,EQ,934043,486812,52.12
20,1965,MIDHANI,EQ,1297036,526568,40.60
20,1966,MIDQ50ADD,EQ,38319,20358,53.13
20,1967,MIDSELIETF,EQ,169980,95022,55.90
20,1968,MIDSMALL,EQ,137961,110493,80.09
20,1969,MIDWESTLTD,EQ,10017,4300,42.93
20,1970,MIIL,EQ,83235,30197,36.28
20,1971,MILKYMIST,EQ,5036730,1583111,31.43
20,1972,MINDACORP,EQ,90197,47895,53.10
20,1973,MINDSPACE,RR,902294,693020,76.81
20,1974,MINDTECK,EQ,19042,10513,55.21
20,1975,MIRZAINT,EQ,204304,139184,68.13
20,1976,MITCON,EQ,386,220,56.99
20,1977,MITTAL,EQ,4600938,2877363,62.54
20,1978,MKEXIM,EQ,49723,33430,67.23
20,1979,MKPL,EQ,125960,89429,71.00
20,1980,MLKFOOD,EQ,3524,2213,62.80
20,1981,MMFL,EQ,41604,20524,49.33
20,1982,MMP,EQ,94696,54618,57.68
20,1983,MMTC,EQ,733798,296842,40.45
20,1984,MMWL,EQ,11336,9138,80.61
20,1985,MNC,EQ,79748,14512,18.20
20,1986,MOALPHA50,EQ,4637,3964,85.49
20,1987,MOBANK10,EQ,1608,1353,84.14
20,1988,MOBIKWIK,EQ,5135376,1646427,32.06
20,1989,MOBILISE,SM,3200,1600,50.00
20,1990,MOCAPITAL,EQ,811785,613916,75.63
20,1991,MODEFENCE,EQ,1229387,637950,51.89
20,1992,MODINATUR,EQ,10638,7149,67.20
20,1993,MODIRUBBER,EQ,577,351,60.83
20,1994,MODIS,EQ,19609,16797,85.66
20,1995,MODTHREAD,EQ,5222,4332,82.96
20,1996,MOENERGY,EQ,38962,28925,74.24
20,1997,MOGOLD,EQ,22815,10513,46.08
20,1998,MOGSEC,EQ,764,597,78.14
20,1999,MOHEALTH,EQ,230100,56694,24.64
20,2000,MOHITE,EQ,64284,53176,82.72
20,2001,MOHITIND,EQ,21043,13797,65.57
20,2002,MOIL,EQ,344649,148862,43.19
20,2003,MOINFRA,EQ,772,686,88.86
20,2004,MOIPO,EQ,22647,20800,91.84
20,2005,MOKSH,EQ,406146,401790,98.93
20,2006,MOL,EQ,1434815,460761,32.11
20,2007,MOLBIO,EQ,1435104,167923,11.70
20,2008,MOLDTKPAC,EQ,42442,25941,61.12
20,2009,MOLOWVOL,EQ,1878,1562,83.17
20,2010,MOM100,EQ,152423,80945,53.11
20,2011,MOM30IETF,EQ,375419,230589,61.42
20,2012,MOM50,EQ,1236,470,38.03
20,2013,MOMENTUM,EQ,22891,12328,53.86
20,2014,MOMENTUM30,EQ,14003,5436,38.82
20,2015,MOMENTUM50,EQ,348067,192696,55.36
20,2016,MOMETAL,EQ,4082,3840,94.07
20,2017,MOMGF,EQ,599,599,100.00
20,2018,MOMIDMTM,EQ,51049,42936,84.11
20,2019,MOMMIDCAP,EQ,1400681,1273391,90.91
20,2020,MOMNC,EQ,55646,55390,99.54
20,2021,MOMOMENTUM,EQ,70539,50833,72.06
20,2022,MON100,EQ,750532,470972,62.75
20,2023,MON50EQUAL,EQ,2913,2564,88.02
20,2024,MONARCH,EQ,96830,67925,70.15
20,2025,MONEXT50,EQ,2915,2611,89.57
20,2026,MONEYBOXX,EQ,24084,24084,100.00
20,2027,MONIFTY100,EQ,5007,3139,62.69
20,2028,MONIFTY500,EQ,206084,115218,55.91
20,2029,MONOLITH,SM,26750,16750,62.62
20,2030,MONQ50,EQ,2229451,630997,28.30
20,2031,MONTECARLO,EQ,129704,82374,63.51
20,2032,MOOILGAS,EQ,3726,3649,97.93
20,2033,MOPSE,EQ,4247,4219,99.34
20,2034,MOQUALITY,EQ,690,561,81.30
20,2035,MOREALTY,EQ,283299,156877,55.38
20,2036,MOREPENLAB,EQ,16816327,4514303,26.84
20,2037,MOS,ST,19316000,19072000,98.74
20,2038,MOSCHIP,EQ,1271753,458800,36.08
20,2039,MOSERVICE,EQ,490,440,89.80
20,2040,MOSILVER,EQ,54487,13288,24.39
20,2041,MOSMALL250,EQ,921766,380587,41.29
20,2042,MOTHERSON,EQ,19068300,14523618,76.17
20,2043,MOTILALOFS,EQ,739629,520412,70.36
20,2044,MOTISONS,EQ,114189016,13959042,12.22
20,2045,MOTOGENFIN,EQ,68884,20161,29.27
20,2046,MOTOUR,EQ,34945,29993,85.83
20,2047,MOVALUE,EQ,33264,20558,61.80
20,2048,MPEL,ST,19200,17600,91.67
20,2049,MPEL-RE,ST,41600,41600,100.00
20,2050,MPHASIS,EQ,650262,357904,55.04
20,2051,MPIMANIPAL,EQ,1721733,741486,43.07
20,2052,MPSLTD,EQ,8970,5034,56.12
20,2053,MRF,EQ,8232,4373,53.12
20,2054,MRIL,ST,169600,169600,100.00
20,2055,MRPL,EQ,4824765,1208084,25.04
20,2056,MSCI360,EQ,3868,3296,85.21
20,2057,MSCIADD,EQ,758,658,86.81
20,2058,MSCIINDIA,EQ,9841,9330,94.81
20,2059,MSL,EQ,649,626,96.46
20,2060,MSPL,EQ,596227,432741,72.58
20,2061,MSTCLTD,EQ,213012,82465,38.71
20,2062,MSUMI,EQ,31085866,19338030,62.21
20,2063,MTNL,EQ,778801,321396,41.27
20,2064,MUFIN,EQ,1191673,136799,11.48
20,2065,MUFTI,EQ,39771,21089,53.03
20,2066,MUKANDLTD,EQ,48572,31798,65.47
20,2067,MUKESHB,EQ,1,1,100.00
20,2068,MULTICAP,EQ,43331,34636,79.93
20,2069,MUNISH,SM,12000,8400,70.00
20,2070,MUNJALAU,EQ,237389,108433,45.68
20,2071,MUNJALSHOW,EQ,20341,13415,65.95
20,2072,MURUDCERA,EQ,14737,11331,76.89
20,2073,MUTHOOTCAP,EQ,14019,10943,78.06
20,2074,MUTHOOTFIN,EQ,654610,333004,50.87
20,2075,MUTHOOTMF,EQ,137823,45534,33.04
20,2076,MVELECTRO,EQ,2320560,248547,10.71
20,2077,MVGJL,EQ,509506,162489,31.89
20,2078,MVKAGRO,SM,69300,60000,86.58
20,2079,MWL,EQ,3022051,859370,28.44
20,2080,MYMUDRA,SM,4800,3600,75.00
20,2081,NACLIND,EQ,691786,328417,47.47
20,2082,NAGREEKCAP,EQ,45262,35993,79.52
20,2083,NAGREEKEXP,EQ,14284,11754,82.29
20,2084,NAHARCAP,EQ,2151,1895,88.10
20,2085,NAHARINDUS,EQ,6308,4544,72.04
20,2086,NAHARPOLY,EQ,2119,1839,86.79
20,2087,NAHARSPING,EQ,12712,8207,64.56
20,2088,NAM-INDIA,EQ,1528510,962708,62.98
20,2089,NAMAN,SM,1600,1600,100.00
20,2090,NAMOEWASTE,ST,28800,20800,72.22
20,2091,NARMADA,EQ,201618,133610,66.27
20,2092,NATCOPHARM,EQ,489351,297976,60.89
20,2093,NATHBIOGEN,EQ,54186,53352,98.46
20,2094,NATIONALUM,EQ,5809441,3802733,65.46
20,2095,NATIONSTD,EQ,6114,4449,72.77
20,2096,NAUKRI,EQ,1486135,941024,63.32
20,2097,NAVA,EQ,664236,292946,44.10
20,2098,NAVINFLUOR,EQ,298599,177828,59.55
20,2099,NAVKARCORP,EQ,302437,159195,52.64
20,2100,NAVNETEDUL,EQ,73795,43290,58.66
20,2101,NAZARA,EQ,3038750,1732182,57.00
20,2102,NBCC,EQ,5214690,2789483,53.49
20,2103,NBIFIN,EQ,5088,5045,99.15
20,2104,NCC,EQ,2320130,1182563,50.97
20,2105,NCLIND,EQ,30414,23701,77.93
20,2106,NDGL,EQ,359,292,81.34
20,2107,NDL,EQ,967406,541396,55.96
20,2108,NDLVENTURE,EQ,18292,11496,62.85
20,2109,NDRAUTO,EQ,29831,14433,48.38
20,2110,NDRINVIT,IV,25000,25000,100.00
20,2111,NDTV,EQ,77022,27448,35.64
20,2112,NEAGI,EQ,1,1,100.00
20,2113,NECLIFE,EQ,93255,82176,88.12
20,2114,NEELAM,SM,6000,6000,100.00
20,2115,NELCAST,EQ,86630,41382,47.77
20,2116,NELCO,EQ,682119,306861,44.99
20,2117,NEOCHEM,SM,14400,10800,75.00
20,2118,NEOGEN,EQ,355984,125872,35.36
20,2119,NEPHROCARE,SM,13600,9600,70.59
20,2120,NEPHROPLUS,EQ,75741,38613,50.98
20,2121,NEPTUNE,SM,1500,1000,66.67
20,2122,NESCO,EQ,41377,24069,58.17
20,2123,NESTLEIND,EQ,3264904,2061448,63.14
20,2124,NETF,EQ,868,663,76.38
20,2125,NETWEB,EQ,1136499,282105,24.82
20,2126,NETWORK18,EQ,5331335,2279148,42.75
20,2127,NEULANDLAB,EQ,75518,45008,59.60
20,2128,NEWGEN,EQ,622017,187539,30.15
20,2129,NEWJAISA,ST,144000,136500,94.79
20,2130,NEXT30ADD,EQ,7416,4060,54.75
20,2131,NEXT50,EQ,22861,11770,51.49
20,2132,NEXT50ADD,EQ,13052,2748,21.05
20,2133,NEXT50BETA,EQ,122825,94518,76.95
20,2134,NEXT50ETF,EQ,4546,3929,86.43
20,2135,NEXT50IETF,EQ,466182,267589,57.40
20,2136,NEXTMEDIA,EQ,1241,1115,89.85
20,2137,NFL,EQ,382639,199755,52.20
20,2138,NFPSAMPOOR,SM,62000,62000,100.00
20,2139,NGIL,EQ,33418,14651,43.84
20,2140,NGLFINE,EQ,11325,8810,77.79
20,2141,NH,EQ,271767,186274,68.54
20,2142,NHIT,IV,150000,150000,100.00
20,2143,NHPC,EQ,18275311,12686050,69.42
20,2144,NIACL,EQ,9375719,1771835,18.90
20,2145,NIBE,EQ,46108,24217,52.52
20,2146,NIBL,EQ,10685,8366,78.30
20,2147,NICCOPAR,EQ,5480,5466,99.74
20,2148,NIDAN,SM,5000,5000,100.00
20,2149,NIF100BEES,EQ,7950,5604,70.49
20,2150,NIF100IETF,EQ,41367,23744,57.40
20,2151,NIF500BETA,EQ,29211,29076,99.54
20,2152,NIFTY1,EQ,68356,27460,40.17
20,2153,NIFTY100EW,EQ,68217,36556,53.59
20,2154,NIFTYADD,EQ,4027,2100,52.15
20,2155,NIFTYAXIS,EQ,8771,5363,61.14
20,2156,NIFTYBEES,EQ,3645562,2148191,58.93
20,2157,NIFTYBETA,EQ,2607269,2601992,99.80
20,2158,NIFTYBETF,EQ,3374,950,28.16
20,2159,NIFTYCASE,EQ,503818,431004,85.55
20,2160,NIFTYETF,EQ,142854,88963,62.28
20,2161,NIFTYIETF,EQ,397456,244919,61.62
20,2162,NIFTYJBLK,EQ,100363,63971,63.74
20,2163,NIFTYQLITY,EQ,10693,7208,67.41
20,2164,NIITLTD,EQ,391257,144845,37.02
20,2165,NIITMTS,EQ,402242,176076,43.77
20,2166,NILAINFRA,EQ,201803,143729,71.22
20,2167,NILASPACES,EQ,1810089,881348,48.69
20,2168,NILE,EQ,1434,1045,72.87
20,2169,NILKAMAL,EQ,25774,11235,43.59
20,2170,NIMBSPROJ,EQ,10487,3271,31.19
20,2171,NINSYS,EQ,807,456,56.51
20,2172,NIPPOBATRY,EQ,1463,1194,81.61
20,2173,NIRAJ,EQ,7255,4211,58.04
20,2174,NIRLON,EQ,1961,1199,61.14
20,2175,NIRMAN,SM,7500,7200,96.00
20,2176,NITCO,EQ,417793,224108,53.64
20,2177,NITINSPIN,EQ,58258,31277,53.69
20,2178,NITIRAJ,EQ,3238,2295,70.88
20,2179,NITTAGELA,EQ,5804,4325,74.52
20,2180,NIVABUPA,EQ,1273196,857729,67.37
20,2181,NLCINDIA,EQ,2578554,1542025,59.80
20,2182,NMDC,EQ,18919633,11965410,63.24
20,2183,NOCIL,EQ,1732771,716069,41.33
20,2184,NOIDATOLL,EQ,26530,19750,74.44
20,2185,NORBTEAEXP,EQ,1847,1133,61.34
20,2186,NORTHARC,EQ,1062365,535651,50.42
20,2187,NOVAAGRI,EQ,38579,31889,82.66
20,2188,NOVARTIND,EQ,76794,27158,35.36
20,2189,NPBET,EQ,8,8,100.00
20,2190,NPST,EQ,139085,51214,36.82
20,2191,NRAIL,EQ,18686,9625,51.51
20,2192,NRBBEARING,EQ,9738086,802307,8.24
20,2193,NRVANDANA,SM,33000,33000,100.00
20,2194,NSIL,EQ,2466,2014,81.67
20,2195,NSLNISP,EQ,6294350,2497660,39.68
20,2196,NTCIND,EQ,747,506,67.74
20,2197,NTPC,EQ,9448827,6494646,68.73
20,2198,NTPCGREEN,EQ,4164366,2315134,55.59
20,2199,NUCLEUS,EQ,14849,8547,57.56
20,2200,NUVAMA,EQ,265082,153533,57.92
20,2201,NUVOCO,EQ,629989,267721,42.50
20,2202,NV20,EQ,58601,40688,69.43
20,2203,NV20BEES,EQ,22134,15388,69.52
20,2204,NV20IETF,EQ,328699,192811,58.66
20,2205,NXST,RR,919152,889667,96.79
20,2206,NXT-INFRA,IV,200000,200000,100.00
20,2207,NYKAA,EQ,4424240,2988738,67.55
20,2208,OAL,EQ,22259,10227,45.95
20,2209,OBCL,EQ,5689,5338,93.83
20,2210,OBEROIRLTY,EQ,766762,542086,70.70
20,2211,OBSCP,SM,33200,20400,61.45
20,2212,ODIGMA,EQ,20873,20461,98.03
20,2213,ODYCORP,EQ,41164,23355,56.74
20,2214,OFSS,EQ,162844,92261,56.66
20,2215,OIL,EQ,3703547,2248480,60.71
20,2216,OILIETF,EQ,690859,449889,65.12
20,2217,OLAELEC,EQ,48738061,18143613,37.23
20,2218,OLECTRA,EQ,174712,57170,32.72
20,2219,OLIL,SM,23600,14000,59.32
20,2220,OMAXAUTO,EQ,85580,49258,57.56
20,2221,OMAXE,EQ,744348,236006,31.71
20,2222,OMFURN,SM,8400,7200,85.71
20,2223,OMINFRAL,EQ,54641,38248,70.00
20,2224,OMNI,EQ,6045799,2180581,36.07
20,2225,OMPOWER,EQ,71555,41467,57.95
20,2226,ONDOOR,SM,10200,6900,67.65
20,2227,ONEGLOBAL,EQ,3309,2217,67.00
20,2228,ONEPOINT,EQ,579627,326662,56.36
20,2229,ONESOURCE,EQ,335793,180620,53.79
20,2230,ONGC,EQ,11146237,8168015,73.28
20,2231,ONIDA,EQ,453556,264109,58.23
20,2232,ONIXSOLAR,EQ,6099,6099,100.00
20,2233,ONWARDTEC,EQ,13769,6763,49.12
20,2234,ONYX,ST,26000,26000,100.00
20,2235,OPTIEMUS,EQ,190406,86926,45.65
20,2236,OPTIFIN,EQ,61040,55043,90.18
20,2237,OPTIMYSTIX,SM,17600,10400,59.09
20,2238,OPTIVALUE,ST,52800,49600,93.94
20,2239,ORCHASP,EQ,375577,290241,77.28
20,2240,ORCHPHARMA,EQ,56527,33963,60.08
20,2241,ORIANA,SM,169875,84750,49.89
20,2242,ORICONENT,EQ,17128,9348,54.58
20,2243,ORIENTALTL,EQ,55364,32187,58.14
20,2244,ORIENTBELL,EQ,10141,6924,68.28
20,2245,ORIENTCEM,EQ,2828940,1849499,65.38
20,2246,ORIENTCER,EQ,53405,31904,59.74
20,2247,ORIENTELEC,EQ,123188,70881,57.54
20,2248,ORIENTHOT,EQ,1243314,574716,46.22
20,2249,ORIENTPPR,EQ,191461,102160,53.36
20,2250,ORIENTTECH,EQ,156550,65530,41.86
20,2251,ORIRAIL,EQ,33351,17157,51.44
20,2252,ORISSAMINE,EQ,28276,9623,34.03
20,2253,ORKLAINDIA,EQ,71578,42771,59.75
20,2254,ORTINGLOBE,EQ,8090,5628,69.57
20,2255,OSELDEVICE,SM,13200,10600,80.30
20,2256,OSWALAGRO,EQ,56597,51345,90.72
20,2257,OSWALGREEN,EQ,107196,66034,61.60
20,2258,OSWALPUMPS,EQ,271449,120551,44.41
20,2259,OSWALSEEDS,EQ,109264,58818,53.83
20,2260,OWAIS,ST,22700,22200,97.80
20,2261,PACEDIGITK,EQ,521729,245308,47.02
20,2262,PACIFICI,EQ,1,1,100.00
20,2263,PAGEIND,EQ,32020,19415,60.63
20,2264,PAISALO,EQ,25898908,7364090,28.43
20,2265,PAKKA,EQ,45964,26300,57.22
20,2266,PALASHSECU,EQ,305,251,82.30
20,2267,PALREDTEC,EQ,161,161,100.00
20,2268,PANACEABIO,EQ,119782,53319,44.51
20,2269,PANAMAPET,EQ,166705,80106,48.05
20,2270,PANCHMAHQ,EQ,38,38,100.00
20,2271,PANORAMA,EQ,171382,79133,46.17
20,2272,PANSARI,EQ,1081,919,85.01
20,2273,PARACABLES,EQ,1236571,608819,49.23
20,2274,PARADEEP,EQ,2314244,1001163,43.26
20,2275,PARAGMILK,EQ,1521408,851356,55.96
20,2276,PARAGON,SM,6000,3600,60.00
20,2277,PARAMATRIX,SM,1200,1200,100.00
20,2278,PARAMOUNT,SM,7200,6000,83.33
20,2279,PARAS,EQ,613001,138830,22.65
20,2280,PARASPETRO,EQ,180581,118581,65.67
20,2281,PARIN,SM,3750,3000,80.00
20,2282,PARKHOSPS,EQ,1071510,521325,48.65
20,2283,PARKHOTELS,EQ,147877,93521,63.24
20,2284,PARNAXLAB,EQ,1756,1596,90.89
20,2285,PARTH,SM,49200,42000,85.37
20,2286,PARTYCRUS,SM,3000,3000,100.00
20,2287,PASHUPATI,EQ,350867,138271,39.41
20,2288,PASUPTAC,EQ,130798,89085,68.11
20,2289,PATANJALI,EQ,1999903,820211,41.01
20,2290,PATELENG,EQ,2871181,1740361,60.61
20,2291,PATELRMART,EQ,19068,10613,55.66
20,2292,PATILAUTOM,SM,67800,45000,66.37
20,2293,PAUSHAKLTD,EQ,16660,8764,52.61
20,2294,PAVNAIND,EQ,69294,48807,70.43
20,2295,PAYTM,EQ,4640337,2072838,44.67
20,2296,PBMPOLY,EQ,146,144,98.63
20,2297,PCBL,EQ,1255857,651331,51.86
20,2298,PCCL,SM,5200,5200,100.00
20,2299,PCJEWELLER,EQ,332313201,59192291,17.81
20,2300,PDMJEPAPER,EQ,236098,92313,39.10
20,2301,PDSL,EQ,69980,36668,52.40
20,2302,PEARLPOLY,EQ,9783,6087,62.22
20,2303,PELATRO,SM,2700,2100,77.78
20,2304,PENIND,EQ,219229,103273,47.11
20,2305,PENINLAND,EQ,101308,75222,74.25
20,2306,PENTAGON,ST,7000,7000,100.00
20,2307,PERFECT,SZ,15000,15000,100.00
20,2308,PERMAGN,EQ,6294,4034,64.09
20,2309,PERNIASPOP,EQ,102495,38235,37.30
20,2310,PERSISTENT,EQ,494682,229917,46.48
20,2311,PETRONET,EQ,3218273,2600880,80.82
20,2312,PFC,EQ,11369930,9058037,79.67
20,2313,PFIZER,EQ,42189,17808,42.21
20,2314,PFOCUS,EQ,5344944,1163499,21.77
20,2315,PFS,EQ,503737,393979,78.21
20,2316,PGEL,EQ,570498,234236,41.06
20,2317,PGHH,EQ,66505,42369,63.71
20,2318,PGHL,EQ,5754,3141,54.59
20,2319,PGIL,EQ,101084,48201,47.68
20,2320,PGINVIT,IV,1353682,1174462,86.76
20,2321,PHANTOMFX,SM,18300,9600,52.46
20,2322,PHARMABEES,EQ,3520516,2567432,72.93
20,2323,PHOENIXLTD,EQ,421506,271602,64.44
20,2324,PHOENXINTL,EQ,1414,1265,89.46
20,2325,PHOGLOBAL,SM,4000,4000,100.00
20,2326,PICCADIL,EQ,174176,101049,58.02
20,2327,PIDILITIND,EQ,1142486,714295,62.52
20,2328,PIGL,EQ,20728,14084,67.95
20,2329,PIIND,EQ,558327,417820,74.83
20,2330,PILANIINVS,EQ,1314,938,71.39
20,2331,PILITA,EQ,128245,102872,80.22
20,2332,PINELABS,EQ,66808323,31329386,46.89
20,2333,PIONEEREMB,EQ,13799,11535,83.59
20,2334,PIRAMALFIN,EQ,529289,352711,66.64
20,2335,PITTIENG,EQ,157561,77475,49.17
20,2336,PIXTRANS,EQ,4141,2390,57.72
20,2337,PLASTIBLEN,EQ,5737,4507,78.56
20,2338,PLATIND,EQ,53556,30342,56.65
20,2339,PLAZACABLE,EQ,75948,47604,62.68
20,2340,PML,EQ,41,41,100.00
20,2341,PNB,EQ,16061334,10173738,63.34
20,2342,PNBGILTS,EQ,317177,189740,59.82
20,2343,PNBHOUSING,EQ,1328599,886510,66.73
20,2344,PNC,EQ,122675,53697,43.77
20,2345,PNCINFRA,EQ,2445538,1142518,46.72
20,2346,PNGJL,EQ,323988,210194,64.88
20,2347,PNGSREVA,EQ,49612,21194,42.72
20,2348,POCL,EQ,298950,160452,53.67
20,2349,PODDARMENT,EQ,1124,719,63.97
20,2350,POEL,EQ,20393,13647,66.92
20,2351,POKARNA,EQ,86007,33633,39.10
20,2352,POLICYBZR,EQ,1368411,755018,55.17
20,2353,POLYCAB,EQ,417221,253483,60.76
20,2354,POLYMED,EQ,150328,63082,41.96
20,2355,POLYPLEX,EQ,65825,35403,53.78
20,2356,POLYSIL,SM,4500,4500,100.00
20,2357,POLYSPIN,EQ,1363,1333,97.80
20,2358,PONNIERODE,EQ,9320,4480,48.07
20,2359,POONAWALLA,EQ,7163603,2078626,29.02
20,2360,POSITRON,SM,9900,7800,78.79
20,2361,POWERGRID,EQ,17896733,12946336,72.34
20,2362,POWERICA,EQ,141360,83507,59.07
20,2363,POWERINDIA,EQ,125521,62490,49.78
20,2364,POWERMECH,EQ,37848,16264,42.97
20,2365,PPLPHARMA,EQ,2926602,1497493,51.17
20,2366,PPSL,SM,45000,45000,100.00
20,2367,PRABHA,EQ,262939,91379,34.75
20,2368,PRAENG,EQ,11386,9423,82.76
20,2369,PRAJIND,EQ,412461,213047,51.65
20,2370,PRAKASH,EQ,371984,200816,53.99
20,2371,PRAKASHSTL,EQ,85881,72199,84.07
20,2372,PRAMARA,SM,29500,22500,76.27
20,2373,PRAMODINI,SM,177600,142800,80.41
20,2374,PRANAV,EQ,5313844,1204653,22.67
20,2375,PRASOLCHEM,EQ,1150866,530339,46.08
20,2376,PRATHAM,SM,5600,5600,100.00
20,2377,PRAVEG,EQ,37176,23643,63.60
20,2378,PRAXIS,EQ,101700,76283,75.01
20,2379,PRECAM,EQ,69491,29872,42.99
20,2380,PRECISION,ST,4000,4000,100.00
20,2381,PRECOT,EQ,1317,1001,76.01
20,2382,PRECWIRE,EQ,1840592,347789,18.90
20,2383,PREMCO,EQ,209,197,94.26
20,2384,PREMEXPLN,EQ,60147,45445,75.56
20,2385,PREMIERENE,EQ,3106714,2045868,65.85
20,2386,PREMIERPOL,EQ,131946,57209,43.36
20,2387,PREMIUM,SM,3000,3000,100.00
20,2388,PRESSTONIC,SM,12800,7200,56.25
20,2389,PRESTIGE,EQ,562624,306900,54.55
20,2390,PRICOLLTD,EQ,280279,146315,52.20
20,2391,PRIMECAB,ST,32000,28800,90.00
20,2392,PRIMESECU,EQ,24904,14177,56.93
20,2393,PRIMO,EQ,58854,44559,75.71
20,2394,PRINCEPIPE,EQ,268881,128684,47.86
20,2395,PRISMX,EQ,63127,47313,74.95
20,2396,PRITI,EQ,3423,2745,80.19
20,2397,PRITIKA,SM,50000,28000,56.00
20,2398,PRIVISCL,EQ,27058,14038,51.88
20,2399,PRIZOR,ST,6800,6800,100.00
20,2400,PRLIND,SM,18000,14000,77.78
20,2401,PROFX,SM,1600,1600,100.00
20,2402,PROPEQUITY,SM,2400,2400,100.00
20,2403,PROPSHOP,SM,128000,42000,32.81
20,2404,PROSTARM,EQ,162723,88542,54.41
20,2405,PROTEAN,EQ,138117,79447,57.52
20,2406,PROV,SM,2560,1760,68.75
20,2407,PROZONER,EQ,159033,120058,75.49
20,2408,PRSMJOHNSN,EQ,685410,291237,42.49
20,2409,PRUDENT,EQ,57792,31472,54.46
20,2410,PSB,EQ,1335054,692693,51.89
20,2411,PSPPROJECT,EQ,59163,28700,48.51
20,2412,PSRAJ,SM,70000,60000,85.71
20,2413,PSUBANK,EQ,73566,31801,43.23
20,2414,PSUBANKADD,EQ,13145,8925,67.90
20,2415,PSUBNKBEES,EQ,675075,398740,59.07
20,2416,PSUBNKIETF,EQ,111967,66919,59.77
20,2417,PTC,EQ,1628957,847260,52.01
20,2418,PTCIL,EQ,28545,10036,35.16
20,2419,PTL,EQ,49373,33665,68.19
20,2420,PUNJABCHEM,EQ,8955,6299,70.34
20,2421,PURPLEUTED,ST,22500,22250,98.89
20,2422,PURVA,EQ,298969,111835,37.41
20,2423,PURVFLEXI,SM,4800,4800,100.00
20,2424,PUSHPA,SM,61000,8000,13.11
20,2425,PVP,EQ,618141,290543,47.00
20,2426,PVRINOX,EQ,1050636,474326,45.15
20,2427,PVSL,EQ,24445,17178,70.27
20,2428,PVTBANIETF,EQ,2501679,1248117,49.89
20,2429,PVTBANK,EQ,2060,2004,97.28
20,2430,PVTBANKADD,EQ,106460,74382,69.87
20,2431,PVTBKGROWW,EQ,4283,2618,61.13
20,2432,PWL,EQ,20005965,5027813,25.13
20,2433,PYRAMID,EQ,17225,10179,59.09
20,2434,QGOLDHALF,EQ,110831,72333,65.26
20,2435,QLINE,SM,37200,24400,65.59
20,2436,QNIFTY,EQ,1691,676,39.98
20,2437,QPOWER,EQ,298373,165611,55.50
20,2438,QUADFUTURE,EQ,1647848,349208,21.19
20,2439,QUADPRO,ST,12000,12000,100.00
20,2440,QUAL30IETF,EQ,136727,113275,82.85
20,2441,QUALIANCE,ST,17000,17000,100.00
20,2442,QUALITY30,EQ,11801,7375,62.49
20,2443,QUESS,EQ,799867,317787,39.73
20,2444,QUESTLAB,SM,25200,19200,76.19
20,2445,QUICKHEAL,EQ,136800,66631,48.71
20,2446,QUICKTOUCH,SM,1500,1500,100.00
20,2447,QUINT,EQ,668824,344058,51.44
20,2448,RACE,EQ,11689,5794,49.57
20,2449,RACLGEAR,EQ,49043,19694,40.16
20,2450,RADAAN,EQ,12431,8181,65.81
20,2451,RADIANTCMS,EQ,252590,150691,59.66
20,2452,RADICO,EQ,371544,293872,79.09
20,2453,RADIOCITY,EQ,16349,13057,79.86
20,2454,RADIOWALLA,ST,3200,1600,50.00
20,2455,RAILTEL,EQ,631938,191061,30.23
20,2456,RAIN,EQ,2370944,1054305,44.47
20,2457,RAINBOW,EQ,99805,53038,53.14
20,2458,RAJINDLTD,SM,18000,12000,66.67
20,2459,RAJMET,EQ,227668,159879,70.22
20,2460,RAJPALAYAM,EQ,350,328,93.71
20,2461,RAJPUTANA,SM,7000,5000,71.43
20,2462,RAJRATAN,EQ,152140,82005,53.90
20,2463,RAJSREESUG,EQ,21536,10670,49.54
20,2464,RAJTV,EQ,26834,23678,88.24
20,2465,RALLIS,EQ,510589,300642,58.88
20,2466,RAMANEWS,EQ,27396,15620,57.02
20,2467,RAMAPHO,EQ,11362,7773,68.41
20,2468,RAMBHAJO,EQ,1439325,736215,51.15
20,2469,RAMCOCEM,EQ,212951,122331,57.45
20,2470,RAMCOIND,EQ,174010,82462,47.39
20,2471,RAMCOSYS,EQ,51781,31257,60.36
20,2472,RAMKY,EQ,46321,30247,65.30
20,2473,RAMRAT,EQ,145032,62413,43.03
20,2474,RANASUG,EQ,403187,129595,32.14
20,2475,RANEHOLDIN,EQ,45929,25100,54.65
20,2476,RAPIDFLEET,SM,12000,4800,40.00
20,2477,RAPPID,SM,22800,15600,68.42
20,2478,RATEGAIN,EQ,539083,279751,51.89
20,2479,RATNAMANI,EQ,64084,33076,51.61
20,2480,RATNAVEER,EQ,9860141,1776960,18.02
20,2481,RAYMOND,EQ,2069600,292057,14.11
20,2482,RAYMONDLSL,EQ,123035,65506,53.24
20,2483,RAYMONDREL,EQ,381357,161404,42.32
20,2484,RBA,EQ,9653090,5799849,60.08
20,2485,RBLBANK,EQ,3792806,2690157,70.93
20,2486,RBMINFRA,SM,19400,15600,80.41
20,2487,RBS,SM,2400,1600,66.67
20,2488,RCDL,SM,33000,24000,72.73
20,2489,RCDL-RE,ST,966000,957000,99.07
20,2490,RCF,EQ,961339,370638,38.55
20,2491,READYMIX,SM,1000,1000,100.00
20,2492,RECLTD,EQ,4686436,2897944,61.84
20,2493,REDINGTON,EQ,10809796,3985200,36.87
20,2494,REDTAPE,EQ,428381,163037,38.06
20,2495,REFEX,EQ,220185,102804,46.69
20,2496,REFRACTORY,SM,66000,55000,83.33
20,2497,REGAAL,EQ,391644,161316,41.19
20,2498,REGENCERAM,EQ,3522,2851,80.95
20,2499,RELAXO,EQ,2052973,935799,45.58
20,2500,RELCHEMQ,EQ,4528,2512,55.48
20,2501,RELIABLE,EQ,7570,6402,84.57
20,2502,RELIANCE,EQ,15122715,11645440,77.01
20,2503,RELIGARE,EQ,365894,207073,56.59
20,2504,RELTD,EQ,88630,63092,71.19
20,2505,REMSONSIND,EQ,290021,119405,41.17
20,2506,REMUS,SM,8500,5700,67.06
20,2507,RENTOMOJO,EQ,35242382,6022021,17.09
20,2508,RENUKA,EQ,10903563,3228647,29.61
20,2509,REPCOHOME,EQ,65528,43302,66.08
20,2510,REPRO,EQ,5649,3439,60.88
20,2511,RESPONIND,EQ,195728,54624,27.91
20,2512,RETAIL,EQ,18976,12559,66.18
20,2513,RFBL,ST,15000,12000,80.00
20,2514,RGL,EQ,352268,137542,39.04
20,2515,RHETAN,EQ,614120,614120,100.00
20,2516,RHIM,EQ,154535,82376,53.31
20,2517,RHL,EQ,8021,6413,79.95
20,2518,RICOAUTO,EQ,724126,246266,34.01
20,2519,RIIL,EQ,22641,7878,34.80
20,2520,RIIT,IV,291718,286938,98.36
20,2521,RILINFRA,SM,7300,3100,42.47
20,2522,RIR,EQ,14823429,1299543,8.77
20,2523,RISHABH,EQ,72318,42584,58.88
20,2524,RITCO,EQ,43385,23508,54.18
20,2525,RITES,EQ,523244,182568,34.89
20,2526,RKDL,EQ,14459,9724,67.25
20,2527,RKEC,EQ,36623,29028,79.26
20,2528,RKFORGE,EQ,469398,299423,63.79
20,2529,RKSWAMY,EQ,15782,7612,48.23
20,2530,RMC,EQ,36568,18452,50.46
20,2531,RML,EQ,89211,33703,37.78
20,2532,RNFI,SM,7800,4200,53.85
20,2533,RNPL,SM,4800,4800,100.00
20,2534,ROCKINGDCE,SM,1500,1500,100.00
20,2535,ROHLTD,EQ,14584,9609,65.89
20,2536,ROLEXRINGS,EQ,832907,384788,46.20
20,2537,ROML,EQ,1373,1171,85.29
20,2538,ROSSARI,EQ,57950,35122,60.61
20,2539,ROSSELLIND,EQ,144635,77728,53.74
20,2540,ROSSTECH,EQ,911139,167829,18.42
20,2541,ROTO,EQ,207373,83971,40.49
20,2542,ROUTE,EQ,1118251,666063,59.56
20,2543,ROXHITECH,SM,6400,6400,100.00
20,2544,RPEL,EQ,80692,38216,47.36
20,2545,RPGLIFE,EQ,17373,6400,36.84
20,2546,RPOWER,EQ,21881312,7043749,32.19
20,2547,RPPINFRA,EQ,44911,27565,61.38
20,2548,RPSGVENT,EQ,24246,15265,62.96
20,2549,RPTECH,EQ,162620,80360,49.42
20,2550,RRECL,EQ,1174,636,54.17
20,2551,RRIL,EQ,36153,29709,82.18
20,2552,RRKABEL,EQ,373286,205677,55.10
20,2553,RSL,EQ,149175,73398,49.20
20,2554,RSSOFTWARE,EQ,5384,4674,86.81
20,2555,RSYSTEMS,EQ,107484,51493,47.91
20,2556,RTNINDIA,EQ,1216905,660251,54.26
20,2557,RTNPOWER,EQ,19172063,7945325,41.44
20,2558,RTSPOWR,EQ,1654,1432,86.58
20,2559,RUBFILA,EQ,53768,21488,39.96
20,2560,RUBICON,EQ,470413,285907,60.78
20,2561,RUBYMILLS,EQ,40821,25473,62.40
20,2562,RUCHINFRA,EQ,58791,51270,87.21
20,2563,RUCHIRA,EQ,25087,11406,45.47
20,2564,RUDRA,EQ,180289,30715,17.04
20,2565,RULKA,SM,13800,8400,60.87
20,2566,RUPA,EQ,129316,71577,55.35
20,2567,RUSHIL,EQ,1882573,1135515,60.32
20,2568,RUSTOMJEE,EQ,78181,54102,69.20
20,2569,RVHL,EQ,1514,1376,90.89
20,2570,RVNL,EQ,9469057,4805808,50.75
20,2571,RVTH,EQ,995,802,80.60
20,2572,S&SPOWER,EQ,2414,1745,72.29
20,2573,SAAKSHI,ST,28200,27000,95.74
20,2574,SAATVIKGL,EQ,95137,40027,42.07
20,2575,SAB,EQ,29,29,100.00
20,2576,SACHEEROME,SM,20700,13200,63.77
20,2577,SADBHAV,EQ,118102,90227,76.40
20,2578,SADBHIN,EQ,75422,51859,68.76
20,2579,SADHAV,SM,3600,3600,100.00
20,2580,SAFARI,EQ,111608,52285,46.85
20,2581,SAFEENTP,SM,12000,7000,58.33
20,2582,SAGARDEEP,EQ,2092,1621,77.49
20,2583,SAGCEM,EQ,55093,39212,71.17
20,2584,SAGILITY,EQ,17450697,7131173,40.86
20,2585,SAHAJSOLAR,SM,26400,16800,63.64
20,2586,SAHANA,SM,15150,8250,54.46
20,2587,SAHASRA,SM,111200,91600,82.37
20,2588,SAHLIBHFI,EQ,17392,9489,54.56
20,2589,SAHYADRI,EQ,3344,2261,67.61
20,2590,SAICAPI,EQ,140,140,100.00
20,2591,SAIFL,SM,84000,72000,85.71
20,2592,SAIL,EQ,11881802,7390982,62.20
20,2593,SAILIFE,EQ,867960,503542,58.01
20,2594,SAIPARENT,EQ,34306,22929,66.84
20,2595,SAJHOTELS,ST,4000,4000,100.00
20,2596,SAKAR,EQ,147455,95091,64.49
20,2597,SAKHTISUG,EQ,134585,63155,46.93
20,2598,SAKSOFT,EQ,197325,106975,54.21
20,2599,SAKUMA,EQ,991276,688862,69.49
20,2600,SALASAR,EQ,2915338,1853931,63.59
20,2601,SALONA,EQ,1102,916,83.12
20,2602,SALSTEEL,EQ,251942,160677,63.78
20,2603,SALZERELEC,EQ,37733,20650,54.73
20,2604,SAMBANDAM,EQ,1107,1106,99.91
20,2605,SAMBHAAV,EQ,46601,34900,74.89
20,2606,SAMBHV,EQ,28285913,4724701,16.70
20,2607,SAMHI,EQ,928386,491763,52.97
20,2608,SAMMAANCAP,EQ,3658484,2022240,55.28
20,2609,SAMPANN,EQ,30068,24887,82.77
20,2610,SANATHAN,EQ,107246,59994,55.94
20,2611,SANDESH,EQ,106,77,72.64
20,2612,SANDHAR,EQ,100399,49923,49.72
20,2613,SANDUMA,EQ,462946,208281,44.99
20,2614,SANGAMIND,EQ,9168,6252,68.19
20,2615,SANGANI,SM,3000,3000,100.00
20,2616,SANGHVIMOV,EQ,254315,140111,55.09
20,2617,SANOFI,EQ,12855,7289,56.70
20,2618,SANOFICONR,EQ,4359,2834,65.01
20,2619,SANSERA,EQ,287946,129051,44.82
20,2620,SANSTAR,EQ,168121,91370,54.35
20,2621,SAPPHIRE,EQ,997329,376866,37.79
20,2622,SAPPL,EQ,1212,840,69.31
20,2623,SARDAEN,EQ,328485,167561,51.01
20,2624,SAREGAMA,EQ,387575,177983,45.92
20,2625,SARLAPOLY,EQ,23691,18114,76.46
20,2626,SARTELE,SM,69500,51500,74.10
20,2627,SARVESHWAR,EQ,983863,697769,70.92
20,2628,SASKEN,EQ,12687,7423,58.51
20,2629,SATECH,SM,15000,11000,73.33
20,2630,SATIA,EQ,108564,58192,53.60
20,2631,SATIN,EQ,162662,128780,79.17
20,2632,SATKARTAR,SM,32800,22400,68.29
20,2633,SATTVAENGG,SM,20800,14400,69.23
20,2634,SAURASHCEM,EQ,57241,25943,45.32
20,2635,SAVY,SM,2400,2400,100.00
20,2636,SAWALIYA,SM,43200,40800,94.44
20,2637,SAYAJIHOTL,EQ,52,52,100.00
20,2638,SAYAJIIND,EQ,510,510,100.00
20,2639,SBC,EQ,15020726,6500574,43.28
20,2640,SBCL,EQ,106816,55871,52.31
20,2641,SBFC,EQ,1954335,1292761,66.15
20,2642,SBGLP,EQ,587657,271682,46.23
20,2643,SBIBPB,EQ,61295,50804,82.88
20,2644,SBICARD,EQ,3242132,2224889,68.62
20,2645,SBIETFCON,EQ,2418,1201,49.67
20,2646,SBIETFIT,EQ,11162,7826,70.11
20,2647,SBIETFPB,EQ,2346,2123,90.49
20,2648,SBIETFQLTY,EQ,1393,1393,100.00
20,2649,SBIFUNDS,EQ,1779360,1176269,66.11
20,2650,SBILIFE,EQ,929365,666914,71.76
20,2651,SBILIQETF,EQ,725607,712664,98.22
20,2652,SBIMIDMOM,EQ,79500,78099,98.24
20,2653,SBIN,EQ,5699456,3642518,63.91
20,2654,SBINEQWETF,EQ,90497,69622,76.93
20,2655,SBINMID150,EQ,17739,14146,79.75
20,2656,SBISILVER,EQ,1587770,798565,50.29
20,2657,SBISMLETF,EQ,15195,11594,76.30
20,2658,SBIVALETF,EQ,23970,7860,32.79
20,2659,SCHAEFFLER,EQ,171857,106324,61.87
20,2660,SCHAND,EQ,21577,11062,51.27
20,2661,SCHNEIDER,EQ,316226,191128,60.44
20,2662,SCI,EQ,1560763,590776,37.85
20,2663,SCILAL,EQ,1140340,890883,78.12
20,2664,SCL01825,N6,56,56,100.00
20,2665,SCML,SM,138000,56000,40.58
20,2666,SCODATUBES,EQ,98767,51055,51.69
20,2667,SDBL,EQ,396617,207211,52.24
20,2668,SDREAMS,SM,5000,5000,100.00
20,2669,SEAMECLTD,EQ,27243,12761,46.84
20,2670,SECLEDBETA,EQ,20683,17157,82.95
20,2671,SECMARK,EQ,2367,2058,86.95
20,2672,SECURKLOUD,EQ,5429,5080,93.57
20,2673,SEDEMAC,EQ,190154,67995,35.76
20,2674,SEIL,EQ,257466,184824,71.79
20,2675,SEJALLTD,EQ,36648,26140,71.33
20,2676,SEKURITIND,EQ,52095,36786,70.61
20,2677,SEL,SM,3000,2200,73.33
20,2678,SELECTIPO,EQ,24458,17392,71.11
20,2679,SELLOWRAP,SM,3200,3200,100.00
20,2680,SEMAC,EQ,315,221,70.16
20,2681,SENCO,EQ,606311,211397,34.87
20,2682,SENORES,EQ,325710,162459,49.88
20,2683,SENSEXADD,EQ,737,574,77.88
20,2684,SENSEXAXIS,EQ,3257,2420,74.30
20,2685,SENSEXBETA,EQ,1251,887,70.90
20,2686,SENSEXETF,EQ,10598,5087,48.00
20,2687,SENSEXIETF,EQ,5572,3271,58.70
20,2688,SEPC,EQ,12309907,5935580,48.22
20,2689,SERVICE,SM,4000,4000,100.00
20,2690,SERVOTECH,EQ,396912,201599,50.79
20,2691,SESHAPAPER,EQ,27629,13284,48.08
20,2692,SETF10GILT,EQ,2805,2187,77.97
20,2693,SETFGOLD,EQ,3938423,2149714,54.58
20,2694,SETFNIF50,EQ,842918,513743,60.95
20,2695,SETFNIFBK,EQ,5777,3054,52.86
20,2696,SETFNN50,EQ,16704,11481,68.73
20,2697,SETL,EQ,987119,469190,47.53
20,2698,SFL,EQ,213905,126468,59.12
20,2699,SGBAPR28I,GB,712,520,73.03
20,2700,SGBAUG27,GB,43,20,46.51
20,2701,SGBAUG28V,GB,1171,714,60.97
20,2702,SGBAUG29V,GB,138,93,67.39
20,2703,SGBAUG30,GB,89,57,64.04
20,2704,SGBD29VIII,GB,71,42,59.15
20,2705,SGBDC27VII,GB,101,62,61.39
20,2706,SGBDE30III,GB,208,138,66.35
20,2707,SGBDE31III,GB,1295,941,72.66
20,2708,SGBFEB28IX,GB,30,30,100.00
20,2709,SGBFEB29XI,GB,39,29,74.36
20,2710,SGBFEB32IV,GB,1196,731,61.12
20,2711,SGBJAN27,GB,2,2,100.00
20,2712,SGBJAN29IX,GB,298,239,80.20
20,2713,SGBJAN29X,GB,134,97,72.39
20,2714,SGBJAN30IX,GB,131,100,76.34
20,2715,SGBJU29III,GB,175,167,95.43
20,2716,SGBJUL28IV,GB,299,223,74.58
20,2717,SGBJUL29IV,GB,45,29,64.44
20,2718,SGBJUN27,GB,1,1,100.00
20,2719,SGBJUN28,GB,544,357,65.63
20,2720,SGBJUN29II,GB,203,171,84.24
20,2721,SGBJUN30,GB,40,32,80.00
20,2722,SGBJUN31I,GB,398,248,62.31
20,2723,SGBMAR30X,GB,11,11,100.00
20,2724,SGBMAR31IV,GB,72,49,68.06
20,2725,SGBMAY28,GB,66,54,81.82
20,2726,SGBMAY29I,GB,442,318,71.95
20,2727,SGBMR29XII,GB,102,63,61.76
20,2728,SGBN28VIII,GB,67,60,89.55
20,2729,SGBNOV26,GB,4,4,100.00
20,2730,SGBNV29VII,GB,406,349,85.96
20,2731,SGBOC28VII,GB,1401,1175,83.87
20,2732,SGBOCT26,GB,12,12,100.00
20,2733,SGBOCT27,GB,22,22,100.00
20,2734,SGBOCT27VI,GB,4,2,50.00
20,2735,SGBSEP27,GB,12,5,41.67
20,2736,SGBSEP28VI,GB,232,136,58.62
20,2737,SGBSEP29VI,GB,211,114,54.03
20,2738,SGBSEP31II,GB,1412,975,69.05
20,2739,SGFIN,EQ,75511,38681,51.23
20,2740,SGIL,EQ,2487,1399,56.25
20,2741,SGL,EQ,7236,5512,76.17
20,2742,SGLRES,EQ,279185,224078,80.26
20,2743,SGMART,EQ,192112,109027,56.75
20,2744,SGRL,EQ,18488,11268,60.95
20,2745,SHADOWFAX,EQ,1172675,706894,60.28
20,2746,SHAH,EQ,392673,255489,65.06
20,2747,SHAILY,EQ,156212,81081,51.90
20,2748,SHAKTIPUMP,EQ,460443,199092,43.24
20,2749,SHALBY,EQ,149630,84455,56.44
20,2750,SHANKARA,EQ,461337,426297,92.40
20,2751,SHANKESH,EQ,4370436,865199,19.80
20,2752,SHANTHALA,SM,2400,2400,100.00
20,2753,SHANTI,EQ,7260,4101,56.49
20,2754,SHANTIGEAR,EQ,90105,33840,37.56
20,2755,SHANTIGOLD,EQ,2818320,932569,33.09
20,2756,SHANTIINOR,ST,134400,116800,86.90
20,2757,SHARDACROP,EQ,119733,62398,52.11
20,2758,SHARDAMOTR,EQ,121973,59150,48.49
20,2759,SHAREINDIA,EQ,24957936,2142325,8.58
20,2760,SHARIABEES,EQ,4350,3074,70.67
20,2761,SHBAJRG,EQ,3122,2927,93.75
20,2762,SHEEL,ST,4000,4000,100.00
20,2763,SHEETAL,SM,500,500,100.00
20,2764,SHERA,SM,27000,22000,81.48
20,2765,SHERVANI,EQ,54,52,96.30
20,2766,SHETHJI,SM,14000,10000,71.43
20,2767,SHILCTECH,EQ,16065,9221,57.40
20,2768,SHILGRAVQ,EQ,2494,2243,89.94
20,2769,SHILPAMED,EQ,1766385,609436,34.50
20,2770,SHINDL,EQ,430082,106905,24.86
20,2771,SHIPROCKET,EQ,2264860,634849,28.03
20,2772,SHIVAAGRO,EQ,861,826,95.93
20,2773,SHIVACEM,EQ,35784,29110,81.35
20,2774,SHIVALIK,EQ,87050,35310,40.56
20,2775,SHIVAMAUTO,EQ,291980,172465,59.07
20,2776,SHIVAMILLS,EQ,1536,1146,74.61
20,2777,SHIVASHRIT,SM,85000,54000,63.53
20,2778,SHIVATEX,EQ,4948,3337,67.44
20,2779,SHIVAUM,EQ,3232,2840,87.87
20,2780,SHK,EQ,865394,536197,61.96
20,2781,SHOPERSTOP,EQ,72761,29522,40.57
20,2782,SHRADDHA,EQ,11255,8677,77.09
20,2783,SHRADHA,EQ,21953,16271,74.12
20,2784,SHREDIGCEM,EQ,55328,26943,48.70
20,2785,SHREECEM,EQ,62133,23032,37.07
20,2786,SHREEDHAR,ST,14000,14000,100.00
20,2787,SHREEJISPG,EQ,854162,296207,34.68
20,2788,SHREEKARNI,SM,150,150,100.00
20,2789,SHREEOSFM,SM,4000,4000,100.00
20,2790,SHREEPUSHK,EQ,44521,19852,44.59
20,2791,SHREERAMA,EQ,43261,29365,67.88
20,2792,SHREYANIND,EQ,3183,2406,75.59
20,2793,SHRIAHIMSA,SM,8400,6000,71.43
20,2794,SHRIKANHA,SM,4800,4800,100.00
20,2795,SHRIKRISH,EQ,1595,373,23.39
20,2796,SHRINGARMS,EQ,569905,148030,25.97
20,2797,SHRIPISTON,EQ,151917,93038,61.24
20,2798,SHRIRAMFIN,EQ,4870631,3431319,70.45
20,2799,SHRIRAMPPS,EQ,365988,205076,56.03
20,2800,SHRITECH,SM,2000,2000,100.00
20,2801,SHRJAGP,EQ,176,170,96.59
20,2802,SHUBHSHREE,SM,3000,3000,100.00
20,2803,SHUKRAPHAR,EQ,3423614,1211809,35.40
20,2804,SHYAMDHANI,ST,8000,8000,100.00
20,2805,SHYAMMETL,EQ,1196160,912577,76.29
20,2806,SHYAMTEL,EQ,2221,2221,100.00
20,2807,SICAGEN,EQ,7433,5498,73.97
20,2808,SIDDHICOTS,SM,7200,7200,100.00
20,2809,SIDDHIKA,SM,20000,17500,87.50
20,2810,SIEL,EQ,233,222,95.28
20,2811,SIEMENS,EQ,666502,362487,54.39
20,2812,SIGACHI,EQ,16377369,5696800,34.78
20,2813,SIGMA,EQ,50131,34944,69.71
20,2814,SIGNATURE,EQ,248406,35135,14.14
20,2815,SIGNORIA,ST,1000,1000,100.00
20,2816,SIGNPOST,EQ,44887,22875,50.96
20,2817,SIKA,EQ,36899,15434,41.83
20,2818,SIL,EQ,54990,46999,85.47
20,2819,SILGO,EQ,50168,2773,5.53
20,2820,SILINV,EQ,588,521,88.61
20,2821,SILKFLEX,SM,23000,19000,82.61
20,2822,SILKY,SM,24800,16800,67.74
20,2823,SILVER,EQ,1124622,409007,36.37
20,2824,SILVER001,EQ,53082,48096,90.61
20,2825,SILVER1,EQ,10493440,5299716,50.51
20,2826,SILVER360,EQ,22855,15670,68.56
20,2827,SILVERADD,EQ,4445826,2331880,52.45
20,2828,SILVERAG,EQ,239735,92788,38.70
20,2829,SILVERAXIS,EQ,1004472,699557,69.64
20,2830,SILVERBEES,EQ,28477957,13038980,45.79
20,2831,SILVERBETA,EQ,562410,265131,47.14
20,2832,SILVERBND,EQ,25507,12163,47.68
20,2833,SILVERCASE,EQ,12962915,4873393,37.59
20,2834,SILVERIETF,EQ,3751667,1757767,46.85
20,2835,SILVERTUC,EQ,310512,106545,34.31
20,2836,SIMCA,ST,33600,33600,100.00
20,2837,SIMPLEXINF,EQ,211797,68410,32.30
20,2838,SIMPLXREA,EQ,5,5,100.00
20,2839,SINCLAIR,EQ,60387,34039,56.37
20,2840,SINDHUTRAD,EQ,5339301,2011299,37.67
20,2841,SINGERIND,EQ,58206,43256,74.32
20,2842,SINTERCOM,EQ,403,336,83.37
20,2843,SIRCA,EQ,247257,138545,56.03
20,2844,SIS,EQ,164393,113153,68.83
20,2845,SIYSIL,EQ,52367,29570,56.47
20,2846,SJLOGISTIC,SM,20500,17750,86.59
20,2847,SJS,EQ,992502,605884,61.05
20,2848,SJVN,EQ,4062726,2782267,68.48
20,2849,SKFINDIA,EQ,324766,123768,38.11
20,2850,SKFINDUS,EQ,1293995,811274,62.70
20,2851,SKIPPER,EQ,1433300,534488,37.29
20,2852,SKMEGGPROD,EQ,106551,59777,56.10
20,2853,SKP,SM,2500,1000,40.00
20,2854,SKYGOLD,EQ,566838,293736,51.82
20,2855,SKYTECH,SM,440000,411200,93.45
20,2856,SKYWAYS,EQ,92941309,5108247,5.50
20,2857,SLONE,ST,4400,4000,90.91
20,2858,SMALL250,EQ,280548,170655,60.83
20,2859,SMALLADD,EQ,36311,25609,70.53
20,2860,SMALLCAP,EQ,1265660,811025,64.08
20,2861,SMALLGROWW,EQ,17667,13466,76.22
20,2862,SMALLIETF,EQ,36738,15150,41.24
20,2863,SMARTEN,ST,12000,12000,100.00
20,2864,SMARTWORKS,EQ,274681,230192,83.80
20,2865,SMCGLOBAL,EQ,467005,261644,56.03
20,2866,SML100CASE,EQ,1176113,903129,76.79
20,2867,SMLMAH,EQ,53178,23563,44.31
20,2868,SMLT,EQ,3265,2114,64.75
20,2869,SMSPHARMA,EQ,1745125,549857,31.51
20,2870,SNEHAA,SM,2000,2000,100.00
20,2871,SNOWMAN,EQ,155817,93485,60.00
20,2872,SNXT30BEES,EQ,494,471,95.34
20,2873,SNXT50BETA,EQ,2181,1745,80.01
20,2874,SOBHA,EQ,120571,70291,58.30
20,2875,SOCL,SM,1600,1600,100.00
20,2876,SOFTTECH,EQ,35070,31639,90.22
20,2877,SOLARA,EQ,260108,116001,44.60
20,2878,SOLARINDS,EQ,202858,93603,46.14
20,2879,SOLARWORLD,EQ,125558,59957,47.75
20,2880,SOLEX,EQ,122265,37643,30.79
20,2881,SOMANYCERA,EQ,103703,52211,50.35
20,2882,SOMATEX,EQ,13997,10555,75.41
20,2883,SOMICONVEY,EQ,11529,6267,54.36
20,2884,SONACOMS,EQ,4201864,2161414,51.44
20,2885,SONAL,EQ,270,88,32.59
20,2886,SONAMAC,SM,9000,9000,100.00
20,2887,SONATSOFTW,EQ,672020,326362,48.56
20,2888,SONUINFRA,ST,27000,27000,100.00
20,2889,SOTL,EQ,236215,77320,32.73
20,2890,SOUTHBANK,EQ,8637328,4082956,47.27
20,2891,SOUTHWEST,EQ,197258,93900,47.60
20,2892,SPAL,EQ,23776,9938,41.80
20,2893,SPANDANA,EQ,74230,44252,59.61
20,2894,SPARC,EQ,682997,326924,47.87
20,2895,SPCENET,EQ,702541,480447,68.39
20,2896,SPCL,SM,30600,19800,64.71
20,2897,SPCON,SM,6000,6000,100.00
20,2898,SPEB,SM,2000,2000,100.00
20,2899,SPECTSTM,SM,2400,2400,100.00
20,2900,SPENCERS,EQ,28173,21873,77.64
20,2901,SPIC,EQ,616680,297852,48.30
20,2902,SPLIL,EQ,1395,1361,97.56
20,2903,SPLPETRO,EQ,1234723,315653,25.56
20,2904,SPMLINFRA,EQ,101537,59475,58.57
20,2905,SPORTKING,EQ,135881,73370,54.00
20,2906,SPPPOLY,SM,4000,4000,100.00
20,2907,SPUNWEB,SM,2400,2400,100.00
20,2908,SRD,EQ,8341,6608,79.22
20,2909,SRF,EQ,401209,268409,66.90
20,2910,SRGHFL,EQ,45678,33270,72.84
20,2911,SRHHYPOLTD,EQ,26767,20779,77.63
20,2912,SRIVASAVI,ST,4000,4000,100.00
20,2913,SRM,EQ,14465,8541,59.05
20,2914,SRTL,EQ,36125,27420,75.90
20,2915,SSDL,EQ,27910,22248,79.71
20,2916,SSEGL,SM,67600,52600,77.81
20,2917,SSFL,ST,6000,5500,91.67
20,2918,SSWL,EQ,1835082,689212,37.56
20,2919,STANLEY,EQ,31819,17226,54.14
20,2920,STAR,EQ,282913,122912,43.45
20,2921,STARCEMENT,EQ,271084,176545,65.13
20,2922,STARHEALTH,EQ,2515581,1777990,70.68
20,2923,STARPAPER,EQ,5933,3410,57.48
20,2924,STARTECK,EQ,201,191,95.02
20,2925,STCINDIA,EQ,9715,7047,72.54
20,2926,STEAMHOUSE,EQ,23967427,8162325,34.06
20,2927,STEELCAS,EQ,92629,54276,58.60
20,2928,STEELCITY,EQ,2941,2370,80.58
20,2929,STEELXIND,EQ,6471920,2300292,35.54
20,2930,STEL,EQ,12670,9432,74.44
20,2931,STLNETWORK,EQ,1250147,1250040,99.99
20,2932,STLSTRINF,EQ,28554,11083,38.81
20,2933,STOVEKRAFT,EQ,75158,35002,46.57
20,2934,STRIDERS,SM,120000,83200,69.33
20,2935,STUDDS,EQ,21853,12690,58.07
20,2936,STUDIOLSD,SM,32000,30000,93.75
20,2937,STYL,EQ,182909,109372,59.80
20,2938,STYLAMIND,EQ,12878,6678,51.86
20,2939,STYLEBAAZA,EQ,591675,301304,50.92
20,2940,STYRENIX,EQ,22964,13589,59.18
20,2941,SUBAHOTELS,SM,20400,16800,82.35
20,2942,SUBEXLTD,EQ,8841874,2048055,23.16
20,2943,SUBROS,EQ,73793,31331,42.46
20,2944,SUDARCOLOR,EQ,2802,1700,60.67
20,2945,SUDARSCHEM,EQ,318843,134587,42.21
20,2946,SUDEEPPHRM,EQ,217226,123403,56.81
20,2947,SUKHJITS,EQ,16431,10570,64.33
20,2948,SULA,EQ,213274,109222,51.21
20,2949,SUMAX,SM,79200,56400,71.21
20,2950,SUMEDHA,EQ,1646,1591,96.66
20,2951,SUMEETINDS,EQ,1016943,779312,76.63
20,2952,SUMICHEM,EQ,605290,323632,53.47
20,2953,SUMIT,EQ,5452,4723,86.63
20,2954,SUMMITSEC,EQ,1257,885,70.41
20,2955,SUNCLAY,EQ,2172,1553,71.50
20,2956,SUNDARAM,EQ,522850,423366,80.97
20,2957,SUNDARMFIN,EQ,179114,123510,68.96
20,2958,SUNDRMFAST,EQ,237526,149700,63.02
20,2959,SUNDROP,EQ,1428,866,60.64
20,2960,SUNFLAG,EQ,219245,107513,49.04
20,2961,SUNLITE,SM,12300,8100,65.85
20,2962,SUNLOC,EQ,1,1,100.00
20,2963,SUNPHARMA,EQ,2896860,2093616,72.27
20,2964,SUNRAKSHAK,EQ,3601,2525,70.12
20,2965,SUNREST,SM,6400,6400,100.00
20,2966,SUNSHIEL,EQ,2481,1505,60.66
20,2967,SUNSHINE,EQ,1408607,408647,29.01
20,2968,SUNTECH,SM,8000,6400,80.00
20,2969,SUNTECK,EQ,126393,71699,56.73
20,2970,SUNTV,EQ,943160,595398,63.13
20,2971,SUPERHOUSE,EQ,7472,5817,77.85
20,2972,SUPRAJIT,EQ,184177,105288,57.17
20,2973,SUPREME,EQ,10410,7358,70.68
20,2974,SUPREMEIND,EQ,469754,153015,32.57
20,2975,SUPREMEINF,EQ,32459,27920,86.02
20,2976,SUPREMEPWR,SM,37500,26000,69.33
20,2977,SUPRIYA,EQ,130367,55139,42.30
20,2978,SURAJEST,EQ,641088,249726,38.95
20,2979,SURAJLTD,EQ,436,408,93.58
20,2980,SURAKSHA,EQ,117799,75083,63.74
20,2981,SURANASOL,EQ,59455,37246,62.65
20,2982,SURANAT&P,EQ,133228,60525,45.43
20,2983,SURYALA,EQ,39,39,100.00
20,2984,SURYALAXMI,EQ,2230,2159,96.82
20,2985,SURYAROSNI,EQ,604194,416499,68.93
20,2986,SURYODAY,EQ,147616,97932,66.34
20,2987,SUVEN,EQ,261686,106447,40.68
20,2988,SUVIDHAA,EQ,49615,40493,81.61
20,2989,SUYOG,EQ,25191,15155,60.16
20,2990,SUZLON,EQ,63471191,32916322,51.86
20,2991,SVGLOBAL,EQ,6683,5800,86.79
20,2992,SVLL,EQ,1039,877,84.41
20,2993,SVPGLOB,EQ,18472,14832,80.29
20,2994,SWANCORP,EQ,1412160,437876,31.01
20,2995,SWARAJENG,EQ,6970,4284,61.46
20,2996,SWARNSAR,EQ,862,853,98.96
20,2997,SWASTIK,ST,6000,6000,100.00
20,2998,SWELECTES,EQ,8473,5038,59.46
20,2999,SWIGGY,EQ,20140282,14789669,73.43
20,3000,SWSOLAR,EQ,1209329,743716,61.50
20,3001,SYMBIOTEC,EQ,1099366,394025,35.84
20,3002,SYMPHONY,EQ,71400,36061,50.51
20,3003,SYNCOMF,EQ,10260532,3264822,31.82
20,3004,SYNGENE,EQ,2498133,1702612,68.16
20,3005,SYNOPTICS,ST,600,600,100.00
20,3006,SYRMA,EQ,10474149,1426445,13.62
20,3007,SYSTANGO,SM,12800,7600,59.38
20,3008,TAALTECH,EQ,11685,4431,37.92
20,3009,TAC,ST,21600,20000,92.59
20,3010,TAINWALCHM,EQ,2239,1737,77.58
20,3011,TAJGVK,EQ,51856,26074,50.28
20,3012,TAKE,EQ,236867,137558,58.07
20,3013,TALBROAUTO,EQ,1960823,485231,24.75
20,3014,TANAA,EQ,9722,6632,68.22
20,3015,TANKUP,ST,1250,1250,100.00
20,3016,TANLA,EQ,400725,202976,50.65
20,3017,TAPIFRUIT,SM,750,750,100.00
20,3018,TARACHAND,EQ,34465,24683,71.62
20,3019,TARAPUR,EQ,25602,15957,62.33
20,3020,TARC,EQ,537993,306255,56.93
20,3021,TARIL,EQ,1238672,530008,42.79
20,3022,TARMAT,EQ,3487,2079,59.62
20,3023,TARSONS,EQ,133321,41182,30.89
20,3024,TASTYBITE,EQ,1518,765,50.40
20,3025,TATACAP,EQ,2404143,1482206,61.65
20,3026,TATACHEM,EQ,14086032,3546449,25.18
20,3027,TATACOMM,EQ,713124,439570,61.64
20,3028,TATACONSUM,EQ,2076522,1384317,66.67
20,3029,TATAELXSI,EQ,297430,156055,52.47
20,3030,TATAGOLD,EQ,55967837,27426404,49.00
20,3031,TATAINVEST,EQ,2361598,437943,18.54
20,3032,TATAPOWER,EQ,5102671,3159710,61.92
20,3033,TATASTEEL,EQ,29014128,17832092,61.46
20,3034,TATATECH,EQ,2215517,947546,42.77
20,3035,TATSILV,EQ,58813645,31406574,53.40
20,3036,TATVA,EQ,91966,39680,43.15
20,3037,TAURIAN,ST,28800,25600,88.89
20,3038,TBI,SM,28800,24600,85.42
20,3039,TBOTEK,EQ,212106,87906,41.44
20,3040,TBZ,EQ,1436925,514997,35.84
20,3041,TCC,EQ,705212,205547,29.15
20,3042,TCHF30,NB,2,0,0.00
20,3043,TCI,EQ,20300,11048,54.42
20,3044,TCIEXP,EQ,20352,14203,69.79
20,3045,TCIFINANCE,EQ,64732,45967,71.01
20,3046,TCL,SM,79200,56000,70.71
20,3047,TCPLPACK,EQ,1645,743,45.17
20,3048,TCS,EQ,6875428,3972356,57.78
20,3049,TDPOWERSYS,EQ,3139171,1467492,46.75
20,3050,TEAMGTY,EQ,2034,2012,98.92
20,3051,TEAMLEASE,EQ,21622,13005,60.15
20,3052,TEAMTECH,ST,26000,26000,100.00
20,3053,TECH,EQ,144353,109105,75.58
20,3054,TECHD,SM,13200,8400,63.64
20,3055,TECHERA,SM,33600,24000,71.43
20,3056,TECHLABS,SM,19375,12125,62.58
20,3057,TECHM,EQ,3113722,1889780,60.69
20,3058,TECHNOCRAF,EQ,859607,379349,44.13
20,3059,TECHNOE,EQ,286285,151935,53.07
20,3060,TECHNVISN,EQ,752,589,78.32
20,3061,TECILCHEM,EQ,3009,2812,93.45
20,3062,TEGA,EQ,1144337,229605,20.06
20,3063,TEJA,SM,101400,89400,88.17
20,3064,TEJASCARGO,SM,400,400,100.00
20,3065,TEJASNET,EQ,1522105,424227,27.87
20,3066,TEMBO,EQ,302439,170371,56.33
20,3067,TEMPSENS,EQ,1265503,331794,26.22
20,3068,TENNIND,EQ,1072952,717161,66.84
20,3069,TERASOFT,EQ,26937,11404,42.34
20,3070,TEXINFRA,EQ,245506,159193,64.84
20,3071,TEXMOPIPES,EQ,315163,169318,53.72
20,3072,TEXRAIL,EQ,2196519,840662,38.27
20,3073,TFCILTD,EQ,12165117,4542751,37.34
20,3074,TFL,EQ,56,53,94.64
20,3075,TGBHOTELS,EQ,5102,3826,74.99
20,3076,TGL,ST,8200,8200,100.00
20,3077,TGVSL,EQ,44012,25975,59.02
20,3078,THACKER,EQ,21,21,100.00
20,3079,THAKDEV,EQ,6,6,100.00
20,3080,THANGAMAYL,EQ,386791,252288,65.23
20,3081,THEINVEST,EQ,2967,1955,65.89
20,3082,THEJO,EQ,6505,4031,61.97
20,3083,THELEELA,EQ,124085,68720,55.38
20,3084,THEMISMED,EQ,78797,27719,35.18
20,3085,THERMAX,EQ,238396,139990,58.72
20,3086,THOMASCOOK,EQ,997099,569013,57.07
20,3087,THOMASCOTT,EQ,23906,15621,65.34
20,3088,THYROCARE,EQ,244576,155343,63.52
20,3089,TI,EQ,1687493,668655,39.62
20,3090,TIGERLOGS,EQ,77418,57462,74.22
20,3091,TIIL,EQ,34329,17127,49.89
20,3092,TIINDIA,EQ,293372,188357,64.20
20,3093,TIMESCAN,SM,2000,2000,100.00
20,3094,TIMETECHNO,EQ,3604165,874840,24.27
20,3095,TIMEX,EQ,6651306,908794,13.66
20,3096,TIMKEN,EQ,132715,77249,58.21
20,3097,TINNARUBR,EQ,22220,9046,40.71
20,3098,TIPSFILMS,EQ,1585,827,52.18
20,3099,TIPSMUSIC,EQ,502106,302800,60.31
20,3100,TIRUMALCHM,EQ,657447,333380,50.71
20,3101,TITAGARH,EQ,475698,147375,30.98
20,3102,TITAN,EQ,1066023,755286,70.85
20,3103,TMB,EQ,242023,148416,61.32
20,3104,TMCV,EQ,13129939,7908093,60.23
20,3105,TMPV,EQ,18037112,10065798,55.81
20,3106,TNIDETF,EQ,57856,35050,60.58
20,3107,TNPETRO,EQ,848214,308648,36.39
20,3108,TNPL,EQ,256191,128844,50.29
20,3109,TNTELE,EQ,7387,4917,66.56
20,3110,TOKYOPLAST,EQ,400,263,65.75
20,3111,TOLINS,EQ,21237,14546,68.49
20,3112,TOP100CASE,EQ,253788,162509,64.03
20,3113,TOP10ADD,EQ,953150,904022,94.85
20,3114,TOP15IETF,EQ,237198,166864,70.35
20,3115,TOP20,EQ,220953,216327,97.91
20,3116,TORNTPHARM,EQ,486733,335298,68.89
20,3117,TORNTPOWER,EQ,462594,274285,59.29
20,3118,TOUCHWOOD,EQ,403,357,88.59
20,3119,TOYAMSL,EQ,458115,385973,84.25
20,3120,TPLPLASTEH,EQ,111552,37529,33.64
20,3121,TRACXN,EQ,73768,47720,64.69
20,3122,TRANSCOR,EQ,3513,3207,91.29
20,3123,TRANSRAILL,EQ,228722,118225,51.69
20,3124,TRANSTEEL,SM,72000,45000,62.50
20,3125,TRAVELFOOD,EQ,42342,19549,46.17
20,3126,TREEHOUSE,EQ,37165,26487,71.27
20,3127,TREJHARA,EQ,19780,17924,90.62
20,3128,TREL,EQ,611021,351041,57.45
20,3129,TRENT,EQ,925467,683320,73.84
20,3130,TRF,EQ,8388,6031,71.90
20,3131,TRIDENT,EQ,5955453,2794925,46.93
20,3132,TRIDHYA,ST,6000,6000,100.00
20,3133,TRIGYN,EQ,19459,12050,61.93
20,3134,TRITONV,EQ,1647,1081,65.63
20,3135,TRITURBINE,EQ,501922,240256,47.87
20,3136,TRIVENI,EQ,661400,332892,50.33
20,3137,TROM,SM,1800,1800,100.00
20,3138,TRU,EQ,85524,67023,78.37
20,3139,TRUALT,EQ,220451,125034,56.72
20,3140,TRUST,SM,58800,53400,90.82
20,3141,TSC,ST,12000,12000,100.00
20,3142,TSFINV,EQ,153537,83744,54.54
20,3143,TTKHLTCARE,EQ,41244,23682,57.42
20,3144,TTKPRESTIG,EQ,114198,54311,47.56
20,3145,TTL,EQ,235464,179435,76.20
20,3146,TTML,EQ,1516686,629592,41.51
20,3147,TUNWAL,SM,18000,16000,88.89
20,3148,TURTLEMINT,EQ,832911,306499,36.80
20,3149,TUTIALKA,EQ,3984,3733,93.70
20,3150,TVSELECT,EQ,26441,12206,46.16
20,3151,TVSHLTD,EQ,45028,32844,72.94
20,3152,TVSMOTOR,EQ,1304681,954162,73.13
20,3153,TVSSCS,EQ,2452803,1189012,48.48
20,3154,TVSSRICHAK,EQ,4438,2135,48.11
20,3155,TVTODAY,EQ,47797,31438,65.77
20,3156,TWCGOLDETF,EQ,2610,2209,84.64
20,3157,UBL,EQ,276273,174681,63.23
20,3158,UCOBANK,EQ,3517779,1597047,45.40
20,3159,UDAYJEW,EQ,58089,36359,62.59
20,3160,UDS,EQ,72939,37639,51.60
20,3161,UEL,EQ,52048,16138,31.01
20,3162,UFLEX,EQ,69585,39303,56.48
20,3163,UFO,EQ,14004,10329,73.76
20,3164,UGARSUGAR,EQ,1345153,400944,29.81
20,3165,UGROCAP,EQ,98903,49506,50.06
20,3166,UHTL,ST,6000,6000,100.00
20,3167,UJJIVANSFB,EQ,4749884,2537117,53.41
20,3168,ULTRACEMCO,EQ,458848,320335,69.81
20,3169,ULTRAMAR,EQ,78947,56205,71.19
20,3170,UMESLTD,EQ,63578,49494,77.85
20,3171,UMIYA-MRO,EQ,4684,2570,54.87
20,3172,UNICHEMLAB,EQ,26772,12138,45.34
20,3173,UNIDT,EQ,13543,9274,68.48
20,3174,UNIECOM,EQ,166409,65689,39.47
20,3175,UNIENTER,EQ,4951,4075,82.31
20,3176,UNIHEALTH,SM,10500,8500,80.95
20,3177,UNIINFO,EQ,2207,1062,48.12
20,3178,UNILEX,SM,4800,3200,66.67
20,3179,UNIMECH,EQ,189186,88569,46.82
20,3180,UNIONBANK,EQ,6401370,4130552,64.53
20,3181,UNIONGOLD,EQ,5577,2874,51.53
20,3182,UNIPARTS,EQ,220753,96338,43.64
20,3183,UNITDSPR,EQ,842151,706325,83.87
20,3184,UNITECH,EQ,4618701,2762250,59.81
20,3185,UNITEDPOLY,EQ,640093,314705,49.17
20,3186,UNITEDTEA,EQ,1441,1372,95.21
20,3187,UNIVCABLES,EQ,96755,39339,40.66
20,3188,UNOMINDA,EQ,1277954,845674,66.17
20,3189,UPHOT,EQ,121,121,100.00
20,3190,UPL,EQ,3779171,3050593,80.72
20,3191,URBAN,SM,9600,7200,75.00
20,3192,URBANCO,EQ,11152442,3746775,33.60
20,3193,URJA,EQ,538147,305962,56.85
20,3194,USASEEDS,SM,428,428,100.00
20,3195,USHAFIN,SM,24000,22400,93.33
20,3196,USHAMART,EQ,1588391,888985,55.97
20,3197,USK,EQ,20541,16140,78.57
20,3198,UTIAMC,EQ,109250,78708,72.04
20,3199,UTKAL,SM,54000,50000,92.59
20,3200,UTKARSHBNK,EQ,5303916,2585080,48.74
20,3201,UTLSOLAR,EQ,120238,61149,50.86
20,3202,UTSSAV,SM,31200,17400,55.77
20,3203,UTTAMSUGAR,EQ,127683,52387,41.03
20,3204,V2RETAIL,EQ,643385,384507,59.76
20,3205,VADILALIND,EQ,19386,9760,50.35
20,3206,VADILENT,EQ,10,7,70.00
20,3207,VAIBHAVGBL,EQ,254747,133043,52.23
20,3208,VAISHALI,EQ,189226,122385,64.68
20,3209,VAKRANGEE,EQ,1102478,747904,67.84
20,3210,VAL30IETF,EQ,91576,51844,56.61
20,3211,VALUE,EQ,8366,5974,71.41
20,3212,VALUE360,SM,6000,6000,100.00
20,3213,VALUEAXIS,EQ,39037,21665,55.50
20,3214,VAML,EQ,9307238,6052939,65.03
20,3215,VARDMNPOLY,EQ,430537,393407,91.38
20,3216,VARROC,EQ,223364,90139,40.36
20,3217,VASCONEQ,EQ,305184,206575,67.69
20,3218,VASWANI,EQ,52340,37191,71.06
20,3219,VBL,EQ,7581873,5231406,69.00
20,3220,VDEAL,SM,15000,14400,96.00
20,3221,VEDAVAAG,EQ,105589,56574,53.58
20,3222,VEDL,EQ,8484152,5668526,66.81
20,3223,VEDPOWER,EQ,12482165,6404529,51.31
20,3224,VEEDOL,EQ,9305,6652,71.49
20,3225,VEEKAYEM,SM,9000,6000,66.67
20,3226,VENKEYS,EQ,50193,27906,55.60
20,3227,VENTIVE,EQ,25567,21172,82.81
20,3228,VENUSPIPES,EQ,1274312,340352,26.71
20,3229,VERANDA,EQ,279852,168648,60.26
20,3230,VERTIS,IV,50000,50000,100.00
20,3231,VERTOZ,EQ,17377,10633,61.19
20,3232,VESUVIUS,EQ,129439,58728,45.37
20,3233,VGCL,EQ,2553,2511,98.35
20,3234,VGINFOTECH,SM,11000,8000,72.73
20,3235,VGL,EQ,45684,24987,54.70
20,3236,VGUARD,EQ,650488,405369,62.32
20,3237,VHL,EQ,287,230,80.14
20,3238,VICTORYEV,SM,3000,3000,100.00
20,3239,VIDHIING,EQ,23643,15590,65.94
20,3240,VIDYAWIRES,EQ,527832,268942,50.95
20,3241,VIESL,SM,3200,2400,75.00
20,3242,VIGOR,SM,1600,1600,100.00
20,3243,VIJAYA,EQ,278137,107263,38.56
20,3244,VIJAYPD,SM,4000,2000,50.00
20,3245,VIJSOLX,EQ,282,249,88.30
20,3246,VIKASECO,EQ,1026403,677800,66.04
20,3247,VIKASLIFE,EQ,1457205,788568,54.12
20,3248,VIKRAMSOLR,EQ,864171,390138,45.15
20,3249,VIKRAN,EQ,526119,230229,43.76
20,3250,VILAS,SM,124750,95250,76.35
20,3251,VILINBIO,ST,8000,8000,100.00
20,3252,VIMTALABS,EQ,91341,40902,44.78
20,3253,VINATIORGA,EQ,178913,145455,81.30
20,3254,VINCOFE,EQ,1635637,557920,34.11
20,3255,VINDHYATEL,EQ,35119,9753,27.77
20,3256,VINEETLAB,EQ,115604,85223,73.72
20,3257,VINNY,EQ,264396,191475,72.42
20,3258,VINOD,ST,1200,1200,100.00
20,3259,VINSYS,ST,11250,9000,80.00
20,3260,VINYAS,SM,3900,2700,69.23
20,3261,VINYLINDIA,EQ,6877,4793,69.70
20,3262,VIPCLOTHNG,EQ,75380,65279,86.60
20,3263,VIPIND,EQ,1206004,535514,44.40
20,3264,VIRAT,EQ,11453,4163,36.35
20,3265,VIRINCHI,EQ,62548,45512,72.76
20,3266,VISACHROME,EQ,54826,41110,74.98
20,3267,VISAKAIND,EQ,612789,306324,49.99
20,3268,VISAMAN,SM,2000,2000,100.00
20,3269,VISDEM,SM,24000,16800,70.00
20,3270,VISHAL,EQ,14567,11986,82.28
20,3271,VISHNU,EQ,81466,38216,46.91
20,3272,VISHNUINFR,SM,12000,10500,87.50
20,3273,VISHWARAJ,EQ,173856,119058,68.48
20,3274,VISHWAS,ST,8000,8000,100.00
20,3275,VISL,EQ,23212486,13726881,59.14
20,3276,VITAL,EQ,4769,4670,97.92
20,3277,VIVIANA,EQ,13641,8356,61.26
20,3278,VIVIDEL,SM,12720,8400,66.04
20,3279,VIVIDHA,EQ,328242,271772,82.80
20,3280,VIVOBIOT,EQ,7955,6779,85.22
20,3281,VIYASH,EQ,1418518,806483,56.85
20,3282,VLEGOV,EQ,22497,15732,69.93
20,3283,VLINFRA,SM,7500,7500,100.00
20,3284,VLSFINANCE,EQ,5611,5089,90.70
20,3285,VMARCIND,SM,124500,93000,74.70
20,3286,VMART,EQ,87125,34516,39.62
20,3287,VMM,EQ,10785733,7139718,66.20
20,3288,VMOBILE,SM,6400,4800,75.00
20,3289,VMSTMT,EQ,133668,64837,48.51
20,3290,VOEPL,EQ,30038,17626,58.68
20,3291,VOGL,EQ,21433547,11392697,53.15
20,3292,VOITHPAPR,EQ,161,109,67.70
20,3293,VOLERCAR,SM,800,800,100.00
20,3294,VOLTAMP,EQ,19415,9156,47.16
20,3295,VOLTAS,EQ,597381,426218,71.35
20,3296,VPRPL,EQ,1120320,258848,23.10
20,3297,VRAJ,EQ,20078,14467,72.05
20,3298,VRLLOG,EQ,140025,86273,61.61
20,3299,VSSL,EQ,154256,87423,56.67
20,3300,VSTIND,EQ,257715,101009,39.19
20,3301,VSTL,EQ,5909,4714,79.78
20,3302,VSTTILLERS,EQ,17107,6724,39.31
20,3303,VTL,EQ,361599,170541,47.16
20,3304,VTMLTD,EQ,35040,25827,73.71
20,3305,WAAREEENER,EQ,1224265,717931,58.64
20,3306,WAAREEINDO,EQ,293556,112599,38.36
20,3307,WAAREERTL,EQ,93649,45321,48.39
20,3308,WABAG,EQ,535595,221076,41.28
20,3309,WAKEFIT,EQ,179739,83333,46.36
20,3310,WALCHANNAG,EQ,396972,213818,53.86
20,3311,WALPAR,SM,22000,20000,90.91
20,3312,WANBURY,EQ,113160,44601,39.41
20,3313,WARDINMOBI,EQ,205536,143955,70.04
20,3314,WATERBASE,EQ,12534,11682,93.20
20,3315,WCIL,EQ,535857,254984,47.58
20,3316,WEALTH,EQ,2275,1828,80.35
20,3317,WEBELSOLAR,EQ,1657255,845240,51.00
20,3318,WEIZMANIND,EQ,282,281,99.65
20,3319,WEL,EQ,546636,352116,64.42
20,3320,WELCORP,EQ,4629365,2257421,48.76
20,3321,WELENT,EQ,1675361,1111544,66.35
20,3322,WELSPLSOL,EQ,558795,258660,46.29
20,3323,WELSPUNLIV,EQ,3513969,1616620,46.01
20,3324,WENDT,EQ,16282,6576,40.39
20,3325,WESTLIFE,EQ,64581,31705,49.09
20,3326,WEWIN,EQ,3103,3004,96.81
20,3327,WEWORK,EQ,191510,116750,60.96
20,3328,WHBRADY,EQ,124,111,89.52
20,3329,WHEELS,EQ,311417,114351,36.72
20,3330,WHIRLPOOL,EQ,1683148,849314,50.46
20,3331,WILLAMAGOR,EQ,939,769,81.90
20,3332,WINDLAS,EQ,71125,37377,52.55
20,3333,WINDMACHIN,EQ,137585,91957,66.84
20,3334,WINNY,SM,1000,1000,100.00
20,3335,WINSOL,SM,800,800,100.00
20,3336,WIPL,EQ,1593,1572,98.68
20,3337,WIPRO,EQ,23606474,13771360,58.34
20,3338,WOCKPHARMA,EQ,557349,190561,34.19
20,3339,WOL3D,SM,3000,3000,100.00
20,3340,WOMANCART,ST,24000,21200,88.33
20,3341,WONDERLA,EQ,72202,49001,67.87
20,3342,WORTHPERI,EQ,6705,5234,78.06
20,3343,WPIL,EQ,38917,23384,60.09
20,3344,WSI,EQ,15648,12204,77.99
20,3345,WSTCSTPAPR,EQ,592182,341261,57.63
20,3346,WTICAB,SM,5000,5000,100.00
20,3347,XCHANGING,EQ,62678,32462,51.79
20,3348,XELPMOC,EQ,4134,2613,63.21
20,3349,XPROINDIA,EQ,20472,11616,56.74
20,3350,XTGLOBAL,EQ,27319,21960,80.38
20,3351,XTRANET,EQ,2792260,522630,18.72
20,3352,YAAP,SM,13000,9000,69.23
20,3353,YASHO,EQ,16899,8459,50.06
20,3354,YASHOPTICS,SM,27200,24800,91.18
20,3355,YATHARTH,EQ,6484052,923768,14.25
20,3356,YATRA,EQ,437182,200520,45.87
20,3357,YCCL,SM,3000,3000,100.00
20,3358,YESBANK,EQ,73563796,48081227,65.36
20,3359,YOGI,EQ,15,13,86.67
20,3360,YUDIZ,SM,1600,1600,100.00
20,3361,YUKEN,EQ,26377,11108,42.11
20,3362,ZAGGLE,EQ,983830,391971,39.84
20,3363,ZEAL,SM,7200,4200,58.33
20,3364,ZEEL,EQ,21977996,6726853,30.61
20,3365,ZEELEARN,EQ,361589,259320,71.72
20,3366,ZEEMEDIA,EQ,1273163,865040,67.94
20,3367,ZENITHDRUG,SM,4000,2400,60.00
20,3368,ZENITHEXPO,EQ,2,1,50.00
20,3369,ZENITHSTL,EQ,27022,19530,72.27
20,3370,ZENSARTECH,EQ,1100244,368680,33.51
20,3371,ZENTEC,EQ,196201,93922,47.87
20,3372,ZFCVINDIA,EQ,351520,258202,73.45
20,3373,ZFSTEERING,EQ,3521,1773,50.36
20,3374,ZIMLAB,EQ,127424,68759,53.96
20,3375,ZODIAC,EQ,6000,3807,63.45
20,3376,ZODIACLOTH,EQ,674,619,91.84
20,3377,ZOTA,EQ,56557,40926,72.36
20,3378,ZSARACOM,EQ,4,4,100.00
20,3379,ZTECH,SM,20100,13800,68.66
20,3380,ZUARI,EQ,66310,36171,54.55
20,3381,ZUARIIND,EQ,26424,13144,49.74
20,3382,ZYDUSLIFE,EQ,2789186,1330491,47.70
20,3383,ZYDUSWELL,EQ,723768,217161,30.00
