Security Wise Delivery Position - Compulsory Rolling Settlement
10,MTO,11092026,1772614198,0003333
Trade Date <11-SEP-2026>,Settlement Type <N>
Record Type,Sr No,Name of Security,Quantity Traded,Deliverable Quantity(gross across client level),% of Deliverable Quantity to Traded Quantity
20,1,1015ECL29,NR,43,43,100.00
20,2,1025PATE28,N0,2,2,100.00
20,3,1025SCL35A,N1,41,41,100.00
20,4,105IIFL29,N7,2,2,100.00
20,5,1060ECL29,NS,59,59,100.00
20,6,1065NFL27,NC,467,467,100.00
20,7,1075SCL33,YK,85,85,100.00
20,8,1075SCL33A,N2,134,78,58.21
20,9,10CAGL27,N5,54,27,50.00
20,10,10IIFL28,N4,56,53,94.64
20,11,10IIFL28A,NE,894,894,100.00
20,12,10IIFL29,N6,13,11,84.62
20,13,10MWL29,N0,5,5,100.00
20,14,1119NFL27,ND,2,1,50.00
20,15,118VCCL27A,N0,5,5,100.00
20,16,11VCCL27,N0,5,5,100.00
20,17,1275DCCL28,N0,25,25,100.00
20,18,12AFIL27,N0,8,8,100.00
20,19,12AFIL28,N0,20,20,100.00
20,20,12VCCL27,N0,3,3,100.00
20,21,12VCCL28,N0,2,2,100.00
20,22,12VCCL29B,N0,2,2,100.00
20,23,12VPT28,N0,7,7,100.00
20,24,182D140127,TB,100,100,100.00
20,25,20MICRONS,EQ,135918,65325,48.06
20,26,21STCENMGM,EQ,112,103,91.96
20,27,360ONE,EQ,766238,413109,53.91
20,28,364D031226,TB,100,100,100.00
20,29,364D170926,TB,130000,130000,100.00
20,30,3BBLACKBIO,EQ,17222,9799,56.90
20,31,3MINDIA,EQ,1283,637,49.65
20,32,3PLAND,EQ,17600,13152,74.73
20,33,574GS2026,GS,1,1,100.00
20,34,5PAISA,EQ,28945,17102,59.08
20,35,603GS2029,GS,200,200,100.00
20,36,610GS2031,GS,40,14,35.00
20,37,620GS2029,GS,311,311,100.00
20,38,636GS2031,GS,515382,515382,100.00
20,39,63MOONS,EQ,1262014,277747,22.01
20,40,648GS2035,GS,1858,1768,95.16
20,41,662GS2051,GS,10,10,100.00
20,42,667GS2050,GS,2,2,100.00
20,43,668GS2033,GS,200,200,100.00
20,44,668GS2040,GS,2000000,2000000,100.00
20,45,676GS2061,GS,48563,47439,97.69
20,46,68GS2060,GS,1800,1800,100.00
20,47,690GS2065,GS,8497,8497,100.00
20,48,694GS2036,GS,5700,5200,91.23
20,49,695GS2061,GS,47,46,97.87
20,50,697GR2034,GS,221,221,100.00
20,51,699GS2051,GS,1,1,100.00
20,52,704GS2029,GS,15,15,100.00
20,53,704REC28,N4,9,9,100.00
20,54,706GS2028,GS,100,100,100.00
20,55,706GS2046,GS,1,1,100.00
20,56,709GS2054,GS,6730,5375,79.87
20,57,709GS2074,GS,259,249,96.14
20,58,710GS2029,GS,2057700,2057700,100.00
20,59,712BR34,SG,900,900,100.00
20,60,716GS2050,GS,1,1,100.00
20,61,717GS2030,GS,4301,4301,100.00
20,62,718GS2033,GS,199,199,100.00
20,63,718GS2037,GS,2115,2115,100.00
20,64,719GS2060,GS,200,200,100.00
20,65,71GS2034,GS,500,500,100.00
20,66,71MH33,SG,1000,1000,100.00
20,67,724GS2055,GS,13765,13765,100.00
20,68,725GS2063,GS,111543,110314,98.90
20,69,726GS2032,GS,34680,34680,100.00
20,70,726GS2033,GS,101,101,100.00
20,71,728IRFC30,NG,9,9,100.00
20,72,732GS2030,GS,650,600,92.31
20,73,733GS2026,GS,200,200,100.00
20,74,734GS2064,GS,16130,16130,100.00
20,75,737CG31,SG,900,900,100.00
20,76,737GS2028,GS,1878,1878,100.00
20,77,737NTPC35C,NA,38,38,100.00
20,78,738GS2027,GS,9509,9509,100.00
20,79,739TN34A,SG,100,100,100.00
20,80,73GS2053,GS,4547,4547,100.00
20,81,741GS2036,GS,1100,1100,100.00
20,82,743GS2076,GS,44916,40981,91.24
20,83,743REC35,NH,480,480,100.00
20,84,744CG30,SG,100,100,100.00
20,85,744TN55A,SG,700,600,85.71
20,86,745KA35,SG,200,200,100.00
20,87,745WB44,SG,200,200,100.00
20,88,746CG31,SG,100,100,100.00
20,89,746GS2073,GS,18099,18076,99.87
20,90,748UP36,SG,800,800,100.00
20,91,74GS2062,GS,1,1,100.00
20,92,750GS2056,GS,5,5,100.00
20,93,751HUDCO28,N5,200,200,100.00
20,94,753IRFC30,NJ,10,10,100.00
20,95,754GS2036,GS,193220,192939,99.85
20,96,762NTPC35F,ND,200,200,100.00
20,97,764HUDCO31,N8,3,3,100.00
20,98,764IRFC31,NO,209,100,47.85
20,99,764MP34,SG,2800,2800,100.00
20,100,768KA31,SG,100,100,100.00
20,101,769NHAI31,NE,4993,3645,73.00
20,102,76NHAI31,NA,360,270,75.00
20,103,771GS2066,GS,78392,78191,99.74
20,104,772UP36A,SG,400,400,100.00
20,105,781RJ49,SG,100,100,100.00
20,106,795GS2032,GS,368,368,100.00
20,107,79NHIT35,N1,17,17,100.00
20,108,79NHIT40,N2,615,597,97.07
20,109,79NHIT47,N3,579,569,98.27
20,110,812REC27,NI,10,10,100.00
20,111,81TCHF28,N8,698,698,100.00
20,112,820IIFL27,N9,225,225,100.00
20,113,824GS2027,GS,296,248,83.78
20,114,828GS2032,GS,1009,1009,100.00
20,115,82HUDCO27,N2,1480,1475,99.66
20,116,82IGT31,NJ,175,140,80.00
20,117,830NHAI27,N2,820,811,98.90
20,118,837IIFL28,Y4,20,20,100.00
20,119,840IRFC29,N8,2,2,100.00
20,120,842IIFL26,NL,232,232,100.00
20,121,843IHFL29,NC,315,200,63.49
20,122,850IIFL27,NA,10,10,100.00
20,123,85CIFC27,NL,30,30,100.00
20,124,860AEL28,NH,31,31,100.00
20,125,862AEL31,NM,80,63,78.75
20,126,862REC33,NA,35,35,100.00
20,127,863IRFC29,NC,20,20,100.00
20,128,865IFL28,NZ,200,200,100.00
20,129,865IIFL28,NS,1354,1354,100.00
20,130,865IRFC29,NA,640,640,100.00
20,131,865LTF26,NN,15,14,93.33
20,132,865SCL27,N4,30,30,100.00
20,133,871REC28,N9,10,10,100.00
20,134,875NHAI29,N6,615,606,98.54
20,135,875SFL27,ZF,60,60,100.00
20,136,879SCL30,N0,3,3,100.00
20,137,87LTF27,NH,1,1,100.00
20,138,880IREDA29,N5,128,128,100.00
20,139,888ECL28,N1,258,258,100.00
20,140,888REC29,NF,3,3,100.00
20,141,888SCL25E,N4,248,131,52.82
20,142,890AEL31,NN,500,500,100.00
20,143,890SFIL23A,NZ,15,15,100.00
20,144,891IIFCL34,N4,1,1,100.00
20,145,891NTPC33,N6,236,236,100.00
20,146,892NHPC33,N6,500,500,100.00
20,147,895AEL27,N9,11,11,100.00
20,148,897GS2030,GS,50,50,100.00
20,149,89IHFL29,N1,365,365,100.00
20,150,901HUDCO34,NE,395,385,97.47
20,151,901NHB34,N6,272,238,87.50
20,152,903SFL28,YI,10,10,100.00
20,153,905LTF27,NF,1,1,100.00
20,154,910TCAP28,NA,157,125,79.62
20,155,915SCL27,Z7,132,132,100.00
20,156,91D011026,TB,1300,1300,100.00
20,157,91D031226,TB,200,200,100.00
20,158,91D081026,TB,100,100,100.00
20,159,91D151026,TB,3000,3000,100.00
20,160,91D221026,TB,500,500,100.00
20,161,920HFL30,N0,1,1,100.00
20,162,925ECL28,N2,34,34,100.00
20,163,925ISF28,N0,16,16,100.00
20,164,925SCL28C,BS,1,1,100.00
20,165,92GS2030,GS,21350,21350,100.00
20,166,930AEL30,NF,426,426,100.00
20,167,930APMD27,N0,1,1,100.00
20,168,930APMD31,N0,3,3,100.00
20,169,932AEL27,N3,1047,1047,100.00
20,170,935LTF29,N5,90,90,100.00
20,171,935PFL33,N3,20,20,100.00
20,172,93MOFSL34,N6,40,30,75.00
20,173,943ECL28,NJ,1,1,100.00
20,174,948SCL26B,Y8,5,5,100.00
20,175,948SCL27A,ZJ,150,150,100.00
20,176,948SCL27D,N1,2,2,100.00
20,177,950ISF27C,N0,6,6,100.00
20,178,956AEL29,N6,20,20,100.00
20,179,957ICCL25,YW,30,30,100.00
20,180,965AEL27,N4,548,548,100.00
20,181,965SCL27,N1,10,10,100.00
20,182,96IIFL28,N5,2569,1796,69.91
20,183,96IIFL28A,NF,626,626,100.00
20,184,970CAGL28,ND,108,108,100.00
20,185,97MOFSL34,N7,240,200,83.33
20,186,97SFL29,YZ,215,135,62.79
20,187,985SFIL28,NO,10,10,100.00
20,188,990SCL26A,NL,273,273,100.00
20,189,990SCL27,YT,30,30,100.00
20,190,99AEL29,N7,203,202,99.51
20,191,9AEL30,NE,117,92,78.63
20,192,9IIFL28A,NT,206,206,100.00
20,193,9PCPL28A,N0,2,2,100.00
20,194,9PFL31A,NA,55,47,85.45
20,195,A2ZINFRA,EQ,60369,49055,81.26
20,196,AAATECH,EQ,6556,4606,70.26
20,197,AADHARHFC,EQ,172941,92755,53.63
20,198,AAKAAR,SM,3200,3200,100.00
20,199,AAKASH,EQ,127026,89892,70.77
20,200,AARADHYA,ST,45600,45600,100.00
20,201,AAREYDRUGS,EQ,323673,211060,65.21
20,202,AARON,EQ,30461,20441,67.11
20,203,AARTIDRUGS,EQ,156926,74582,47.53
20,204,AARTIIND,EQ,485436,268375,55.29
20,205,AARTIPHARM,EQ,233106,110118,47.24
20,206,AARVI,EQ,12133,10120,83.41
20,207,AASTHA,EQ,157478,114680,72.82
20,208,AATMAJ,SM,2000,2000,100.00
20,209,AAVAS,EQ,51233,31509,61.50
20,210,ABANSENT,EQ,6389,5265,82.41
20,211,ABB,EQ,173123,86043,49.70
20,212,ABBOTINDIA,EQ,8413,4602,54.70
20,213,ABCAPITAL,EQ,1462240,646243,44.20
20,214,ABCOTS,EQ,1003,881,87.84
20,215,ABDL,EQ,422971,233578,55.22
20,216,ABFRL,EQ,3797201,1631692,42.97
20,217,ABGSEC,EQ,4,4,100.00
20,218,ABH,ST,42000,42000,100.00
20,219,ABHAPOWER,SM,8000,8000,100.00
20,220,ABLBL,EQ,348337,226119,64.91
20,221,ABMKNO,EQ,1382,1042,75.40
20,222,ABREL,EQ,315068,181665,57.66
20,223,ABSL10BANK,EQ,1341,1292,96.35
20,224,ABSLAMC,EQ,527163,349854,66.37
20,225,ABSLBANETF,EQ,62593,45447,72.61
20,226,ABSLLIQUID,EQ,14689,13944,94.93
20,227,ABSLMSCIN,EQ,147,147,100.00
20,228,ABSLNN50ET,EQ,14919,7880,52.82
20,229,ABSLPSE,EQ,125739,66981,53.27
20,230,ABSMARINE,SM,110500,75500,68.33
20,231,ACC,EQ,104797,41319,39.43
20,232,ACCELYA,EQ,5544,3939,71.05
20,233,ACCENTMIC,SM,72500,45500,62.76
20,234,ACCPL,ST,13200,12000,90.91
20,235,ACE,EQ,278506,114292,41.04
20,236,ACEINTEG,EQ,837,679,81.12
20,237,ACETEC,SM,4800,4800,100.00
20,238,ACGL,EQ,2107,1499,71.14
20,239,ACI,EQ,280905,146845,52.28
20,240,ACL,EQ,31032,27851,89.75
20,241,ACMESOLAR,EQ,1081219,518437,47.95
20,242,ACTIVEINFR,SM,10800,10800,100.00
20,243,ACUTAAS,EQ,283475,115926,40.89
20,244,ADANIENSOL,EQ,959384,427239,44.53
20,245,ADANIENT,EQ,1613693,767389,47.55
20,246,ADANIGREEN,EQ,927669,346488,37.35
20,247,ADANIPORTS,EQ,1484829,911385,61.38
20,248,ADANIPOWER,EQ,9042048,3360915,37.17
20,249,ADDICTIVE,SM,24000,23500,97.92
20,250,ADDIND,EQ,1451,1435,98.90
20,251,ADFFOODS,EQ,54419,31875,58.57
20,252,ADISOFT,SM,81600,56800,69.61
20,253,ADL,EQ,966,863,89.34
20,254,ADOR,EQ,26296,14561,55.37
20,255,ADROITINFO,EQ,19396,13067,67.37
20,256,ADSL,EQ,81185,43861,54.03
20,257,ADVAIT,EQ,30945,14952,48.32
20,258,ADVANCE,EQ,59700,29212,48.93
20,259,ADVANIHOTR,EQ,15601,13107,84.01
20,260,ADVENTHTL,EQ,84515,50589,59.86
20,261,ADVENZYMES,EQ,193363,130267,67.37
20,262,ADVIKCA,EQ,580520,422933,72.85
20,263,AEGISLOG,EQ,1147231,296880,25.88
20,264,AEGISVOPAK,EQ,1586501,787804,49.66
20,265,AEL120924B,N8,30,30,100.00
20,266,AEL1212026,NO,84,84,100.00
20,267,AEL170725,ND,35,35,100.00
20,268,AEPL,EQ,21313,9785,45.91
20,269,AEQUS,EQ,2083425,1016373,48.78
20,270,AEROENTER,EQ,860101,389060,45.23
20,271,AEROFLEX,EQ,945770,373302,39.47
20,272,AERON,SM,2000,2000,100.00
20,273,AERONEU,EQ,49537,32512,65.63
20,274,AEROPLANE,EQ,4351619,2255557,51.83
20,275,AESTHETIK,SM,1000,1000,100.00
20,276,AETHER,EQ,273400,145682,53.29
20,277,AFCONS,EQ,1634725,724310,44.31
20,278,AFFLE,EQ,80842,38774,47.96
20,279,AFFORDABLE,EQ,13134,9725,74.04
20,280,AFIL,EQ,220431,134114,60.84
20,281,AFSL,EQ,26596,26362,99.12
20,282,AGARIND,EQ,41696,22806,54.70
20,283,AGARWALEYE,EQ,114981,57302,49.84
20,284,AGARWALTUF,SM,6000,4800,80.00
20,285,AGI,EQ,72814,30391,41.74
20,286,AGIIL,EQ,168225,98520,58.56
20,287,AGL,EQ,2925273,944537,32.29
20,288,AGNI,SM,2500,2500,100.00
20,289,AGRITECH,EQ,805,607,75.40
20,290,AGROPHOS,EQ,11759,8436,71.74
20,291,AHCL,EQ,133113879,19736005,14.83
20,292,AHLADA,EQ,18772,18068,96.25
20,293,AHLEAST,EQ,1860,1493,80.27
20,294,AHLUCONT,EQ,46087,27063,58.72
20,295,AIAENG,EQ,14829,7261,48.96
20,296,AIIL,EQ,5314342,453462,8.53
20,297,AIMTRON,SM,48600,31800,65.43
20,298,AIRAN,EQ,94551,81543,86.24
20,299,AIROLAM,EQ,1855,1347,72.61
20,300,AISL,SM,1200,1200,100.00
20,301,AJANTPHARM,EQ,38860,21303,54.82
20,302,AJAXENGG,EQ,60245,34596,57.43
20,303,AJMERA,EQ,368042,180854,49.14
20,304,AJOONI,EQ,403799,313548,77.65
20,305,AKANKSHA,SM,1000,1000,100.00
20,306,AKASH,EQ,5037,4349,86.34
20,307,AKCAPIT,EQ,613,606,98.86
20,308,AKG,EQ,21471,16858,78.52
20,309,AKIKO,SM,20000,17600,88.00
20,310,AKSHAR,EQ,797714,444464,55.72
20,311,AKUMS,EQ,350432,172242,49.15
20,312,ALANKIT,EQ,182957,130392,71.27
20,313,ALBERTDAVD,EQ,2432,2101,86.39
20,314,ALEMBICLTD,EQ,628479,298237,47.45
20,315,ALFREDHE,EQ,123,110,89.43
20,316,ALGOQUANT,EQ,1442407,783449,54.32
20,317,ALICON,EQ,16592,9459,57.01
20,318,ALIVUS,EQ,63394,40835,64.41
20,319,ALKALI,EQ,18658,9965,53.41
20,320,ALKEM,EQ,228046,178844,78.42
20,321,ALKYLAMINE,EQ,56510,30338,53.69
20,322,ALLCARGO,EQ,9211031,3187642,34.61
20,323,ALLDIGI,EQ,1614,1206,74.72
20,324,ALLETEC,SM,20000,14000,70.00
20,325,ALLTIME,EQ,351670,115363,32.80
20,326,ALMONDZ,EQ,153610,124993,81.37
20,327,ALOKINDS,EQ,10854408,5698833,52.50
20,328,ALPA,EQ,6709,5828,86.87
20,329,ALPEXSOLAR,SM,34800,28500,81.90
20,330,ALPHA,EQ,1054987,594012,56.31
20,331,ALPHAETF,EQ,237074,124490,52.51
20,332,ALPINETEX,EQ,83166,42118,50.64
20,333,ALPL30IETF,EQ,100077,47928,47.89
20,334,ALUFLUOR,EQ,7896,7160,90.68
20,335,AMAGI,EQ,351622,131367,37.36
20,336,AMAL,EQ,7516,4050,53.89
20,337,AMARJOTHI,EQ,1269,733,57.76
20,338,AMBAAUTO,SM,5000,5000,100.00
20,339,AMBER,EQ,90688,32846,36.22
20,340,AMBICAAGAR,EQ,15765,14142,89.71
20,341,AMBIKCO,EQ,14669,6384,43.52
20,342,AMBUJACEM,EQ,1221148,472908,38.73
20,343,AMCL,SM,15200,10000,65.79
20,344,AMDIND,EQ,287401,91258,31.75
20,345,AMEYA,SM,10000,9000,90.00
20,346,AMJLAND,EQ,7350,4843,65.89
20,347,AMNPLST,EQ,1343,1234,91.88
20,348,AMRUTANJAN,EQ,68484,40131,58.60
20,349,ANANDRATHI,EQ,149301,76530,51.26
20,350,ANANTAM,IV,8048,5858,72.79
20,351,ANANTRAJ,EQ,1888958,838666,44.40
20,352,ANAWIL,SM,232000,130800,56.38
20,353,ANDHRAPAP,EQ,1612932,479114,29.70
20,354,ANDHRSUGAR,EQ,337936,171758,50.83
20,355,ANDREWYU,EQ,43319,32531,75.10
20,356,ANGELONE,EQ,4950182,1809931,36.56
20,357,ANIKINDS,EQ,1103,903,81.87
20,358,ANLON,SM,2400,2400,100.00
20,359,ANMOL,EQ,1493367,909095,60.88
20,360,ANNAPURNA,EQ,28878,20359,70.50
20,361,ANOND-RE,ST,8800,8320,94.55
20,362,ANONDITA,SM,51200,28000,54.69
20,363,ANSALBU,EQ,276,275,99.64
20,364,ANTELOPUS,EQ,3872264,411100,10.62
20,365,ANTGRAPHIC,EQ,269683,244629,90.71
20,366,ANTHEM,EQ,714125,486347,68.10
20,367,ANUHPHR,EQ,195288,101472,51.96
20,368,ANUP,EQ,24650,15859,64.34
20,369,ANURAS,EQ,405289,196011,48.36
20,370,ANYA,SM,15000,15000,100.00
20,371,AONEGOLD,EQ,453702,332978,73.39
20,372,AONELIQUID,EQ,4621,3740,80.93
20,373,AONENIFTY,EQ,205901,142758,69.33
20,374,AONESILVER,EQ,598408,408894,68.33
20,375,AONETMMQ50,EQ,26465,11921,45.04
20,376,AONETOTAL,EQ,414214,261018,63.02
20,377,APARINDS,EQ,154528,58098,37.60
20,378,APCL,EQ,2438,2148,88.11
20,379,APCOTEXIND,EQ,78745,42400,53.84
20,380,APEX,EQ,51075,29572,57.90
20,381,APEXECO,ST,8000,6400,80.00
20,382,APLAPOLLO,EQ,525376,240007,45.68
20,383,APLLTD,EQ,101590,42008,41.35
20,384,APOLLO,EQ,6784581,1974946,29.11
20,385,APOLLOHOSP,EQ,184243,112548,61.09
20,386,APOLLOPIPE,EQ,278630,134493,48.27
20,387,APOLLOTYRE,EQ,223730,94774,42.36
20,388,APOLSINHOT,EQ,1556,1330,85.48
20,389,APOORVA,EQ,15,15,100.00
20,390,APRAMEYA,SM,22000,17500,79.55
20,391,APS,SM,13500,10500,77.78
20,392,APSISAERO,ST,6000,6000,100.00
20,393,APTUS,EQ,1037464,590297,56.90
20,394,AQYLON,EQ,454091,257182,56.64
20,395,ARABIAN,SM,6000,6000,100.00
20,396,ARCHIDPLY,EQ,20912,16593,79.35
20,397,ARCHIES,EQ,46228,40637,87.91
20,398,ARCL,EQ,3113,2672,85.83
20,399,ARDEE,EQ,3428358,1492690,43.54
20,400,ARE&M,EQ,341096,167042,48.97
20,401,ARENTERP,EQ,501,485,96.81
20,402,ARFIN,EQ,751711,258033,34.33
20,403,ARHAM,SM,17000,13000,76.47
20,404,ARIHANT,EQ,2890,2746,95.02
20,405,ARIHANTCAP,EQ,223073,123037,55.16
20,406,ARIHANTSUP,EQ,2364,1501,63.49
20,407,ARIS,EQ,1095500,371343,33.90
20,408,ARKADE,EQ,211278,98397,46.57
20,409,ARMANFIN,EQ,10994,5703,51.87
20,410,ARMOUR,ST,2000,2000,100.00
20,411,AROGRANITE,EQ,3310,2728,82.42
20,412,ARSSBL,EQ,144585,96892,67.01
20,413,ARTEMISMED,EQ,330779,136152,41.16
20,414,ARTNIRMAN,EQ,2071,2028,97.92
20,415,ARUNAYA,SM,4000,4000,100.00
20,416,ARVEE,EQ,6148,4099,66.67
20,417,ARVIND,EQ,428368,184160,42.99
20,418,ARVINDFASN,EQ,546047,318692,58.36
20,419,ARVINDPORT,SM,34500,24000,69.57
20,420,ARVSMART,EQ,55386,29906,54.00
20,421,ARYAMAN,EQ,112,112,100.00
20,422,ASAHIINDIA,EQ,180576,74360,41.18
20,423,ASAL,EQ,4947,3278,66.26
20,424,ASALCBR,EQ,42770,26119,61.07
20,425,ASHALOG,SM,4000,2000,50.00
20,426,ASHAPURMIN,EQ,295791,134439,45.45
20,427,ASHIANA,EQ,22512,14830,65.88
20,428,ASHIMASYN,EQ,79804,56287,70.53
20,429,ASHOKA,EQ,620374,250472,40.37
20,430,ASHOKAMET,EQ,1451600,653131,44.99
20,431,ASHOKLEY,EQ,17716411,8631278,48.72
20,432,ASHUTOSH,ST,220800,210000,95.11
20,433,ASHWINI,SM,3000,2000,66.67
20,434,ASIANENE,EQ,465128,136143,29.27
20,435,ASIANHOTNR,EQ,16720,8133,48.64
20,436,ASIANPAINT,EQ,539807,291750,54.05
20,437,ASIANTILES,EQ,2487105,1065686,42.85
20,438,ASIANTNE,EQ,1114,1039,93.27
20,439,ASKAUTOLTD,EQ,116852,56108,48.02
20,440,ASPINWALL,EQ,3989,1914,47.98
20,441,ASPIRE,SM,36000,28000,77.78
20,442,ASTAR,EQ,172,57,33.14
20,443,ASTEC,EQ,67242,13454,20.01
20,444,ASTERDM,EQ,527751,253043,47.95
20,445,ASTRAL,EQ,769578,462436,60.09
20,446,ASTRAMICRO,EQ,178207,91153,51.15
20,447,ASTRAZEN,EQ,2724,1662,61.01
20,448,ATALREAL,EQ,361419,361419,100.00
20,449,ATAM,EQ,6004,4040,67.29
20,450,ATCENERGY,ST,2400,2400,100.00
20,451,ATGL,EQ,357069,175676,49.20
20,452,ATHERENERG,EQ,4669023,1061969,22.74
20,453,ATL,EQ,228860,129814,56.72
20,454,ATLANTAA,EQ,25902,18992,73.32
20,455,ATLANTAELE,EQ,55665,30328,54.48
20,456,ATLASCYCLE,EQ,15229,7883,51.76
20,457,ATLPP,E1,468,363,77.56
20,458,ATMASTCO,SM,28400,24000,84.51
20,459,ATUL,EQ,28293,14293,50.52
20,460,ATULAUTO,EQ,44398,23403,52.71
20,461,AUBANK,EQ,897074,430085,47.94
20,462,AUGMONT,EQ,1008913,371913,36.86
20,463,AURIONPRO,EQ,137102,66152,48.25
20,464,AUROIMPEX,SM,3200,3200,100.00
20,465,AUROPHARMA,EQ,410784,206844,50.35
20,466,AURUM,EQ,60592,43270,71.41
20,467,AURUS,EQ,12588,10918,86.73
20,468,AUSOMENT,EQ,2651,2457,92.68
20,469,AUSTENG,EQ,5577,3920,70.29
20,470,AUTOAXLES,EQ,4307,3219,74.74
20,471,AUTOBEES,EQ,159583,86511,54.21
20,472,AUTOIETF,EQ,460843,289120,62.74
20,473,AUTOIND,EQ,110549,69026,62.44
20,474,AVADHSUGAR,EQ,151834,65344,43.04
20,475,AVALON,EQ,300460,107618,35.82
20,476,AVANA,ST,16000,12000,75.00
20,477,AVANCE,EQ,2984859,1751410,58.68
20,478,AVANTEL,EQ,690113,384588,55.73
20,479,AVANTIFEED,EQ,191964,85551,44.57
20,480,AVIANSH,SM,2000,2000,100.00
20,481,AVIENCE,SM,94800,58200,61.39
20,482,AVL,EQ,198917,129464,65.08
20,483,AVONMORE,EQ,241781,189063,78.20
20,484,AVPINFRA,SM,36000,33600,93.33
20,485,AVROIND,EQ,659739,492833,74.70
20,486,AVTNPL,EQ,161449,92140,57.07
20,487,AWFIS,EQ,22754616,1580922,6.95
20,488,AWHCL,EQ,75151,42020,55.91
20,489,AWL,EQ,1460758,703434,48.16
20,490,AXISBANK,EQ,3984973,2301302,57.75
20,491,AXISCADES,EQ,120275,50247,41.78
20,492,AXITA,EQ,481316,231667,48.13
20,493,AXTEL,EQ,19493,13162,67.52
20,494,AYE,EQ,550116,274614,49.92
20,495,AYMSYNTEX,EQ,80662,57542,71.34
20,496,AZAD,EQ,380009,116924,30.77
20,497,AZADIND,EQ,27900,4008,14.37
20,498,BABAFP,SM,1600,1600,100.00
20,499,BAGDIGITAL,SM,1600,1600,100.00
20,500,BAGFILMS,EQ,71428,40916,57.28
20,501,BAGMANE,RR,1130133,1022484,90.47
20,502,BAHETI,SM,14625,9000,61.54
20,503,BAIDFIN,EQ,148695,106019,71.30
20,504,BAJAJ-AUTO,EQ,185127,119990,64.81
20,505,BAJAJCON,EQ,829403,485576,58.55
20,506,BAJAJELEC,EQ,91818,34191,37.24
20,507,BAJAJFINSV,EQ,708431,368606,52.03
20,508,BAJAJHCARE,EQ,122120,58933,48.26
20,509,BAJAJHFL,EQ,4744778,2579055,54.36
20,510,BAJAJHIND,EQ,22744948,4674763,20.55
20,511,BAJAJHLDNG,EQ,45141,21847,48.40
20,512,BAJAJINDEF,EQ,38486,20658,53.68
20,513,BAJAJST,EQ,8995,5463,60.73
20,514,BAJEL,EQ,116550,56543,48.51
20,515,BAJFINANCE,EQ,4671716,3001489,64.25
20,516,BALAJEE,EQ,50530,38865,76.91
20,517,BALAJIPHOS,SM,2000,2000,100.00
20,518,BALAJITELE,EQ,159860,112357,70.28
20,519,BALAMINES,EQ,159088,62240,39.12
20,520,BALAXI,EQ,35842,22717,63.38
20,521,BALCO,SM,4800,4800,100.00
20,522,BALKRISHNA,EQ,7844,5543,70.67
20,523,BALKRISIND,EQ,108519,52407,48.29
20,524,BALMLAWRIE,EQ,151616,84209,55.54
20,525,BALPHARMA,EQ,294455,123150,41.82
20,526,BALRAMCHIN,EQ,1117035,244949,21.93
20,527,BALUFORGE,EQ,460231,169347,36.80
20,528,BANARBEADS,EQ,1529,1254,82.01
20,529,BANARISUG,EQ,1533,761,49.64
20,530,BANCOINDIA,EQ,88319,42328,47.93
20,531,BANDHANBNK,EQ,24123587,13889255,57.58
20,532,BANG,EQ,277217,83188,30.01
20,533,BANK10ADD,EQ,26463,13801,52.15
20,534,BANK10BETF,EQ,28127,6669,23.71
20,535,BANKA,EQ,2102,1994,94.86
20,536,BANKADD,EQ,3795,1687,44.45
20,537,BANKBARODA,EQ,6384852,3327556,52.12
20,538,BANKBEES,EQ,883794,519131,58.74
20,539,BANKBETA,EQ,214942,199516,92.82
20,540,BANKBETF,EQ,1190740,1167270,98.03
20,541,BANKETF,EQ,21530,7853,36.47
20,542,BANKIETF,EQ,2688067,1850678,68.85
20,543,BANKINDIA,EQ,3444922,1249377,36.27
20,544,BANKNIFTY1,EQ,5255048,5146419,97.93
20,545,BANKPSU,EQ,7482,3786,50.60
20,546,BANSALWIRE,EQ,28373,18378,64.77
20,547,BANSWRAS,EQ,11902,7450,62.59
20,548,BARFLEX,SM,6000,4000,66.67
20,549,BASF,EQ,17110,8540,49.91
20,550,BASILIC,SM,5100,3900,76.47
20,551,BATAINDIA,EQ,89878,42107,46.85
20,552,BATLIBOI,EQ,21009,14079,67.01
20,553,BAWEJA,SM,1600,1600,100.00
20,554,BAYERCROP,EQ,16520,9891,59.87
20,555,BBETF0432,EQ,2243,2157,96.17
20,556,BBL,EQ,14916,8582,57.54
20,557,BBNPNBETF,EQ,328,207,63.11
20,558,BBNPPGOLD,EQ,6817,3925,57.58
20,559,BBOX,EQ,1545734,408990,26.46
20,560,BBTC,EQ,29267,13233,45.21
20,561,BBTCL,EQ,4457,3413,76.58
20,562,BCG,EQ,7468144,3795373,50.82
20,563,BCLIND,EQ,408572,271189,66.37
20,564,BCONCEPTS,EQ,8740,6271,71.75
20,565,BCPL,EQ,12768,7472,58.52
20,566,BDL,EQ,886674,295627,33.34
20,567,BEACON,SM,12000,11000,91.67
20,568,BEARDSELL,EQ,6514,5839,89.64
20,569,BECTORFOOD,EQ,822634,254542,30.94
20,570,BEDMUTHA,EQ,8052,5744,71.34
20,571,BEEKAY,EQ,25037,23642,94.43
20,572,BEL,EQ,6898078,4236659,61.42
20,573,BELLACASA,EQ,10372,5942,57.29
20,574,BELRISE,EQ,1182698,549177,46.43
20,575,BEML,EQ,192183,78583,40.89
20,576,BENARAS,EQ,434,407,93.78
20,577,BENGALASM,EQ,172,132,76.74
20,578,BEPL,EQ,1018655,463814,45.53
20,579,BERGEPAINT,EQ,229933,110831,48.20
20,580,BESTAGRO,EQ,440828,239349,54.30
20,581,BETA,EQ,16079,6927,43.08
20,582,BEWLTD,SM,16500,16000,96.97
20,583,BFINVEST,EQ,16218,5714,35.23
20,584,BFSI,EQ,2799397,2679044,95.70
20,585,BFUTILITIE,EQ,259713,62021,23.88
20,586,BHADORA,ST,32400,31200,96.30
20,587,BHAGCHEM,EQ,17859,12090,67.70
20,588,BHAGYANGR,EQ,508963,207473,40.76
20,589,BHANDARI,EQ,121013,108834,89.94
20,590,BHARATCOAL,EQ,3859512,2053204,53.20
20,591,BHARATFORG,EQ,231943,92941,40.07
20,592,BHARATRAS,EQ,8733,5873,67.25
20,593,BHARATSE,EQ,115294,63879,55.41
20,594,BHARATWIRE,EQ,81915,45188,55.16
20,595,BHARTIARTL,EQ,3612381,2571458,71.18
20,596,BHARTIHEXA,EQ,129750,61908,47.71
20,597,BHEL,EQ,6034475,2117488,35.09
20,598,BIGBLOC,EQ,20872,15704,75.24
20,599,BIKAJI,EQ,121269,71323,58.81
20,600,BIKEWO,ST,22000,20000,90.91
20,601,BIL,EQ,12297,5881,47.82
20,602,BIMETAL,EQ,103,96,93.20
20,603,BIOCON,EQ,3471931,1530584,44.08
20,604,BIOFILCHEM,EQ,160018,94705,59.18
20,605,BIOPOL,SM,60000,43200,72.00
20,606,BIRET,RR,167311,135211,80.81
20,607,BIRLACABLE,EQ,946637,404720,42.75
20,608,BIRLACORPN,EQ,59652,34954,58.60
20,609,BIRLAMONEY,EQ,47121,28324,60.11
20,610,BIRLANU,EQ,9370,6106,65.17
20,611,BLACKBUCK,EQ,3638323,1688006,46.40
20,612,BLAL,EQ,11411,6184,54.19
20,613,BLBLIMITED,EQ,400110,341937,85.46
20,614,BLEL,EQ,626544,163091,26.03
20,615,BLIL,EQ,171896,113136,65.82
20,616,BLKASHYAP,EQ,499760,323182,64.67
20,617,BLS,EQ,700667,351481,50.16
20,618,BLSE,EQ,302841,189584,62.60
20,619,BLUECLOUDS,EQ,644818,440571,68.32
20,620,BLUECOAST,EQ,198,195,98.48
20,621,BLUEDART,EQ,3309,1912,57.78
20,622,BLUEJET,EQ,263278,135428,51.44
20,623,BLUEPEBBLE,SM,400,400,100.00
20,624,BLUESTARCO,EQ,1173723,454117,38.69
20,625,BLUESTONE,EQ,1056837,266793,25.24
20,626,BLUEWATER,ST,12000,12000,100.00
20,627,BLUSPRING,EQ,366765,157881,43.05
20,628,BMETRICS,SM,2400,2400,100.00
20,629,BMLL,SM,5000,4000,80.00
20,630,BMWVENTLTD,EQ,25595,15977,62.42
20,631,BNAGROCHEM,EQ,3194,3105,97.21
20,632,BNKETFAXIS,EQ,672,213,31.70
20,633,BODALCHEM,EQ,7021988,2239327,31.89
20,634,BOHRAIND,EQ,16631,14693,88.35
20,635,BOMDYEING,EQ,388459,192767,49.62
20,636,BONLON,EQ,12619,11809,93.58
20,637,BORANA,EQ,9667,5820,60.20
20,638,BOROLTD,EQ,96091,57104,59.43
20,639,BORORENEW,EQ,266102,134994,50.73
20,640,BOROSCI,EQ,13857,10375,74.87
20,641,BOSCH-HCIL,EQ,37310,18360,49.21
20,642,BOSCHLTD,EQ,17398,8402,48.29
20,643,BPCL,EQ,3653716,1374943,37.63
20,644,BPL,EQ,66756,38910,58.29
20,645,BPLPHARMA,EQ,6493,4886,75.25
20,646,BRACEPORT,SM,3200,3200,100.00
20,647,BRAHMINFRA,EQ,11348,8659,76.30
20,648,BRANDMAN,SM,4800,2400,50.00
20,649,BRIGADE,EQ,345881,134275,38.82
20,650,BRIGHOTEL,EQ,59807,44680,74.71
20,651,BRIGHTBR,EQ,1349,1194,88.51
20,652,BRITANNIA,EQ,170320,87362,51.29
20,653,BRNL,EQ,15755,12459,79.08
20,654,BROOKS,EQ,96613,57982,60.01
20,655,BSE,EQ,3921814,1151408,29.36
20,656,BSE500IETF,EQ,59801,44936,75.14
20,657,BSHSL,EQ,17165,14062,81.92
20,658,BSL,EQ,4045,3118,77.08
20,659,BSLGOLDETF,EQ,337186,72031,21.36
20,660,BSLNIFTY,EQ,336052,244175,72.66
20,661,BSLSENETFG,EQ,1551,1197,77.18
20,662,BSOFT,EQ,4189238,1237218,29.53
20,663,BTML,EQ,484661,436766,90.12
20,664,BUILDPRO,EQ,35712,19261,53.93
20,665,BUTTERFLY,EQ,22117,16970,76.73
20,666,BVCL,EQ,13327,9708,72.84
20,667,C2C,SM,60900,36900,60.59
20,668,CADSYS,ST,500,500,100.00
20,669,CAMLINFINE,EQ,311191,204020,65.56
20,670,CAMPUS,EQ,171150,91582,53.51
20,671,CAMS,EQ,1317013,635032,48.22
20,672,CANARYS,SM,176000,80000,45.45
20,673,CANBK,EQ,9423415,4228737,44.87
20,674,CANFINHOME,EQ,367521,251246,68.36
20,675,CANHLIFE,EQ,545586,232649,42.64
20,676,CANTABIL,EQ,130523,50171,38.44
20,677,CAPACITE,EQ,286447,158750,55.42
20,678,CAPILLARY,EQ,45275,24339,53.76
20,679,CAPINVIT,IV,205846,160813,78.12
20,680,CAPITALSFB,EQ,7117,4665,65.55
20,681,CAPLIPOINT,EQ,92838,36921,39.77
20,682,CARBORUNIV,EQ,97100,51039,52.56
20,683,CARERATING,EQ,36964,22078,59.73
20,684,CARRARO,EQ,52889,30243,57.18
20,685,CARTRADE,EQ,248309,88120,35.49
20,686,CARYSIL,EQ,61277,31596,51.56
20,687,CASHIETF,EQ,207751,198857,95.72
20,688,CASTROLIND,EQ,860331,561872,65.31
20,689,CCAVENUE,EQ,33922966,13317319,39.26
20,690,CCCL,EQ,223552,186060,83.23
20,691,CCHHL,EQ,15725,13688,87.05
20,692,CCL,EQ,125150,61655,49.26
20,693,CDSL,EQ,973748,345046,35.43
20,694,CEATLTD,EQ,32198,14129,43.88
20,695,CEDAAR,ST,8000,8000,100.00
20,696,CEIGALL,EQ,227455,111280,48.92
20,697,CEINSYS,EQ,75640,30557,40.40
20,698,CELEBRITY,EQ,16386,14368,87.68
20,699,CELLECOR,SM,153000,129000,84.31
20,700,CELLO,EQ,177959,99776,56.07
20,701,CELLPOINT,SM,1200,1200,100.00
20,702,CEMNTGROWW,EQ,132958,72551,54.57
20,703,CEMPRO,EQ,243925,161703,66.29
20,704,CENTENKA,EQ,56996,25380,44.53
20,705,CENTEXT,EQ,649719,433820,66.77
20,706,CENTRALBK,EQ,3117908,1599167,51.29
20,707,CENTRUM,EQ,76812,54584,71.06
20,708,CENTUM,EQ,23984,10985,45.80
20,709,CENTURYPLY,EQ,41145,31303,76.08
20,710,CERA,EQ,2534,1392,54.93
20,711,CESC,EQ,1141190,678149,59.42
20,712,CEWATER,EQ,297311,125064,42.07
20,713,CFEL,EQ,480965,286170,59.50
20,714,CGCL,EQ,1753596,764059,43.57
20,715,CGPOWER,EQ,1802583,938166,52.05
20,716,CGRAPHICS,SM,12800,12800,100.00
20,717,CGVAK,EQ,1332,1123,84.31
20,718,CHALET,EQ,118705,69258,58.34
20,719,CHAMBLFERT,EQ,458257,302030,65.91
20,720,CHAMUNDA,SM,9000,9000,100.00
20,721,CHANDAN,SM,30400,23200,76.32
20,722,CHAVDA,SM,8000,7000,87.50
20,723,CHEMBOND,EQ,13098,7038,53.73
20,724,CHEMCRUX,EQ,1956,1533,78.37
20,725,CHEMFAB,EQ,3829,2611,68.19
20,726,CHEMICAL,EQ,1425041,1277042,89.61
20,727,CHEMPLASTS,EQ,172726,98558,57.06
20,728,CHENNPETRO,EQ,2780961,527090,18.95
20,729,CHETANA,SM,28800,24000,83.33
20,730,CHEVIOT,EQ,430,375,87.21
20,731,CHOICEGOLD,EQ,2973,1489,50.08
20,732,CHOICEIN,EQ,178537,48166,26.98
20,733,CHOLAFIN,EQ,1368912,727041,53.11
20,734,CHOLAHLDNG,EQ,42980,20568,47.85
20,735,CIEINDIA,EQ,89395,50835,56.87
20,736,CIFL,EQ,243464,204146,83.85
20,737,CINELINE,EQ,17138,12466,72.74
20,738,CINEVISTA,EQ,10126,7317,72.26
20,739,CIPLA,EQ,1501164,931899,62.08
20,740,CITIUSINVT,IV,280145,277783,99.16
20,741,CLASSICEIL,SM,44800,32000,71.43
20,742,CLAYCRAFT,SM,36000,27600,76.67
20,743,CLEAN,EQ,346124,143639,41.50
20,744,CLEANMAX,EQ,201692,94723,46.96
20,745,CLEDUCATE,EQ,15595,13278,85.14
20,746,CLSEL,EQ,35446,22134,62.44
20,747,CMLL,EQ,255036,150898,59.17
20,748,CMNL,SM,19500,17250,88.46
20,749,CMPDI,EQ,1354567,631039,46.59
20,750,CMRGREEN,EQ,229680,117317,51.08
20,751,CMSINFO,EQ,384647,212965,55.37
20,752,CNL,EQ,36823,16654,45.23
20,753,COALINDIA,EQ,3456823,1637981,47.38
20,754,COASTCORP,EQ,44359,29446,66.38
20,755,COCHINSHIP,EQ,5876030,2401110,40.86
20,756,COCKERILL,EQ,2998,1379,46.00
20,757,COFFEEDAY,EQ,517679,343515,66.36
20,758,COFORGE,EQ,2533860,1336896,52.76
20,759,COHANCE,EQ,420228,190476,45.33
20,760,COLPAL,EQ,258866,150817,58.26
20,761,COMFINTE,EQ,98538,57510,58.36
20,762,COMMOIETF,EQ,46482,34228,73.64
20,763,COMPEAU,EQ,782,782,100.00
20,764,COMPUSOFT,EQ,35879,32185,89.70
20,765,COMSYN,EQ,57943,31396,54.18
20,766,CONCOR,EQ,484977,188852,38.94
20,767,CONCORDBIO,EQ,353184,158997,45.02
20,768,CONFIPET,EQ,4212031,1549985,36.80
20,769,CONNPLEX,SM,37600,24000,63.83
20,770,CONS,EQ,28293,23701,83.77
20,771,CONSUMAXIS,EQ,371,326,87.87
20,772,CONSUMBEES,EQ,58855,32686,55.54
20,773,CONSUMER,EQ,59887,42998,71.80
20,774,CONSUMIETF,EQ,9521,7357,77.27
20,775,CONTROLPR,EQ,78100,56583,72.45
20,776,COOLCAPS,ST,71250,60000,84.21
20,777,CORALFINAC,EQ,7009,4041,57.65
20,778,CORDELIA,EQ,3324483,1441043,43.35
20,779,CORDSCABLE,EQ,489776,105961,21.63
20,780,COROMANDEL,EQ,74791,45445,60.76
20,781,CORONA,EQ,124442,56495,45.40
20,782,COSMOFIRST,EQ,48047,24057,50.07
20,783,CPCAP,EQ,25114,20416,81.29
20,784,CPEDU,EQ,1580,1568,99.24
20,785,CPL,EQ,115309,9404,8.16
20,786,CPPLUS,EQ,149724,78889,52.69
20,787,CPS,SM,8250,6300,76.36
20,788,CPSEETF,EQ,2010408,1702703,84.69
20,789,CRAFTSMAN,EQ,47866,25136,52.51
20,790,CRAMC,EQ,208987,112231,53.70
20,791,CRAVATEX,EQ,173,159,91.91
20,792,CRAYONS,SM,1000,1000,100.00
20,793,CREATIVEYE,EQ,77433,47453,61.28
20,794,CREDENT,SM,73200,57000,77.87
20,795,CREDITACC,EQ,93579,46787,50.00
20,796,CREST,EQ,255,245,96.08
20,797,CRESTO,EQ,28955,15848,54.73
20,798,CRISIL,EQ,16398,8431,51.41
20,799,CRIZAC,EQ,574219,247840,43.16
20,800,CROMPTON,EQ,890609,375463,42.16
20,801,CROWN,EQ,2495,2180,87.37
20,802,CSBBANK,EQ,175679,94793,53.96
20,803,CSLFINANCE,EQ,135002,94249,69.81
20,804,CSM,EQ,2224219,564950,25.40
20,805,CSSL,SM,2000,2000,100.00
20,806,CUB,EQ,1426431,407975,28.60
20,807,CUBEINVIT,IV,364495,362588,99.48
20,808,CUBEXTUB,EQ,32711,16344,49.96
20,809,CUDML,SM,70000,70000,100.00
20,810,CUMMINSIND,EQ,234867,120691,51.39
20,811,CUPID,EQ,9973085,3658800,36.69
20,812,CURAA,EQ,647,559,86.40
20,813,CURIS,ST,21000,17000,80.95
20,814,CURRENT,SM,4800,4800,100.00
20,815,CYIENT,EQ,249593,114193,45.75
20,816,CYIENTDLM,EQ,465604,246584,52.96
20,817,DABUR,EQ,678544,425483,62.71
20,818,DALBHARAT,EQ,34611,15367,44.40
20,819,DALMIASUG,EQ,270869,94182,34.77
20,820,DAMCAPITAL,EQ,122093,61831,50.64
20,821,DANGEE,EQ,53166,37835,71.16
20,822,DANISH,SM,130650,91950,70.38
20,823,DATAMATICS,EQ,31591,15613,49.42
20,824,DATAPATTNS,EQ,507863,113373,22.32
20,825,DAVANGERE,EQ,36010605,22052251,61.24
20,826,DBCORP,EQ,38243,25047,65.49
20,827,DBEIL,EQ,97931,72223,73.75
20,828,DBL,EQ,144877,56326,38.88
20,829,DBOL,EQ,255374,148880,58.30
20,830,DBREALTY,EQ,765845,486209,63.49
20,831,DCAL,EQ,106386,60529,56.90
20,832,DCBBANK,EQ,1172436,724370,61.78
20,833,DCG,SM,51600,33600,65.12
20,834,DCI,EQ,78672,32911,41.83
20,835,DCMFINSERV,EQ,5904,5736,97.15
20,836,DCMNVL,EQ,14343,8940,62.33
20,837,DCMSHRIRAM,EQ,22839,12460,54.56
20,838,DCMSIL,EQ,172188,132920,77.19
20,839,DCMSRIND,EQ,469439,357756,76.21
20,840,DCW,EQ,714405,306908,42.96
20,841,DCXINDIA,EQ,280144,135541,48.38
20,842,DDEVPLSTIK,EQ,143907,69656,48.40
20,843,DECCANCE,EQ,152719,51131,33.48
20,844,DECNGOLD,EQ,2793892,1014692,36.32
20,845,DEEDEV,EQ,163420,98206,60.09
20,846,DEEM,ST,1000,1000,100.00
20,847,DEEP,EQ,421876,143042,33.91
20,848,DEEPA,EQ,2986326,1049138,35.13
20,849,DEEPAKFERT,EQ,133606,66980,50.13
20,850,DEEPAKNTR,EQ,274989,162983,59.27
20,851,DEEPINDS,EQ,472363,186525,39.49
20,852,DEFENCE,EQ,194875,62618,32.13
20,853,DELAPLEX,SM,2400,1800,75.00
20,854,DELHIVERY,EQ,973030,468270,48.12
20,855,DELTACORP,EQ,1233449,593751,48.14
20,856,DELTAMAGNT,EQ,665,319,47.97
20,857,DELTIC,SM,6000,4000,66.67
20,858,DEN,EQ,225757,155684,68.96
20,859,DENEERS,SM,14400,7800,54.17
20,860,DENORA,EQ,5698,3740,65.64
20,861,DENTA,EQ,70236,35721,50.86
20,862,DENTALKART,SM,10250,7000,68.29
20,863,DEVIT,EQ,33465,23250,69.48
20,864,DEVX,EQ,127901,111408,87.10
20,865,DEVYANI,EQ,1848718,1081294,58.49
20,866,DGCONTENT,EQ,3136,2549,81.28
20,867,DHAMPURSUG,EQ,502635,196501,39.09
20,868,DHANBANK,EQ,258928,170893,66.00
20,869,DHANLAXMI,SM,4000,4000,100.00
20,870,DHANSA,SM,26000,24000,92.31
20,871,DHANUKA,EQ,17107,8473,49.53
20,872,DHARARAIL,ST,18000,15000,83.33
20,873,DHARIWAL,SM,366000,219000,59.84
20,874,DHARMAJ,EQ,42764,26573,62.14
20,875,DHATRE,EQ,24365,20208,82.94
20,876,DHOOTTRANS,EQ,5849525,1481302,25.32
20,877,DHRUV,EQ,16341,14943,91.44
20,878,DHTL,SM,11200,10400,92.86
20,879,DHUNINV,EQ,297,213,71.72
20,880,DIAMINESQ,EQ,2233,1535,68.74
20,881,DIAMONDYD,EQ,5946,3274,55.06
20,882,DICIND,EQ,1349,1060,78.58
20,883,DIFFNKG,EQ,112526,47297,42.03
20,884,DIGIDRIVE,EQ,9152,9130,99.76
20,885,DIGIKORE,SM,6000,4400,73.33
20,886,DIGISPICE,EQ,136686,104720,76.61
20,887,DIGITIDE,EQ,210550,97877,46.49
20,888,DIGJAMLMTD,EQ,1234511,486728,39.43
20,889,DISAQ,EQ,260,132,50.77
20,890,DISHTV,EQ,1268898,758723,59.79
20,891,DIVGIITTS,EQ,125978,53849,42.74
20,892,DIVIDEND,EQ,3455,3154,91.29
20,893,DIVINEHIRA,ST,2400,2400,100.00
20,894,DIVISLAB,EQ,480547,362629,75.46
20,895,DIVOPPBEES,EQ,30105,19551,64.94
20,896,DIXON,EQ,517617,235243,45.45
20,897,DJML,EQ,50675,32164,63.47
20,898,DKEGL,SM,4500,4500,100.00
20,899,DLF,EQ,3906289,1805204,46.21
20,900,DLINKINDIA,EQ,38839,22591,58.17
20,901,DMART,EQ,639157,411932,64.45
20,902,DMCC,EQ,77436,47686,61.58
20,903,DNAMEDIA,EQ,17727,16651,93.93
20,904,DODLA,EQ,14753,7446,50.47
20,905,DOLATALGO,EQ,76280,45350,59.45
20,906,DOLLAR,EQ,107331,59217,55.17
20,907,DOLLEX,EQ,207713,125549,60.44
20,908,DOLPHIN,EQ,56898,19995,35.14
20,909,DOMS,EQ,24751,11786,47.62
20,910,DONEAR,EQ,12506,11626,92.96
20,911,DPABHUSHAN,EQ,19034,10041,52.75
20,912,DPEL,SM,61000,33000,54.10
20,913,DRAGARWQ,EQ,885,734,82.94
20,914,DRCSYSTEMS,EQ,24441,19132,78.28
20,915,DREAMFOLKS,EQ,30913,20862,67.49
20,916,DREDGECORP,EQ,53797,24281,45.13
20,917,DRONE,SM,18500,12500,67.57
20,918,DRREDDY,EQ,2102287,802205,38.16
20,919,DSSL,EQ,28529,16663,58.41
20,920,DUCOL,SM,4800,4800,100.00
20,921,DUCON,EQ,708953,452629,63.84
20,922,DUGLOBAL,SM,15000,15000,100.00
20,923,DURLAX,SM,72000,50000,69.44
20,924,DVL,EQ,6153,3369,54.75
20,925,DWARKESH,EQ,3968129,916692,23.10
20,926,DYCL,EQ,344119,123216,35.81
20,927,DYNAMATECH,EQ,58602,20270,34.59
20,928,DYNAMIC,ST,13500,13500,100.00
20,929,DYNPRO,EQ,8882,7798,87.80
20,930,E2ERAIL,SM,169600,63200,37.26
20,931,EASEMYTRIP,EQ,15562641,5683947,36.52
20,932,EASTWEST,EQ,22167,21011,94.79
20,933,EBANK10,EQ,6813,6128,89.95
20,934,EBANKNIFTY,EQ,1566,1540,98.34
20,935,EBBETF0430,EQ,2447,1878,76.75
20,936,EBBETF0431,EQ,2500,2235,89.40
20,937,EBBETF0433,EQ,1311,1005,76.66
20,938,EBGNG,EQ,467077,162260,34.74
20,939,ECAPINSURE,EQ,34218,28772,84.08
20,940,ECLERX,EQ,84797,47293,55.77
20,941,ECOLINE,ST,13000,11000,84.62
20,942,ECORECO,EQ,7887,5453,69.14
20,943,ECOSMOBLTY,EQ,27925,17046,61.04
20,944,EDELWEISS,EQ,6178757,2621173,42.42
20,945,EEPL,ST,27000,24000,88.89
20,946,EFACTOR,SM,800,800,100.00
20,947,EFCIL,EQ,60315,37139,61.58
20,948,EFFWA,SM,14000,10800,77.14
20,949,EFORCE,SM,13200,10800,81.82
20,950,EGOLD,EQ,75999,57548,75.72
20,951,EICHERMOT,EQ,328160,205609,62.66
20,952,EIDPARRY,EQ,255967,128513,50.21
20,953,EIEL,EQ,1400300,547360,39.09
20,954,EIHAHOTELS,EQ,10097,4695,46.50
20,955,EIHOTEL,EQ,82006,47632,58.08
20,956,EIMCOELECO,EQ,23293,13351,57.32
20,957,EKC,EQ,91492,52512,57.40
20,958,EKI,EQ,12350,7689,62.26
20,959,ELANTAS,EQ,22096,3215,14.55
20,960,ELCIDIN,EQ,6,6,100.00
20,961,ELDEHSG,EQ,359,252,70.19
20,962,ELECON,EQ,262465,106397,40.54
20,963,ELECTCAST,EQ,1503727,692734,46.07
20,964,ELECTHERM,EQ,123256,119424,96.89
20,965,ELGIEQUIP,EQ,310582,147420,47.47
20,966,ELGIRUBCO,EQ,25434,16219,63.77
20,967,ELGNZ,SM,17000,10000,58.82
20,968,ELIN,EQ,144370,89146,61.75
20,969,ELIQUID,EQ,43651,43326,99.26
20,970,ELITECON,EQ,11057039,6365977,57.57
20,971,ELLEN,EQ,1539495,618624,40.18
20,972,ELM250,EQ,107789,79596,73.84
20,973,ELMDIV,EQ,1007,116,11.52
20,974,ELPROINTL,EQ,9129,7693,84.27
20,975,EMAMILTD,EQ,604396,389334,64.42
20,976,EMAMIREAL,EQ,10729,9559,89.09
20,977,EMAPARTNER,SM,14000,13000,92.86
20,978,EMBASSY,RR,342853,299748,87.43
20,979,EMBDL,EQ,2537613,1330054,52.41
20,980,EMCURE,EQ,110637,45032,40.70
20,981,EMETAL,EQ,60624,19055,31.43
20,982,EMIL,EQ,2040239,969449,47.52
20,983,EMKAY,EQ,16017,11109,69.36
20,984,EMKAYTOOLS,SM,150,150,100.00
20,985,EMMIL,SM,10250,9000,87.80
20,986,EMMVEE,EQ,3478913,1204075,34.61
20,987,EMPIND,EQ,2453,1986,80.96
20,988,EMPOWER,EQ,23693591,13328779,56.25
20,989,EMSLIMITED,EQ,145810,67164,46.06
20,990,EMUDHRA,EQ,127863,81843,64.01
20,991,EMULTIMQ,EQ,13958,12608,90.33
20,992,ENCOMPAS,SM,800,800,100.00
20,993,ENDURANCE,EQ,42631,23437,54.98
20,994,ENERGY,EQ,450343,353904,78.59
20,995,ENERGYAXIS,EQ,14940,10878,72.81
20,996,ENERGYDEV,EQ,18096,14967,82.71
20,997,ENEXT50,EQ,1951,1585,81.24
20,998,ENGINERSIN,EQ,1281294,642512,50.15
20,999,ENIFTY,EQ,62692,38014,60.64
20,1000,ENIL,EQ,6675,4283,64.16
20,1001,ENKEIWHEL,EQ,2573,2308,89.70
20,1002,ENRIN,EQ,185407,93351,50.35
20,1003,ENSER,SM,40000,40000,100.00
20,1004,ENTERO,EQ,86626,37915,43.77
20,1005,ENVIRO,SM,22000,18000,81.82
20,1006,EPACK,EQ,245873,130084,52.91
20,1007,EPACKPEB,EQ,1035523,327922,31.67
20,1008,EPIGRAL,EQ,20074,12116,60.36
20,1009,EPL,EQ,2028753,1102947,54.37
20,1010,EPWINDIA,ST,2400,2400,100.00
20,1011,EQUAL200,EQ,21105,19760,93.63
20,1012,EQUAL50,EQ,80614,40171,49.83
20,1013,EQUAL50ADD,EQ,31110,24035,77.26
20,1014,EQUITASBNK,EQ,1066297,684498,64.19
20,1015,ERIS,EQ,23467,11308,48.19
20,1016,ESABINDIA,EQ,3758,2062,54.87
20,1017,ESCONET,ST,33600,30800,91.67
20,1018,ESCORTS,EQ,34154,21052,61.64
20,1019,ESDS,EQ,7019961,1254473,17.87
20,1020,ESENSEX,EQ,1599,1158,72.42
20,1021,ESFL,SM,10440,7200,68.97
20,1022,ESG,EQ,2759,2529,91.66
20,1023,ESILVER,EQ,23023,10560,45.87
20,1024,ESSARSHPNG,EQ,77263,50846,65.81
20,1025,ESSENTIA,EQ,1542768,931552,60.38
20,1026,ESTER,EQ,26424,16883,63.89
20,1027,ETERNAL,EQ,19973035,11476840,57.46
20,1028,ETHOSLTD,EQ,51127,29626,57.95
20,1029,ETML,SM,2400,2400,100.00
20,1030,EUREKAFORB,EQ,85635,49720,58.06
20,1031,EUROBOND,EQ,3295,2598,78.85
20,1032,EUROPRATIK,EQ,185353,47652,25.71
20,1033,EVEREADY,EQ,191592,81064,42.31
20,1034,EVIETF,EQ,216421,96530,44.60
20,1035,EVINDIA,EQ,187074,139137,74.38
20,1036,EXCELINDUS,EQ,10691,6390,59.77
20,1037,EXCELSOFT,EQ,1735501,566345,32.63
20,1038,EXICOM,EQ,1505184,482955,32.09
20,1039,EXIDEIND,EQ,1126951,561032,49.78
20,1040,EXIMROUTES,SM,800,800,100.00
20,1041,EXPLEOSOL,EQ,7999,4725,59.07
20,1042,EXXARO,EQ,192208,144295,75.07
20,1043,FABTECH,EQ,74647,40446,54.18
20,1044,FACT,EQ,50066,19727,39.40
20,1045,FASCINATE,SM,372000,348000,93.55
20,1046,FAZE3Q,EQ,11348,5519,48.63
20,1047,FCL,EQ,21636896,5500854,25.42
20,1048,FCSSOFT,EQ,1798813,1239165,68.89
20,1049,FDC,EQ,125380,86298,68.83
20,1050,FEDDERSHOL,EQ,1110756,122190,11.00
20,1051,FEDERALBNK,EQ,2627366,1478750,56.28
20,1052,FEDFINA,EQ,702092,393166,56.00
20,1053,FELIX,SM,106000,57000,53.77
20,1054,FERMENTA,EQ,42641,25716,60.31
20,1055,FIBERWEB,EQ,50163,34521,68.82
20,1056,FIDEL,SM,42000,33000,78.57
20,1057,FIEMIND,EQ,49262,24901,50.55
20,1058,FILATEX,EQ,35191405,4980653,14.15
20,1059,FILATFASH,EQ,22536773,15284409,67.82
20,1060,FINBUD,SM,7000,4000,57.14
20,1061,FINCABLES,EQ,3205776,554360,17.29
20,1062,FINEORG,EQ,14884,8752,58.80
20,1063,FINIETF,EQ,235678,136548,57.94
20,1064,FINKURVE,EQ,715853,203518,28.43
20,1065,FINOPB,EQ,195864,82274,42.01
20,1066,FINPIPE,EQ,274885,143435,52.18
20,1067,FIRSTCRY,EQ,662966,322928,48.71
20,1068,FISCHER,EQ,504785,258857,51.28
20,1069,FIVESTAR,EQ,1800062,524228,29.12
20,1070,FLAIR,EQ,57107,27089,47.44
20,1071,FLEXIADD,EQ,63818,47560,74.52
20,1072,FLUOROCHEM,EQ,120210,61068,50.80
20,1073,FLYSBS,SM,115400,65600,56.85
20,1074,FMCGADD,EQ,34376,16452,47.86
20,1075,FMCGIETF,EQ,1405515,975088,69.38
20,1076,FMGOETZE,EQ,500925,147488,29.44
20,1077,FMNL,EQ,12851,8120,63.19
20,1078,FONEBOX,SM,2000,2000,100.00
20,1079,FOODSIN,EQ,90172,46768,51.87
20,1080,FORCAS,ST,14400,11200,77.78
20,1081,FORCEMOT,EQ,58773,22197,37.77
20,1082,FORGEAUTO,SM,10800,9600,88.89
20,1083,FORTIS,EQ,626462,283135,45.20
20,1084,FOSECOIND,EQ,8148,3069,37.67
20,1085,FRACTAL,EQ,618893,482361,77.94
20,1086,FREDUN,EQ,21274,10520,49.45
20,1087,FRESHARA,ST,28200,25200,89.36
20,1088,FROG,ST,18400,16800,91.30
20,1089,FRONTSP,EQ,9005,4964,55.12
20,1090,FSL,EQ,451653,171921,38.06
20,1091,FUSION,EQ,677507,360112,53.15
20,1092,FWSTC,SM,600,600,100.00
20,1093,GABRIEL,EQ,108232,36751,33.96
20,1094,GAEL,EQ,486643,257384,52.89
20,1095,GAIL,EQ,5956984,4216509,70.78
20,1096,GAJA,EQ,563711,300323,53.28
20,1097,GAJANAND,SM,3000,3000,100.00
20,1098,GALAPREC,EQ,18867,10717,56.80
20,1099,GALAXYSURF,EQ,21553,11506,53.38
20,1100,GALLANTT,EQ,35482,18819,53.04
20,1101,GANDHAR,EQ,648394,304110,46.90
20,1102,GANDHITUBE,EQ,3294,3001,91.11
20,1103,GANECOS,EQ,54478,26855,49.30
20,1104,GANESHCP,EQ,256333,224756,87.68
20,1105,GANESHHOU,EQ,21324,12404,58.17
20,1106,GANESHIN,ST,48800,44000,90.16
20,1107,GANGABATH,SM,18000,18000,100.00
20,1108,GANGAFORGE,EQ,4205232,2581407,61.39
20,1109,GANGESSECU,EQ,469,363,77.40
20,1110,GARFIBRES,EQ,40455,22043,54.49
20,1111,GARUDA,EQ,655146,226098,34.51
20,1112,GATEWAY,EQ,504742,349170,69.18
20,1113,GAYAHWS,EQ,101984,67374,66.06
20,1114,GAYAPROJ,EQ,2668194,1846634,69.21
20,1115,GCHOTELS,ST,42000,37800,90.00
20,1116,GCSL,EQ,270921,69118,25.51
20,1117,GEEKAYWIRE,EQ,90890,44562,49.03
20,1118,GEMAROMA,EQ,74721,37313,49.94
20,1119,GENCON,EQ,230066,9722,4.23
20,1120,GENESYS,EQ,2694571,419945,15.58
20,1121,GENUSPAPER,EQ,74173,50128,67.58
20,1122,GENUSPOWER,EQ,1127723,611181,54.20
20,1123,GENXAI,SM,7200,6000,83.33
20,1124,GEOJITFSL,EQ,130308,77951,59.82
20,1125,GESHIP,EQ,767925,422458,55.01
20,1126,GFLLIMITED,EQ,109151,55265,50.63
20,1127,GFSTEELS,EQ,2228,2113,94.84
20,1128,GGBL,SM,22500,12900,57.33
20,1129,GHCL,EQ,96020,70779,73.71
20,1130,GHCLTEXTIL,EQ,433826,220042,50.72
20,1131,GICHSGFIN,EQ,47969,29358,61.20
20,1132,GICRE,EQ,515220,257284,49.94
20,1133,GILLANDERS,EQ,15532,14667,94.43
20,1134,GILLETTE,EQ,7557,4991,66.04
20,1135,GILT10BETA,EQ,1074,1074,100.00
20,1136,GILT5BETA,EQ,208,166,79.81
20,1137,GILT5YBEES,EQ,130965,68530,52.33
20,1138,GIPCL,EQ,360704,187367,51.94
20,1139,GIRIRAJ,SM,6000,6000,100.00
20,1140,GKB,EQ,2066,1917,92.79
20,1141,GKENERGY,EQ,174743,101551,58.11
20,1142,GKSL,EQ,66714,31169,46.72
20,1143,GKWLIMITED,EQ,248,238,95.97
20,1144,GLAND,EQ,349691,184335,52.71
20,1145,GLAXO,EQ,29391,12463,42.40
20,1146,GLENMARK,EQ,278417,154001,55.31
20,1147,GLFL,EQ,5761,5661,98.26
20,1148,GLOBAL,EQ,135690,73773,54.37
20,1149,GLOBALE,EQ,9088,7448,81.95
20,1150,GLOBALPET,SM,1500,1500,100.00
20,1151,GLOBALVECT,EQ,21167,15743,74.38
20,1152,GLOBE,EQ,419612,344348,82.06
20,1153,GLOBECIVIL,EQ,18593,7249,38.99
20,1154,GLOBUSSPR,EQ,58309,28942,49.64
20,1155,GLOSTERLTD,EQ,1287,1226,95.26
20,1156,GLOTTIS,EQ,40075,26642,66.48
20,1157,GMBREW,EQ,19414,11537,59.43
20,1158,GMDCLTD,EQ,585692,205290,35.05
20,1159,GML,SM,10000,10000,100.00
20,1160,GMMPFAUDLR,EQ,209537,110212,52.60
20,1161,GMRAIRPORT,EQ,4304783,2446477,56.83
20,1162,GMRP&UI,EQ,471081,268408,56.98
20,1163,GNA,EQ,276052,136964,49.62
20,1164,GNFC,EQ,221978,132238,59.57
20,1165,GNRL,EQ,90600,57799,63.80
20,1166,GOACARBON,EQ,142585,69952,49.06
20,1167,GOCLCORP,EQ,109556,62773,57.30
20,1168,GOCOLORS,EQ,70741,28226,39.90
20,1169,GODAVARIB,EQ,43704,29269,66.97
20,1170,GODFRYPHLP,EQ,196910,88943,45.17
20,1171,GODIGIT,EQ,168904,97064,57.47
20,1172,GODREJAGRO,EQ,201160,112129,55.74
20,1173,GODREJCP,EQ,709280,386873,54.54
20,1174,GODREJIND,EQ,40943,14676,35.84
20,1175,GODREJPROP,EQ,2484931,731907,29.45
20,1176,GOKEX,EQ,271791,128911,47.43
20,1177,GOKUL,EQ,200059,77354,38.67
20,1178,GOKULAGRO,EQ,292382,164103,56.13
20,1179,GOLD1,EQ,1986042,1126537,56.72
20,1180,GOLD360,EQ,6283,3438,54.72
20,1181,GOLDADD,EQ,10016154,8797057,87.83
20,1182,GOLDAXIS,EQ,1989292,1136949,57.15
20,1183,GOLDBEES,EQ,21009145,7923682,37.72
20,1184,GOLDBETA,EQ,327105,203222,62.13
20,1185,GOLDBND,EQ,3693,2280,61.74
20,1186,GOLDCASE,EQ,8932761,3760855,42.10
20,1187,GOLDETF,EQ,1420614,820595,57.76
20,1188,GOLDIAM,EQ,452603,291365,64.38
20,1189,GOLDIETF,EQ,4928276,2394246,48.58
20,1190,GOLDKART,SM,625,625,100.00
20,1191,GOLDSTAR,SM,56250,45000,80.00
20,1192,GOODLUCK,EQ,587270,249270,42.45
20,1193,GOODYEAR,EQ,4185,2743,65.54
20,1194,GOPAL,EQ,80885,52774,65.25
20,1195,GOYALALUM,EQ,116578,93389,80.11
20,1196,GPECO,SM,22800,15000,65.79
20,1197,GPIL,EQ,2069600,1153898,55.75
20,1198,GPPL,EQ,1215469,637807,52.47
20,1199,GPTHEALTH,EQ,79504,43845,55.15
20,1200,GPTINFRA,EQ,43115,28462,66.01
20,1201,GRADIENTE,EQ,1228575,871830,70.96
20,1202,GRANDOAK,EQ,1904,1242,65.23
20,1203,GRANULES,EQ,7610726,4839089,63.58
20,1204,GRAPHISAD,SM,9600,7200,75.00
20,1205,GRAPHITE,EQ,3651571,863433,23.65
20,1206,GRASIM,EQ,399270,251846,63.08
20,1207,GRAUWEIL,EQ,708291,371406,52.44
20,1208,GRAVISSHO,EQ,433004,230769,53.29
20,1209,GRAVITA,EQ,82900,44610,53.81
20,1210,GRCL,SM,1250,1250,100.00
20,1211,GREAVESCOT,EQ,464258,204830,44.12
20,1212,GREENCHEF,SM,11200,8800,78.57
20,1213,GREENLAM,EQ,62563,46219,73.88
20,1214,GREENLEAF,ST,6000,5000,83.33
20,1215,GREENPANEL,EQ,367771,248966,67.70
20,1216,GREENPLY,EQ,130848,81878,62.57
20,1217,GREENPOWER,EQ,1575498,794176,50.41
20,1218,GRETEX,SM,1500,1500,100.00
20,1219,GRINDWELL,EQ,9967,5854,58.73
20,1220,GRINFRA,EQ,8135,4536,55.76
20,1221,GRMOVER,EQ,985661,207777,21.08
20,1222,GROBTEA,EQ,80,70,87.50
20,1223,GROWW,EQ,25351158,13735026,54.18
20,1224,GROWWCAPM,EQ,1020299,732686,71.81
20,1225,GROWWCHEM,EQ,8623997,8605092,99.78
20,1226,GROWWDEFNC,EQ,158101,94377,59.69
20,1227,GROWWEV,EQ,199600,94123,47.16
20,1228,GROWWGOLD,EQ,4127534,2885747,69.91
20,1229,GROWWHOSPI,EQ,226782,148915,65.66
20,1230,GROWWLIQID,EQ,592557,493570,83.29
20,1231,GROWWLOVOL,EQ,28946,13163,45.47
20,1232,GROWWMC150,EQ,910,778,85.49
20,1233,GROWWMETAL,EQ,639174,307046,48.04
20,1234,GROWWMOM50,EQ,135324,89705,66.29
20,1235,GROWWN200,EQ,74408,38382,51.58
20,1236,GROWWNET,EQ,3081149,2943536,95.53
20,1237,GROWWNIFTY,EQ,1109635,828113,74.63
20,1238,GROWWNXT50,EQ,12827,5674,44.23
20,1239,GROWWPOWER,EQ,13471005,11913445,88.44
20,1240,GROWWPSE,EQ,3299,3083,93.45
20,1241,GROWWPSUBK,EQ,4361,1621,37.17
20,1242,GROWWRAIL,EQ,3254068,2417208,74.28
20,1243,GROWWRLTY,EQ,1480646,1405076,94.90
20,1244,GROWWSC250,EQ,84897,74119,87.30
20,1245,GROWWSLVR,EQ,2797485,964069,34.46
20,1246,GRPLTD,EQ,347,306,88.18
20,1247,GRSE,EQ,391555,154629,39.49
20,1248,GRWRHITECH,EQ,29195,11853,40.60
20,1249,GSEC10ADD,EQ,4,2,50.00
20,1250,GSEC10IETF,EQ,3062,3060,99.93
20,1251,GSEC10YEAR,EQ,29,29,100.00
20,1252,GSEC5IETF,EQ,1697,1697,100.00
20,1253,GSFC,EQ,1270658,747893,58.86
20,1254,GSLSU,EQ,73287,41742,56.96
20,1255,GSMFOILS,SM,42500,42500,100.00
20,1256,GSPCROP,EQ,174546,67690,38.78
20,1257,GSS,EQ,81345,44046,54.15
20,1258,GSTL,SM,21000,21000,100.00
20,1259,GTL,EQ,204118,132807,65.06
20,1260,GTLINFRA,EQ,17688170,8992941,50.84
20,1261,GTPL,EQ,48761,35471,72.74
20,1262,GUFICBIO,EQ,68466,36292,53.01
20,1263,GUJALKALI,EQ,45429,25239,55.56
20,1264,GUJAPOLLO,EQ,9321,6440,69.09
20,1265,GUJENERGY,EQ,1454749,921278,63.33
20,1266,GUJRAFFIA,EQ,5494,3475,63.25
20,1267,GUJTHEM,EQ,369933,221188,59.79
20,1268,GULFOILLUB,EQ,54082,30974,57.27
20,1269,GULPOLY,EQ,146194,80205,54.86
20,1270,GVPIL,EQ,84843,34943,41.19
20,1271,GVT&D,EQ,535515,228901,42.74
20,1272,GYFTR,EQ,43223,30283,70.06
20,1273,HAL,EQ,653130,373240,57.15
20,1274,HALDER,EQ,30691,6173,20.11
20,1275,HALEOSLABS,EQ,364,246,67.58
20,1276,HAMPTON,EQ,6274,4613,73.53
20,1277,HAPPSTMNDS,EQ,829258,261062,31.48
20,1278,HAPPY,SM,14000,8000,57.14
20,1279,HAPPYFORGE,EQ,57362,40218,70.11
20,1280,HARDWYN,EQ,341254,269249,78.90
20,1281,HARIOMPIPE,EQ,59696,28519,47.77
20,1282,HARRMALAYA,EQ,5705,3702,64.89
20,1283,HARSHA,EQ,94347,51785,54.89
20,1284,HATHWAY,EQ,1241902,575064,46.31
20,1285,HATSUN,EQ,97650,37151,38.05
20,1286,HAVELLS,EQ,628753,386524,61.47
20,1287,HAVISHA,EQ,27674,24630,89.00
20,1288,HAWKINCOOK,EQ,2340,1885,80.56
20,1289,HAZOOR,EQ,309333,176322,57.00
20,1290,HBESD,EQ,616,546,88.64
20,1291,HBLENGINE,EQ,885721,355345,40.12
20,1292,HBPOR,EQ,551,551,100.00
20,1293,HBSL,EQ,3711,3711,100.00
20,1294,HCC,EQ,20989903,7571384,36.07
20,1295,HCG,EQ,37964,23784,62.65
20,1296,HCL-INSYS,EQ,170509,143937,84.42
20,1297,HCLTECH,EQ,1947684,965924,49.59
20,1298,HDBFS,EQ,145046,91131,62.83
20,1299,HDFCAMC,EQ,593938,328780,55.36
20,1300,HDFCBANK,EQ,28343558,13408691,47.31
20,1301,HDFCBSE500,EQ,2035262,1401995,68.89
20,1302,HDFCGOLD,EQ,2535696,954445,37.64
20,1303,HDFCGROWTH,EQ,4380,3476,79.36
20,1304,HDFCLIFE,EQ,3719000,2311499,62.15
20,1305,HDFCLIQUID,EQ,22414,13176,58.78
20,1306,HDFCLOWVOL,EQ,4567,2176,47.65
20,1307,HDFCMID150,EQ,654500,394214,60.23
20,1308,HDFCMOMENT,EQ,125175,87882,70.21
20,1309,HDFCNEXT50,EQ,93751,49807,53.13
20,1310,HDFCNIF100,EQ,29474,26638,90.38
20,1311,HDFCNIFBAN,EQ,73903,58216,78.77
20,1312,HDFCNIFIT,EQ,46741,26593,56.89
20,1313,HDFCNIFTY,EQ,2885650,2460006,85.25
20,1314,HDFCNIMEG,EQ,12332,4540,36.81
20,1315,HDFCPSUBK,EQ,25174,14147,56.20
20,1316,HDFCPVTBAN,EQ,137344,74242,54.06
20,1317,HDFCQUAL,EQ,1537,1169,76.06
20,1318,HDFCSENSEX,EQ,82378,58625,71.17
20,1319,HDFCSILVER,EQ,6083717,2250067,36.99
20,1320,HDFCSML250,EQ,1150759,612623,53.24
20,1321,HDFCVALUE,EQ,7245,4905,67.70
20,1322,HEADSUP,EQ,9217,7117,77.22
20,1323,HEALTHADD,EQ,239938,238134,99.25
20,1324,HEALTHAXIS,EQ,3064,1940,63.32
20,1325,HEALTHCARE,EQ,110160,107692,97.76
20,1326,HEALTHIETF,EQ,50747,33379,65.78
20,1327,HEALTHX,EQ,3204,2896,90.39
20,1328,HEALTHY,EQ,197958,104442,52.76
20,1329,HECPROJECT,EQ,8467,6756,79.79
20,1330,HEIDELBERG,EQ,291365,124100,42.59
20,1331,HEMIPROP,EQ,226312,128604,56.83
20,1332,HERANBA,EQ,37792,21220,56.15
20,1333,HERITGFOOD,EQ,3454076,948500,27.46
20,1334,HEROMOTOCO,EQ,222464,116697,52.46
20,1335,HESTERBIO,EQ,4373,1957,44.75
20,1336,HEXATRADEX,EQ,628,501,79.78
20,1337,HEXT,EQ,75192,37097,49.34
20,1338,HGINFRA,EQ,25249,14308,56.67
20,1339,HGM,EQ,7255,7194,99.16
20,1340,HGS,EQ,7905,4869,61.59
20,1341,HIGREEN,SM,12000,8000,66.67
20,1342,HIKAL,EQ,773385,273651,35.38
20,1343,HILINFRA,EQ,39089,28950,74.06
20,1344,HILTON,EQ,87593,57563,65.72
20,1345,HIMATSEIDE,EQ,380419,214875,56.48
20,1346,HINDADH,EQ,2273,2208,97.14
20,1347,HINDALCO,EQ,4345408,2466205,56.75
20,1348,HINDALUMI,EQ,1610,1348,83.73
20,1349,HINDCOMPOS,EQ,5802,4718,81.32
20,1350,HINDCON,EQ,15295,11697,76.48
20,1351,HINDCOPPER,EQ,7772136,3298360,42.44
20,1352,HINDOILEXP,EQ,1028947,375827,36.53
20,1353,HINDPETRO,EQ,5647110,2243107,39.72
20,1354,HINDUNILVR,EQ,895885,543363,60.65
20,1355,HINDWAREAP,EQ,55894,34403,61.55
20,1356,HINDZINC,EQ,6675167,2817405,42.21
20,1357,HIRECT,EQ,43610,18394,42.18
20,1358,HISARMETAL,EQ,796,787,98.87
20,1359,HITECH,EQ,568155,326406,57.45
20,1360,HLEGLAS,EQ,855781,302720,35.37
20,1361,HLVLTD,EQ,122235,98219,80.35
20,1362,HMAAGRO,EQ,864388,507326,58.69
20,1363,HNDFDS,EQ,40495,27222,67.22
20,1364,HNGSNGBEES,EQ,55492,40346,72.71
20,1365,HOACFOODS,ST,5250,4875,92.86
20,1366,HOLMARC,SM,17250,16500,95.65
20,1367,HOMEFIRST,EQ,407816,229457,56.26
20,1368,HONASA,EQ,546213,308722,56.52
20,1369,HONAUT,EQ,1777,871,49.02
20,1370,HONDAPOWER,EQ,3727,2503,67.16
20,1371,HORIZONIND,EQ,3259275,1620460,49.72
20,1372,HPAL,EQ,560449,212206,37.86
20,1373,HPIL,EQ,267,261,97.75
20,1374,HPL,EQ,114175,49016,42.93
20,1375,HPTL,SM,4200,4200,100.00
20,1376,HRHNEXT,SM,4500,4500,100.00
20,1377,HRYNSHP,EQ,937,922,98.40
20,1378,HSBCGOLD,EQ,78476,16554,21.09
20,1379,HSCL,EQ,1208464,459332,38.01
20,1380,HTMEDIA,EQ,83952,72132,85.92
20,1381,HUBTOWN,EQ,171795,103231,60.09
20,1382,HUDCO,EQ,899422,473584,52.65
20,1383,HUHTAMAKI,EQ,194678,101272,52.02
20,1384,HVAX,SM,1650,1650,100.00
20,1385,HYBRIDETF,EQ,214433,204013,95.14
20,1386,HYUNDAI,EQ,467943,232006,49.58
20,1387,IBLFL,SM,4000,4000,100.00
20,1388,IBULLSLTD,EQ,32819099,21213526,64.64
20,1389,ICELCO,SM,21600,14400,66.67
20,1390,ICEMAKE,EQ,10133,6039,59.60
20,1391,ICICIAMC,EQ,120029,63788,53.14
20,1392,ICICIB22,EQ,145266,95602,65.81
20,1393,ICICIBANK,EQ,6477115,4097434,63.26
20,1394,ICICIGI,EQ,598882,353600,59.04
20,1395,ICICIPRULI,EQ,1282983,724509,56.47
20,1396,ICIL,EQ,413151,164726,39.87
20,1397,ICRA,EQ,17858,10820,60.59
20,1398,IDBI,EQ,20584308,5652926,27.46
20,1399,IDEA,EQ,502686173,140140953,27.88
20,1400,IDEAFORGE,EQ,150736,76229,50.57
20,1401,IDEALTECHO,SM,3000,3000,100.00
20,1402,IDFCFIRSTB,EQ,12334313,7603413,61.64
20,1403,IDFNIFTYET,EQ,2321,1986,85.57
20,1404,IEML,ST,33000,32500,98.48
20,1405,IEX,EQ,6116780,2985507,48.81
20,1406,IFBAGRO,EQ,4646,3399,73.16
20,1407,IFBIND,EQ,37985,16053,42.26
20,1408,IFCI,EQ,105478320,17417068,16.51
20,1409,IFGLEXPOR,EQ,32289,19766,61.22
20,1410,IGARASHI,EQ,41924,23156,55.23
20,1411,IGCL,EQ,247139,130290,52.72
20,1412,IGIL,EQ,206643,94072,45.52
20,1413,IGL,EQ,577431,368261,63.78
20,1414,IGPL,EQ,44053,27722,62.93
20,1415,IIFL,EQ,2406517,1276726,53.05
20,1416,IIFL21425,NY,10,10,100.00
20,1417,IIFLCAPS,EQ,407760,250358,61.40
20,1418,IIFLHF29,NE,20,4,20.00
20,1419,IIFLZC28,NG,42,42,100.00
20,1420,IIFLZC28C,N6,10,10,100.00
20,1421,IITL,EQ,91814,8431,9.18
20,1422,IKIO,EQ,1329333,335746,25.26
20,1423,IKS,EQ,59902,34524,57.63
20,1424,IMAGICAA,EQ,395055,227739,57.65
20,1425,IMC1,N2,87,87,100.00
20,1426,IMC1,N3,1771,1771,100.00
20,1427,IMFA,EQ,100977,58899,58.33
20,1428,IMPAL,EQ,928,670,72.20
20,1429,INA,EQ,468079,274634,58.67
20,1430,INCREDIBLE,EQ,16290,10632,65.27
20,1431,INDBANK,EQ,49302,33894,68.75
20,1432,INDGN,EQ,206555,110291,53.40
20,1433,INDHOTEL,EQ,945193,512033,54.17
20,1434,INDIACEM,EQ,59786,22459,37.57
20,1435,INDIAMART,EQ,121770,70365,57.79
20,1436,INDIANB,EQ,1350291,661319,48.98
20,1437,INDIANCARD,EQ,1712,1356,79.21
20,1438,INDIANHUME,EQ,25593,16139,63.06
20,1439,INDIASHLTR,EQ,67329,40357,59.94
20,1440,INDIGO,EQ,858113,455795,53.12
20,1441,INDIGOPNTS,EQ,49239,18834,38.25
20,1442,INDIGRID,IV,401807,353794,88.05
20,1443,INDIQUBE,EQ,12955,7538,58.19
20,1444,INDNIPPON,EQ,241672,64792,26.81
20,1445,INDOBORAX,EQ,109599,39277,35.84
20,1446,INDOCO,EQ,4564464,484549,10.62
20,1447,INDOFARM,EQ,112976,49810,44.09
20,1448,INDOKEM,EQ,2037,1569,77.03
20,1449,INDOMIM,EQ,1286483,359072,27.91
20,1450,INDORAMA,EQ,1544060,525220,34.02
20,1451,INDOSTAR,EQ,42662,25032,58.68
20,1452,INDOTECH,EQ,10890,6627,60.85
20,1453,INDOTHAI,EQ,20117716,8704732,43.27
20,1454,INDOUS,EQ,8965,6545,73.01
20,1455,INDOWIND,EQ,106609,68879,64.61
20,1456,INDPRUD,EQ,1,1,100.00
20,1457,INDRAMEDCO,EQ,161728,102725,63.52
20,1458,INDSWFTLAB,EQ,506885,161114,31.79
20,1459,INDTERRAIN,EQ,4738,4546,95.95
20,1460,INDUSINDBK,EQ,2299899,1435961,62.44
20,1461,INDUSINVIT,IV,179909,132828,73.83
20,1462,INDUSTOWER,EQ,16096601,6618823,41.12
20,1463,INFINIUM,SM,6000,3500,58.33
20,1464,INFLUX,SM,6600,4800,72.73
20,1465,INFOBEAN,EQ,128909,73086,56.70
20,1466,INFOLLION,SM,7200,7200,100.00
20,1467,INFOMEDIA,EQ,13557,8950,66.02
20,1468,INFRA,EQ,125191,118093,94.33
20,1469,INFRABEES,EQ,4434,2846,64.19
20,1470,INFRAIETF,EQ,60356,39868,66.05
20,1471,INFY,EQ,5495606,3109903,56.59
20,1472,INGERRAND,EQ,9146,3629,39.68
20,1473,INNOMET,ST,57000,57000,100.00
20,1474,INNOVACAP,EQ,39823,21660,54.39
20,1475,INNOVANA,EQ,48009,18537,38.61
20,1476,INNOVISION,EQ,17701,6752,38.14
20,1477,INOXGREEN,EQ,842722,464371,55.10
20,1478,INOXINDIA,EQ,226768,104013,45.87
20,1479,INOXWIND,EQ,6552076,2266472,34.59
20,1480,INSECTICID,EQ,22040,11565,52.47
20,1481,INSPIRE,SM,4000,2000,50.00
20,1482,INSPIRISYS,EQ,2776,2285,82.31
20,1483,INSUREIETF,EQ,119074,115482,96.98
20,1484,INTELLECT,EQ,238029,110088,46.25
20,1485,INTENTECH,EQ,14347,10390,72.42
20,1486,INTERARCH,EQ,33727,17714,52.52
20,1487,INTERNET,EQ,258981,142378,54.98
20,1488,INTLCONV,EQ,28338,16796,59.27
20,1489,INVENTURE,EQ,662935,396742,59.85
20,1490,INVICTA,SM,3200,1600,50.00
20,1491,IOB,EQ,1670559,926434,55.46
20,1492,IOC,EQ,6419225,2979698,46.42
20,1493,IOLCP,EQ,3856869,1633983,42.37
20,1494,IONEXCHANG,EQ,1260351,433968,34.43
20,1495,IPCALAB,EQ,141822,70668,49.83
20,1496,IPHL,SM,20400,16800,82.35
20,1497,IPL,EQ,46604,30874,66.25
20,1498,IPRINGLTD,EQ,2138,1910,89.34
20,1499,IRB,EQ,7600513,2665280,35.07
20,1500,IRBINVIT,IV,214345,170293,79.45
20,1501,IRCON,EQ,1391428,647113,46.51
20,1502,IRCTC,EQ,511818,293609,57.37
20,1503,IREDA,EQ,3069030,1023226,33.34
20,1504,IRFC,EQ,7263465,3482007,47.94
20,1505,IRIS,EQ,11612,8894,76.59
20,1506,IRISDOREME,EQ,409924,198528,48.43
20,1507,IRMENERGY,EQ,47974,27100,56.49
20,1508,ISFT,EQ,114585,6661,5.81
20,1509,ISGEC,EQ,38419,18500,48.15
20,1510,ISHAN,SM,48000,48000,100.00
20,1511,ISHANCH,EQ,13809,8544,61.87
20,1512,ISTLTD,EQ,268,262,97.76
20,1513,IT,EQ,269448,111879,41.52
20,1514,ITADD,EQ,6361,5093,80.07
20,1515,ITALIANE,SM,10000,8000,80.00
20,1516,ITAXIS,EQ,1730,974,56.30
20,1517,ITBEES,EQ,6203336,3212270,51.78
20,1518,ITBETA,EQ,697,571,81.92
20,1519,ITC,EQ,9822145,5735433,58.39
20,1520,ITCHOTELS,EQ,1552186,880528,56.73
20,1521,ITDC,EQ,3308157,260452,7.87
20,1522,ITETF,EQ,175562,74264,42.30
20,1523,ITI,EQ,104754,48868,46.65
20,1524,ITIETF,EQ,434349,262790,60.50
20,1525,ITL,EQ,3838,3585,93.41
20,1526,IVALUE,EQ,88661,58469,65.95
20,1527,IVC,EQ,1004020,803537,80.03
20,1528,IVZBANKNF,EQ,357,355,99.44
20,1529,IVZINGOLD,EQ,22503,19004,84.45
20,1530,IVZINNIFTY,EQ,830,408,49.16
20,1531,IVZSENSEX,EQ,685,663,96.79
20,1532,IWARE,ST,5400,5400,100.00
20,1533,IWP,EQ,4581,3840,83.82
20,1534,IXIGO,EQ,933822,458160,49.06
20,1535,IZMO,EQ,103629,37424,36.11
20,1536,J&KBANK,EQ,1058451,459749,43.44
20,1537,JAGRAN,EQ,132849,88440,66.57
20,1538,JAGSNPHARM,EQ,46139,24103,52.24
20,1539,JAIBALAJI,EQ,860122,503761,58.57
20,1540,JAICORPLTD,EQ,245156,144818,59.07
20,1541,JAINAM,SM,1500,1500,100.00
20,1542,JAINIK,ST,15600,14400,92.31
20,1543,JAINREC,EQ,716727,301279,42.04
20,1544,JAIPURKURT,EQ,578,542,93.77
20,1545,JAMNAAUTO,EQ,5774526,2337375,40.48
20,1546,JARO,EQ,87033,16529,18.99
20,1547,JASH,EQ,85378,50018,58.58
20,1548,JAYAGROGN,EQ,42449,20431,48.13
20,1549,JAYBARMARU,EQ,272256,159968,58.76
20,1550,JAYBEE,SM,27000,24500,90.74
20,1551,JAYESH,SM,9000,6000,66.67
20,1552,JAYKAY,EQ,204455,105976,51.83
20,1553,JAYNECOIND,EQ,2585652,1272434,49.21
20,1554,JAYSREETEA,EQ,43503,25410,58.41
20,1555,JBMA,EQ,674517,197867,29.33
20,1556,JENBURPH,EQ,1370,1301,94.96
20,1557,JETFREIGHT,EQ,146117,119992,82.12
20,1558,JEYYAM,ST,28000,26000,92.86
20,1559,JGCHEM,EQ,308206,112100,36.37
20,1560,JHS,EQ,294200,146400,49.76
20,1561,JINDALPHOT,EQ,1787,1241,69.45
20,1562,JINDALPOLY,EQ,8441,3321,39.34
20,1563,JINDALSAW,EQ,1750899,784000,44.78
20,1564,JINDALSTEL,EQ,490158,124806,25.46
20,1565,JINDRILL,EQ,2011093,380288,18.91
20,1566,JINDWORLD,EQ,12969728,2568736,19.81
20,1567,JIOFIN,EQ,20133413,10244224,50.88
20,1568,JISLDVREQS,EQ,8822,5711,64.74
20,1569,JISLJALEQS,EQ,1930370,1175626,60.90
20,1570,JITFINFRA,EQ,24412,16534,67.73
20,1571,JIWANRAM,SM,6000,6000,100.00
20,1572,JKCEMENT,EQ,31173,15398,49.40
20,1573,JKIL,EQ,29210,19724,67.52
20,1574,JKIPL,EQ,21452,15235,71.02
20,1575,JKLAKSHMI,EQ,64142,27779,43.31
20,1576,JKPAPER,EQ,326950,154672,47.31
20,1577,JKTYRE,EQ,293720,140498,47.83
20,1578,JLHL,EQ,71466,40534,56.72
20,1579,JMA,EQ,11430,7200,62.99
20,1580,JMFINANCIL,EQ,2085291,1015976,48.72
20,1581,JNKINDIA,EQ,45504,31150,68.46
20,1582,JNPR,EQ,714611,255100,35.70
20,1583,JOCIL,EQ,8357,3500,41.88
20,1584,JPOLYINVST,EQ,733,435,59.35
20,1585,JPPOWER,EQ,31599684,15276888,48.35
20,1586,JSFB,EQ,1175347,411785,35.04
20,1587,JSL,EQ,1447238,872886,60.31
20,1588,JSLL,EQ,303734,168293,55.41
20,1589,JSWCEMENT,EQ,1402731,869025,61.95
20,1590,JSWDULUX,EQ,22641,15652,69.13
20,1591,JSWENERGY,EQ,460558,239372,51.97
20,1592,JSWHL,EQ,2705,966,35.71
20,1593,JSWINFRA,EQ,2744356,1524884,55.56
20,1594,JSWSTEEL,EQ,1403416,756071,53.87
20,1595,JTEKTINDIA,EQ,70161,30951,44.11
20,1596,JTLIND,EQ,1930402,761652,39.46
20,1597,JUBLCPL,EQ,7033,4570,64.98
20,1598,JUBLFOOD,EQ,299976,101872,33.96
20,1599,JUBLINGREA,EQ,274067,182420,66.56
20,1600,JUBLPHARMA,EQ,209884,115502,55.03
20,1601,JUNIORBEES,EQ,439586,290839,66.16
20,1602,JUNIPER,EQ,142633,75581,52.99
20,1603,JUSTDIAL,EQ,63694,32157,50.49
20,1604,JWL,EQ,345593,163153,47.21
20,1605,JYOTHYLAB,EQ,326819,183239,56.07
20,1606,JYOTICNC,EQ,600916,251188,41.80
20,1607,JYOTIGLOBL,SM,38000,30000,78.95
20,1608,JYOTIRES,EQ,6391,3779,59.13
20,1609,JYOTISTRUC,EQ,6548590,4346795,66.38
20,1610,K2INFRA,ST,7200,6600,91.67
20,1611,KABRAEXTRU,EQ,418482,125975,30.10
20,1612,KAJARIACER,EQ,70685,41721,59.02
20,1613,KAKATCEM,EQ,1815,1374,75.70
20,1614,KALAMANDIR,EQ,278073,159238,57.26
20,1615,KALANA,SM,16000,14000,87.50
20,1616,KALPATARU,EQ,36648,20040,54.68
20,1617,KALYANKJIL,EQ,5849110,1562715,26.72
20,1618,KAMAHOLD,EQ,2409,1757,72.93
20,1619,KAMANWALA,EQ,767,761,99.22
20,1620,KAMATHOTEL,EQ,29357,15478,52.72
20,1621,KAMOPAINTS,EQ,95859,82946,86.53
20,1622,KANANIIND,EQ,215838,154925,71.78
20,1623,KANCHI,EQ,2082,1333,64.02
20,1624,KANCOTEA,EQ,1,1,100.00
20,1625,KANDARP,SM,20000,16000,80.00
20,1626,KANPRPLA,EQ,66974,25109,37.49
20,1627,KANSAINER,EQ,100298,52485,52.33
20,1628,KAPSTON,EQ,59420,31361,52.78
20,1629,KARMAENG,EQ,6408,4940,77.09
20,1630,KARNIKA,SM,31000,28000,90.32
20,1631,KARURVYSYA,EQ,763205,370115,48.49
20,1632,KATARIA,SM,3600,3600,100.00
20,1633,KAVDEFENCE,EQ,1223468,513137,41.94
20,1634,KAYNES,EQ,499999,132389,26.48
20,1635,KCEIL,SM,4000,3000,75.00
20,1636,KCK,ST,15000,12500,83.33
20,1637,KCP,EQ,86305,52721,61.09
20,1638,KDDL,EQ,15706,8007,50.98
20,1639,KDGREEN,EQ,15247,10231,67.10
20,1640,KDL,SM,29100,21000,72.16
20,1641,KEC,EQ,556202,269535,48.46
20,1642,KECL,EQ,143081,42804,29.92
20,1643,KEEPLEARN,EQ,13351,10544,78.98
20,1644,KEI,EQ,1075005,535644,49.83
20,1645,KELLTONTEC,EQ,8312840,1712931,20.61
20,1646,KEN,SM,2400,2400,100.00
20,1647,KENNAMET,EQ,63667,40202,63.14
20,1648,KERNEX,EQ,127042,49720,39.14
20,1649,KEYFINSERV,EQ,747,394,52.74
20,1650,KFINTECH,EQ,570894,252737,44.27
20,1651,KHAICHEM,EQ,291477,172970,59.34
20,1652,KHAITANLTD,EQ,2164,1543,71.30
20,1653,KHANDSE,EQ,268,244,91.04
20,1654,KHFM,SM,15500,12400,80.00
20,1655,KICL,EQ,418,311,74.40
20,1656,KIMS,EQ,112807,54912,48.68
20,1657,KINGFA,EQ,14279,7100,49.72
20,1658,KIOCL,EQ,120909,75374,62.34
20,1659,KIRANVYPAR,EQ,1949,1599,82.04
20,1660,KIRIINDUS,EQ,893002,364258,40.79
20,1661,KIRLFER,EQ,75928,48570,63.97
20,1662,KIRLOSBROS,EQ,52760,32294,61.21
20,1663,KIRLOSENG,EQ,287889,135663,47.12
20,1664,KIRLOSIND,EQ,611308,39470,6.46
20,1665,KIRLPNU,EQ,103444,51581,49.86
20,1666,KISSHT,EQ,1475228,812158,55.05
20,1667,KITEX,EQ,212579,104287,49.06
20,1668,KJMCFIN,EQ,1499,1196,79.79
20,1669,KKCL,EQ,32112,27429,85.42
20,1670,KKJEWELS,SM,2000,2000,100.00
20,1671,KKVAPOW,SM,171,171,100.00
20,1672,KLBRENG-B,EQ,204769,117312,57.29
20,1673,KLL,SM,8800,6400,72.73
20,1674,KMCSHIL,EQ,147571,51771,35.08
20,1675,KMEW,EQ,86838,32709,37.67
20,1676,KMSUGAR,EQ,191680,81380,42.46
20,1677,KNACK,EQ,377196,201956,53.54
20,1678,KNAGRI,EQ,9889,8975,90.76
20,1679,KNRCON,EQ,1905260,769803,40.40
20,1680,KODYTECH,ST,4700,4500,95.74
20,1681,KOHINOOR,EQ,138149,63823,46.20
20,1682,KOKUYOCMLN,EQ,20254,15214,75.12
20,1683,KOLTEPATIL,EQ,75386,26662,35.37
20,1684,KONSTELEC,ST,29000,29000,100.00
20,1685,KONTOR,SM,1200,1200,100.00
20,1686,KOPRAN,EQ,362867,155682,42.90
20,1687,KORE,ST,35250,33250,94.33
20,1688,KOTAKBANK,EQ,13454099,9203380,68.41
20,1689,KOTHARIPET,EQ,27056,15308,56.58
20,1690,KOTHARIPRO,EQ,3402,2473,72.69
20,1691,KOTIC,EQ,89252,29949,33.56
20,1692,KOVAI,EQ,4065,2440,60.02
20,1693,KPEL,EQ,549124,352934,64.27
20,1694,KPIGREEN,EQ,715863,383722,53.60
20,1695,KPIL,EQ,64892,30199,46.54
20,1696,KPITTECH,EQ,771963,205482,26.62
20,1697,KPL,EQ,31378,12467,39.73
20,1698,KPRMILL,EQ,140855,72003,51.12
20,1699,KRBL,EQ,338893,153131,45.19
20,1700,KREBSBIO,EQ,5621,3846,68.42
20,1701,KRIDHANINF,EQ,52054,38763,74.47
20,1702,KRISHANA,EQ,250120,129244,51.67
20,1703,KRISHCA,SM,5500,5000,90.91
20,1704,KRISHIVAL,EQ,4224,3303,78.20
20,1705,KRISHNADEF,EQ,57439,36659,63.82
20,1706,KRITI,EQ,3899,3430,87.97
20,1707,KRITIKA,EQ,99169,86108,86.83
20,1708,KRITINUT,EQ,6364,5110,80.30
20,1709,KRMAYURVED,SM,266000,199000,74.81
20,1710,KRN,EQ,157532,72802,46.21
20,1711,KROSS,EQ,1877473,619327,32.99
20,1712,KRSNAA,EQ,33118,18087,54.61
20,1713,KRT,RR,874066,762645,87.25
20,1714,KRYSTAL,EQ,7333,5375,73.30
20,1715,KSB,EQ,86387,52465,60.73
20,1716,KSCL,EQ,72749,44826,61.62
20,1717,KSE,EQ,15901,15260,95.97
20,1718,KSHINTL,EQ,231474,89622,38.72
20,1719,KSHITIJPOL,EQ,1314371,1026856,78.13
20,1720,KSL,EQ,165656,71891,43.40
20,1721,KSOLVES,EQ,29791,17385,58.36
20,1722,KSR,EQ,115577,73930,63.97
20,1723,KTKBANK,EQ,1523452,780636,51.24
20,1724,KUANTUM,EQ,103979,55277,53.16
20,1725,KUSUMGAR,EQ,155693,98395,63.20
20,1726,KWIL,EQ,39599566,13670804,34.52
20,1727,LADDERUP,EQ,58767,31001,52.75
20,1728,LAGNAM,EQ,2299,1583,68.86
20,1729,LAHOTIOV,EQ,10314,8998,87.24
20,1730,LAKSHMIMIL,EQ,30,17,56.67
20,1731,LAKSHYA,SM,800,800,100.00
20,1732,LAL,EQ,10354,7374,71.22
20,1733,LALITHAA,EQ,5663778,2076389,36.66
20,1734,LALPATHLAB,EQ,188906,120841,63.97
20,1735,LAMBODHARA,EQ,3168,2135,67.39
20,1736,LAMOSAIC,ST,185400,180600,97.41
20,1737,LANCER,EQ,156106,124829,79.96
20,1738,LANDMARK,EQ,85713,60139,70.16
20,1739,LANDSMILL,EQ,4076152,2762108,67.76
20,1740,LAOPALA,EQ,118254,72110,60.98
20,1741,LARGEMID50,EQ,1478,1173,79.36
20,1742,LASERPOWER,EQ,617912,313970,50.81
20,1743,LATENTVIEW,EQ,288625,154388,53.49
20,1744,LATTEYS,EQ,23719,18482,77.92
20,1745,LAURUSLABS,EQ,2072696,973382,46.96
20,1746,LAXMICOT,EQ,20786,14935,71.85
20,1747,LAXMIDENTL,EQ,34654,20630,59.53
20,1748,LAXMIINDIA,EQ,140418,45169,32.17
20,1749,LCCINFOTEC,EQ,118651,96762,81.55
20,1750,LCL,EQ,162802,89984,55.27
20,1751,LEAPIND,EQ,3659792,1706911,46.64
20,1752,LEMERITE,EQ,270228,117415,43.45
20,1753,LEMONTREE,EQ,1547949,864143,55.83
20,1754,LENSKART,EQ,3562520,2146011,60.24
20,1755,LEXUS,EQ,4760,4138,86.93
20,1756,LFIC,EQ,9211,6966,75.63
20,1757,LGBBROSLTD,EQ,18940,13045,68.88
20,1758,LGEINDIA,EQ,317059,185935,58.64
20,1759,LGHL,EQ,7887,2272,28.81
20,1760,LIBAS,EQ,368083,119279,32.41
20,1761,LIBERTSHOE,EQ,6899,4851,70.31
20,1762,LICHSGFIN,EQ,10877630,4626776,42.53
20,1763,LICI,EQ,7343279,4765715,64.90
20,1764,LICMFGOLD,EQ,60619,35358,58.33
20,1765,LICNETFGSC,EQ,21744,17929,82.45
20,1766,LICNETFN50,EQ,2391,1785,74.65
20,1767,LICNETFSEN,EQ,6,6,100.00
20,1768,LICNFNHGP,EQ,99,69,69.70
20,1769,LICNMID100,EQ,31629,24496,77.45
20,1770,LIKHITHA,EQ,83519,32146,38.49
20,1771,LINC,EQ,7389,5454,73.81
20,1772,LINCOLN,EQ,30277,17268,57.03
20,1773,LINDEINDIA,EQ,9651,4934,51.12
20,1774,LIQGRWBEES,EQ,25992,15859,61.01
20,1775,LIQUID,EQ,54316,22289,41.04
20,1776,LIQUID1,EQ,506249,349014,68.94
20,1777,LIQUIDADD,EQ,282272,188322,66.72
20,1778,LIQUIDBEES,EQ,2299538,1918193,83.42
20,1779,LIQUIDBETA,EQ,4,4,100.00
20,1780,LIQUIDBETF,EQ,510214,477213,93.53
20,1781,LIQUIDCASE,EQ,15779462,12351506,78.28
20,1782,LIQUIDETF,EQ,87487,57805,66.07
20,1783,LIQUIDIETF,EQ,271473,162080,59.70
20,1784,LIQUIDPLUS,EQ,212558,183541,86.35
20,1785,LIQUIDSBI,EQ,3633,1986,54.67
20,1786,LIQUIDSHRI,EQ,20561,20561,100.00
20,1787,LKPSEC,EQ,897,538,59.98
20,1788,LLOYDS,SM,2000,2000,100.00
20,1789,LLOYDSENGG,EQ,7182300,2920885,40.67
20,1790,LLOYDSENT,EQ,3462211,1607050,46.42
20,1791,LLOYDSME,EQ,384146,183946,47.88
20,1792,LMW,EQ,3273,1826,55.79
20,1793,LODHA,EQ,3796732,1480426,38.99
20,1794,LOKESHMACH,EQ,28767,14358,49.91
20,1795,LORDSCHLO,EQ,7687,5104,66.40
20,1796,LOTUSCHO,EQ,1194,901,75.46
20,1797,LOTUSEYE,EQ,5233,4137,79.06
20,1798,LOVABLE,EQ,32547,10545,32.40
20,1799,LOWVOL,EQ,1324,663,50.08
20,1800,LOWVOL1,EQ,306306,214093,69.90
20,1801,LOWVOLIETF,EQ,479922,349083,72.74
20,1802,LOYALTEX,EQ,335,310,92.54
20,1803,LPDC,EQ,27182,24474,90.04
20,1804,LRRPL,SM,4500,4500,100.00
20,1805,LT,EQ,1039161,525168,50.54
20,1806,LTF,EQ,3714097,1420717,38.25
20,1807,LTFOODS,EQ,503389,207950,41.31
20,1808,LTGILTBEES,EQ,1723335,1636287,94.95
20,1809,LTGILTCASE,EQ,96758,96626,99.86
20,1810,LTM,EQ,276969,122697,44.30
20,1811,LTTS,EQ,27869,12115,43.47
20,1812,LUMAXIND,EQ,11674,5371,46.01
20,1813,LUMAXTECH,EQ,154094,58453,37.93
20,1814,LUMINO,EQ,19509548,4240037,21.73
20,1815,LUPIN,EQ,506008,302816,59.84
20,1816,LUXIND,EQ,12276,7658,62.38
20,1817,LXCHEM,EQ,1075909,502515,46.71
20,1818,M&M,EQ,1164426,616640,52.96
20,1819,M&MFIN,EQ,1925762,1164422,60.47
20,1820,MAANALU,EQ,32394,19463,60.08
20,1821,MACOBSTECH,SM,800,800,100.00
20,1822,MACPOWER,EQ,18910,10905,57.67
20,1823,MADHAV,EQ,268,249,92.91
20,1824,MADHAVBAUG,ST,2000,2000,100.00
20,1825,MADHAVIPL,EQ,97387,84500,86.77
20,1826,MADHUSUDAN,ST,19000,17000,89.47
20,1827,MADRASFERT,EQ,47137,32334,68.60
20,1828,MAFANG,EQ,727006,370127,50.91
20,1829,MAFATIND,EQ,15324,12128,79.14
20,1830,MAGADSUGAR,EQ,36065,16115,44.68
20,1831,MAGNUM,EQ,9155,8692,94.94
20,1832,MAHABANK,EQ,19492753,10542258,54.08
20,1833,MAHAPEXLTD,EQ,6282,2681,42.68
20,1834,MAHEPC,EQ,12469,9996,80.17
20,1835,MAHICKRA,SM,8250,5250,63.64
20,1836,MAHKTECH,EQ,937846,655372,69.88
20,1837,MAHLIFE,EQ,93478,47974,51.32
20,1838,MAHLOG,EQ,78969,36257,45.91
20,1839,MAHSCOOTER,EQ,1598,926,57.95
20,1840,MAHSEAMLES,EQ,972488,380343,39.11
20,1841,MAITHANALL,EQ,80517,41186,51.15
20,1842,MAITREYA,SM,1200,400,33.33
20,1843,MAKEINDIA,EQ,57464,28408,49.44
20,1844,MAKERSL,EQ,2796,2613,93.45
20,1845,MAKS,SM,3000,3000,100.00
20,1846,MAL,SM,25600,25600,100.00
20,1847,MALLCOM,EQ,5072,4250,83.79
20,1848,MALUPAPER,EQ,8178,5293,64.72
20,1849,MAMATA,EQ,19757,9838,49.80
20,1850,MANAKALUCO,EQ,105381,83575,79.31
20,1851,MANAKCOAT,EQ,618838,229741,37.12
20,1852,MANAKSIA,EQ,204109,117674,57.65
20,1853,MANALIPETC,EQ,1987988,553184,27.83
20,1854,MANAPPURAM,EQ,3251263,1245922,38.32
20,1855,MANAV,SM,12000,12000,100.00
20,1856,MANBA,EQ,48200,10511,21.81
20,1857,MANCREDIT,EQ,15075,9150,60.70
20,1858,MANGALAM,EQ,358112,199502,55.71
20,1859,MANGLMCEM,EQ,61110,36127,59.12
20,1860,MANILAM,SM,14000,12000,85.71
20,1861,MANINDS,EQ,4336077,825891,19.05
20,1862,MANINFRA,EQ,1726554,1116689,64.68
20,1863,MANIPALHOS,EQ,590316,302406,51.23
20,1864,MANKIND,EQ,507664,362963,71.50
20,1865,MANOMAY,EQ,68618,18215,26.55
20,1866,MANORAMA,EQ,103689,50055,48.27
20,1867,MANORG,EQ,5043,3753,74.42
20,1868,MANUFGBEES,EQ,3914,3173,81.07
20,1869,MANYAVAR,EQ,200490,78464,39.14
20,1870,MAPMYINDIA,EQ,136344,53463,39.21
20,1871,MARALOVER,EQ,11962,9719,81.25
20,1872,MARATHON,EQ,74431,47022,63.18
20,1873,MARC,SM,7200,6000,83.33
20,1874,MARCO,SM,3000,3000,100.00
20,1875,MARICO,EQ,1341157,858257,63.99
20,1876,MARINE,EQ,656111,261184,39.81
20,1877,MARKOLINES,EQ,75138,26885,35.78
20,1878,MARKSANS,EQ,1464848,630909,43.07
20,1879,MARSONS,EQ,1049605,394355,37.57
20,1880,MARUSHIKA,SM,12000,12000,100.00
20,1881,MARUTI,EQ,452803,278193,61.44
20,1882,MASFIN,EQ,212323,153055,72.09
20,1883,MASKINVEST,EQ,518,515,99.42
20,1884,MASON,SM,8500,6500,76.47
20,1885,MASPTOP50,EQ,1158428,597126,51.55
20,1886,MASTEK,EQ,88294,38432,43.53
20,1887,MASTER,SM,500,500,100.00
20,1888,MASTERTR,EQ,290428,84784,29.19
20,1889,MATRIMONY,EQ,9132,5826,63.80
20,1890,MAWANASUG,EQ,256420,110317,43.02
20,1891,MAXESTATES,EQ,97255,62561,64.33
20,1892,MAXHEALTH,EQ,2215957,1302769,58.79
20,1893,MAXIND,EQ,36459,23091,63.33
20,1894,MAXPOSURE,SM,28000,28000,100.00
20,1895,MAXVOLT,SM,72800,63600,87.36
20,1896,MAYASHEEL,SM,12000,9000,75.00
20,1897,MAYURUNIQ,EQ,71046,35574,50.07
20,1898,MAZDOCK,EQ,470005,178700,38.02
20,1899,MBAPL,EQ,512742,290993,56.75
20,1900,MBEL,EQ,196290,102397,52.17
20,1901,MBLINFRA,EQ,11995,7551,62.95
20,1902,MCCHRLS-B,EQ,2833,2832,99.96
20,1903,MCL,EQ,34972,23668,67.68
20,1904,MCLEODRUSS,EQ,241145,144325,59.85
20,1905,MCLOUD,EQ,692985,424125,61.20
20,1906,MCON,SM,10000,9000,90.00
20,1907,MCX,EQ,1595604,596955,37.41
20,1908,MEDANTA,EQ,63285,26212,41.42
20,1909,MEDIASSIST,EQ,145051,78540,54.15
20,1910,MEDICAMEQ,EQ,175119,86691,49.50
20,1911,MEDICAPQ,EQ,63510,39557,62.28
20,1912,MEDICO,EQ,594829,355997,59.85
20,1913,MEDIORG,SM,12000,10000,83.33
20,1914,MEDISTEP,SM,6000,6000,100.00
20,1915,MEDPLUS,EQ,74445,55621,74.71
20,1916,MEESHO,EQ,23275618,12608997,54.17
20,1917,MEGAFLEX,SM,2000,2000,100.00
20,1918,MEGASTAR,EQ,1191,812,68.18
20,1919,MEGATHERM,SM,114800,107200,93.38
20,1920,MEIL,EQ,30912,16679,53.96
20,1921,MERCANTILE,EQ,2279,2074,91.00
20,1922,MERCURYEV,EQ,2278202,1286454,56.47
20,1923,METAL,EQ,1718184,931349,54.21
20,1924,METALIC,ST,128000,112000,87.50
20,1925,METALIETF,EQ,23988044,17088524,71.24
20,1926,METROBRAND,EQ,458198,421897,92.08
20,1927,METROGLOBL,EQ,6905,2782,40.29
20,1928,METROPOLIS,EQ,109410,56327,51.48
20,1929,MFML,EQ,2289,2274,99.34
20,1930,MFSL,EQ,298289,192906,64.67
20,1931,MGEL,EQ,257531,184010,71.45
20,1932,MGL,EQ,65559,37891,57.80
20,1933,MGSL,SM,40800,33600,82.35
20,1934,MHHL,SM,6000,4500,75.00
20,1935,MHRIL,EQ,120746,78886,65.33
20,1936,MICROPRO,SM,1600,1600,100.00
20,1937,MID150,EQ,51418,34284,66.68
20,1938,MID150BEES,EQ,831082,480790,57.85
20,1939,MID150CASE,EQ,994276,644920,64.86
20,1940,MIDBANKADD,EQ,2320,2212,95.34
20,1941,MIDCAP,EQ,650144,399121,61.39
20,1942,MIDCAPADD,EQ,8308,7863,94.64
20,1943,MIDCAPBETA,EQ,1517,1450,95.58
20,1944,MIDCAPETF,EQ,2266805,1737379,76.64
20,1945,MIDCAPIETF,EQ,752149,486825,64.72
20,1946,MIDHANI,EQ,1731657,642715,37.12
20,1947,MIDQ50ADD,EQ,25482,23187,90.99
20,1948,MIDSELIETF,EQ,203604,123711,60.76
20,1949,MIDSMALL,EQ,320210,235338,73.49
20,1950,MIDWESTLTD,EQ,56580,30489,53.89
20,1951,MIEL,SM,2000,2000,100.00
20,1952,MIIL,EQ,74373,15384,20.68
20,1953,MILKYMIST,EQ,8781143,3014398,34.33
20,1954,MINDACORP,EQ,93673,44548,47.56
20,1955,MINDSPACE,RR,110869,98267,88.63
20,1956,MINDTECK,EQ,26700,16797,62.91
20,1957,MIRZAINT,EQ,47889,34814,72.70
20,1958,MITCON,EQ,8666,8340,96.24
20,1959,MITTAL,EQ,3111616,2327701,74.81
20,1960,MKEXIM,EQ,29375,23025,78.38
20,1961,MKPL,EQ,114403,70420,61.55
20,1962,MLKFOOD,EQ,3223,2923,90.69
20,1963,MMEL,SM,4000,4000,100.00
20,1964,MMFL,EQ,65081,34375,52.82
20,1965,MMP,EQ,70496,38650,54.83
20,1966,MMTC,EQ,992439,395747,39.88
20,1967,MMWL,EQ,12448,9951,79.94
20,1968,MNC,EQ,73237,59592,81.37
20,1969,MOALPHA50,EQ,5887,5390,91.56
20,1970,MOBANK10,EQ,2911,2436,83.68
20,1971,MOBIKWIK,EQ,15738187,2699938,17.16
20,1972,MOCAPITAL,EQ,887662,544511,61.34
20,1973,MODEFENCE,EQ,1124160,593691,52.81
20,1974,MODINATUR,EQ,11128,9162,82.33
20,1975,MODIRUBBER,EQ,1843,1393,75.58
20,1976,MODIS,EQ,9063,5771,63.68
20,1977,MODTHREAD,EQ,1509,882,58.45
20,1978,MOENERGY,EQ,183393,158398,86.37
20,1979,MOGOLD,EQ,12207,9306,76.23
20,1980,MOGSEC,EQ,1353,1334,98.60
20,1981,MOHEALTH,EQ,35056,23436,66.85
20,1982,MOHITE,EQ,221689,154232,69.57
20,1983,MOHITIND,EQ,10953,9135,83.40
20,1984,MOIL,EQ,672003,386978,57.59
20,1985,MOINFRA,EQ,732,511,69.81
20,1986,MOIPO,EQ,4616,2634,57.06
20,1987,MOKSH,EQ,343220,135855,39.58
20,1988,MOL,EQ,801671,300899,37.53
20,1989,MOLBIO,EQ,21021507,1968448,9.36
20,1990,MOLDTKPAC,EQ,39915,20636,51.70
20,1991,MOLOWVOL,EQ,4709,2500,53.09
20,1992,MOM100,EQ,326595,203255,62.23
20,1993,MOM30IETF,EQ,749706,537681,71.72
20,1994,MOM50,EQ,3217,1481,46.04
20,1995,MOMENTUM,EQ,60041,41064,68.39
20,1996,MOMENTUM30,EQ,48177,33392,69.31
20,1997,MOMENTUM50,EQ,393356,290118,73.75
20,1998,MOMETAL,EQ,91418,6071,6.64
20,1999,MOMGF,EQ,2350,2010,85.53
20,2000,MOMIDMTM,EQ,36154,26211,72.50
20,2001,MOMMIDCAP,EQ,1161312,823765,70.93
20,2002,MOMNC,EQ,5035,2086,41.43
20,2003,MOMOMENTUM,EQ,47051,25325,53.82
20,2004,MON100,EQ,559465,351823,62.89
20,2005,MON50EQUAL,EQ,3309,2982,90.12
20,2006,MONARCH,EQ,102437,51782,50.55
20,2007,MONEXT50,EQ,6606,4361,66.02
20,2008,MONEYBOXX,EQ,178551,102311,57.30
20,2009,MONIFTY100,EQ,3430,3430,100.00
20,2010,MONIFTY500,EQ,433579,348121,80.29
20,2011,MONOLITH,SM,101000,64750,64.11
20,2012,MONQ50,EQ,726779,277016,38.12
20,2013,MONTECARLO,EQ,31749,19164,60.36
20,2014,MOOILGAS,EQ,4222,2736,64.80
20,2015,MOPSE,EQ,1829,1060,57.96
20,2016,MOQUALITY,EQ,1318,1218,92.41
20,2017,MOREALTY,EQ,4183831,3169142,75.75
20,2018,MOREPENLAB,EQ,14130149,4638461,32.83
20,2019,MOS,ST,892000,820000,91.93
20,2020,MOSCHIP,EQ,1469469,505938,34.43
20,2021,MOSERVICE,EQ,1716,1576,91.84
20,2022,MOSILVER,EQ,46021,12739,27.68
20,2023,MOSMALL250,EQ,993279,633493,63.78
20,2024,MOTHERSON,EQ,12004385,7094445,59.10
20,2025,MOTILALOFS,EQ,582561,206427,35.43
20,2026,MOTISONS,EQ,8341171,2291227,27.47
20,2027,MOTOGENFIN,EQ,23619,20734,87.79
20,2028,MOTOUR,EQ,10942,8354,76.35
20,2029,MOVALUE,EQ,43071,25249,58.62
20,2030,MOXSH,SM,4800,3200,66.67
20,2031,MPEL,ST,4800,4800,100.00
20,2032,MPEL-RE,ST,176000,176000,100.00
20,2033,MPHASIS,EQ,165475,81956,49.53
20,2034,MPSLTD,EQ,22211,13883,62.51
20,2035,MRF,EQ,1793,742,41.38
20,2036,MRIL,ST,20800,20800,100.00
20,2037,MRPL,EQ,14183611,3727331,26.28
20,2038,MSCI360,EQ,14600,14271,97.75
20,2039,MSCIADD,EQ,531,273,51.41
20,2040,MSCIINDIA,EQ,3770,3667,97.27
20,2041,MSL,EQ,166,166,100.00
20,2042,MSPL,EQ,432000,275609,63.80
20,2043,MSTCLTD,EQ,283180,92496,32.66
20,2044,MSUMI,EQ,6405565,3737035,58.34
20,2045,MTNL,EQ,499323,244512,48.97
20,2046,MUFIN,EQ,155652,97497,62.64
20,2047,MUFTI,EQ,62380,44084,70.67
20,2048,MUKANDLTD,EQ,71288,41357,58.01
20,2049,MUKESHB,EQ,8,8,100.00
20,2050,MUKKA,EQ,779033,397391,51.01
20,2051,MULTICAP,EQ,253309,189653,74.87
20,2052,MUNISH,SM,4800,4800,100.00
20,2053,MUNJALAU,EQ,379278,176018,46.41
20,2054,MUNJALSHOW,EQ,12891,8265,64.11
20,2055,MURUDCERA,EQ,9935,7902,79.54
20,2056,MUTHOOTCAP,EQ,9921,6867,69.22
20,2057,MUTHOOTFIN,EQ,941802,245884,26.11
20,2058,MUTHOOTMF,EQ,116491,59295,50.90
20,2059,MVELECTRO,EQ,4343496,423457,9.75
20,2060,MVGJL,EQ,262487,145602,55.47
20,2061,MVKAGRO,SM,854700,560700,65.60
20,2062,MWL,EQ,1209700,449581,37.16
20,2063,MYMUDRA,SM,37200,27600,74.19
20,2064,NACLIND,EQ,197254,113449,57.51
20,2065,NAGREEKCAP,EQ,661,642,97.13
20,2066,NAGREEKEXP,EQ,9501,7268,76.50
20,2067,NAHARCAP,EQ,1137,1061,93.32
20,2068,NAHARINDUS,EQ,12127,8299,68.43
20,2069,NAHARPOLY,EQ,3386,2452,72.42
20,2070,NAHARSPING,EQ,19337,13327,68.92
20,2071,NAM-INDIA,EQ,675051,368884,54.65
20,2072,NAMOEWASTE,ST,9600,8800,91.67
20,2073,NARMADA,EQ,243470,119710,49.17
20,2074,NATCOPHARM,EQ,443835,254682,57.38
20,2075,NATHBIOGEN,EQ,27590,18855,68.34
20,2076,NATIONALUM,EQ,6224990,2285192,36.71
20,2077,NATIONSTD,EQ,22184,14412,64.97
20,2078,NAUKRI,EQ,461487,256659,55.62
20,2079,NAVA,EQ,144505,83377,57.70
20,2080,NAVINFLUOR,EQ,68969,38880,56.37
20,2081,NAVKARCORP,EQ,126734,75901,59.89
20,2082,NAVNETEDUL,EQ,38497,30196,78.44
20,2083,NAZARA,EQ,949100,464743,48.97
20,2084,NBCC,EQ,5581978,2195902,39.34
20,2085,NBIFIN,EQ,28,25,89.29
20,2086,NCC,EQ,1570773,744147,47.37
20,2087,NCLIND,EQ,57151,28395,49.68
20,2088,NDGL,EQ,183,165,90.16
20,2089,NDL,EQ,602827,465741,77.26
20,2090,NDLVENTURE,EQ,36495,31257,85.65
20,2091,NDRAUTO,EQ,10216,5855,57.31
20,2092,NDTV,EQ,77842,44477,57.14
20,2093,NEAGI,EQ,10,10,100.00
20,2094,NECLIFE,EQ,93711,74269,79.25
20,2095,NELCAST,EQ,61838,33736,54.56
20,2096,NELCO,EQ,130958,59556,45.48
20,2097,NEOCHEM,SM,16800,12000,71.43
20,2098,NEOGEN,EQ,386397,155777,40.32
20,2099,NEPHROCARE,SM,24400,18800,77.05
20,2100,NEPHROPLUS,EQ,316031,120630,38.17
20,2101,NEPTUNE,SM,3500,3500,100.00
20,2102,NESCO,EQ,34441,21901,63.59
20,2103,NESTLEIND,EQ,1084925,609191,56.15
20,2104,NETF,EQ,8213,7859,95.69
20,2105,NETWEB,EQ,752619,175942,23.38
20,2106,NETWORK18,EQ,3253000,1668563,51.29
20,2107,NEULANDLAB,EQ,38457,17609,45.79
20,2108,NEWGEN,EQ,470767,206835,43.94
20,2109,NEWJAISA,ST,10500,10500,100.00
20,2110,NEXT30ADD,EQ,3425,2264,66.10
20,2111,NEXT50,EQ,34599,21435,61.95
20,2112,NEXT50ADD,EQ,6016,3281,54.54
20,2113,NEXT50BETA,EQ,1467899,1297526,88.39
20,2114,NEXT50ETF,EQ,8952,7775,86.85
20,2115,NEXT50IETF,EQ,978506,707378,72.29
20,2116,NEXTMEDIA,EQ,6001,5057,84.27
20,2117,NFL,EQ,379385,195831,51.62
20,2118,NFPSAMPOOR,SM,6000,6000,100.00
20,2119,NGIL,EQ,10585,8664,81.85
20,2120,NGLFINE,EQ,4640,2757,59.42
20,2121,NH,EQ,168463,98976,58.75
20,2122,NHPC,EQ,11022177,5450263,49.45
20,2123,NIACL,EQ,6374340,956518,15.01
20,2124,NIBE,EQ,36360,19230,52.89
20,2125,NIBL,EQ,421926,135623,32.14
20,2126,NICCOPAR,EQ,300,300,100.00
20,2127,NIDAN,SM,4000,3000,75.00
20,2128,NIF100BEES,EQ,43286,33771,78.02
20,2129,NIF100IETF,EQ,65279,42897,65.71
20,2130,NIF500BETA,EQ,1712,1342,78.39
20,2131,NIFTY1,EQ,100291,73084,72.87
20,2132,NIFTY100EW,EQ,88581,63490,71.67
20,2133,NIFTYADD,EQ,14386,13174,91.58
20,2134,NIFTYAXIS,EQ,652600,622134,95.33
20,2135,NIFTYBEES,EQ,8051490,5318595,66.06
20,2136,NIFTYBETA,EQ,18946,11409,60.22
20,2137,NIFTYBETF,EQ,3408,3381,99.21
20,2138,NIFTYCASE,EQ,1365854,1045148,76.52
20,2139,NIFTYETF,EQ,184844,156221,84.52
20,2140,NIFTYIETF,EQ,422289,266127,63.02
20,2141,NIFTYJBLK,EQ,105547,83950,79.54
20,2142,NIFTYQLITY,EQ,9213,6423,69.72
20,2143,NIITLTD,EQ,179129,107658,60.10
20,2144,NIITMTS,EQ,1308504,450521,34.43
20,2145,NIKITA,SM,40800,37200,91.18
20,2146,NILAINFRA,EQ,81308,63894,78.58
20,2147,NILASPACES,EQ,954046,346590,36.33
20,2148,NILE,EQ,1504,1281,85.17
20,2149,NILKAMAL,EQ,22381,11410,50.98
20,2150,NIMBSPROJ,EQ,1002,973,97.11
20,2151,NINSYS,EQ,3099,2222,71.70
20,2152,NIPPOBATRY,EQ,1429,1034,72.36
20,2153,NIRAJ,EQ,39765,27559,69.30
20,2154,NIRLON,EQ,6191,4167,67.31
20,2155,NIRMAN,SM,20700,16500,79.71
20,2156,NITCO,EQ,289642,150641,52.01
20,2157,NITINSPIN,EQ,53586,27166,50.70
20,2158,NITIRAJ,EQ,1015,831,81.87
20,2159,NITTAGELA,EQ,5045,3593,71.22
20,2160,NIVABUPA,EQ,385642,232477,60.28
20,2161,NKIND,EQ,454,303,66.74
20,2162,NLCINDIA,EQ,984675,540237,54.86
20,2163,NMDC,EQ,7809802,3803238,48.70
20,2164,NOCIL,EQ,1093384,500170,45.75
20,2165,NOIDATOLL,EQ,41832,38597,92.27
20,2166,NORBTEAEXP,EQ,4523,4106,90.78
20,2167,NORTHARC,EQ,632856,350301,55.35
20,2168,NOVARTIND,EQ,429792,67944,15.81
20,2169,NPBET,EQ,189,189,100.00
20,2170,NPST,EQ,17601,10561,60.00
20,2171,NRAIL,EQ,33285,16729,50.26
20,2172,NRBBEARING,EQ,644516,304787,47.29
20,2173,NRVANDANA,SM,15000,15000,100.00
20,2174,NSIL,EQ,2023,1576,77.90
20,2175,NSLNISP,EQ,3065499,1281927,41.82
20,2176,NTCIND,EQ,558,444,79.57
20,2177,NTPC,EQ,4040987,2789575,69.03
20,2178,NTPCGREEN,EQ,1071590,657677,61.37
20,2179,NUCLEUS,EQ,12223,7493,61.30
20,2180,NUVAMA,EQ,215858,128914,59.72
20,2181,NUVOCO,EQ,93820,42391,45.18
20,2182,NV20,EQ,102840,65582,63.77
20,2183,NV20BEES,EQ,28206,15804,56.03
20,2184,NV20IETF,EQ,490723,298311,60.79
20,2185,NXST,RR,319990,275370,86.06
20,2186,NXT-INFRA,IV,75000,75000,100.00
20,2187,NYKAA,EQ,3472048,1971108,56.77
20,2188,OAL,EQ,40160,19836,49.39
20,2189,OBCL,EQ,2847,2640,92.73
20,2190,OBEROIRLTY,EQ,486698,223480,45.92
20,2191,OBSCP,SM,47200,28800,61.02
20,2192,ODIGMA,EQ,17487,14878,85.08
20,2193,ODYCORP,EQ,103288,75561,73.16
20,2194,OFSS,EQ,221291,115889,52.37
20,2195,OIL,EQ,4815227,1746444,36.27
20,2196,OILIETF,EQ,1308379,846739,64.72
20,2197,OLAELEC,EQ,46264959,7752349,16.76
20,2198,OLECTRA,EQ,290459,129277,44.51
20,2199,OLIL,SM,15200,4800,31.58
20,2200,OMAXAUTO,EQ,61966,35921,57.97
20,2201,OMAXE,EQ,969964,299236,30.85
20,2202,OMFURN,SM,1200,1200,100.00
20,2203,OMINFRAL,EQ,43624,25510,58.48
20,2204,OMNI,EQ,530729,248944,46.91
20,2205,OMPOWER,EQ,189227,90345,47.74
20,2206,ONDOOR,SM,600,600,100.00
20,2207,ONEGLOBAL,EQ,8928,6936,77.69
20,2208,ONEPOINT,EQ,255572,133728,52.32
20,2209,ONESOURCE,EQ,880552,350793,39.84
20,2210,ONGC,EQ,24219520,8490694,35.06
20,2211,ONIDA,EQ,381203,282306,74.06
20,2212,ONIXSOLAR,EQ,384886,215147,55.90
20,2213,ONWARDTEC,EQ,11865,8382,70.64
20,2214,ONYX,ST,2000,2000,100.00
20,2215,OPTIEMUS,EQ,154177,84755,54.97
20,2216,OPTIFIN,EQ,29270,25998,88.82
20,2217,OPTIMYSTIX,SM,72000,60000,83.33
20,2218,OPTIVALUE,ST,25600,25600,100.00
20,2219,ORCHASP,EQ,137720,92839,67.41
20,2220,ORCHPHARMA,EQ,63440,38742,61.07
20,2221,ORIANA,SM,30375,20475,67.41
20,2222,ORICONENT,EQ,40036,33544,83.78
20,2223,ORIENTALTL,EQ,49244,25384,51.55
20,2224,ORIENTBELL,EQ,20071,9020,44.94
20,2225,ORIENTCEM,EQ,235233,122051,51.89
20,2226,ORIENTCER,EQ,48294,29245,60.56
20,2227,ORIENTELEC,EQ,99956,59839,59.87
20,2228,ORIENTHOT,EQ,313455,185639,59.22
20,2229,ORIENTPPR,EQ,141374,86357,61.08
20,2230,ORIENTTECH,EQ,8196610,709695,8.66
20,2231,ORIRAIL,EQ,143391,67083,46.78
20,2232,ORISSAMINE,EQ,6827,3974,58.21
20,2233,ORKLAINDIA,EQ,27657,16982,61.40
20,2234,ORTINGLOBE,EQ,27574,21155,76.72
20,2235,OSELDEVICE,SM,18800,15400,81.91
20,2236,OSWALAGRO,EQ,56804,41178,72.49
20,2237,OSWALGREEN,EQ,33849,28640,84.61
20,2238,OSWALPUMPS,EQ,260605,122758,47.11
20,2239,OSWALSEEDS,EQ,1266298,693946,54.80
20,2240,OWAIS,ST,11800,10900,92.37
20,2241,PACEDIGITK,EQ,409107,219569,53.67
20,2242,PACIFICI,EQ,420,417,99.29
20,2243,PAGEIND,EQ,9187,4410,48.00
20,2244,PAISALO,EQ,15450736,7508013,48.59
20,2245,PAKKA,EQ,141923,87234,61.47
20,2246,PALASHSECU,EQ,2199,1981,90.09
20,2247,PALREDTEC,EQ,696,696,100.00
20,2248,PANACEABIO,EQ,73968,43673,59.04
20,2249,PANAMAPET,EQ,161250,71421,44.29
20,2250,PANCHMAHQ,EQ,4,3,75.00
20,2251,PANORAMA,EQ,669479,339064,50.65
20,2252,PANSARI,EQ,1938,1642,84.73
20,2253,PARACABLES,EQ,1409051,677102,48.05
20,2254,PARADEEP,EQ,1586942,655412,41.30
20,2255,PARAGMILK,EQ,2335143,828159,35.47
20,2256,PARAGON,SM,34800,28800,82.76
20,2257,PARAMATRIX,SM,1200,1200,100.00
20,2258,PARAMOUNT,SM,6000,6000,100.00
20,2259,PARAS,EQ,588724,205511,34.91
20,2260,PARASPETRO,EQ,77390,54365,70.25
20,2261,PARIN,SM,13250,8500,64.15
20,2262,PARKHOSPS,EQ,179025,101424,56.65
20,2263,PARKHOTELS,EQ,103871,75205,72.40
20,2264,PARNAXLAB,EQ,2396,293,12.23
20,2265,PARTH,SM,13600,10000,73.53
20,2266,PARTYCRUS,SM,32000,28000,87.50
20,2267,PASHUPATI,EQ,130047,15726,12.09
20,2268,PATANJALI,EQ,1665320,697878,41.91
20,2269,PATELENG,EQ,1670031,1007269,60.31
20,2270,PATELRMART,EQ,85970,55424,64.47
20,2271,PATILAUTOM,SM,100800,72600,72.02
20,2272,PAUSHAKLTD,EQ,43948,29432,66.97
20,2273,PAVNAIND,EQ,80709,56141,69.56
20,2274,PAYTM,EQ,8356288,2940686,35.19
20,2275,PBMPOLY,EQ,65,63,96.92
20,2276,PCBL,EQ,1036133,407734,39.35
20,2277,PCCL,SM,11600,6400,55.17
20,2278,PCJEWELLER,EQ,394104892,77167091,19.58
20,2279,PDMJEPAPER,EQ,204122,90463,44.32
20,2280,PDSL,EQ,28900,19990,69.17
20,2281,PEARLPOLY,EQ,1558,1550,99.49
20,2282,PELATRO,SM,4800,4500,93.75
20,2283,PENIND,EQ,424718,183566,43.22
20,2284,PENINLAND,EQ,96624,83779,86.71
20,2285,PERFECT,SZ,3000,3000,100.00
20,2286,PERMAGN,EQ,1731,1338,77.30
20,2287,PERNIASPOP,EQ,293949,109848,37.37
20,2288,PERSISTENT,EQ,314979,94496,30.00
20,2289,PETRONET,EQ,637707,369256,57.90
20,2290,PFC,EQ,5335054,3851035,72.18
20,2291,PFIZER,EQ,102376,75250,73.50
20,2292,PFOCUS,EQ,271424,142117,52.36
20,2293,PFS,EQ,443283,308745,69.65
20,2294,PGEL,EQ,764094,325314,42.58
20,2295,PGHH,EQ,8193,5537,67.58
20,2296,PGHL,EQ,6351,3625,57.08
20,2297,PGIL,EQ,117378,49812,42.44
20,2298,PGINVIT,IV,1177517,1024626,87.02
20,2299,PHANTOMFX,SM,42300,33600,79.43
20,2300,PHARMABEES,EQ,2802401,1566653,55.90
20,2301,PHOENIXLTD,EQ,636414,382328,60.08
20,2302,PHOENXINTL,EQ,872,789,90.48
20,2303,PICCADIL,EQ,118243,58141,49.17
20,2304,PIDILITIND,EQ,278657,164376,58.99
20,2305,PIGL,EQ,72241,51821,71.73
20,2306,PIIND,EQ,987492,313840,31.78
20,2307,PILANIINVS,EQ,1252,837,66.85
20,2308,PILITA,EQ,10540,9734,92.35
20,2309,PINELABS,EQ,258437895,54284336,21.00
20,2310,PIONEEREMB,EQ,6281,4677,74.46
20,2311,PIRAMALFIN,EQ,186297,134391,72.14
20,2312,PITTIENG,EQ,109758,51927,47.31
20,2313,PIXTRANS,EQ,6920,4259,61.55
20,2314,PKTEA,EQ,23083,9368,40.58
20,2315,PLASTIBLEN,EQ,26008,14140,54.37
20,2316,PLATIND,EQ,29294,15958,54.48
20,2317,PLAZACABLE,EQ,279334,166846,59.73
20,2318,PML,EQ,300,267,89.00
20,2319,PNB,EQ,9769078,4131961,42.30
20,2320,PNBGILTS,EQ,165225,92085,55.73
20,2321,PNBHOUSING,EQ,1108584,508851,45.90
20,2322,PNC,EQ,10097,8920,88.34
20,2323,PNCINFRA,EQ,178002,99125,55.69
20,2324,PNGJL,EQ,273021,155495,56.95
20,2325,PNGSREVA,EQ,70558,37349,52.93
20,2326,POCL,EQ,381592,195487,51.23
20,2327,PODDARMENT,EQ,11477,8279,72.14
20,2328,POEL,EQ,24177,16931,70.03
20,2329,POKARNA,EQ,257200,109715,42.66
20,2330,POLICYBZR,EQ,468705,226700,48.37
20,2331,POLYCAB,EQ,372592,178441,47.89
20,2332,POLYMED,EQ,60563,29573,48.83
20,2333,POLYPLEX,EQ,65045,41313,63.51
20,2334,POLYSIL,SM,386000,253500,65.67
20,2335,POLYSPIN,EQ,1046,929,88.81
20,2336,PONNIERODE,EQ,32646,19841,60.78
20,2337,POONAWALLA,EQ,1514034,963573,63.64
20,2338,POSITRON,SM,13500,8400,62.22
20,2339,POWERGRID,EQ,10141213,5563533,54.86
20,2340,POWERICA,EQ,158438,85090,53.71
20,2341,POWERINDIA,EQ,48985,16179,33.03
20,2342,POWERMECH,EQ,33910,14882,43.89
20,2343,PPLPHARMA,EQ,3041912,1434048,47.14
20,2344,PPSL,SM,6000,6000,100.00
20,2345,PRABHA,EQ,761240,443208,58.22
20,2346,PRAENG,EQ,40730,35284,86.63
20,2347,PRAJIND,EQ,436832,170896,39.12
20,2348,PRAKASH,EQ,221715,135541,61.13
20,2349,PRAKASHSTL,EQ,76113,57070,74.98
20,2350,PRAMARA,SM,18500,16000,86.49
20,2351,PRAMODINI,SM,405600,280800,69.23
20,2352,PRANIK,SM,1600,1600,100.00
20,2353,PRATHAM,SM,4800,4400,91.67
20,2354,PRAVEG,EQ,34609,25379,73.33
20,2355,PRAXIS,EQ,277425,269960,97.31
20,2356,PRECAM,EQ,148871,83613,56.16
20,2357,PRECISION,ST,6000,6000,100.00
20,2358,PRECOT,EQ,4930,4314,87.51
20,2359,PRECWIRE,EQ,479869,160698,33.49
20,2360,PREMCO,EQ,156,150,96.15
20,2361,PREMEXPLN,EQ,85516,59752,69.87
20,2362,PREMIERENE,EQ,1451655,720012,49.60
20,2363,PREMIERPOL,EQ,204572,128765,62.94
20,2364,PRESSTONIC,SM,13600,10400,76.47
20,2365,PRESTIGE,EQ,678805,257511,37.94
20,2366,PRICOLLTD,EQ,731639,286281,39.13
20,2367,PRIMECAB,ST,62400,46400,74.36
20,2368,PRIMESECU,EQ,60564,48327,79.79
20,2369,PRIMO,EQ,1422666,807617,56.77
20,2370,PRINCEPIPE,EQ,254966,145150,56.93
20,2371,PRISMX,EQ,237417,223226,94.02
20,2372,PRIVISCL,EQ,95610,55622,58.18
20,2373,PRIZOR,ST,6000,6000,100.00
20,2374,PRLIND,SM,8000,4000,50.00
20,2375,PROFX,SM,19200,19200,100.00
20,2376,PROLIFE,SM,500,500,100.00
20,2377,PROPEQUITY,SM,6600,6000,90.91
20,2378,PROPSHOP,SM,44000,28000,63.64
20,2379,PROSTARM,EQ,104888,54587,52.04
20,2380,PROTEAN,EQ,162666,91994,56.55
20,2381,PROV,SM,640,640,100.00
20,2382,PROZONER,EQ,170102,102345,60.17
20,2383,PRSMJOHNSN,EQ,248729,115096,46.27
20,2384,PRUDENT,EQ,19724,10958,55.56
20,2385,PSB,EQ,581323,311260,53.54
20,2386,PSPPROJECT,EQ,46990,29540,62.86
20,2387,PSRAJ,ST,25000,22500,90.00
20,2388,PSUBANK,EQ,415209,317993,76.59
20,2389,PSUBANKADD,EQ,24413,12365,50.65
20,2390,PSUBNKBEES,EQ,801764,422229,52.66
20,2391,PSUBNKIETF,EQ,85191,53018,62.23
20,2392,PTC,EQ,693409,436161,62.90
20,2393,PTCIL,EQ,56222,17771,31.61
20,2394,PTL,EQ,23900,19298,80.74
20,2395,PULZ,SM,14000,10000,71.43
20,2396,PUNJABCHEM,EQ,2227,1366,61.34
20,2397,PURPLEUTED,ST,22750,22500,98.90
20,2398,PURVA,EQ,157123,72609,46.21
20,2399,PUSHPA,SM,32000,7000,21.88
20,2400,PVP,EQ,1001926,486281,48.53
20,2401,PVRINOX,EQ,794383,398888,50.21
20,2402,PVSL,EQ,18758,9744,51.95
20,2403,PVTBANIETF,EQ,1011930,669736,66.18
20,2404,PVTBANK,EQ,3765,3634,96.52
20,2405,PVTBANKADD,EQ,44410,30243,68.10
20,2406,PVTBKGROWW,EQ,7611,3831,50.34
20,2407,PWL,EQ,38204488,7728284,20.23
20,2408,PYRAMID,EQ,12254,9288,75.80
20,2409,QGOLDHALF,EQ,173540,130688,75.31
20,2410,QLINE,SM,53600,37200,69.40
20,2411,QNIFTY,EQ,1545,895,57.93
20,2412,QPOWER,EQ,336895,182381,54.14
20,2413,QUADFUTURE,EQ,10081873,905422,8.98
20,2414,QUADPRO,SM,24000,24000,100.00
20,2415,QUAL30IETF,EQ,70079,42133,60.12
20,2416,QUALIANCE,ST,2044000,2037000,99.66
20,2417,QUALITY30,EQ,10055,8197,81.52
20,2418,QUESS,EQ,269289,120851,44.88
20,2419,QUESTLAB,SM,2400,2400,100.00
20,2420,QUICKHEAL,EQ,77439,33647,43.45
20,2421,QUICKTOUCH,SM,3000,2500,83.33
20,2422,QUINT,EQ,12281,6961,56.68
20,2423,RACE,EQ,2271,2027,89.26
20,2424,RACLGEAR,EQ,1057179,98449,9.31
20,2425,RADAAN,EQ,8769,6174,70.41
20,2426,RADHIKAJWE,EQ,1388123,411309,29.63
20,2427,RADIANTCMS,EQ,449100,275283,61.30
20,2428,RADICO,EQ,82829,36687,44.29
20,2429,RADIOCITY,EQ,14046,12102,86.16
20,2430,RADIOWALLA,ST,1600,1600,100.00
20,2431,RAILTEL,EQ,392694,176321,44.90
20,2432,RAIN,EQ,4019399,1909052,47.50
20,2433,RAINBOW,EQ,67514,42833,63.44
20,2434,RAJINDLTD,SM,3000,3000,100.00
20,2435,RAJMET,EQ,168123,128775,76.60
20,2436,RAJPALAYAM,EQ,245,200,81.63
20,2437,RAJPUTANA,SM,1000,1000,100.00
20,2438,RAJRATAN,EQ,71882,35708,49.68
20,2439,RAJSREESUG,EQ,82246,48099,58.48
20,2440,RAJTV,EQ,54070,45679,84.48
20,2441,RALLIS,EQ,329306,191588,58.18
20,2442,RAMANEWS,EQ,53888,46353,86.02
20,2443,RAMAPHO,EQ,28868,20728,71.80
20,2444,RAMBHAJO,EQ,302056,119109,39.43
20,2445,RAMCOCEM,EQ,283775,172333,60.73
20,2446,RAMCOIND,EQ,127262,53554,42.08
20,2447,RAMCOSYS,EQ,32444,17682,54.50
20,2448,RAMKY,EQ,29714,18044,60.73
20,2449,RAMRAT,EQ,96048,39368,40.99
20,2450,RANASUG,EQ,292337,123453,42.23
20,2451,RANEHOLDIN,EQ,5197,3247,62.48
20,2452,RAPIDFLEET,SM,24600,15600,63.41
20,2453,RAPPID,SM,7200,4800,66.67
20,2454,RATEGAIN,EQ,203948,99125,48.60
20,2455,RATNAMANI,EQ,66555,23152,34.79
20,2456,RATNAVEER,EQ,3784034,2130134,56.29
20,2457,RAYMOND,EQ,15595747,1834224,11.76
20,2458,RAYMONDLSL,EQ,414473,103676,25.01
20,2459,RAYMONDREL,EQ,603534,226141,37.47
20,2460,RBA,EQ,1944353,723848,37.23
20,2461,RBLBANK,EQ,2986361,1622665,54.34
20,2462,RBMINFRA,SM,43400,31800,73.27
20,2463,RBS,SM,3200,2400,75.00
20,2464,RCDL,SM,9000,9000,100.00
20,2465,RCDL-RE,ST,27000,27000,100.00
20,2466,RCF,EQ,756972,324498,42.87
20,2467,READYMIX,SM,10000,9000,90.00
20,2468,RECLTD,EQ,4260326,2342712,54.99
20,2469,REDINGTON,EQ,6893006,2438501,35.38
20,2470,REDTAPE,EQ,193971,106717,55.02
20,2471,REFEX,EQ,198549,99492,50.11
20,2472,REFRACTORY,SM,14000,14000,100.00
20,2473,REGAAL,EQ,250375,177860,71.04
20,2474,REGENCERAM,EQ,4298,2270,52.82
20,2475,RELAXO,EQ,94781,45611,48.12
20,2476,RELCHEMQ,EQ,3260,3145,96.47
20,2477,RELIABLE,EQ,1730,1180,68.21
20,2478,RELIANCE,EQ,7451218,4061266,54.50
20,2479,RELIGARE,EQ,383670,243005,63.34
20,2480,RELTD,EQ,127432,66830,52.44
20,2481,REMSONSIND,EQ,123376,81916,66.40
20,2482,REMUS,SM,5300,4200,79.25
20,2483,RENUKA,EQ,17096955,4003405,23.42
20,2484,REPCOHOME,EQ,97461,64105,65.78
20,2485,REPRO,EQ,4259,1607,37.73
20,2486,RESPONIND,EQ,1807345,282010,15.60
20,2487,RETAIL,EQ,2866,1891,65.98
20,2488,REXPRO,SM,3000,2000,66.67
20,2489,RFBL,ST,549000,540000,98.36
20,2490,RGL,EQ,1279117,395530,30.92
20,2491,RHETAN,EQ,66523,66523,100.00
20,2492,RHIM,EQ,89483,42349,47.33
20,2493,RHL,EQ,2217,2094,94.45
20,2494,RICOAUTO,EQ,1423507,461524,32.42
20,2495,RIIL,EQ,33378,10941,32.78
20,2496,RIIT,IV,186261,181605,97.50
20,2497,RILINFRA,SM,107200,98800,92.16
20,2498,RIR,EQ,326980,140737,43.04
20,2499,RISHABH,EQ,210470,92791,44.09
20,2500,RITCO,EQ,37842,20770,54.89
20,2501,RITES,EQ,281079,118265,42.08
20,2502,RITEZONE,SM,1600,1600,100.00
20,2503,RKDL,EQ,9398,9282,98.77
20,2504,RKEC,EQ,37541,29080,77.46
20,2505,RKFORGE,EQ,509880,263777,51.73
20,2506,RKSWAMY,EQ,10947,6627,60.54
20,2507,RMC,EQ,26879,13752,51.16
20,2508,RML,EQ,62228,26217,42.13
20,2509,RNFI,SM,30600,22200,72.55
20,2510,RNPL,SM,13200,13200,100.00
20,2511,ROCKINGDCE,SM,250,250,100.00
20,2512,ROHLTD,EQ,6881,4895,71.14
20,2513,ROLEXRINGS,EQ,1178655,501698,42.57
20,2514,ROML,EQ,1920,1688,87.92
20,2515,ROSSARI,EQ,31866,18515,58.10
20,2516,ROSSELLIND,EQ,31723,21226,66.91
20,2517,ROSSTECH,EQ,139970,66392,47.43
20,2518,ROTO,EQ,199217,99677,50.03
20,2519,ROUTE,EQ,142382,72029,50.59
20,2520,ROXHITECH,SM,46400,30400,65.52
20,2521,RPEL,EQ,154134,65263,42.34
20,2522,RPGLIFE,EQ,15834,9296,58.71
20,2523,RPOWER,EQ,12629984,4882193,38.66
20,2524,RPPINFRA,EQ,70442,36202,51.39
20,2525,RPSGVENT,EQ,6270,3479,55.49
20,2526,RPTECH,EQ,266840,120447,45.14
20,2527,RRECL,EQ,881,442,50.17
20,2528,RRIL,EQ,28136,20559,73.07
20,2529,RRKABEL,EQ,313711,153999,49.09
20,2530,RSL,EQ,356709,205578,57.63
20,2531,RSSOFTWARE,EQ,10687,8896,83.24
20,2532,RSYSTEMS,EQ,78081,49009,62.77
20,2533,RTNINDIA,EQ,1655173,858387,51.86
20,2534,RTNPOWER,EQ,13384269,7487673,55.94
20,2535,RTSPOWR,EQ,1392,1352,97.13
20,2536,RUBFILA,EQ,46355,29439,63.51
20,2537,RUBICON,EQ,282061,166094,58.89
20,2538,RUBYMILLS,EQ,9340,4867,52.11
20,2539,RUCHINFRA,EQ,81919,73987,90.32
20,2540,RUCHIRA,EQ,44721,28002,62.61
20,2541,RUDRA,EQ,19943,18260,91.56
20,2542,RULKA,SM,1500,900,60.00
20,2543,RUPA,EQ,96685,47697,49.33
20,2544,RUSHIL,EQ,243397,161694,66.43
20,2545,RUSTOMJEE,EQ,338117,176803,52.29
20,2546,RVHL,EQ,4695,3716,79.15
20,2547,RVNL,EQ,3529355,1253393,35.51
20,2548,RVTH,EQ,83,82,98.80
20,2549,S&SPOWER,EQ,2771,1815,65.50
20,2550,SAAKSHI,ST,7800,6600,84.62
20,2551,SAATVIKGL,EQ,62387,37615,60.29
20,2552,SACHEEROME,SM,9900,6300,63.64
20,2553,SADBHAV,EQ,408789,267969,65.55
20,2554,SADHAV,SM,9600,6000,62.50
20,2555,SAFARI,EQ,81480,51149,62.77
20,2556,SAFEENTP,SM,60000,52000,86.67
20,2557,SAGARDEEP,EQ,8999,8993,99.93
20,2558,SAGCEM,EQ,107028,87177,81.45
20,2559,SAGILITY,EQ,22938890,8871760,38.68
20,2560,SAHAJSOLAR,SM,6800,6000,88.24
20,2561,SAHANA,SM,11550,9600,83.12
20,2562,SAHASRA,SM,50400,41600,82.54
20,2563,SAHLIBHFI,EQ,11918,7248,60.82
20,2564,SAHYADRI,EQ,15094,7723,51.17
20,2565,SAICAPI,EQ,313,294,93.93
20,2566,SAIFL,SM,176000,152000,86.36
20,2567,SAIL,EQ,8287606,3342680,40.33
20,2568,SAILIFE,EQ,1101553,622224,56.49
20,2569,SAIPARENT,EQ,34970,19395,55.46
20,2570,SAJHOTELS,ST,12000,12000,100.00
20,2571,SAKAR,EQ,155296,76666,49.37
20,2572,SAKHTISUG,EQ,397826,123076,30.94
20,2573,SAKSOFT,EQ,185259,99397,53.65
20,2574,SAKUMA,EQ,1212408,961624,79.32
20,2575,SALASAR,EQ,3232239,2160100,66.83
20,2576,SALONA,EQ,55,54,98.18
20,2577,SALSTEEL,EQ,361911,103939,28.72
20,2578,SALZERELEC,EQ,32511,18887,58.09
20,2579,SAMBANDAM,EQ,195,194,99.49
20,2580,SAMBHAAV,EQ,26807,14520,54.16
20,2581,SAMBHV,EQ,1799428,745125,41.41
20,2582,SAMHI,EQ,974354,370175,37.99
20,2583,SAMMAANCAP,EQ,3651326,1788906,48.99
20,2584,SAMPANN,EQ,18871,15218,80.64
20,2585,SANATHAN,EQ,137967,67922,49.23
20,2586,SANDESH,EQ,1396,1238,88.68
20,2587,SANDHAR,EQ,88543,46294,52.28
20,2588,SANDUMA,EQ,760654,418339,55.00
20,2589,SANGAMIND,EQ,17633,10909,61.87
20,2590,SANGANI,SM,3000,3000,100.00
20,2591,SANGHVIMOV,EQ,228279,124221,54.42
20,2592,SANOFI,EQ,9410,6001,63.77
20,2593,SANOFICONR,EQ,3853,2309,59.93
20,2594,SANSERA,EQ,120151,57351,47.73
20,2595,SANSTAR,EQ,160432,79549,49.58
20,2596,SAPPHIRE,EQ,517561,260808,50.39
20,2597,SAPPL,EQ,212,212,100.00
20,2598,SARDAEN,EQ,315399,160715,50.96
20,2599,SAREGAMA,EQ,494046,190185,38.50
20,2600,SARLAPOLY,EQ,104214,91897,88.18
20,2601,SARTELE,SM,223500,178000,79.64
20,2602,SARVESHWAR,EQ,4386894,3158744,72.00
20,2603,SASKEN,EQ,26398,16484,62.44
20,2604,SATECH,SM,14000,10000,71.43
20,2605,SATIA,EQ,106719,64152,60.11
20,2606,SATIN,EQ,127083,68136,53.62
20,2607,SATIPOLY,ST,1500,1500,100.00
20,2608,SATKARTAR,SM,159200,120000,75.38
20,2609,SATTVAENGG,SM,11200,9600,85.71
20,2610,SAURASHCEM,EQ,58538,43537,74.37
20,2611,SAVY,SM,2400,2400,100.00
20,2612,SAWALIYA,SM,10200,9000,88.24
20,2613,SAYAJIHOTL,EQ,161,160,99.38
20,2614,SAYAJIIND,EQ,214,178,83.18
20,2615,SBC,EQ,7514525,4044380,53.82
20,2616,SBCL,EQ,146035,80572,55.17
20,2617,SBFC,EQ,365072,183715,50.32
20,2618,SBGLP,EQ,75078,28383,37.80
20,2619,SBIBPB,EQ,66201,38049,57.47
20,2620,SBICARD,EQ,1427989,873665,61.18
20,2621,SBIETFCON,EQ,2394,1345,56.18
20,2622,SBIETFIT,EQ,6975,3604,51.67
20,2623,SBIETFPB,EQ,2821,2661,94.33
20,2624,SBIETFQLTY,EQ,554,465,83.94
20,2625,SBIFUNDS,EQ,656246,415935,63.38
20,2626,SBILIFE,EQ,256230,143868,56.15
20,2627,SBILIQETF,EQ,5335,5317,99.66
20,2628,SBIMIDMOM,EQ,44264,41733,94.28
20,2629,SBIN,EQ,7247000,3903299,53.86
20,2630,SBINEQWETF,EQ,29692,28668,96.55
20,2631,SBINMID150,EQ,13150,11994,91.21
20,2632,SBISILVER,EQ,1514323,550106,36.33
20,2633,SBISMLETF,EQ,152240,136405,89.60
20,2634,SBIVALETF,EQ,23688,14495,61.19
20,2635,SCHAEFFLER,EQ,15146,8552,56.46
20,2636,SCHAND,EQ,32793,25604,78.08
20,2637,SCHNEIDER,EQ,240550,87697,36.46
20,2638,SCI,EQ,1311692,501565,38.24
20,2639,SCILAL,EQ,177821,108064,60.77
20,2640,SCL01825,N6,10,10,100.00
20,2641,SCML,SM,5000,5000,100.00
20,2642,SCODATUBES,EQ,56611,38385,67.80
20,2643,SDBL,EQ,279486,157517,56.36
20,2644,SEAMECLTD,EQ,137867,51346,37.24
20,2645,SECMARK,EQ,1860,1533,82.42
20,2646,SECURKLOUD,EQ,70091,54123,77.22
20,2647,SEDEMAC,EQ,97861,37771,38.60
20,2648,SEIL,EQ,110929,67947,61.25
20,2649,SEJALLTD,EQ,3590,2798,77.94
20,2650,SEKURITIND,EQ,45991,34518,75.05
20,2651,SEL,SM,8000,6000,75.00
20,2652,SELECTIPO,EQ,48840,28862,59.10
20,2653,SEMAC,EQ,2226,2064,92.72
20,2654,SENCO,EQ,634881,314506,49.54
20,2655,SENORES,EQ,128537,50956,39.64
20,2656,SENSEXADD,EQ,4070,1529,37.57
20,2657,SENSEXAXIS,EQ,6446,3671,56.95
20,2658,SENSEXBETA,EQ,4149,3299,79.51
20,2659,SENSEXETF,EQ,31938,19063,59.69
20,2660,SENSEXIETF,EQ,324700,322861,99.43
20,2661,SEPC,EQ,6974521,3841187,55.07
20,2662,SERVICE,SM,2000,2000,100.00
20,2663,SERVOTECH,EQ,292448,163955,56.06
20,2664,SESHAPAPER,EQ,171781,82515,48.03
20,2665,SETF10GILT,EQ,1352,917,67.83
20,2666,SETFGOLD,EQ,4718326,1817446,38.52
20,2667,SETFNIF50,EQ,811925,525447,64.72
20,2668,SETFNIFBK,EQ,220689,192205,87.09
20,2669,SETFNN50,EQ,61726,41634,67.45
20,2670,SETL,EQ,2902637,976865,33.65
20,2671,SFL,EQ,207607,102795,49.51
20,2672,SGBAPR28I,GB,281,221,78.65
20,2673,SGBAUG27,GB,22,18,81.82
20,2674,SGBAUG28V,GB,391,256,65.47
20,2675,SGBAUG29V,GB,13,10,76.92
20,2676,SGBAUG30,GB,410,299,72.93
20,2677,SGBD29VIII,GB,97,58,59.79
20,2678,SGBDC27VII,GB,2,2,100.00
20,2679,SGBDE30III,GB,96,82,85.42
20,2680,SGBDE31III,GB,558,323,57.89
20,2681,SGBFEB27,GB,1,1,100.00
20,2682,SGBFEB28IX,GB,3,3,100.00
20,2683,SGBFEB29XI,GB,42,34,80.95
20,2684,SGBFEB32IV,GB,1106,668,60.40
20,2685,SGBJAN29IX,GB,63,48,76.19
20,2686,SGBJAN29X,GB,84,59,70.24
20,2687,SGBJAN30IX,GB,287,181,63.07
20,2688,SGBJU29III,GB,200,153,76.50
20,2689,SGBJUL27,GB,6,3,50.00
20,2690,SGBJUL28IV,GB,73,54,73.97
20,2691,SGBJUL29IV,GB,58,44,75.86
20,2692,SGBJUN28,GB,10,8,80.00
20,2693,SGBJUN29II,GB,116,97,83.62
20,2694,SGBJUN30,GB,133,66,49.62
20,2695,SGBJUN31I,GB,710,458,64.51
20,2696,SGBMAR30X,GB,16,12,75.00
20,2697,SGBMAR31IV,GB,118,79,66.95
20,2698,SGBMAY28,GB,134,112,83.58
20,2699,SGBMAY29I,GB,221,137,61.99
20,2700,SGBMR29XII,GB,448,247,55.13
20,2701,SGBN28VIII,GB,34,31,91.18
20,2702,SGBNV29VII,GB,81,60,74.07
20,2703,SGBOC28VII,GB,43,37,86.05
20,2704,SGBOCT26,GB,6,6,100.00
20,2705,SGBSEP27,GB,14,9,64.29
20,2706,SGBSEP28VI,GB,339,77,22.71
20,2707,SGBSEP29VI,GB,592,421,71.11
20,2708,SGBSEP31II,GB,524,321,61.26
20,2709,SGFIN,EQ,138458,87794,63.41
20,2710,SGIL,EQ,7800,7031,90.14
20,2711,SGL,EQ,5861,4389,74.88
20,2712,SGLRES,EQ,30614,18239,59.58
20,2713,SGMART,EQ,135399,78112,57.69
20,2714,SGRL,EQ,17914,11012,61.47
20,2715,SHADOWFAX,EQ,1809768,786204,43.44
20,2716,SHAH,EQ,644955,433217,67.17
20,2717,SHAILY,EQ,181240,94642,52.22
20,2718,SHAKTIPUMP,EQ,867381,218752,25.22
20,2719,SHALBY,EQ,104469,54347,52.02
20,2720,SHANKARA,EQ,67310,49092,72.93
20,2721,SHANKESH,EQ,51876085,8923311,17.20
20,2722,SHANTI,EQ,11525,10666,92.55
20,2723,SHANTIGEAR,EQ,125084,45363,36.27
20,2724,SHANTIGOLD,EQ,931454,403737,43.34
20,2725,SHANTIINOR,ST,24000,24000,100.00
20,2726,SHARDACROP,EQ,60035,36889,61.45
20,2727,SHARDAMOTR,EQ,79400,43635,54.96
20,2728,SHAREINDIA,EQ,14006018,1491229,10.65
20,2729,SHARIABEES,EQ,8486,4961,58.46
20,2730,SHBAJRG,EQ,3135,2204,70.30
20,2731,SHEEL,ST,16000,16000,100.00
20,2732,SHEETAL,SM,500,500,100.00
20,2733,SHERA,SM,75000,56000,74.67
20,2734,SHERVANI,EQ,3682,2474,67.19
20,2735,SHETHJI,SM,42000,27000,64.29
20,2736,SHIGAN,SM,4500,4500,100.00
20,2737,SHILCTECH,EQ,15102,8096,53.61
20,2738,SHILGRAVQ,EQ,4911,3598,73.26
20,2739,SHILPAMED,EQ,1366111,356574,26.10
20,2740,SHINDL,EQ,247645,133258,53.81
20,2741,SHIPROCKET,EQ,8294347,1378799,16.62
20,2742,SHIVAAGRO,EQ,5615,5292,94.25
20,2743,SHIVACEM,EQ,107991,80491,74.53
20,2744,SHIVALIK,EQ,105055,54297,51.68
20,2745,SHIVAMAUTO,EQ,12458,11603,93.14
20,2746,SHIVAMILLS,EQ,110,109,99.09
20,2747,SHIVASHRIT,SM,37000,33000,89.19
20,2748,SHIVATEX,EQ,8957,6070,67.77
20,2749,SHIVAUM,EQ,12364,11839,95.75
20,2750,SHK,EQ,193836,111609,57.58
20,2751,SHKSIL,SM,10000,10000,100.00
20,2752,SHOPERSTOP,EQ,30872,13100,42.43
20,2753,SHRADDHA,EQ,4538,3623,79.84
20,2754,SHRADHA,EQ,19622,13733,69.99
20,2755,SHREDIGCEM,EQ,45685,31019,67.90
20,2756,SHREECEM,EQ,15663,8478,54.13
20,2757,SHREEDHAR,ST,10000,8000,80.00
20,2758,SHREEJISPG,EQ,842448,351786,41.76
20,2759,SHREEKARNI,SM,150,150,100.00
20,2760,SHREEOSFM,SM,7000,5000,71.43
20,2761,SHREEPUSHK,EQ,91446,40856,44.68
20,2762,SHREERAMA,EQ,100936,69541,68.90
20,2763,SHREYANIND,EQ,2300,1863,81.00
20,2764,SHRIAHIMSA,ST,2400,2400,100.00
20,2765,SHRIKANHA,SM,3200,3200,100.00
20,2766,SHRIKRISH,EQ,492,476,96.75
20,2767,SHRINGARMS,EQ,116826,44940,38.47
20,2768,SHRIPISTON,EQ,27276,16248,59.57
20,2769,SHRIRAMFIN,EQ,2751288,1573415,57.19
20,2770,SHRIRAMPPS,EQ,324172,189815,58.55
20,2771,SHRJAGP,EQ,155,129,83.23
20,2772,SHUBHLAXMI,SM,1000,1000,100.00
20,2773,SHUBHSHREE,SM,4200,3600,85.71
20,2774,SHUKRAPHAR,EQ,1388462,745976,53.73
20,2775,SHYAMDHANI,ST,14000,14000,100.00
20,2776,SHYAMMETL,EQ,204800,102992,50.29
20,2777,SHYAMTEL,EQ,1879,1819,96.81
20,2778,SICAGEN,EQ,20985,16914,80.60
20,2779,SIDDHIKA,SM,4000,4000,100.00
20,2780,SIEL,EQ,168,168,100.00
20,2781,SIEMENS,EQ,140917,38048,27.00
20,2782,SIGACHI,EQ,4225012,1611816,38.15
20,2783,SIGMA,EQ,51407,34205,66.54
20,2784,SIGNATURE,EQ,186816,18060,9.67
20,2785,SIGNPOST,EQ,79264,46498,58.66
20,2786,SIKA,EQ,620674,98383,15.85
20,2787,SIL,EQ,38822,30686,79.04
20,2788,SILGO,EQ,4585,3132,68.31
20,2789,SILINV,EQ,3391,2789,82.25
20,2790,SILKFLEX,SM,44000,23000,52.27
20,2791,SILKY,SM,1600,800,50.00
20,2792,SILVER,EQ,1173409,416715,35.51
20,2793,SILVER001,EQ,269244,250490,93.03
20,2794,SILVER1,EQ,15077185,6675194,44.27
20,2795,SILVER360,EQ,17690,11699,66.13
20,2796,SILVERADD,EQ,5527667,1686794,30.52
20,2797,SILVERAG,EQ,329542,122934,37.30
20,2798,SILVERAXIS,EQ,1163073,835481,71.83
20,2799,SILVERBEES,EQ,28206330,11997734,42.54
20,2800,SILVERBETA,EQ,744340,317643,42.67
20,2801,SILVERBND,EQ,13986,8606,61.53
20,2802,SILVERCASE,EQ,9680846,3529128,36.45
20,2803,SILVERIETF,EQ,4254763,2013112,47.31
20,2804,SILVERTUC,EQ,452691,180653,39.91
20,2805,SIMCA,ST,35400,33600,94.92
20,2806,SIMPLEXINF,EQ,101685,77053,75.78
20,2807,SIMPLXREA,EQ,8,8,100.00
20,2808,SINCLAIR,EQ,15236,12573,82.52
20,2809,SINDHUTRAD,EQ,381691,162160,42.48
20,2810,SINGERIND,EQ,55479,32226,58.09
20,2811,SINTERCOM,EQ,12726,11017,86.57
20,2812,SIRCA,EQ,129648,61461,47.41
20,2813,SIS,EQ,429631,221541,51.57
20,2814,SIYSIL,EQ,34765,23874,68.67
20,2815,SJLOGISTIC,SM,31000,28000,90.32
20,2816,SJS,EQ,125844,65773,52.27
20,2817,SJVN,EQ,1004283,545467,54.31
20,2818,SKFINDIA,EQ,14349,7587,52.87
20,2819,SKFINDUS,EQ,32040,17284,53.95
20,2820,SKIPPER,EQ,2024634,794356,39.23
20,2821,SKMEGGPROD,EQ,124177,76705,61.77
20,2822,SKP,SM,25500,2500,9.80
20,2823,SKYGOLD,EQ,405303,179081,44.18
20,2824,SKYTECH,SM,27200,27200,100.00
20,2825,SKYWAYS,EQ,4086687,1096682,26.84
20,2826,SLONE,ST,800,800,100.00
20,2827,SMALL250,EQ,347775,173693,49.94
20,2828,SMALLADD,EQ,11527,10402,90.24
20,2829,SMALLCAP,EQ,1132003,641060,56.63
20,2830,SMALLGROWW,EQ,19561,18226,93.18
20,2831,SMALLIETF,EQ,37533,34896,92.97
20,2832,SMARTWORKS,EQ,33353,21484,64.41
20,2833,SMCGLOBAL,EQ,3154753,801662,25.41
20,2834,SML100CASE,EQ,2695631,1957539,72.62
20,2835,SMLMAH,EQ,98828,37985,38.44
20,2836,SMLT,EQ,2591,2114,81.59
20,2837,SMSPHARMA,EQ,9595526,1502891,15.66
20,2838,SNEHAA,SM,8000,7000,87.50
20,2839,SNOWMAN,EQ,56956,41428,72.74
20,2840,SNXT30BEES,EQ,11972,10810,90.29
20,2841,SNXT50BETA,EQ,566,434,76.68
20,2842,SOBHA,EQ,86679,34313,39.59
20,2843,SOCL,SM,6400,6400,100.00
20,2844,SOFTTECH,EQ,6343,5465,86.16
20,2845,SOLARA,EQ,873215,340491,38.99
20,2846,SOLARINDS,EQ,138329,64712,46.78
20,2847,SOLARWORLD,EQ,243056,134864,55.49
20,2848,SOLEX,EQ,26329,13903,52.80
20,2849,SOMANYCERA,EQ,92422,55160,59.68
20,2850,SOMATEX,EQ,5165,3118,60.37
20,2851,SOMICONVEY,EQ,9045,4422,48.89
20,2852,SONACOMS,EQ,745522,362361,48.61
20,2853,SONAL,EQ,108,108,100.00
20,2854,SONAMAC,SM,9000,9000,100.00
20,2855,SONATSOFTW,EQ,1252102,251931,20.12
20,2856,SONUINFRA,ST,82500,81000,98.18
20,2857,SOTL,EQ,425069,120731,28.40
20,2858,SOUTHBANK,EQ,5382178,2045681,38.01
20,2859,SOUTHWEST,EQ,186050,93747,50.39
20,2860,SPAL,EQ,48579,29798,61.34
20,2861,SPANDANA,EQ,90346,49295,54.56
20,2862,SPARC,EQ,412331,189551,45.97
20,2863,SPCENET,EQ,293426,232889,79.37
20,2864,SPCL,SM,21000,16200,77.14
20,2865,SPECTSTM,SM,1600,1600,100.00
20,2866,SPENCERS,EQ,119181,70326,59.01
20,2867,SPIC,EQ,226014,119793,53.00
20,2868,SPLIL,EQ,3597,3537,98.33
20,2869,SPLPETRO,EQ,130204,49659,38.14
20,2870,SPMLINFRA,EQ,122047,70252,57.56
20,2871,SPORTKING,EQ,156655,83938,53.58
20,2872,SPPPOLY,SM,2000,2000,100.00
20,2873,SPUNWEB,SM,15600,15600,100.00
20,2874,SRD,EQ,20231,19253,95.17
20,2875,SREEL,EQ,128470,94714,73.72
20,2876,SRF,EQ,221461,117632,53.12
20,2877,SRGHFL,EQ,11470,11470,100.00
20,2878,SRHHYPOLTD,EQ,17774,14112,79.40
20,2879,SRIVASAVI,ST,10000,8000,80.00
20,2880,SRM,EQ,46361,26163,56.43
20,2881,SRTL,EQ,11823,8876,75.07
20,2882,SSDL,EQ,536654,187850,35.00
20,2883,SSEGL,SM,52800,26800,50.76
20,2884,SSFL,ST,24000,24000,100.00
20,2885,SSWL,EQ,1096886,358695,32.70
20,2886,STANLEY,EQ,70449,41815,59.35
20,2887,STAR,EQ,134397,57980,43.14
20,2888,STARCEMENT,EQ,199445,132153,66.26
20,2889,STARHEALTH,EQ,411036,253861,61.76
20,2890,STARPAPER,EQ,24895,21096,84.74
20,2891,STARTECK,EQ,45,20,44.44
20,2892,STCINDIA,EQ,5649,5038,89.18
20,2893,STEELCAS,EQ,56059,28632,51.07
20,2894,STEELCITY,EQ,28807,17731,61.55
20,2895,STEELXIND,EQ,9830342,3460426,35.20
20,2896,STEL,EQ,3882,2539,65.40
20,2897,STLNETWORK,EQ,5510916,3250556,58.98
20,2898,STLSTRINF,EQ,12925,10664,82.51
20,2899,STOVEKRAFT,EQ,97136,51639,53.16
20,2900,STUDDS,EQ,42038,28051,66.73
20,2901,STUDIOLSD,SM,8000,8000,100.00
20,2902,STYL,EQ,111930,67371,60.19
20,2903,STYLAMIND,EQ,16174,9814,60.68
20,2904,STYLEBAAZA,EQ,392223,254280,64.83
20,2905,STYRENIX,EQ,28548,21558,75.51
20,2906,SUBAHOTELS,SM,13200,13200,100.00
20,2907,SUBEXLTD,EQ,30804679,9691495,31.46
20,2908,SUBROS,EQ,24683,13065,52.93
20,2909,SUDARCOLOR,EQ,4421,3006,67.99
20,2910,SUDARSCHEM,EQ,292987,145779,49.76
20,2911,SUDEEPPHRM,EQ,563070,239745,42.58
20,2912,SUKHJITS,EQ,10443,8664,82.96
20,2913,SULA,EQ,302148,159546,52.80
20,2914,SUMAX,ST,126000,126000,100.00
20,2915,SUMEDHA,EQ,557,507,91.02
20,2916,SUMEETINDS,EQ,561885,380613,67.74
20,2917,SUMICHEM,EQ,254494,151218,59.42
20,2918,SUMIT,EQ,20705,18708,90.35
20,2919,SUMMITSEC,EQ,1832,1477,80.62
20,2920,SUNCLAY,EQ,1992,1503,75.45
20,2921,SUNDARAM,EQ,263250,234277,88.99
20,2922,SUNDARMFIN,EQ,17422,9701,55.68
20,2923,SUNDRMFAST,EQ,117860,59523,50.50
20,2924,SUNDROP,EQ,6292,4223,67.12
20,2925,SUNFLAG,EQ,100084,57550,57.50
20,2926,SUNLITE,SM,72000,34500,47.92
20,2927,SUNLOC,EQ,909,909,100.00
20,2928,SUNPHARMA,EQ,1246298,896962,71.97
20,2929,SUNRAKSHAK,EQ,12931,12413,95.99
20,2930,SUNSHIEL,EQ,2862,2020,70.58
20,2931,SUNSHINE,EQ,3893543,1501148,38.55
20,2932,SUNTECK,EQ,113175,62082,54.85
20,2933,SUNTV,EQ,3137492,553197,17.63
20,2934,SUPERHOUSE,EQ,4943,3416,69.11
20,2935,SUPRAJIT,EQ,94189,47204,50.12
20,2936,SUPREME,EQ,38557,11631,30.17
20,2937,SUPREMEIND,EQ,113708,44856,39.45
20,2938,SUPREMEINF,EQ,49891,26443,53.00
20,2939,SUPREMEPWR,SM,80000,54500,68.13
20,2940,SUPRIYA,EQ,156995,67283,42.86
20,2941,SURAJEST,EQ,31585,19640,62.18
20,2942,SURAJLTD,EQ,1452,955,65.77
20,2943,SURAKSHA,EQ,44775,23111,51.62
20,2944,SURANASOL,EQ,20248,15012,74.14
20,2945,SURANAT&P,EQ,54145,41623,76.87
20,2946,SURYALA,EQ,731,637,87.14
20,2947,SURYALAXMI,EQ,4485,3730,83.17
20,2948,SURYAROSNI,EQ,417852,252663,60.47
20,2949,SURYODAY,EQ,325986,213615,65.53
20,2950,SUVEN,EQ,297430,164935,55.45
20,2951,SUVIDHAA,EQ,168020,133223,79.29
20,2952,SUYOG,EQ,39095,21949,56.14
20,2953,SUZLON,EQ,46759692,18538773,39.65
20,2954,SVGLOBAL,EQ,1670,919,55.03
20,2955,SVPGLOB,EQ,19782,19741,99.79
20,2956,SWANCORP,EQ,5317477,854197,16.06
20,2957,SWARAJENG,EQ,7893,4780,60.56
20,2958,SWARNSAR,EQ,56410,40010,70.93
20,2959,SWELECTES,EQ,13618,5253,38.57
20,2960,SWIGGY,EQ,15692893,7128026,45.42
20,2961,SWSOLAR,EQ,679781,303741,44.68
20,2962,SYLVANPLY,SM,2000,2000,100.00
20,2963,SYMBIOTEC,EQ,922474,249708,27.07
20,2964,SYMPHONY,EQ,49293,27172,55.12
20,2965,SYNCOMF,EQ,8304724,3077788,37.06
20,2966,SYNGENE,EQ,341579,184451,54.00
20,2967,SYRMA,EQ,558354,191096,34.22
20,2968,SYSTANGO,SM,20400,17600,86.27
20,2969,TAALTECH,EQ,41239,14084,34.15
20,2970,TAC,ST,26000,21600,83.08
20,2971,TAINWALCHM,EQ,228,144,63.16
20,2972,TAJGVK,EQ,43093,25772,59.81
20,2973,TAKE,EQ,317126,219624,69.25
20,2974,TALBROAUTO,EQ,148269,66528,44.87
20,2975,TANAA,EQ,44604,21841,48.97
20,2976,TANKUP,ST,500,500,100.00
20,2977,TANLA,EQ,266481,115715,43.42
20,2978,TARACHAND,EQ,82477,15764,19.11
20,2979,TARAPUR,EQ,20269,13325,65.74
20,2980,TARC,EQ,345569,173058,50.08
20,2981,TARIL,EQ,759965,362902,47.75
20,2982,TARMAT,EQ,27814,14264,51.28
20,2983,TARSONS,EQ,150541,66164,43.95
20,2984,TASTYBITE,EQ,2191,1018,46.46
20,2985,TATACAP,EQ,448936,264696,58.96
20,2986,TATACHEM,EQ,532768,220581,41.40
20,2987,TATACOMM,EQ,147970,74189,50.14
20,2988,TATACONSUM,EQ,796131,462783,58.13
20,2989,TATAELXSI,EQ,82045,35435,43.19
20,2990,TATAGOLD,EQ,34682977,13372840,38.56
20,2991,TATAINVEST,EQ,514783,125419,24.36
20,2992,TATAPOWER,EQ,2145873,1148126,53.50
20,2993,TATASTEEL,EQ,27750044,13969094,50.34
20,2994,TATATECH,EQ,801588,337659,42.12
20,2995,TATSILV,EQ,69932017,26149976,37.39
20,2996,TATVA,EQ,42614,24470,57.42
20,2997,TAURIAN,ST,12000,12000,100.00
20,2998,TBI,SM,173400,132000,76.12
20,2999,TBOTEK,EQ,122330,56651,46.31
20,3000,TBZ,EQ,2717437,1014200,37.32
20,3001,TCC,EQ,12982228,967215,7.45
20,3002,TCI,EQ,20195,11820,58.53
20,3003,TCIEXP,EQ,21853,16161,73.95
20,3004,TCL,SM,24000,19200,80.00
20,3005,TCPLPACK,EQ,4633,2150,46.41
20,3006,TCS,EQ,2397885,1221983,50.96
20,3007,TDPOWERSYS,EQ,3535931,1615399,45.69
20,3008,TEAMGTY,EQ,558,458,82.08
20,3009,TEAMLEASE,EQ,13918,9612,69.06
20,3010,TEAMTECH,ST,60000,60000,100.00
20,3011,TECH,EQ,23459,12558,53.53
20,3012,TECHD,SM,30600,20400,66.67
20,3013,TECHERA,SM,56000,38400,68.57
20,3014,TECHLABS,SM,31750,21125,66.54
20,3015,TECHM,EQ,1807850,787592,43.57
20,3016,TECHNOCRAF,EQ,2288396,670003,29.28
20,3017,TECHNOE,EQ,108350,62100,57.31
20,3018,TECHNVISN,EQ,141,127,90.07
20,3019,TECILCHEM,EQ,7177,6723,93.67
20,3020,TEGA,EQ,238683,123792,51.86
20,3021,TEJA,SM,34200,17400,50.88
20,3022,TEJASNET,EQ,2014515,552243,27.41
20,3023,TEMBO,EQ,1091124,338190,30.99
20,3024,TEMPSENS,EQ,2156830,570848,26.47
20,3025,TENNIND,EQ,437273,274050,62.67
20,3026,TERAI,EQ,180,180,100.00
20,3027,TERASOFT,EQ,36529,26718,73.14
20,3028,TEXINFRA,EQ,126726,61542,48.56
20,3029,TEXMOPIPES,EQ,1010690,490086,48.49
20,3030,TEXRAIL,EQ,2250805,610678,27.13
20,3031,TFCILTD,EQ,5257903,2279258,43.35
20,3032,TFL,EQ,9489,8238,86.82
20,3033,TGBHOTELS,EQ,41420,31829,76.84
20,3034,TGL,ST,400,400,100.00
20,3035,TGVSL,EQ,61240,38716,63.22
20,3036,THACKER,EQ,8,8,100.00
20,3037,THAKDEV,EQ,654,365,55.81
20,3038,THANGAMAYL,EQ,65798,31896,48.48
20,3039,THEINVEST,EQ,2674,2538,94.91
20,3040,THEJO,EQ,18607,8430,45.31
20,3041,THELEELA,EQ,319408,154915,48.50
20,3042,THEMISMED,EQ,97299,45543,46.81
20,3043,THERMAX,EQ,73073,33421,45.74
20,3044,THOMASCOOK,EQ,341877,137619,40.25
20,3045,THOMASCOTT,EQ,78762,54494,69.19
20,3046,THYROCARE,EQ,381760,258660,67.75
20,3047,TI,EQ,250689,159726,63.71
20,3048,TIGERLOGS,EQ,72658,49379,67.96
20,3049,TIIL,EQ,36973,16857,45.59
20,3050,TIINDIA,EQ,128032,57878,45.21
20,3051,TIMETECHNO,EQ,1170260,724284,61.89
20,3052,TIMEX,EQ,193502,79521,41.10
20,3053,TIMKEN,EQ,37326,18559,49.72
20,3054,TINNARUBR,EQ,31688,13560,42.79
20,3055,TIPSFILMS,EQ,421,291,69.12
20,3056,TIPSMUSIC,EQ,236310,96838,40.98
20,3057,TIRUMALCHM,EQ,348192,93540,26.86
20,3058,TITAGARH,EQ,440513,168661,38.29
20,3059,TITAN,EQ,314876,164874,52.36
20,3060,TMB,EQ,73444,43840,59.69
20,3061,TMCV,EQ,6394082,3856510,60.31
20,3062,TMPV,EQ,6910257,2937083,42.50
20,3063,TNIDETF,EQ,29568,21196,71.69
20,3064,TNPETRO,EQ,5346821,1105698,20.68
20,3065,TNPL,EQ,146543,78363,53.47
20,3066,TNTELE,EQ,17525,13897,79.30
20,3067,TOKYOPLAST,EQ,1450,1177,81.17
20,3068,TOLINS,EQ,41982,25387,60.47
20,3069,TOP100CASE,EQ,539816,422855,78.33
20,3070,TOP10ADD,EQ,182688,128961,70.59
20,3071,TOP15IETF,EQ,89249,47432,53.15
20,3072,TOP20,EQ,60982,55985,91.81
20,3073,TORNTPHARM,EQ,201479,118679,58.90
20,3074,TORNTPOWER,EQ,180846,102422,56.63
20,3075,TOYAMSL,EQ,1597779,602836,37.73
20,3076,TPLPLASTEH,EQ,112608,27811,24.70
20,3077,TRACXN,EQ,786594,568804,72.31
20,3078,TRANSCOR,EQ,5495,3620,65.88
20,3079,TRANSRAILL,EQ,464585,232747,50.10
20,3080,TRANSTEEL,SM,111000,82000,73.87
20,3081,TRAVELFOOD,EQ,22100,12844,58.12
20,3082,TREEHOUSE,EQ,10371,5634,54.32
20,3083,TREJHARA,EQ,12639,10141,80.24
20,3084,TREL,EQ,149712,111693,74.61
20,3085,TRENT,EQ,598976,324663,54.20
20,3086,TRF,EQ,11421,8239,72.14
20,3087,TRIDENT,EQ,1714365,939020,54.77
20,3088,TRIGYN,EQ,26480,14769,55.77
20,3089,TRITONV,EQ,3456,2024,58.56
20,3090,TRITURBINE,EQ,559165,336430,60.17
20,3091,TRIVENI,EQ,622574,364568,58.56
20,3092,TROM,SM,1800,1800,100.00
20,3093,TRU,EQ,24059,20493,85.18
20,3094,TRUALT,EQ,87064,52613,60.43
20,3095,TRUST,SM,9600,6600,68.75
20,3096,TSC,ST,10000,10000,100.00
20,3097,TSFINV,EQ,76538,42045,54.93
20,3098,TTKHLTCARE,EQ,30850,15171,49.18
20,3099,TTKPRESTIG,EQ,32460,17734,54.63
20,3100,TTL,EQ,370403,209870,56.66
20,3101,TTML,EQ,970071,496467,51.18
20,3102,TUNWAL,SM,44000,30000,68.18
20,3103,TURTLEMINT,EQ,554870,206987,37.30
20,3104,TUTIALKA,EQ,3612,2715,75.17
20,3105,TVSELECT,EQ,22669,11086,48.90
20,3106,TVSHLTD,EQ,1908,830,43.50
20,3107,TVSMOTOR,EQ,347429,152404,43.87
20,3108,TVSSCS,EQ,2648329,830804,31.37
20,3109,TVSSRICHAK,EQ,7519,3339,44.41
20,3110,TVTODAY,EQ,16729,14463,86.45
20,3111,TWCGOLDETF,EQ,9222,7048,76.43
20,3112,UBL,EQ,394263,367583,93.23
20,3113,UCOBANK,EQ,4796026,2193886,45.74
20,3114,UDAYJEW,EQ,16958,8347,49.22
20,3115,UDS,EQ,70320,38528,54.79
20,3116,UEL,EQ,41373,27722,67.01
20,3117,UFLEX,EQ,168118,98818,58.78
20,3118,UFO,EQ,6567,5070,77.20
20,3119,UGARSUGAR,EQ,10938261,832600,7.61
20,3120,UGROCAP,EQ,202784,120155,59.25
20,3121,UHTL,ST,396000,352000,88.89
20,3122,UJJIVANSFB,EQ,8682290,4333663,49.91
20,3123,ULTRACEMCO,EQ,147501,95831,64.97
20,3124,ULTRAMAR,EQ,18060,10402,57.60
20,3125,UMESLTD,EQ,26698,21042,78.81
20,3126,UMIYA-MRO,EQ,6628,3940,59.44
20,3127,UNICHEMLAB,EQ,53369,22064,41.34
20,3128,UNIECOM,EQ,187704,113007,60.20
20,3129,UNIENTER,EQ,1249,1127,90.23
20,3130,UNIHEALTH,SM,7000,5500,78.57
20,3131,UNIINFO,EQ,3005,2680,89.18
20,3132,UNIMECH,EQ,265623,128526,48.39
20,3133,UNIONBANK,EQ,6599176,3472085,52.61
20,3134,UNIONGOLD,EQ,2930,1442,49.22
20,3135,UNIPARTS,EQ,129672,46242,35.66
20,3136,UNITDSPR,EQ,500471,287784,57.50
20,3137,UNITECH,EQ,3002389,1849944,61.62
20,3138,UNITEDPOLY,EQ,135692,104741,77.19
20,3139,UNITEDTEA,EQ,1762,1140,64.70
20,3140,UNIVCABLES,EQ,107827,66443,61.62
20,3141,UNOMINDA,EQ,353594,179159,50.67
20,3142,UPHOT,EQ,64,62,96.88
20,3143,UPL,EQ,1259615,713111,56.61
20,3144,URBAN,SM,8800,4800,54.55
20,3145,URBANCO,EQ,3959542,1310813,33.11
20,3146,URJA,EQ,409157,266591,65.16
20,3147,USASEEDS,SM,856,856,100.00
20,3148,USHAMART,EQ,1436206,1013056,70.54
20,3149,USK,EQ,9723,6654,68.44
20,3150,UTIAMC,EQ,96224,59711,62.05
20,3151,UTKARSHBNK,EQ,12398779,5421620,43.73
20,3152,UTLSOLAR,EQ,144239,65550,45.45
20,3153,UTSSAV,SM,55800,45600,81.72
20,3154,UTTAMSUGAR,EQ,190461,54757,28.75
20,3155,UWCSL,SM,2000,2000,100.00
20,3156,V2RETAIL,EQ,779009,379306,48.69
20,3157,VADILALIND,EQ,47134,20798,44.13
20,3158,VADILENT,EQ,16,16,100.00
20,3159,VAIBHAVGBL,EQ,165918,92574,55.80
20,3160,VAISHALI,EQ,379451,246898,65.07
20,3161,VAKRANGEE,EQ,826492,558327,67.55
20,3162,VAL30IETF,EQ,219415,131192,59.79
20,3163,VALUE,EQ,40539,39950,98.55
20,3164,VALUE360,SM,9600,9600,100.00
20,3165,VALUEAXIS,EQ,65671,61393,93.49
20,3166,VAML,EQ,10438328,6671778,63.92
20,3167,VARDMNPOLY,EQ,51580,44792,86.84
20,3168,VARROC,EQ,441164,151705,34.39
20,3169,VASCONEQ,EQ,162298,113993,70.24
20,3170,VASWANI,EQ,12596,10004,79.42
20,3171,VBL,EQ,8383288,4767600,56.87
20,3172,VDEAL,SM,9000,9000,100.00
20,3173,VEDAVAAG,EQ,888060,378312,42.60
20,3174,VEDL,EQ,11313993,5825946,51.49
20,3175,VEDPOWER,EQ,5539701,2845053,51.36
20,3176,VEEDOL,EQ,6948,4947,71.20
20,3177,VEEKAYEM,SM,6000,5000,83.33
20,3178,VENKEYS,EQ,210733,103518,49.12
20,3179,VENTIVE,EQ,32045,24683,77.03
20,3180,VENUSPIPES,EQ,267917,93954,35.07
20,3181,VERANDA,EQ,299035,185230,61.94
20,3182,VERITAAS,SM,2400,1200,50.00
20,3183,VERTEXPLUS,SM,600,600,100.00
20,3184,VERTIS,IV,400000,400000,100.00
20,3185,VERTOZ,EQ,35861,26186,73.02
20,3186,VESUVIUS,EQ,28166,17854,63.39
20,3187,VGCL,EQ,538,535,99.44
20,3188,VGINFOTECH,SM,16000,13000,81.25
20,3189,VGL,EQ,1191781,453574,38.06
20,3190,VGUARD,EQ,266414,140630,52.79
20,3191,VHL,EQ,307,233,75.90
20,3192,VICTORYEV,SM,9000,6000,66.67
20,3193,VIDHIING,EQ,14462,10393,71.86
20,3194,VIDYAWIRES,EQ,529732,305881,57.74
20,3195,VIESL,SM,3200,2400,75.00
20,3196,VIGOR,SM,38400,35200,91.67
20,3197,VIJAYA,EQ,89151,40017,44.89
20,3198,VIJAYPD,SM,2000,2000,100.00
20,3199,VIJSOLX,EQ,503,320,63.62
20,3200,VIKASECO,EQ,1362960,903187,66.27
20,3201,VIKASLIFE,EQ,1488012,831143,55.86
20,3202,VIKRAMSOLR,EQ,1692645,635302,37.53
20,3203,VIKRAN,EQ,769467,438981,57.05
20,3204,VILAS,SM,19250,14250,74.03
20,3205,VILINBIO,SM,28000,20000,71.43
20,3206,VIMTALABS,EQ,67029,30928,46.14
20,3207,VINATIORGA,EQ,60657,41546,68.49
20,3208,VINCOFE,EQ,1686677,578784,34.32
20,3209,VINDHYATEL,EQ,57208,21629,37.81
20,3210,VINEETLAB,EQ,43861,28889,65.86
20,3211,VINNY,EQ,212328,182655,86.02
20,3212,VINSYS,ST,6000,6000,100.00
20,3213,VINYAS,SM,5800,4200,72.41
20,3214,VINYLINDIA,EQ,3090,2037,65.92
20,3215,VIPCLOTHNG,EQ,63322,43337,68.44
20,3216,VIPIND,EQ,194715,111312,57.17
20,3217,VIRAT,EQ,5400,4669,86.46
20,3218,VIRINCHI,EQ,26044,22272,85.52
20,3219,VISACHROME,EQ,11320,4965,43.86
20,3220,VISAKAIND,EQ,116827,57690,49.38
20,3221,VISAMAN,SM,10000,10000,100.00
20,3222,VISHAL,EQ,72672,36563,50.31
20,3223,VISHNU,EQ,76030,37888,49.83
20,3224,VISHNUINFR,SM,2000,2000,100.00
20,3225,VISHWARAJ,EQ,837394,557624,66.59
20,3226,VISL,EQ,11946515,5812585,48.66
20,3227,VITAL,EQ,2644,2632,99.55
20,3228,VIVIANA,EQ,10756,8252,76.72
20,3229,VIVIDEL,SM,30720,22080,71.88
20,3230,VIVIDHA,EQ,166375,110414,66.36
20,3231,VIVOBIOT,EQ,32578,31899,97.92
20,3232,VIYASH,EQ,1620039,831008,51.30
20,3233,VLEGOV,EQ,138996,87981,63.30
20,3234,VLINFRA,SM,1500,1500,100.00
20,3235,VLSFINANCE,EQ,8421,6338,75.26
20,3236,VMARCIND,SM,261000,157500,60.34
20,3237,VMART,EQ,56029,29754,53.10
20,3238,VMM,EQ,7011943,4026638,57.43
20,3239,VMOBILE,SM,13600,11200,82.35
20,3240,VMSTMT,EQ,10196,6969,68.35
20,3241,VOEPL,EQ,119076,69645,58.49
20,3242,VOGL,EQ,36997613,10739573,29.03
20,3243,VOITHPAPR,EQ,282,256,90.78
20,3244,VOLERCAR,SM,8800,8800,100.00
20,3245,VOLTAMP,EQ,20057,8028,40.03
20,3246,VOLTAS,EQ,742187,344559,46.42
20,3247,VPRPL,EQ,303721,200138,65.90
20,3248,VRAJ,EQ,25512,21836,85.59
20,3249,VRLLOG,EQ,77651,53100,68.38
20,3250,VSCL,SM,3000,3000,100.00
20,3251,VSSL,EQ,576140,191464,33.23
20,3252,VSTIND,EQ,146288,94753,64.77
20,3253,VSTL,EQ,8132,5234,64.36
20,3254,VSTTILLERS,EQ,5256,3589,68.28
20,3255,VTL,EQ,173055,80751,46.66
20,3256,VTMLTD,EQ,40772,34717,85.15
20,3257,WAAREEENER,EQ,999375,492519,49.28
20,3258,WAAREEINDO,EQ,181783,83092,45.71
20,3259,WAAREERTL,EQ,76374,36071,47.23
20,3260,WABAG,EQ,2126235,578669,27.22
20,3261,WAKEFIT,EQ,661245,289937,43.85
20,3262,WALCHANNAG,EQ,1181771,584027,49.42
20,3263,WALPAR,SM,2000,2000,100.00
20,3264,WANBURY,EQ,54946,30370,55.27
20,3265,WARDINMOBI,EQ,182217,124282,68.21
20,3266,WATERBASE,EQ,9134,7688,84.17
20,3267,WCIL,EQ,422547,139837,33.09
20,3268,WEALTH,EQ,767,473,61.67
20,3269,WEBELSOLAR,EQ,1641660,803969,48.97
20,3270,WEIZMANIND,EQ,2111,1860,88.11
20,3271,WEL,EQ,348377,146893,42.16
20,3272,WELCORP,EQ,1128453,426220,37.77
20,3273,WELENT,EQ,222210,114986,51.75
20,3274,WELSPLSOL,EQ,475265,234418,49.32
20,3275,WELSPUNLIV,EQ,2262416,922300,40.77
20,3276,WENDT,EQ,25512,10858,42.56
20,3277,WESTLIFE,EQ,100601,54105,53.78
20,3278,WEWIN,EQ,1543,1492,96.69
20,3279,WEWORK,EQ,67416,38663,57.35
20,3280,WHEELS,EQ,351848,94961,26.99
20,3281,WHIRLPOOL,EQ,248284,141860,57.14
20,3282,WHITEFORCE,SM,1600,1600,100.00
20,3283,WILLAMAGOR,EQ,383,331,86.42
20,3284,WINDLAS,EQ,59823,33111,55.35
20,3285,WINDMACHIN,EQ,38454,21061,54.77
20,3286,WINSOL,SM,400,400,100.00
20,3287,WIPL,EQ,140,114,81.43
20,3288,WIPRO,EQ,7158477,3277153,45.78
20,3289,WOCKPHARMA,EQ,994271,393532,39.58
20,3290,WOL3D,SM,5000,5000,100.00
20,3291,WOMANCART,ST,16800,14800,88.10
20,3292,WONDERLA,EQ,69753,35405,50.76
20,3293,WORTHPERI,EQ,7252,6860,94.59
20,3294,WPIL,EQ,47206,33928,71.87
20,3295,WSI,EQ,140843,69439,49.30
20,3296,WSTCSTPAPR,EQ,246270,100381,40.76
20,3297,WTICAB,SM,16500,12000,72.73
20,3298,XCHANGING,EQ,47564,36518,76.78
20,3299,XELPMOC,EQ,11231,7057,62.84
20,3300,XPROINDIA,EQ,46431,21791,46.93
20,3301,XTGLOBAL,EQ,23885,17376,72.75
20,3302,XTRANET,EQ,1068167,345404,32.34
20,3303,YAAP,SM,19000,14000,73.68
20,3304,YASHO,EQ,82724,34464,41.66
20,3305,YASHOPTICS,SM,9600,8800,91.67
20,3306,YATHARTH,EQ,108125,49816,46.07
20,3307,YATRA,EQ,1206036,523767,43.43
20,3308,YCCL,SM,12000,12000,100.00
20,3309,YESBANK,EQ,217071074,83884755,38.64
20,3310,YOGI,EQ,2501,1229,49.14
20,3311,YUDIZ,SM,1600,1600,100.00
20,3312,YUKEN,EQ,32041,16472,51.41
20,3313,ZAGGLE,EQ,1527890,531150,34.76
20,3314,ZEAL,SM,1200,1200,100.00
20,3315,ZEEL,EQ,18737588,5968867,31.86
20,3316,ZEEMEDIA,EQ,1571441,1085325,69.07
20,3317,ZENITHDRUG,SM,2400,2400,100.00
20,3318,ZENITHEXPO,EQ,17,15,88.24
20,3319,ZENITHSTL,EQ,80897,51668,63.87
20,3320,ZENSARTECH,EQ,845296,304828,36.06
20,3321,ZENTEC,EQ,248071,118411,47.73
20,3322,ZFCVINDIA,EQ,41972,24508,58.39
20,3323,ZFSTEERING,EQ,13423,7812,58.20
20,3324,ZIMLAB,EQ,72653,46813,64.43
20,3325,ZODIAC,EQ,10949,7392,67.51
20,3326,ZODIACLOTH,EQ,2794,2385,85.36
20,3327,ZOTA,EQ,19024,9974,52.43
20,3328,ZSARACOM,EQ,33,28,84.85
20,3329,ZTECH,SM,24300,19500,80.25
20,3330,ZUARI,EQ,59601,40155,67.37
20,3331,ZUARIIND,EQ,38752,19360,49.96
20,3332,ZYDUSLIFE,EQ,918843,445272,48.46
20,3333,ZYDUSWELL,EQ,163504,83448,51.04
