Security Wise Delivery Position - Compulsory Rolling Settlement
10,MTO,10092026,1892686493,0003398
Trade Date <10-SEP-2026>,Settlement Type <N>
Record Type,Sr No,Name of Security,Quantity Traded,Deliverable Quantity(gross across client level),% of Deliverable Quantity to Traded Quantity
20,1,1003ISFL28,N4,454,454,100.00
20,2,1015ECL29,NR,430,430,100.00
20,3,1015SCFL29,YY,1,1,100.00
20,4,1025PATE28,N0,34,31,91.18
20,5,1025VCCL28,N0,1,1,100.00
20,6,1050ISFL28,N5,20,20,100.00
20,7,1050UCL28,NH,25,25,100.00
20,8,105IIFL29,N7,2,2,100.00
20,9,1060ECL29,NS,65,65,100.00
20,10,1065NFL27,NC,60,60,100.00
20,11,1075SCL33A,N2,25,25,100.00
20,12,10IIFL28,N4,500,500,100.00
20,13,10IIFL28A,NE,100,100,100.00
20,14,10ISFL26,N3,137,137,100.00
20,15,10UCL26,ND,9,9,100.00
20,16,111ESFB31,N0,1,1,100.00
20,17,1125AFIL29,N0,59,59,100.00
20,18,1150AFIL28,N0,2,2,100.00
20,19,115AFIL28A,N0,10,10,100.00
20,20,116VCCL26A,N0,6,6,100.00
20,21,116VCCL27,N0,2,2,100.00
20,22,11VCCL27,N0,2,2,100.00
20,23,1225IFL28,N0,21,21,100.00
20,24,125VCCL31,N0,1,1,100.00
20,25,12AFIL27,N0,10,10,100.00
20,26,12AFIL28,N0,290,290,100.00
20,27,12VCCL27A,N0,2,2,100.00
20,28,12VCCL29B,N0,5,5,100.00
20,29,12VPT28A,N0,10,10,100.00
20,30,20MICRONS,EQ,115259,69009,59.87
20,31,21STCENMGM,EQ,2643,1850,70.00
20,32,360ONE,EQ,839166,519088,61.86
20,33,364D101226,TB,30500,30500,100.00
20,34,364D231026,TB,500,500,100.00
20,35,364D280527,TB,100,100,100.00
20,36,364D290727,TB,100,100,100.00
20,37,3BBLACKBIO,EQ,13603,7063,51.92
20,38,3MINDIA,EQ,1403,346,24.66
20,39,3PLAND,EQ,1053,780,74.07
20,40,574GS2026,GS,6,6,100.00
20,41,5PAISA,EQ,28304,13151,46.46
20,42,603GS2029,GS,100,100,100.00
20,43,610GS2031,GS,1,1,100.00
20,44,627TN27,SG,1000,1000,100.00
20,45,633GS2035,GS,3,3,100.00
20,46,636GS2031,GS,89,89,100.00
20,47,63MOONS,EQ,841520,262292,31.17
20,48,645GS2029,GS,112,112,100.00
20,49,648GS2035,GS,3162,3162,100.00
20,50,654GS2032,GS,36181,36091,99.75
20,51,664GS2027,GS,3510,3510,100.00
20,52,667GS2035,GS,12,12,100.00
20,53,667GS2050,GS,10,10,100.00
20,54,668GS2033,GS,1000,1000,100.00
20,55,668GS2040,GS,45656,45656,100.00
20,56,676GS2061,GS,16233,16232,99.99
20,57,679GS2034,GS,150,150,100.00
20,58,679GS2034A,GS,200,199,99.50
20,59,690GS2065,GS,2371,2371,100.00
20,60,694GS2036,GS,301,300,99.67
20,61,695GS2061,GS,214,214,100.00
20,62,695KA28,SG,300,300,100.00
20,63,697GR2034,GS,375,375,100.00
20,64,699GS2051,GS,105,56,53.33
20,65,702GS2027,GS,1100,1100,100.00
20,66,702GS2031,GS,890,890,100.00
20,67,704GS2029,GS,60,60,100.00
20,68,704IRFC28,N6,1,1,100.00
20,69,706GS2028,GS,500,500,100.00
20,70,706GS2041,GS,200,200,100.00
20,71,709GS2054,GS,11463,11340,98.93
20,72,709GS2074,GS,16585,16585,100.00
20,73,710GS2029,GS,4584,4584,100.00
20,74,716GS2050,GS,1,1,100.00
20,75,716OR32,SG,100,100,100.00
20,76,717GS2030,GS,1220,1220,100.00
20,77,718GS2033,GS,131,131,100.00
20,78,718GS2037,GS,19313,18113,93.79
20,79,722GJ35,SG,100,100,100.00
20,80,724GS2055,GS,41783,41782,100.00
20,81,725GS2063,GS,56757,56755,100.00
20,82,726GS2032,GS,21620,21620,100.00
20,83,730PFCL41,NC,50,50,100.00
20,84,733GS2026,GS,530,430,81.13
20,85,734GS2064,GS,33790,33789,100.00
20,86,736GS2052,GS,31,31,100.00
20,87,737CG31,SG,100,100,100.00
20,88,737GS2028,GS,100,100,100.00
20,89,737NTPC35C,NA,38,38,100.00
20,90,738GS2027,GS,31100,31100,100.00
20,91,739AP29,SG,900,900,100.00
20,92,73GS2053,GS,31763,31763,100.00
20,93,741GS2036,GS,6938,6069,87.47
20,94,743BR39,SG,100,100,100.00
20,95,743GJ27,SG,100,100,100.00
20,96,743GS2076,GS,857146,855030,99.75
20,97,746GS2073,GS,22904,22903,100.00
20,98,746RJ34,SG,600,600,100.00
20,99,747GJ28,SG,100,100,100.00
20,100,749UP34A,SG,100,100,100.00
20,101,74GS2062,GS,7,7,100.00
20,102,750GS2056,GS,301,301,100.00
20,103,751HUDCO28,N5,236,236,100.00
20,104,753IRFC30,NJ,5,5,100.00
20,105,754GS2036,GS,197464,186729,94.56
20,106,75GS2034,GS,845,845,100.00
20,107,764AP56,SG,600,500,83.33
20,108,764HUDCO31,N8,2,2,100.00
20,109,764IRFC31,NO,569,551,96.84
20,110,765BR44,SG,500,500,100.00
20,111,765BR51,SG,500,500,100.00
20,112,765RJ48,SG,100,100,100.00
20,113,767TS45,SG,100,100,100.00
20,114,769HUDCO31,N9,276,276,100.00
20,115,769NHAI31,NE,964,955,99.07
20,116,76NHAI31,NA,1351,1351,100.00
20,117,771GS2066,GS,80720,78670,97.46
20,118,773UP33A,SG,100,100,100.00
20,119,774IREDA31,N7,705,669,94.89
20,120,777HP49,SG,200,200,100.00
20,121,77AP29,SG,200,100,50.00
20,122,77MH34A,SG,100,100,100.00
20,123,781RJ49,SG,2000,2000,100.00
20,124,783AS46,SG,200,200,100.00
20,125,783KL49,SG,100,100,100.00
20,126,797IGT31,NL,36,24,66.67
20,127,79NHIT35,N1,417,417,100.00
20,128,79NHIT40,N2,541,516,95.38
20,129,79NHIT47,N3,460,456,99.13
20,130,812REC27,NI,1069,1069,100.00
20,131,81TCHF28,N8,1,1,100.00
20,132,820IIFL27,N9,500,500,100.00
20,133,824GS2027,GS,50004,50004,100.00
20,134,826GS2027,GS,6,6,100.00
20,135,828GS2032,GS,1001,1001,100.00
20,136,82HUDCO27,N2,900,900,100.00
20,137,82IGT31,NJ,418,319,76.32
20,138,830NHAI27,N2,1150,1150,100.00
20,139,837IIFL28,Y4,1,1,100.00
20,140,840CIFCL28,N4,400,400,100.00
20,141,842IIFL26,NL,1316,1316,100.00
20,142,843IHFL29,NC,116,116,100.00
20,143,846REC28,N6,250,250,100.00
20,144,852IIFL29,Y5,15,15,100.00
20,145,862AEL31,NM,53,50,94.34
20,146,863IRFC29,NC,160,160,100.00
20,147,865IFL28,NZ,200,200,100.00
20,148,865IIFL28,NS,335,335,100.00
20,149,865IIFL31,Y6,115,115,100.00
20,150,865IRFC29,NA,1260,1260,100.00
20,151,865LTF26,NN,10,10,100.00
20,152,865TCAPS27,N8,50,50,100.00
20,153,870IIFL28,Y7,100,100,100.00
20,154,871REC28,N9,131,131,100.00
20,155,875AEL29,NK,175,175,100.00
20,156,875IIFL26,NM,225,225,100.00
20,157,875NHAI29,N6,1119,1119,100.00
20,158,876HUDCO28,ND,246,246,100.00
20,159,879SCL26,NC,25,25,100.00
20,160,87LTF27,NH,16,13,81.25
20,161,880IREDA29,N5,359,359,100.00
20,162,885AEL28,NB,178,100,56.18
20,163,885IIFL29,Y8,20,20,100.00
20,164,885SCL26,N9,100,100,100.00
20,165,888ECL28,N1,58,58,100.00
20,166,888IRFC29,NE,100,100,100.00
20,167,888SCL25E,N4,56,27,48.21
20,168,890AEL31,NN,488,352,72.13
20,169,891NTPC33,N6,779,740,94.99
20,170,892PFCL33,N8,61,43,70.49
20,171,895AEL27,N9,200,200,100.00
20,172,897GS2030,GS,50,50,100.00
20,173,898LTF29,N7,302,302,100.00
20,174,89IHFL29,N1,318,318,100.00
20,175,902SCL28,N1,1926,1925,99.95
20,176,903SFL28,YI,21,21,100.00
20,177,905LTF27,NF,10,10,100.00
20,178,910TCAP28,NA,2,2,100.00
20,179,915SCL26,NE,51,51,100.00
20,180,91D031226,TB,200,100,50.00
20,181,91D151026,TB,1100,1100,100.00
20,182,91D170926,TB,500,500,100.00
20,183,91D191126,TB,900,900,100.00
20,184,91D271126,TB,1000,1000,100.00
20,185,91MOFSL27,N2,50,50,100.00
20,186,925ECL28,N2,100,100,100.00
20,187,925ICFL28,N0,1,1,100.00
20,188,925IHFL29,N1,100,100,100.00
20,189,925ISF28,N0,11,11,100.00
20,190,925SCL2028,N8,400,400,100.00
20,191,92GS2030,GS,24152,24152,100.00
20,192,930AEL30,NF,302,202,66.89
20,193,930APMD33,N0,13,13,100.00
20,194,930SFL28,YP,95,95,100.00
20,195,932AEL27,N3,150,150,100.00
20,196,935LTF29,N5,650,550,84.62
20,197,935TSI32,N0,10,10,100.00
20,198,935TSIIC28,N0,1,1,100.00
20,199,93MOFSL34,N6,101,101,100.00
20,200,948SCL27A,ZJ,125,125,100.00
20,201,948SCL27D,N1,2,2,100.00
20,202,94SFL28,YL,130,130,100.00
20,203,955SCL35,NO,29,29,100.00
20,204,956AEL29,N6,102,102,100.00
20,205,965AEL27,N4,1330,1230,92.48
20,206,965SCL25F,NZ,6,6,100.00
20,207,96IIFL28,N5,1053,1053,100.00
20,208,96IIFL28A,NF,1164,1029,88.40
20,209,96SFIL24A,NB,31,31,100.00
20,210,970CAGL28,ND,75,60,80.00
20,211,971SCL29T,N1,12,6,50.00
20,212,971SCL30,N1,6,6,100.00
20,213,97MOFSL34,N7,200,200,100.00
20,214,985ECL28,NK,348,348,100.00
20,215,985SFIL28,NO,102,102,100.00
20,216,995SCL2035,NM,81,81,100.00
20,217,99AEL29,N7,1,1,100.00
20,218,99SCL27,ZH,10,10,100.00
20,219,9AEL30,NE,15,15,100.00
20,220,9IHFL27,N1,216,216,100.00
20,221,9IIFL28A,NT,150,150,100.00
20,222,9IIFL31,Y9,120,120,100.00
20,223,9PCPL28A,N0,23,21,91.30
20,224,9TCAP28,N9,41,41,100.00
20,225,A2ZINFRA,EQ,263345,195123,74.09
20,226,AAATECH,EQ,10673,4379,41.03
20,227,AADHARHFC,EQ,418935,284560,67.92
20,228,AAKAAR,SM,8000,8000,100.00
20,229,AAKASH,EQ,795578,431780,54.27
20,230,AARADHYA,SM,67200,64800,96.43
20,231,AAREYDRUGS,EQ,98928,54073,54.66
20,232,AARON,EQ,14071,8555,60.80
20,233,AARTIDRUGS,EQ,254738,122413,48.05
20,234,AARTIIND,EQ,589520,230069,39.03
20,235,AARTIPHARM,EQ,285444,112949,39.57
20,236,AARVI,EQ,4118,3126,75.91
20,237,AASTHA,EQ,263315,190798,72.46
20,238,AATMAJ,SM,4000,4000,100.00
20,239,AAVAS,EQ,69794,36119,51.75
20,240,ABANSENT,EQ,12639,3579,28.32
20,241,ABB,EQ,93304,47279,50.67
20,242,ABBOTINDIA,EQ,7222,3716,51.45
20,243,ABCAPITAL,EQ,1395209,669611,47.99
20,244,ABCOTS,EQ,5619,3472,61.79
20,245,ABDL,EQ,300853,149144,49.57
20,246,ABFRL,EQ,2526835,1235021,48.88
20,247,ABGSEC,EQ,15,14,93.33
20,248,ABH,ST,714000,700800,98.15
20,249,ABHAPOWER,SM,8000,8000,100.00
20,250,ABLBL,EQ,410335,240009,58.49
20,251,ABMKNO,EQ,220,195,88.64
20,252,ABREL,EQ,47082,19132,40.64
20,253,ABSL10BANK,EQ,1768,1757,99.38
20,254,ABSLAMC,EQ,371848,170417,45.83
20,255,ABSLBANETF,EQ,224185,202900,90.51
20,256,ABSLLIQUID,EQ,3130,2029,64.82
20,257,ABSLMSCIN,EQ,154,154,100.00
20,258,ABSLNN50ET,EQ,7701,5833,75.74
20,259,ABSLPSE,EQ,29732,16748,56.33
20,260,ABSMARINE,SM,50500,28500,56.44
20,261,ACC,EQ,110068,59910,54.43
20,262,ACCELYA,EQ,5259,3579,68.05
20,263,ACCENTMIC,SM,105500,62500,59.24
20,264,ACCPL,ST,6000,6000,100.00
20,265,ACE,EQ,182048,83144,45.67
20,266,ACEINTEG,EQ,2437,1929,79.15
20,267,ACETEC,SM,7200,6000,83.33
20,268,ACGL,EQ,764,619,81.02
20,269,ACI,EQ,159627,93763,58.74
20,270,ACL,EQ,8422,6261,74.34
20,271,ACMESOLAR,EQ,743888,344523,46.31
20,272,ACTIVEINFR,SM,5400,5400,100.00
20,273,ACUTAAS,EQ,1000453,342967,34.28
20,274,ADANIENSOL,EQ,1412618,617267,43.70
20,275,ADANIENT,EQ,1716315,670265,39.05
20,276,ADANIGREEN,EQ,1163355,442052,38.00
20,277,ADANIPORTS,EQ,2777377,1788095,64.38
20,278,ADANIPOWER,EQ,18719604,9660498,51.61
20,279,ADDICTIVE,SM,6000,6000,100.00
20,280,ADDIND,EQ,3924,3688,93.99
20,281,ADFFOODS,EQ,72441,27109,37.42
20,282,ADISOFT,SM,139200,98400,70.69
20,283,ADL,EQ,610,584,95.74
20,284,ADOR,EQ,20760,12431,59.88
20,285,ADROITINFO,EQ,59921,41096,68.58
20,286,ADSL,EQ,91385,43101,47.16
20,287,ADVAIT,EQ,39928,18457,46.23
20,288,ADVANCE,EQ,447365,179189,40.05
20,289,ADVANIHOTR,EQ,24668,17967,72.84
20,290,ADVENTHTL,EQ,70220,37321,53.15
20,291,ADVENZYMES,EQ,461639,230004,49.82
20,292,ADVIKCA,EQ,299553,271247,90.55
20,293,AEGISLOG,EQ,1152343,396313,34.39
20,294,AEGISVOPAK,EQ,693995,289069,41.65
20,295,AEPL,EQ,36236,25016,69.04
20,296,AEQUS,EQ,1702460,594153,34.90
20,297,AEROENTER,EQ,1779021,694956,39.06
20,298,AEROFLEX,EQ,940236,300073,31.91
20,299,AERON,SM,8000,5000,62.50
20,300,AERONEU,EQ,99364,79731,80.24
20,301,AEROPLANE,EQ,1976088,847002,42.86
20,302,AESTHETIK,SM,2000,2000,100.00
20,303,AETHER,EQ,349496,145133,41.53
20,304,AFCONS,EQ,3868242,2818800,72.87
20,305,AFFLE,EQ,141274,55581,39.34
20,306,AFFORDABLE,EQ,29015,15714,54.16
20,307,AFIL,EQ,519018,458774,88.39
20,308,AFSL,EQ,4088,3179,77.76
20,309,AGARIND,EQ,37587,24143,64.23
20,310,AGARWALEYE,EQ,154967,117266,75.67
20,311,AGARWALFT,SM,1500,1500,100.00
20,312,AGARWALTUF,SM,12000,6000,50.00
20,313,AGI,EQ,203446,89121,43.81
20,314,AGIIL,EQ,1376698,328084,23.83
20,315,AGL,EQ,3759448,1019022,27.11
20,316,AGNI,SM,7500,7500,100.00
20,317,AGRITECH,EQ,3421,2318,67.76
20,318,AGROPHOS,EQ,84181,64120,76.17
20,319,AHCL,EQ,31629564,8483925,26.82
20,320,AHLADA,EQ,8683,6598,75.99
20,321,AHLEAST,EQ,548,371,67.70
20,322,AHLUCONT,EQ,34728,18839,54.25
20,323,AIAENG,EQ,27226,14034,51.55
20,324,AIIL,EQ,68818,29524,42.90
20,325,AILIMITED,SM,24000,24000,100.00
20,326,AIMTRON,SM,72200,37800,52.35
20,327,AIRAN,EQ,200063,151005,75.48
20,328,AIROLAM,EQ,2260,1898,83.98
20,329,AISL,SM,1800,1800,100.00
20,330,AJANTPHARM,EQ,20445,6524,31.91
20,331,AJAXENGG,EQ,58801,34308,58.35
20,332,AJMERA,EQ,614428,209998,34.18
20,333,AJOONI,EQ,279132,187975,67.34
20,334,AKANKSHA,SM,5000,5000,100.00
20,335,AKASH,EQ,2847,2839,99.72
20,336,AKCAPIT,EQ,1610,1244,77.27
20,337,AKG,EQ,59083,53302,90.22
20,338,AKIKO,SM,8800,6400,72.73
20,339,AKSHAR,EQ,917541,695195,75.77
20,340,AKUMS,EQ,289465,171702,59.32
20,341,ALANKIT,EQ,82978,61750,74.42
20,342,ALBERTDAVD,EQ,1634,1157,70.81
20,343,ALCODIS,SM,625,625,100.00
20,344,ALEMBICLTD,EQ,819704,375283,45.78
20,345,ALGOQUANT,EQ,1336644,439063,32.85
20,346,ALICON,EQ,53814,26291,48.86
20,347,ALIVUS,EQ,72284,33680,46.59
20,348,ALKALI,EQ,36492,19763,54.16
20,349,ALKEM,EQ,41390,26167,63.22
20,350,ALKYLAMINE,EQ,56790,24812,43.69
20,351,ALLCARGO,EQ,11337840,3884959,34.27
20,352,ALLDIGI,EQ,3897,2727,69.98
20,353,ALLETEC,SM,14800,12000,81.08
20,354,ALLTIME,EQ,29906,15788,52.79
20,355,ALMONDZ,EQ,292639,215132,73.51
20,356,ALOKINDS,EQ,21813064,7300773,33.47
20,357,ALPA,EQ,8797,6508,73.98
20,358,ALPEXSOLAR,SM,30700,23600,76.87
20,359,ALPHA,EQ,538298,321690,59.76
20,360,ALPHAETF,EQ,227031,151543,66.75
20,361,ALPINETEX,EQ,125778,69031,54.88
20,362,ALPL30IETF,EQ,222030,134934,60.77
20,363,ALUFLUOR,EQ,2392,1815,75.88
20,364,ALUWIND,SM,16500,12000,72.73
20,365,AMAGI,EQ,165269,66719,40.37
20,366,AMAL,EQ,6250,3555,56.88
20,367,AMARJOTHI,EQ,7568,6627,87.57
20,368,AMBAAUTO,SM,18000,16000,88.89
20,369,AMBANIORGO,SM,2000,2000,100.00
20,370,AMBER,EQ,96213,30470,31.67
20,371,AMBICAAGAR,EQ,35462,11181,31.53
20,372,AMBIKCO,EQ,7441,4531,60.89
20,373,AMBUJACEM,EQ,1427859,712221,49.88
20,374,AMCL,SM,1200,1200,100.00
20,375,AMDIND,EQ,15155,10759,70.99
20,376,AMEYA,SM,24000,21000,87.50
20,377,AMJLAND,EQ,10983,7456,67.89
20,378,AMNPLST,EQ,3607,1511,41.89
20,379,AMRUTANJAN,EQ,53900,30178,55.99
20,380,ANANDRATHI,EQ,473429,268153,56.64
20,381,ANANTAM,IV,1670,1641,98.26
20,382,ANANTRAJ,EQ,1181722,529116,44.77
20,383,ANAWIL,SM,565600,312000,55.16
20,384,ANDHRAPAP,EQ,4500334,510924,11.35
20,385,ANDHRSUGAR,EQ,221478,121831,55.01
20,386,ANDREWYU,EQ,35796,24773,69.21
20,387,ANGELONE,EQ,2559910,937589,36.63
20,388,ANIKINDS,EQ,2353,1882,79.98
20,389,ANLON,SM,2000,1600,80.00
20,390,ANMOL,EQ,1844371,755772,40.98
20,391,ANNAPURNA,EQ,39912,23262,58.28
20,392,ANOND-RE,ST,16460,16320,99.15
20,393,ANONDITA,SM,108600,81400,74.95
20,394,ANSALBU,EQ,2021,1349,66.75
20,395,ANTELOPUS,EQ,2976174,270951,9.10
20,396,ANTGRAPHIC,EQ,400862,215268,53.70
20,397,ANTHEM,EQ,844850,540912,64.02
20,398,ANUHPHR,EQ,400127,205067,51.25
20,399,ANUP,EQ,16776,8659,51.62
20,400,ANURAS,EQ,33522,21242,63.37
20,401,ANYA,SM,25000,20000,80.00
20,402,AONEGOLD,EQ,318543,168302,52.83
20,403,AONELIQUID,EQ,10942,9147,83.60
20,404,AONENIFTY,EQ,231174,178345,77.15
20,405,AONESILVER,EQ,352020,254380,72.26
20,406,AONETMMQ50,EQ,37382,26828,71.77
20,407,AONETOTAL,EQ,130733,50448,38.59
20,408,APARINDS,EQ,114403,41711,36.46
20,409,APCL,EQ,4073,3664,89.96
20,410,APCOTEXIND,EQ,81232,51938,63.94
20,411,APEX,EQ,50528,21063,41.69
20,412,APEXECO,ST,13600,12000,88.24
20,413,APLAPOLLO,EQ,292273,153281,52.44
20,414,APLLTD,EQ,119529,53569,44.82
20,415,APOLLO,EQ,7449993,2045835,27.46
20,416,APOLLOHOSP,EQ,329159,211627,64.29
20,417,APOLLOPIPE,EQ,130281,57509,44.14
20,418,APOLLOTYRE,EQ,284234,114790,40.39
20,419,APOLSINHOT,EQ,610,525,86.07
20,420,APOORVA,EQ,958,947,98.85
20,421,APRAMEYA,SM,13000,12500,96.15
20,422,APS,SM,27750,23000,82.88
20,423,APSISAERO,ST,50400,46800,92.86
20,424,APTUS,EQ,1627426,1090320,67.00
20,425,AQYLON,EQ,387396,193053,49.83
20,426,ARABIAN,SM,8000,4000,50.00
20,427,ARCHIDPLY,EQ,30279,21844,72.14
20,428,ARCHIES,EQ,27960,24325,87.00
20,429,ARCIIL,SM,2000,2000,100.00
20,430,ARCL,EQ,2888,2219,76.84
20,431,ARDEE,EQ,3003161,1322234,44.03
20,432,ARE&M,EQ,438438,214338,48.89
20,433,ARENTERP,EQ,5299,2302,43.44
20,434,ARFIN,EQ,674744,202624,30.03
20,435,ARHAM,SM,30000,17000,56.67
20,436,ARIHANT,EQ,727,464,63.82
20,437,ARIHANTCAP,EQ,77332,47049,60.84
20,438,ARIHANTSUP,EQ,8100,6429,79.37
20,439,ARIS,EQ,2028975,336903,16.60
20,440,ARKADE,EQ,154761,43983,28.42
20,441,ARMANFIN,EQ,16638,7158,43.02
20,442,ARMOUR,ST,6000,6000,100.00
20,443,AROGRANITE,EQ,11239,10760,95.74
20,444,ARSSBL,EQ,81397,49020,60.22
20,445,ARTEMISMED,EQ,724459,270647,37.36
20,446,ARTNIRMAN,EQ,568,542,95.42
20,447,ARUNAYA,SM,6000,4000,66.67
20,448,ARVEE,EQ,18321,8538,46.60
20,449,ARVIND,EQ,423712,165152,38.98
20,450,ARVINDFASN,EQ,291313,189743,65.13
20,451,ARVINDPORT,SM,54000,52500,97.22
20,452,ARVSMART,EQ,42075,24907,59.20
20,453,ARYAMAN,EQ,34,34,100.00
20,454,ASAHIINDIA,EQ,220953,96323,43.59
20,455,ASAL,EQ,5668,3502,61.79
20,456,ASALCBR,EQ,75970,33532,44.14
20,457,ASHALOG,SM,2000,2000,100.00
20,458,ASHAPURMIN,EQ,268976,142516,52.98
20,459,ASHIANA,EQ,19176,10712,55.86
20,460,ASHIMASYN,EQ,66907,44841,67.02
20,461,ASHOKA,EQ,492184,228004,46.32
20,462,ASHOKAMET,EQ,12840,10361,80.69
20,463,ASHOKLEY,EQ,16214508,8036229,49.56
20,464,ASHUTOSH,ST,345600,303600,87.85
20,465,ASHWINI,SM,10000,8000,80.00
20,466,ASIANENE,EQ,161522,70488,43.64
20,467,ASIANHOTNR,EQ,13812,7304,52.88
20,468,ASIANPAINT,EQ,549332,386119,70.29
20,469,ASIANTILES,EQ,5267540,1780364,33.80
20,470,ASIANTNE,EQ,49541,14185,28.63
20,471,ASKAUTOLTD,EQ,107736,51383,47.69
20,472,ASPINWALL,EQ,1162,727,62.56
20,473,ASPIRE,SM,4000,4000,100.00
20,474,ASSAMENT,EQ,1,1,100.00
20,475,ASTAR,EQ,52,47,90.38
20,476,ASTEC,EQ,524163,72906,13.91
20,477,ASTERDM,EQ,999914,543025,54.31
20,478,ASTRAL,EQ,914375,569921,62.33
20,479,ASTRAMICRO,EQ,258483,136033,52.63
20,480,ASTRAZEN,EQ,2286,957,41.86
20,481,ATALREAL,EQ,504050,504050,100.00
20,482,ATAM,EQ,11476,8128,70.83
20,483,ATCENERGY,ST,3600,3600,100.00
20,484,ATGL,EQ,461142,158457,34.36
20,485,ATHERENERG,EQ,8086256,1393776,17.24
20,486,ATL,EQ,127832,78049,61.06
20,487,ATLANTAA,EQ,20113,14850,73.83
20,488,ATLANTAELE,EQ,53101,27111,51.06
20,489,ATLASCYCLE,EQ,85127,44172,51.89
20,490,ATLPP,E1,294,294,100.00
20,491,ATMASTCO,SM,8000,6400,80.00
20,492,ATUL,EQ,31851,19273,60.51
20,493,ATULAUTO,EQ,96646,48753,50.44
20,494,AUBANK,EQ,1126434,619517,55.00
20,495,AUGMONT,EQ,2403694,538871,22.42
20,496,AURIONPRO,EQ,84200,44283,52.59
20,497,AUROIMPEX,SM,16000,14400,90.00
20,498,AUROPHARMA,EQ,798368,433676,54.32
20,499,AURUM,EQ,65446,44196,67.53
20,500,AURUS,EQ,18844,17070,90.59
20,501,AUSL,SM,4000,2000,50.00
20,502,AUSOMENT,EQ,6437,4354,67.64
20,503,AUSTENG,EQ,5658,4809,84.99
20,504,AUTOAXLES,EQ,4446,2957,66.51
20,505,AUTOBEES,EQ,155334,81178,52.26
20,506,AUTOIETF,EQ,358459,168425,46.99
20,507,AUTOIND,EQ,80757,48030,59.47
20,508,AVADHSUGAR,EQ,70563,28381,40.22
20,509,AVALON,EQ,280040,118921,42.47
20,510,AVANA,ST,32000,32000,100.00
20,511,AVANCE,EQ,3178287,2526591,79.50
20,512,AVANTEL,EQ,1221911,490457,40.14
20,513,AVANTIFEED,EQ,232284,93866,40.41
20,514,AVIANSH,SM,2000,2000,100.00
20,515,AVIENCE,SM,64800,43800,67.59
20,516,AVL,EQ,579067,322644,55.72
20,517,AVONMORE,EQ,441717,303313,68.67
20,518,AVPINFRA,SM,8000,7200,90.00
20,519,AVROIND,EQ,365184,256505,70.24
20,520,AVTNPL,EQ,216414,114337,52.83
20,521,AWFIS,EQ,318609,150409,47.21
20,522,AWHCL,EQ,43898,18223,41.51
20,523,AWL,EQ,782230,409633,52.37
20,524,AXISBANK,EQ,4150654,2693612,64.90
20,525,AXISCADES,EQ,144733,59486,41.10
20,526,AXITA,EQ,424366,176095,41.50
20,527,AXTEL,EQ,6892,4505,65.37
20,528,AYE,EQ,458271,137240,29.95
20,529,AYMSYNTEX,EQ,149205,111778,74.92
20,530,AZAD,EQ,171925,68781,40.01
20,531,AZADIND,EQ,43615,3991,9.15
20,532,BAGDIGITAL,SM,3200,3200,100.00
20,533,BAGFILMS,EQ,104673,72848,69.60
20,534,BAGMANE,RR,885715,698916,78.91
20,535,BAHETI,SM,15375,10875,70.73
20,536,BAIDFIN,EQ,173715,135312,77.89
20,537,BAJAJ-AUTO,EQ,121394,54096,44.56
20,538,BAJAJCON,EQ,1178666,543101,46.08
20,539,BAJAJELEC,EQ,142088,61821,43.51
20,540,BAJAJFINSV,EQ,658197,340361,51.71
20,541,BAJAJHCARE,EQ,62427,30109,48.23
20,542,BAJAJHFL,EQ,3734084,2167113,58.04
20,543,BAJAJHIND,EQ,20871933,3866271,18.52
20,544,BAJAJHLDNG,EQ,18035,8602,47.70
20,545,BAJAJINDEF,EQ,19297,14597,75.64
20,546,BAJAJST,EQ,8005,4110,51.34
20,547,BAJEL,EQ,237404,161355,67.97
20,548,BAJFINANCE,EQ,3902988,2542676,65.15
20,549,BALAJEE,EQ,41722,30141,72.24
20,550,BALAJIPHOS,SM,25000,18000,72.00
20,551,BALAJITELE,EQ,78249,36553,46.71
20,552,BALAMINES,EQ,150948,41058,27.20
20,553,BALAXI,EQ,39290,26977,68.66
20,554,BALKRISHNA,EQ,9811,6042,61.58
20,555,BALKRISIND,EQ,353459,208257,58.92
20,556,BALMLAWRIE,EQ,436931,175850,40.25
20,557,BALPHARMA,EQ,690310,268610,38.91
20,558,BALRAMCHIN,EQ,1534401,283922,18.50
20,559,BALUFORGE,EQ,613100,154243,25.16
20,560,BANARBEADS,EQ,914,777,85.01
20,561,BANARISUG,EQ,897,405,45.15
20,562,BANCOINDIA,EQ,103582,57990,55.98
20,563,BANDHANBNK,EQ,11859976,6617128,55.79
20,564,BANG,EQ,30450,19210,63.09
20,565,BANK10ADD,EQ,16364,5621,34.35
20,566,BANK10BETF,EQ,12551513,11720895,93.38
20,567,BANKA,EQ,14098,13057,92.62
20,568,BANKADD,EQ,2483,1252,50.42
20,569,BANKBARODA,EQ,8949331,4288606,47.92
20,570,BANKBEES,EQ,393692,213524,54.24
20,571,BANKBETA,EQ,263273,191436,72.71
20,572,BANKBETF,EQ,9361,3935,42.04
20,573,BANKETF,EQ,18747,8792,46.90
20,574,BANKIETF,EQ,213648,126917,59.40
20,575,BANKINDIA,EQ,5321538,2441569,45.88
20,576,BANKNIFTY1,EQ,281372,190805,67.81
20,577,BANKPSU,EQ,3636,2172,59.74
20,578,BANSALWIRE,EQ,59609,35200,59.05
20,579,BANSWRAS,EQ,30780,15046,48.88
20,580,BARFLEX,SM,18000,16000,88.89
20,581,BASF,EQ,18740,11226,59.90
20,582,BASILIC,SM,15000,10500,70.00
20,583,BATAINDIA,EQ,78777,36663,46.54
20,584,BATLIBOI,EQ,27083,20848,76.98
20,585,BAWEJA,SM,8800,6400,72.73
20,586,BAYERCROP,EQ,13598,7699,56.62
20,587,BBETF0432,EQ,236,109,46.19
20,588,BBL,EQ,11549,5462,47.29
20,589,BBNPNBETF,EQ,1242,1099,88.49
20,590,BBNPPGOLD,EQ,777,329,42.34
20,591,BBOX,EQ,215001,97664,45.42
20,592,BBTC,EQ,33032,14268,43.19
20,593,BBTCL,EQ,3137,1840,58.65
20,594,BCG,EQ,9302127,3567000,38.35
20,595,BCLIND,EQ,253699,143066,56.39
20,596,BCONCEPTS,EQ,24836,17045,68.63
20,597,BCPL,EQ,11430,5938,51.95
20,598,BDL,EQ,1240303,388138,31.29
20,599,BEACON,SM,1000,1000,100.00
20,600,BEARDSELL,EQ,14895,10551,70.84
20,601,BECTORFOOD,EQ,1400466,405666,28.97
20,602,BEDMUTHA,EQ,5440,4483,82.41
20,603,BEEKAY,EQ,2538,2372,93.46
20,604,BEL,EQ,8716895,4742141,54.40
20,605,BELLACASA,EQ,28023,18643,66.53
20,606,BELRISE,EQ,1568821,848440,54.08
20,607,BEML,EQ,403865,161036,39.87
20,608,BENARAS,EQ,341,269,78.89
20,609,BENGALASM,EQ,4096,3476,84.86
20,610,BEPL,EQ,1382749,594522,43.00
20,611,BERGEPAINT,EQ,262246,138664,52.88
20,612,BESTAGRO,EQ,353461,206397,58.39
20,613,BETA,EQ,11535,7766,67.33
20,614,BEWLTD,SM,20500,15000,73.17
20,615,BFINVEST,EQ,52557,13872,26.39
20,616,BFSI,EQ,146489,94839,64.74
20,617,BFUTILITIE,EQ,482912,94684,19.61
20,618,BHADORA,ST,88800,84000,94.59
20,619,BHAGCHEM,EQ,25913,16546,63.85
20,620,BHAGYANGR,EQ,487769,186705,38.28
20,621,BHANDARI,EQ,87555,69383,79.25
20,622,BHARATCOAL,EQ,3227357,1716125,53.17
20,623,BHARATFORG,EQ,403296,200306,49.67
20,624,BHARATRAS,EQ,39675,13529,34.10
20,625,BHARATSE,EQ,77910,35575,45.66
20,626,BHARATWIRE,EQ,111621,47434,42.50
20,627,BHARTIARTL,EQ,4588126,2997223,65.33
20,628,BHARTIHEXA,EQ,87669,60777,69.33
20,629,BHEL,EQ,3963862,1762464,44.46
20,630,BIGBLOC,EQ,38315,29666,77.43
20,631,BIKAJI,EQ,429656,395181,91.98
20,632,BIKEWO,ST,64000,60000,93.75
20,633,BIL,EQ,50377,23842,47.33
20,634,BIMETAL,EQ,563,378,67.14
20,635,BIOCON,EQ,4737510,2752846,58.11
20,636,BIOFILCHEM,EQ,681889,186535,27.36
20,637,BIOPOL,SM,91200,60000,65.79
20,638,BIRET,RR,361078,288648,79.94
20,639,BIRLACABLE,EQ,929542,337863,36.35
20,640,BIRLACORPN,EQ,27535,14632,53.14
20,641,BIRLAMONEY,EQ,24305,15894,65.39
20,642,BIRLANU,EQ,22823,7600,33.30
20,643,BLACKBUCK,EQ,279838,165797,59.25
20,644,BLAL,EQ,12629,9369,74.19
20,645,BLBLIMITED,EQ,362722,230235,63.47
20,646,BLEL,EQ,563397,220713,39.18
20,647,BLIL,EQ,117230,93651,79.89
20,648,BLKASHYAP,EQ,421323,227136,53.91
20,649,BLS,EQ,501500,237832,47.42
20,650,BLSE,EQ,372453,184026,49.41
20,651,BLUECLOUDS,EQ,1031852,554619,53.75
20,652,BLUECOAST,EQ,4015,2745,68.37
20,653,BLUEDART,EQ,5407,2423,44.81
20,654,BLUEJET,EQ,248896,126232,50.72
20,655,BLUEPEBBLE,SM,1600,1600,100.00
20,656,BLUESTARCO,EQ,997496,492850,49.41
20,657,BLUESTONE,EQ,402544,116889,29.04
20,658,BLUEWATER,ST,52000,46000,88.46
20,659,BLUSPRING,EQ,835035,433522,51.92
20,660,BMETRICS,SM,10400,9600,92.31
20,661,BMLL,SM,10000,10000,100.00
20,662,BMWVENTLTD,EQ,26343,17834,67.70
20,663,BNAGROCHEM,EQ,424,349,82.31
20,664,BNKETFAXIS,EQ,488,62,12.70
20,665,BODALCHEM,EQ,2774629,1391182,50.14
20,666,BOHRAIND,EQ,12410,9268,74.68
20,667,BOMDYEING,EQ,326804,110219,33.73
20,668,BONLON,EQ,5635,4776,84.76
20,669,BORANA,EQ,8546,6726,78.70
20,670,BOROLTD,EQ,1214319,452594,37.27
20,671,BORORENEW,EQ,292829,133024,45.43
20,672,BOROSCI,EQ,124569,34780,27.92
20,673,BOSCH-HCIL,EQ,69787,35402,50.73
20,674,BOSCHLTD,EQ,28128,16054,57.07
20,675,BOSS,SM,8000,2000,25.00
20,676,BPCL,EQ,3231631,1908966,59.07
20,677,BPL,EQ,41997,26285,62.59
20,678,BPLPHARMA,EQ,1275,850,66.67
20,679,BRAHMINFRA,EQ,5970,4792,80.27
20,680,BRANDMAN,SM,13600,11200,82.35
20,681,BRIGADE,EQ,181772,61447,33.80
20,682,BRIGHOTEL,EQ,104697,60823,58.09
20,683,BRIGHTBR,EQ,788,598,75.89
20,684,BRITANNIA,EQ,263129,133562,50.76
20,685,BRNL,EQ,29344,21651,73.78
20,686,BROOKS,EQ,24314,6695,27.54
20,687,BSE,EQ,2228183,701312,31.47
20,688,BSE500IETF,EQ,89012,53576,60.19
20,689,BSHSL,EQ,3781,2621,69.32
20,690,BSL,EQ,3578,3367,94.10
20,691,BSLGOLDETF,EQ,254424,169300,66.54
20,692,BSLNIFTY,EQ,895388,777209,86.80
20,693,BSLSENETFG,EQ,3821,3709,97.07
20,694,BSOFT,EQ,854846,388357,45.43
20,695,BTML,EQ,178696,128594,71.96
20,696,BUILDPRO,EQ,119521,67889,56.80
20,697,BULKCORP,ST,3600,3600,100.00
20,698,BUTTERFLY,EQ,5449,4243,77.87
20,699,BVCL,EQ,19531,13338,68.29
20,700,C2C,SM,84300,67650,80.25
20,701,CAMLINFINE,EQ,320150,163070,50.94
20,702,CAMPUS,EQ,588814,381968,64.87
20,703,CAMS,EQ,1371752,680753,49.63
20,704,CANARYS,SM,172000,116000,67.44
20,705,CANBK,EQ,22002938,6617361,30.07
20,706,CANFINHOME,EQ,196858,125487,63.74
20,707,CANHLIFE,EQ,463305,201040,43.39
20,708,CANTABIL,EQ,53432,33920,63.48
20,709,CAPACITE,EQ,257180,154846,60.21
20,710,CAPILLARY,EQ,151245,86961,57.50
20,711,CAPINVIT,IV,270176,239150,88.52
20,712,CAPITALSFB,EQ,22130,15362,69.42
20,713,CAPLIPOINT,EQ,245863,48536,19.74
20,714,CARBORUNIV,EQ,210273,96357,45.82
20,715,CARERATING,EQ,29312,15488,52.84
20,716,CARRARO,EQ,125406,65262,52.04
20,717,CARTRADE,EQ,155066,35819,23.10
20,718,CARYSIL,EQ,150482,68022,45.20
20,719,CASHIETF,EQ,95860,55997,58.42
20,720,CASTROLIND,EQ,4597808,2861953,62.25
20,721,CCAVENUE,EQ,8320009,3781627,45.45
20,722,CCCL,EQ,72588,51671,71.18
20,723,CCHHL,EQ,34264,30387,88.68
20,724,CCL,EQ,86618,47602,54.96
20,725,CDSL,EQ,771857,291355,37.75
20,726,CEATLTD,EQ,43713,21567,49.34
20,727,CEDAAR,ST,34000,33000,97.06
20,728,CEIGALL,EQ,1175462,588287,50.05
20,729,CEINSYS,EQ,70255,29228,41.60
20,730,CELEBRITY,EQ,4935,3929,79.61
20,731,CELLECOR,SM,84000,60000,71.43
20,732,CELLO,EQ,141109,81819,57.98
20,733,CELLPOINT,SM,3600,3600,100.00
20,734,CEMNTGROWW,EQ,41538,36527,87.94
20,735,CEMPRO,EQ,124816,77823,62.35
20,736,CENTENKA,EQ,139334,51882,37.24
20,737,CENTEXT,EQ,526048,344472,65.48
20,738,CENTRALBK,EQ,5496244,2790320,50.77
20,739,CENTRUM,EQ,617593,555237,89.90
20,740,CENTUM,EQ,21690,7951,36.66
20,741,CENTURYPLY,EQ,43744,25671,58.68
20,742,CERA,EQ,2852,1363,47.79
20,743,CESC,EQ,1501069,863278,57.51
20,744,CEWATER,EQ,285665,185893,65.07
20,745,CFEL,EQ,1072863,407540,37.99
20,746,CGCL,EQ,6527437,1177994,18.05
20,747,CGPOWER,EQ,1989359,1069928,53.78
20,748,CGRAPHICS,SM,16000,12000,75.00
20,749,CGVAK,EQ,1871,1630,87.12
20,750,CHALET,EQ,119737,53173,44.41
20,751,CHAMBLFERT,EQ,523104,265659,50.79
20,752,CHAMUNDA,SM,6000,6000,100.00
20,753,CHANDAN,SM,36800,25600,69.57
20,754,CHAVDA,SM,30000,20000,66.67
20,755,CHEMBOND,EQ,47695,24104,50.54
20,756,CHEMCRUX,EQ,4525,3803,84.04
20,757,CHEMFAB,EQ,14633,10918,74.61
20,758,CHEMICAL,EQ,247365,137477,55.58
20,759,CHEMPLASTS,EQ,347681,136161,39.16
20,760,CHENNPETRO,EQ,3754568,468052,12.47
20,761,CHETANA,SM,3200,3200,100.00
20,762,CHEVIOT,EQ,1408,1028,73.01
20,763,CHOICEGOLD,EQ,3020,1932,63.97
20,764,CHOICEIN,EQ,549144,123516,22.49
20,765,CHOLAFIN,EQ,2679971,1803796,67.31
20,766,CHOLAHLDNG,EQ,44664,20512,45.93
20,767,CIEINDIA,EQ,321229,194583,60.57
20,768,CIFL,EQ,95083,84216,88.57
20,769,CINELINE,EQ,10986,5998,54.60
20,770,CINEVISTA,EQ,1546,1206,78.01
20,771,CIPLA,EQ,826221,491363,59.47
20,772,CITIUSINVT,IV,28495,24229,85.03
20,773,CKKRETAIL,SM,800,800,100.00
20,774,CLASSICEIL,SM,38400,33600,87.50
20,775,CLAYCRAFT,SM,46800,33000,70.51
20,776,CLEAN,EQ,951510,240423,25.27
20,777,CLEANMAX,EQ,108482,55597,51.25
20,778,CLEDUCATE,EQ,18408,17347,94.24
20,779,CLSEL,EQ,57907,31100,53.71
20,780,CMLL,EQ,333760,194524,58.28
20,781,CMNL,SM,30000,16500,55.00
20,782,CMPDI,EQ,4598066,2519394,54.79
20,783,CMRGREEN,EQ,283687,104733,36.92
20,784,CMSINFO,EQ,955879,588236,61.54
20,785,CNL,EQ,44305,26252,59.25
20,786,COALINDIA,EQ,8811171,5549633,62.98
20,787,COASTCORP,EQ,93128,47254,50.74
20,788,COCHINSHIP,EQ,1052635,307389,29.20
20,789,COCKERILL,EQ,3961,2121,53.55
20,790,COFFEEDAY,EQ,600390,376329,62.68
20,791,COFORGE,EQ,2691550,1039612,38.63
20,792,COHANCE,EQ,1241899,815651,65.68
20,793,COLPAL,EQ,125826,74917,59.54
20,794,COMFINTE,EQ,185838,149799,80.61
20,795,COMMOIETF,EQ,438771,413085,94.15
20,796,COMPEAU,EQ,902,861,95.45
20,797,COMPUSOFT,EQ,11612,9891,85.18
20,798,COMSYN,EQ,468907,248691,53.04
20,799,CONCOR,EQ,932939,525628,56.34
20,800,CONCORDBIO,EQ,106007,59249,55.89
20,801,CONFIPET,EQ,3216537,1318785,41.00
20,802,CONNPLEX,SM,44000,32800,74.55
20,803,CONS,EQ,828806,820470,98.99
20,804,CONSUMAXIS,EQ,7375,1059,14.36
20,805,CONSUMBEES,EQ,69199,37145,53.68
20,806,CONSUMER,EQ,97361,45435,46.67
20,807,CONSUMIETF,EQ,3898,2584,66.29
20,808,CONTI,SM,3333,3333,100.00
20,809,CONTROLPR,EQ,20559,13848,67.36
20,810,COOLCAPS,ST,51250,47500,92.68
20,811,CORALFINAC,EQ,15844,8956,56.53
20,812,CORDELIA,EQ,3659034,2144215,58.60
20,813,CORDSCABLE,EQ,376600,111845,29.70
20,814,COROMANDEL,EQ,38962,19746,50.68
20,815,CORONA,EQ,354692,123361,34.78
20,816,COSMOFIRST,EQ,56270,35756,63.54
20,817,CPCAP,EQ,27963,6539,23.38
20,818,CPEDU,EQ,5171,4741,91.68
20,819,CPL,EQ,138561,16914,12.21
20,820,CPPLUS,EQ,215710,115978,53.77
20,821,CPS,SM,6900,4200,60.87
20,822,CPSEETF,EQ,565197,340985,60.33
20,823,CRAFTSMAN,EQ,71337,21549,30.21
20,824,CRAMC,EQ,189075,104236,55.13
20,825,CRAVATEX,EQ,1421,1341,94.37
20,826,CREATIVEYE,EQ,130775,63701,48.71
20,827,CREDENT,SM,155400,112800,72.59
20,828,CREDITACC,EQ,88216,46656,52.89
20,829,CREST,EQ,6487,3477,53.60
20,830,CRESTO,EQ,59749,53193,89.03
20,831,CRISIL,EQ,22193,11943,53.81
20,832,CRIZAC,EQ,242717,122089,50.30
20,833,CROMPTON,EQ,2559289,1314643,51.37
20,834,CROWN,EQ,12728,8083,63.51
20,835,CSBBANK,EQ,353998,155990,44.07
20,836,CSLFINANCE,EQ,59861,36803,61.48
20,837,CSM,EQ,892772,360928,40.43
20,838,CSSL,SM,3000,3000,100.00
20,839,CUB,EQ,1464969,760336,51.90
20,840,CUBEINVIT,IV,476851,462871,97.07
20,841,CUBEXTUB,EQ,75588,40564,53.66
20,842,CUDML,SM,38000,37000,97.37
20,843,CUMMINSIND,EQ,817252,564361,69.06
20,844,CUPID,EQ,9575089,3394344,35.45
20,845,CURAA,EQ,1,1,100.00
20,846,CURIS,SM,52000,34000,65.38
20,847,CURRENT,SM,91200,64000,70.18
20,848,CYIENT,EQ,187031,76844,41.09
20,849,CYIENTDLM,EQ,452175,182046,40.26
20,850,DABUR,EQ,2119982,1366586,64.46
20,851,DALBHARAT,EQ,79405,32814,41.32
20,852,DALMIASUG,EQ,150046,63172,42.10
20,853,DAMCAPITAL,EQ,189257,87280,46.12
20,854,DANGEE,EQ,17138,8745,51.03
20,855,DANISH,SM,85650,56400,65.85
20,856,DATAMATICS,EQ,84196,38104,45.26
20,857,DATAPATTNS,EQ,554842,118892,21.43
20,858,DAVANGERE,EQ,34419354,24720059,71.82
20,859,DBCORP,EQ,65563,46373,70.73
20,860,DBEIL,EQ,148523,99451,66.96
20,861,DBL,EQ,6474417,485701,7.50
20,862,DBOL,EQ,152749,91395,59.83
20,863,DBREALTY,EQ,1079190,661821,61.33
20,864,DCAL,EQ,134059,85758,63.97
20,865,DCBBANK,EQ,925685,471226,50.91
20,866,DCG,SM,150000,109200,72.80
20,867,DCI,EQ,202786,71199,35.11
20,868,DCMFINSERV,EQ,8291,7260,87.56
20,869,DCMNVL,EQ,11541,5672,49.15
20,870,DCMSHRIRAM,EQ,46045,22418,48.69
20,871,DCMSIL,EQ,139970,92468,66.06
20,872,DCMSRIND,EQ,242444,158768,65.49
20,873,DCW,EQ,1159726,489699,42.23
20,874,DCXINDIA,EQ,339818,177222,52.15
20,875,DDEVPLSTIK,EQ,282659,181479,64.20
20,876,DECCANCE,EQ,21447,11516,53.70
20,877,DECCANTRAN,SM,3600,2400,66.67
20,878,DECNGOLD,EQ,1682664,639272,37.99
20,879,DEEDEV,EQ,300005,170063,56.69
20,880,DEEM,ST,2000,2000,100.00
20,881,DEEP,EQ,209619,87253,41.62
20,882,DEEPA,EQ,4712667,1203275,25.53
20,883,DEEPAKFERT,EQ,150640,69117,45.88
20,884,DEEPAKNTR,EQ,414991,331332,79.84
20,885,DEEPINDS,EQ,243710,103824,42.60
20,886,DEFENCE,EQ,388395,200697,51.67
20,887,DELAPLEX,SM,6600,4200,63.64
20,888,DELHIVERY,EQ,1333939,709056,53.16
20,889,DELTACORP,EQ,782143,484337,61.92
20,890,DELTAMAGNT,EQ,10076,6435,63.86
20,891,DELTIC,SM,28000,20000,71.43
20,892,DEN,EQ,269174,200483,74.48
20,893,DENEERS,SM,19200,7800,40.63
20,894,DENORA,EQ,1190,808,67.90
20,895,DENTA,EQ,152520,55413,36.33
20,896,DENTALKART,SM,13750,10000,72.73
20,897,DEVIT,EQ,75383,65652,87.09
20,898,DEVX,EQ,92173,73477,79.72
20,899,DEVYANI,EQ,978937,353516,36.11
20,900,DGCONTENT,EQ,7989,6479,81.10
20,901,DHAMPURSUG,EQ,379032,149492,39.44
20,902,DHANBANK,EQ,221381,119427,53.95
20,903,DHANLAXMI,SM,4000,4000,100.00
20,904,DHANSA,SM,60000,48000,80.00
20,905,DHANUKA,EQ,12867,6413,49.84
20,906,DHARARAIL,ST,4000,4000,100.00
20,907,DHARIWAL,SM,645000,450000,69.77
20,908,DHARMAJ,EQ,24634,15346,62.30
20,909,DHATRE,EQ,101237,78056,77.10
20,910,DHOOTTRANS,EQ,1411231,278461,19.73
20,911,DHRUV,EQ,1902,1552,81.60
20,912,DHUNINV,EQ,605,452,74.71
20,913,DIAMINESQ,EQ,6347,4339,68.36
20,914,DIAMONDYD,EQ,14173,8903,62.82
20,915,DICIND,EQ,2387,1451,60.79
20,916,DIFFNKG,EQ,213290,72397,33.94
20,917,DIGIDRIVE,EQ,5299,4662,87.98
20,918,DIGIKORE,SM,30000,20800,69.33
20,919,DIGISPICE,EQ,109229,92853,85.01
20,920,DIGITIDE,EQ,360528,205959,57.13
20,921,DIGJAMLMTD,EQ,732362,487069,66.51
20,922,DISAQ,EQ,277,79,28.52
20,923,DISHTV,EQ,1705526,1544499,90.56
20,924,DIVGIITTS,EQ,229899,119291,51.89
20,925,DIVIDEND,EQ,2543,2485,97.72
20,926,DIVINEHIRA,ST,2400,2400,100.00
20,927,DIVISLAB,EQ,338181,163495,48.35
20,928,DIVOPPBEES,EQ,35088,19530,55.66
20,929,DIXON,EQ,467984,159240,34.03
20,930,DJML,EQ,104674,40905,39.08
20,931,DLF,EQ,2509591,1149075,45.79
20,932,DLINKINDIA,EQ,44139,22592,51.18
20,933,DMART,EQ,265194,146707,55.32
20,934,DMCC,EQ,40701,20477,50.31
20,935,DNAMEDIA,EQ,47020,37606,79.98
20,936,DODLA,EQ,14361,6214,43.27
20,937,DOLATALGO,EQ,80374,34566,43.01
20,938,DOLLAR,EQ,81680,51443,62.98
20,939,DOLLEX,SM,168000,132000,78.57
20,940,DOLPHIN,EQ,33629,15612,46.42
20,941,DOMS,EQ,14571,7646,52.47
20,942,DONEAR,EQ,11551,6468,56.00
20,943,DPABHUSHAN,EQ,19756,12764,64.61
20,944,DPEL,SM,112000,75500,67.41
20,945,DRAGARWQ,EQ,2708,2439,90.07
20,946,DRCSYSTEMS,EQ,30616,23649,77.24
20,947,DREAMFOLKS,EQ,30293,19406,64.06
20,948,DREDGECORP,EQ,57460,29200,50.82
20,949,DRONE,SM,17000,14000,82.35
20,950,DRREDDY,EQ,1684792,1254660,74.47
20,951,DSSL,EQ,22889,11911,52.04
20,952,DTL,SM,2400,2400,100.00
20,953,DUCOL,SM,24000,18400,76.67
20,954,DUCON,EQ,1751220,1460924,83.42
20,955,DUGLOBAL,SM,50000,32500,65.00
20,956,DURLAX,SM,126000,82000,65.08
20,957,DVL,EQ,17742,12924,72.84
20,958,DWARKESH,EQ,1547426,395725,25.57
20,959,DYCL,EQ,856388,281736,32.90
20,960,DYNAMATECH,EQ,12225,5035,41.19
20,961,DYNAMIC,ST,20500,14500,70.73
20,962,DYNPRO,EQ,19689,13979,71.00
20,963,E2ERAIL,SM,124000,31200,25.16
20,964,EASEMYTRIP,EQ,32925809,14069171,42.73
20,965,EASTWEST,EQ,16616,10305,62.02
20,966,EBANK10,EQ,842,649,77.08
20,967,EBANKNIFTY,EQ,305,290,95.08
20,968,EBBETF0430,EQ,2701,1982,73.38
20,969,EBBETF0431,EQ,1272,899,70.68
20,970,EBBETF0433,EQ,1674,997,59.56
20,971,EBGNG,EQ,1283090,302953,23.61
20,972,ECAPINSURE,EQ,159679,133802,83.79
20,973,ECLERX,EQ,72761,31403,43.16
20,974,ECOLINE,ST,2000,2000,100.00
20,975,ECORECO,EQ,14410,10722,74.41
20,976,ECOSMOBLTY,EQ,36273,22274,61.41
20,977,EDELWEISS,EQ,16928746,7481933,44.20
20,978,EEPL,ST,15000,15000,100.00
20,979,EFACTOR,SM,20000,15600,78.00
20,980,EFCIL,EQ,109913,65695,59.77
20,981,EFFWA,SM,12400,8400,67.74
20,982,EFORCE,SM,3600,2400,66.67
20,983,EGOLD,EQ,811853,803484,98.97
20,984,EICHERMOT,EQ,289058,152577,52.78
20,985,EIDPARRY,EQ,342075,167353,48.92
20,986,EIEL,EQ,5829468,948548,16.27
20,987,EIHAHOTELS,EQ,9363,5631,60.14
20,988,EIHOTEL,EQ,131511,76503,58.17
20,989,EIMCOELECO,EQ,45900,22899,49.89
20,990,EKC,EQ,89007,48683,54.70
20,991,EKI,EQ,15668,10771,68.75
20,992,ELANTAS,EQ,3335,1276,38.26
20,993,ELCIDIN,EQ,14,10,71.43
20,994,ELDEHSG,EQ,205,178,86.83
20,995,ELECON,EQ,155904,55147,35.37
20,996,ELECTCAST,EQ,1266962,677377,53.46
20,997,ELECTHERM,EQ,13574,8761,64.54
20,998,ELGIEQUIP,EQ,574129,230981,40.23
20,999,ELGIRUBCO,EQ,62106,37478,60.35
20,1000,ELGNZ,SM,19000,13000,68.42
20,1001,ELIN,EQ,217355,127364,58.60
20,1002,ELIQUID,EQ,22275,11890,53.38
20,1003,ELITECON,EQ,33059819,20798375,62.91
20,1004,ELLEN,EQ,3092748,1005229,32.50
20,1005,ELM250,EQ,114662,62551,54.55
20,1006,ELMDIV,EQ,9467,8892,93.93
20,1007,ELPROINTL,EQ,11047,9619,87.07
20,1008,EMAMILTD,EQ,3326974,2181135,65.56
20,1009,EMAMIREAL,EQ,43862,38834,88.54
20,1010,EMAPARTNER,SM,11000,8000,72.73
20,1011,EMBASSY,RR,450803,413795,91.79
20,1012,EMBDL,EQ,1393725,705063,50.59
20,1013,EMCURE,EQ,248776,121061,48.66
20,1014,EMETAL,EQ,4489,3632,80.91
20,1015,EMIL,EQ,7121916,2411776,33.86
20,1016,EMKAY,EQ,10735,6951,64.75
20,1017,EMKAYTOOLS,SM,1200,1050,87.50
20,1018,EMMIL,SM,14250,12500,87.72
20,1019,EMMVEE,EQ,5005240,1840015,36.76
20,1020,EMPIND,EQ,7162,4843,67.62
20,1021,EMPOWER,EQ,18816331,9139072,48.57
20,1022,EMSLIMITED,EQ,298288,93787,31.44
20,1023,EMUDHRA,EQ,167411,102008,60.93
20,1024,EMULTIMQ,EQ,14928,9774,65.47
20,1025,ENCOMPAS,SM,2000,2000,100.00
20,1026,ENDURANCE,EQ,119092,65291,54.82
20,1027,ENERGY,EQ,423910,348779,82.28
20,1028,ENERGYAXIS,EQ,9880,7325,74.14
20,1029,ENERGYDEV,EQ,43848,35295,80.49
20,1030,ENEXT50,EQ,1048,1021,97.42
20,1031,ENGINERSIN,EQ,1648920,564416,34.23
20,1032,ENIFTY,EQ,12198,11939,97.88
20,1033,ENIL,EQ,11082,6031,54.42
20,1034,ENKEIWHEL,EQ,4532,3996,88.17
20,1035,ENRIN,EQ,212471,99189,46.68
20,1036,ENSER,SM,40000,35000,87.50
20,1037,ENTERO,EQ,166179,106403,64.03
20,1038,ENVIRO,SM,15000,7000,46.67
20,1039,EPACK,EQ,315594,141962,44.98
20,1040,EPACKPEB,EQ,358765,151094,42.12
20,1041,EPIGRAL,EQ,35996,22356,62.11
20,1042,EPL,EQ,1241067,576441,46.45
20,1043,EPWINDIA,ST,10800,10800,100.00
20,1044,EQUAL200,EQ,10136,9710,95.80
20,1045,EQUAL50,EQ,3966,2591,65.33
20,1046,EQUAL50ADD,EQ,6652,5595,84.11
20,1047,EQUITASBNK,EQ,1259639,627791,49.84
20,1048,ERIS,EQ,39505,13913,35.22
20,1049,ESABINDIA,EQ,3495,2098,60.03
20,1050,ESCONET,ST,18000,17200,95.56
20,1051,ESCORTS,EQ,25353,13077,51.58
20,1052,ESDS,EQ,15676632,2788363,17.79
20,1053,ESENSEX,EQ,1089,1082,99.36
20,1054,ESFL,SM,8280,6120,73.91
20,1055,ESG,EQ,64497,63060,97.77
20,1056,ESILVER,EQ,24359,7450,30.58
20,1057,ESSARSHPNG,EQ,67976,53284,78.39
20,1058,ESSENTIA,EQ,1170605,1005911,85.93
20,1059,ESTER,EQ,50678,23867,47.10
20,1060,ETERNAL,EQ,15557911,9296932,59.76
20,1061,ETHOSLTD,EQ,68034,40286,59.21
20,1062,ETL,SM,900,900,100.00
20,1063,ETML,SM,9600,8400,87.50
20,1064,EUREKAFORB,EQ,147592,89318,60.52
20,1065,EUROBOND,EQ,929,849,91.39
20,1066,EUROPRATIK,EQ,261511,59226,22.65
20,1067,EVEREADY,EQ,742503,409060,55.09
20,1068,EVIETF,EQ,44236,23360,52.81
20,1069,EVINDIA,EQ,156859,105079,66.99
20,1070,EXCELINDUS,EQ,4803,2756,57.38
20,1071,EXCELSOFT,EQ,9554776,1732501,18.13
20,1072,EXICOM,EQ,1218667,405587,33.28
20,1073,EXIDEIND,EQ,3849629,1365321,35.47
20,1074,EXIMROUTES,SM,24000,24000,100.00
20,1075,EXPLEOSOL,EQ,17439,8057,46.20
20,1076,EXXARO,EQ,396906,291113,73.35
20,1077,FABTECH,EQ,213570,69200,32.40
20,1078,FACT,EQ,167703,41969,25.03
20,1079,FASCINATE,SM,212000,136800,64.53
20,1080,FAZE3Q,EQ,8746,2941,33.63
20,1081,FCL,EQ,30215858,5822688,19.27
20,1082,FCSSOFT,EQ,1067673,571850,53.56
20,1083,FDC,EQ,115269,56276,48.82
20,1084,FEDDERSHOL,EQ,4104988,956009,23.29
20,1085,FEDERALBNK,EQ,5314983,3216432,60.52
20,1086,FEDFINA,EQ,454377,226071,49.75
20,1087,FELIX,SM,65500,52500,80.15
20,1088,FERMENTA,EQ,54975,32229,58.62
20,1089,FIBERWEB,EQ,24076,18675,77.57
20,1090,FIDEL,SM,5000,4000,80.00
20,1091,FIEMIND,EQ,61931,37361,60.33
20,1092,FILATEX,EQ,654464,296244,45.27
20,1093,FILATFASH,EQ,19161585,16235598,84.73
20,1094,FINBUD,SM,22000,17000,77.27
20,1095,FINCABLES,EQ,2351771,714723,30.39
20,1096,FINEORG,EQ,12118,6440,53.14
20,1097,FINIETF,EQ,290087,210709,72.64
20,1098,FINKURVE,EQ,129793,23476,18.09
20,1099,FINOPB,EQ,463691,85654,18.47
20,1100,FINPIPE,EQ,286323,163016,56.93
20,1101,FIRSTCRY,EQ,814837,273373,33.55
20,1102,FISCHER,EQ,451549,289882,64.20
20,1103,FIVESTAR,EQ,155615,86446,55.55
20,1104,FLAIR,EQ,98152,43947,44.77
20,1105,FLEXIADD,EQ,112300,102025,90.85
20,1106,FLUOROCHEM,EQ,170274,87063,51.13
20,1107,FLYSBS,SM,102000,62200,60.98
20,1108,FMCGADD,EQ,23131,13367,57.79
20,1109,FMCGIETF,EQ,1894394,1454009,76.75
20,1110,FMGOETZE,EQ,503177,171305,34.04
20,1111,FMNL,EQ,34831,15760,45.25
20,1112,FONEBOX,SM,4000,4000,100.00
20,1113,FOODSIN,EQ,116129,64532,55.57
20,1114,FORCAS,ST,25600,25600,100.00
20,1115,FORCEMOT,EQ,222791,69749,31.31
20,1116,FORGEAUTO,SM,8400,8400,100.00
20,1117,FORTIS,EQ,963139,526130,54.63
20,1118,FOSECOIND,EQ,10101,2842,28.14
20,1119,FRACTAL,EQ,244109,118424,48.51
20,1120,FREDUN,EQ,44072,17380,39.44
20,1121,FRESHARA,ST,28800,24600,85.42
20,1122,FROG,ST,48000,42800,89.17
20,1123,FRONTSP,EQ,7869,4143,52.65
20,1124,FSL,EQ,332027,143126,43.11
20,1125,FUSION,EQ,702387,478610,68.14
20,1126,GABRIEL,EQ,97710,36761,37.62
20,1127,GAEL,EQ,646957,294232,45.48
20,1128,GAIL,EQ,4397343,2446284,55.63
20,1129,GAJA,EQ,1928025,547222,28.38
20,1130,GAJANAND,SM,3000,3000,100.00
20,1131,GALAPREC,EQ,21452,11741,54.73
20,1132,GALAXYSURF,EQ,40182,15916,39.61
20,1133,GALLANTT,EQ,52214,24209,46.36
20,1134,GANDHAR,EQ,1490894,595572,39.95
20,1135,GANDHITUBE,EQ,2826,1851,65.50
20,1136,GANECOS,EQ,110267,42655,38.68
20,1137,GANESHCP,EQ,317609,234164,73.73
20,1138,GANESHHOU,EQ,23060,13671,59.28
20,1139,GANESHIN,ST,36800,33600,91.30
20,1140,GANGABATH,SM,6000,6000,100.00
20,1141,GANGAFORGE,EQ,3183731,1694823,53.23
20,1142,GANGESSECU,EQ,1949,1659,85.12
20,1143,GARFIBRES,EQ,216497,172678,79.76
20,1144,GARUDA,EQ,680295,237792,34.95
20,1145,GATEWAY,EQ,347943,203395,58.46
20,1146,GAYAHWS,EQ,125320,99761,79.61
20,1147,GAYAPROJ,EQ,2185895,1595319,72.98
20,1148,GCHOTELS,ST,24600,15600,63.41
20,1149,GCSL,EQ,241437,50445,20.89
20,1150,GEEKAYWIRE,EQ,49534,32821,66.26
20,1151,GEMAROMA,EQ,111999,53437,47.71
20,1152,GENCON,EQ,381933,120316,31.50
20,1153,GENESYS,EQ,9166324,1062077,11.59
20,1154,GENUSPAPER,EQ,393870,176738,44.87
20,1155,GENUSPOWER,EQ,788425,406099,51.51
20,1156,GENXAI,SM,20400,19200,94.12
20,1157,GEOJITFSL,EQ,255965,123915,48.41
20,1158,GESHIP,EQ,1104013,599404,54.29
20,1159,GFLLIMITED,EQ,107699,57885,53.75
20,1160,GFSTEELS,EQ,2461,2461,100.00
20,1161,GGBL,SM,33300,24600,73.87
20,1162,GHCL,EQ,92301,62578,67.80
20,1163,GHCLTEXTIL,EQ,233354,143624,61.55
20,1164,GICHSGFIN,EQ,77138,54038,70.05
20,1165,GICL,EQ,218956,125379,57.26
20,1166,GICRE,EQ,350856,196295,55.95
20,1167,GILLANDERS,EQ,2570,2234,86.93
20,1168,GILLETTE,EQ,5223,2878,55.10
20,1169,GILT10BETA,EQ,917,869,94.77
20,1170,GILT5BETA,EQ,1611,1547,96.03
20,1171,GILT5YBEES,EQ,105046,73078,69.57
20,1172,GIPCL,EQ,352513,203775,57.81
20,1173,GIRIRAJ,SM,21000,10500,50.00
20,1174,GJL,ST,800,800,100.00
20,1175,GKB,EQ,5467,5034,92.08
20,1176,GKENERGY,EQ,515968,217589,42.17
20,1177,GKSL,EQ,142017,72639,51.15
20,1178,GKWLIMITED,EQ,114,112,98.25
20,1179,GLAND,EQ,368835,178191,48.31
20,1180,GLAXO,EQ,38562,13575,35.20
20,1181,GLENMARK,EQ,262107,151319,57.73
20,1182,GLFL,EQ,13469,11762,87.33
20,1183,GLOBAL,EQ,81499,40595,49.81
20,1184,GLOBALE,EQ,2969,2968,99.97
20,1185,GLOBALPET,SM,30000,22500,75.00
20,1186,GLOBALVECT,EQ,5519,4540,82.26
20,1187,GLOBE,EQ,328839,244968,74.49
20,1188,GLOBECIVIL,EQ,23740,14046,59.17
20,1189,GLOBUSSPR,EQ,88143,50838,57.68
20,1190,GLOSTERLTD,EQ,653,392,60.03
20,1191,GLOTTIS,EQ,43296,33698,77.83
20,1192,GMBREW,EQ,19971,10377,51.96
20,1193,GMDCLTD,EQ,4880225,790810,16.20
20,1194,GML,SM,8000,6000,75.00
20,1195,GMMPFAUDLR,EQ,385507,203609,52.82
20,1196,GMRAIRPORT,EQ,9680394,6142516,63.45
20,1197,GMRP&UI,EQ,1607477,841451,52.35
20,1198,GNA,EQ,297519,163260,54.87
20,1199,GNFC,EQ,432189,228361,52.84
20,1200,GNRL,EQ,76155,32669,42.90
20,1201,GOACARBON,EQ,627318,180152,28.72
20,1202,GOCLCORP,EQ,82309,45066,54.75
20,1203,GOCOLORS,EQ,53673,32175,59.95
20,1204,GODAVARIB,EQ,78228,41747,53.37
20,1205,GODFRYPHLP,EQ,190824,68896,36.10
20,1206,GODIGIT,EQ,93062,58179,62.52
20,1207,GODREJAGRO,EQ,424433,212502,50.07
20,1208,GODREJCP,EQ,697924,380464,54.51
20,1209,GODREJIND,EQ,90792,62027,68.32
20,1210,GODREJPROP,EQ,686220,372198,54.24
20,1211,GOKEX,EQ,208650,112921,54.12
20,1212,GOKUL,EQ,242171,87770,36.24
20,1213,GOKULAGRO,EQ,248041,149789,60.39
20,1214,GOLD1,EQ,3017812,1544967,51.19
20,1215,GOLD360,EQ,7224,4115,56.96
20,1216,GOLDADD,EQ,3792185,2188432,57.71
20,1217,GOLDAXIS,EQ,475888,319694,67.18
20,1218,GOLDBEES,EQ,15916449,6555185,41.18
20,1219,GOLDBETA,EQ,685844,488469,71.22
20,1220,GOLDBND,EQ,22899,20349,88.86
20,1221,GOLDCASE,EQ,8411361,3811356,45.31
20,1222,GOLDETF,EQ,1309123,654598,50.00
20,1223,GOLDIAM,EQ,299837,141180,47.09
20,1224,GOLDIETF,EQ,4267231,2634431,61.74
20,1225,GOLDSTAR,SM,45000,45000,100.00
20,1226,GOODLUCK,EQ,811696,360734,44.44
20,1227,GOODYEAR,EQ,3645,2546,69.85
20,1228,GOPAL,EQ,86921,43672,50.24
20,1229,GOYALALUM,EQ,85898,51971,60.50
20,1230,GOYALSALT,SM,1200,1200,100.00
20,1231,GPECO,SM,24200,20400,84.30
20,1232,GPIL,EQ,1594175,730807,45.84
20,1233,GPPL,EQ,1620378,912663,56.32
20,1234,GPTHEALTH,EQ,145904,80403,55.11
20,1235,GPTINFRA,EQ,239257,94178,39.36
20,1236,GRADIENTE,EQ,1077579,227157,21.08
20,1237,GRANDOAK,EQ,3734,2244,60.10
20,1238,GRANULES,EQ,1597031,692743,43.38
20,1239,GRAPHISAD,SM,14400,13200,91.67
20,1240,GRAPHITE,EQ,11528239,1825320,15.83
20,1241,GRASIM,EQ,1056285,732117,69.31
20,1242,GRAUWEIL,EQ,1086631,450312,41.44
20,1243,GRAVISSHO,EQ,491934,399852,81.28
20,1244,GRAVITA,EQ,117013,53687,45.88
20,1245,GRCL,SM,1000,1000,100.00
20,1246,GREAVESCOT,EQ,1100510,392486,35.66
20,1247,GREENCHEF,SM,140800,130400,92.61
20,1248,GREENLAM,EQ,15103,9233,61.13
20,1249,GREENLEAF,ST,10000,9000,90.00
20,1250,GREENPANEL,EQ,645667,371150,57.48
20,1251,GREENPLY,EQ,114718,50465,43.99
20,1252,GREENPOWER,EQ,3898629,1377071,35.32
20,1253,GRETEX,SM,750,750,100.00
20,1254,GRINDWELL,EQ,25898,12159,46.95
20,1255,GRINFRA,EQ,44767,11675,26.08
20,1256,GRMOVER,EQ,1190958,232309,19.51
20,1257,GROBTEA,EQ,127,78,61.42
20,1258,GROWW,EQ,16339114,9076165,55.55
20,1259,GROWWCAPM,EQ,354935,287193,80.91
20,1260,GROWWCHEM,EQ,51883,42124,81.19
20,1261,GROWWDEFNC,EQ,385355,182678,47.41
20,1262,GROWWEV,EQ,202888,122380,60.32
20,1263,GROWWGOLD,EQ,2119446,1299100,61.29
20,1264,GROWWHOSPI,EQ,207236,159846,77.13
20,1265,GROWWLIQID,EQ,585938,332199,56.70
20,1266,GROWWLOVOL,EQ,6224,5720,91.90
20,1267,GROWWMC150,EQ,517,352,68.09
20,1268,GROWWMETAL,EQ,276340,180216,65.22
20,1269,GROWWMOM50,EQ,162153,122657,75.64
20,1270,GROWWN200,EQ,38526,32304,83.85
20,1271,GROWWNET,EQ,355262,302327,85.10
20,1272,GROWWNIFTY,EQ,681596,510418,74.89
20,1273,GROWWNXT50,EQ,10598,7585,71.57
20,1274,GROWWPOWER,EQ,1267675,788149,62.17
20,1275,GROWWPSE,EQ,2343,2008,85.70
20,1276,GROWWPSUBK,EQ,1245,806,64.74
20,1277,GROWWRAIL,EQ,863789,748970,86.71
20,1278,GROWWRLTY,EQ,430062,377939,87.88
20,1279,GROWWSC250,EQ,113543,78742,69.35
20,1280,GROWWSLVR,EQ,1297875,832623,64.15
20,1281,GRPLTD,EQ,608,396,65.13
20,1282,GRSE,EQ,370821,159594,43.04
20,1283,GRWRHITECH,EQ,59432,24101,40.55
20,1284,GSEC10ADD,EQ,377,371,98.41
20,1285,GSEC10IETF,EQ,186,134,72.04
20,1286,GSEC10YEAR,EQ,5088,4586,90.13
20,1287,GSEC5IETF,EQ,9292,5115,55.05
20,1288,GSFC,EQ,1757556,1093344,62.21
20,1289,GSLSU,EQ,53432,22344,41.82
20,1290,GSMFOILS,SM,88500,88500,100.00
20,1291,GSPCROP,EQ,252463,120074,47.56
20,1292,GSS,EQ,100600,61736,61.37
20,1293,GSTL,SM,17000,15000,88.24
20,1294,GTL,EQ,181256,127162,70.16
20,1295,GTLINFRA,EQ,22019197,12401904,56.32
20,1296,GTPL,EQ,99581,49894,50.10
20,1297,GUFICBIO,EQ,59276,30759,51.89
20,1298,GUJALKALI,EQ,61375,21449,34.95
20,1299,GUJAPOLLO,EQ,8316,6393,76.88
20,1300,GUJENERGY,EQ,2198796,1201482,54.64
20,1301,GUJRAFFIA,EQ,3927,1657,42.20
20,1302,GUJTHEM,EQ,1458568,640174,43.89
20,1303,GULFOILLUB,EQ,49771,23288,46.79
20,1304,GULPOLY,EQ,155336,95975,61.79
20,1305,GURUNANAK,SM,1600,1600,100.00
20,1306,GVPIL,EQ,101615,42416,41.74
20,1307,GVT&D,EQ,685310,291578,42.55
20,1308,GYFTR,EQ,18925,13151,69.49
20,1309,HAL,EQ,688500,312149,45.34
20,1310,HALDER,EQ,21256,5316,25.01
20,1311,HALEOSLABS,EQ,171,136,79.53
20,1312,HAMPTON,EQ,361241,359564,99.54
20,1313,HAPPSTMNDS,EQ,807094,373639,46.29
20,1314,HAPPY,SM,68000,54000,79.41
20,1315,HAPPYFORGE,EQ,58774,34962,59.49
20,1316,HARDWYN,EQ,1908231,872111,45.70
20,1317,HARIOMPIPE,EQ,46893,28814,61.45
20,1318,HARRMALAYA,EQ,6407,3621,56.52
20,1319,HARSHA,EQ,86970,48485,55.75
20,1320,HATHWAY,EQ,976509,535850,54.87
20,1321,HATSUN,EQ,31094,12801,41.17
20,1322,HAVELLS,EQ,1093884,744495,68.06
20,1323,HAVISHA,EQ,32100,26536,82.67
20,1324,HAWKINCOOK,EQ,2639,1800,68.21
20,1325,HAZOOR,EQ,89734,67735,75.48
20,1326,HBESD,EQ,837,676,80.76
20,1327,HBLENGINE,EQ,1338416,477771,35.70
20,1328,HBPOR,EQ,533,472,88.56
20,1329,HBSL,EQ,3048,2956,96.98
20,1330,HCC,EQ,19958126,8331536,41.75
20,1331,HCG,EQ,225989,85358,37.77
20,1332,HCL-INSYS,EQ,188728,111683,59.18
20,1333,HCLTECH,EQ,2197859,954103,43.41
20,1334,HDBFS,EQ,261702,156364,59.75
20,1335,HDFCAMC,EQ,370540,195190,52.68
20,1336,HDFCBANK,EQ,27108053,17074185,62.99
20,1337,HDFCBSE500,EQ,4283337,3855675,90.02
20,1338,HDFCGOLD,EQ,2125971,1119340,52.65
20,1339,HDFCGROWTH,EQ,8374,4554,54.38
20,1340,HDFCLIFE,EQ,4125818,2017590,48.90
20,1341,HDFCLIQUID,EQ,13555,8412,62.06
20,1342,HDFCLOWVOL,EQ,5195,3074,59.17
20,1343,HDFCMID150,EQ,264279,168153,63.63
20,1344,HDFCMOMENT,EQ,110804,56744,51.21
20,1345,HDFCNEXT50,EQ,56218,33383,59.38
20,1346,HDFCNIF100,EQ,44229,41683,94.24
20,1347,HDFCNIFBAN,EQ,676174,549312,81.24
20,1348,HDFCNIFIT,EQ,110521,62440,56.50
20,1349,HDFCNIFTY,EQ,202749,137888,68.01
20,1350,HDFCNIMEG,EQ,3912,2847,72.78
20,1351,HDFCPSUBK,EQ,29587,19483,65.85
20,1352,HDFCPVTBAN,EQ,92402,48357,52.33
20,1353,HDFCQUAL,EQ,6054,3975,65.66
20,1354,HDFCSENSEX,EQ,90184,66415,73.64
20,1355,HDFCSILVER,EQ,2256708,877789,38.90
20,1356,HDFCSML250,EQ,988207,551343,55.79
20,1357,HDFCVALUE,EQ,3273,2794,85.37
20,1358,HEADSUP,EQ,5294,2508,47.37
20,1359,HEALTHADD,EQ,117567,72783,61.91
20,1360,HEALTHAXIS,EQ,1495,1299,86.89
20,1361,HEALTHCARE,EQ,42640,35775,83.90
20,1362,HEALTHIETF,EQ,45541,29355,64.46
20,1363,HEALTHX,EQ,19198,10866,56.60
20,1364,HEALTHY,EQ,182029,149879,82.34
20,1365,HECPROJECT,EQ,1791,1261,70.41
20,1366,HEIDELBERG,EQ,467802,349225,74.65
20,1367,HEMIPROP,EQ,409114,252308,61.67
20,1368,HERANBA,EQ,18572,9283,49.98
20,1369,HERITGFOOD,EQ,2057299,740181,35.98
20,1370,HEROMOTOCO,EQ,501164,334526,66.75
20,1371,HESTERBIO,EQ,3073,1421,46.24
20,1372,HEXATRADEX,EQ,660,612,92.73
20,1373,HEXT,EQ,174991,73219,41.84
20,1374,HGINFRA,EQ,83596,33031,39.51
20,1375,HGM,EQ,1327,784,59.08
20,1376,HGS,EQ,5883,3923,66.68
20,1377,HIGREEN,SM,6400,4800,75.00
20,1378,HIKAL,EQ,774444,277778,35.87
20,1379,HILINFRA,EQ,101361,74155,73.16
20,1380,HILTON,EQ,61751,46952,76.03
20,1381,HIMATSEIDE,EQ,246426,142222,57.71
20,1382,HINDADH,EQ,1601,1362,85.07
20,1383,HINDALCO,EQ,2172772,1222332,56.26
20,1384,HINDALUMI,EQ,1213,763,62.90
20,1385,HINDCOMPOS,EQ,3422,2660,77.73
20,1386,HINDCON,EQ,15364,11620,75.63
20,1387,HINDCOPPER,EQ,8458321,2640018,31.21
20,1388,HINDOILEXP,EQ,1268291,482570,38.05
20,1389,HINDPETRO,EQ,2991765,1714090,57.29
20,1390,HINDUNILVR,EQ,1232506,783609,63.58
20,1391,HINDWAREAP,EQ,253483,152947,60.34
20,1392,HINDZINC,EQ,4559807,2005799,43.99
20,1393,HIRECT,EQ,57042,22960,40.25
20,1394,HISARMETAL,EQ,338,300,88.76
20,1395,HITECH,EQ,1896207,512906,27.05
20,1396,HLEGLAS,EQ,1484997,364185,24.52
20,1397,HLVLTD,EQ,119034,100753,84.64
20,1398,HMAAGRO,EQ,10117074,6085968,60.16
20,1399,HNDFDS,EQ,33284,19454,58.45
20,1400,HNGSNGBEES,EQ,61122,46107,75.43
20,1401,HOACFOODS,ST,6375,6000,94.12
20,1402,HOLMARC,SM,16500,13500,81.82
20,1403,HOMEFIRST,EQ,168561,114294,67.81
20,1404,HONASA,EQ,657000,277461,42.23
20,1405,HONAUT,EQ,1828,821,44.91
20,1406,HONDAPOWER,EQ,2818,1563,55.46
20,1407,HORIZONIND,EQ,1975842,1182618,59.85
20,1408,HPAL,EQ,76830,50882,66.23
20,1409,HPIL,EQ,622,521,83.76
20,1410,HPL,EQ,64754,32404,50.04
20,1411,HPTL,SM,7200,6600,91.67
20,1412,HRHNEXT,SM,30000,25500,85.00
20,1413,HRYNSHP,EQ,1274,775,60.83
20,1414,HSBCGOLD,EQ,2342,827,35.31
20,1415,HSCL,EQ,906421,323642,35.71
20,1416,HTMEDIA,EQ,86924,61421,70.66
20,1417,HUBTOWN,EQ,202127,124070,61.38
20,1418,HUDCO,EQ,1349166,638767,47.35
20,1419,HUHTAMAKI,EQ,799014,269487,33.73
20,1420,HYBRIDETF,EQ,12382,11000,88.84
20,1421,HYUNDAI,EQ,907669,482656,53.18
20,1422,IBLFL,SM,2000,2000,100.00
20,1423,IBULLSLTD,EQ,37845470,27256077,72.02
20,1424,ICELCO,SM,115200,84000,72.92
20,1425,ICEMAKE,EQ,17732,6586,37.14
20,1426,ICICIAMC,EQ,237958,133178,55.97
20,1427,ICICIB22,EQ,245107,204198,83.31
20,1428,ICICIBANK,EQ,10580641,7526499,71.13
20,1429,ICICIGI,EQ,312999,186337,59.53
20,1430,ICICIPRULI,EQ,2174563,1337770,61.52
20,1431,ICIL,EQ,1682911,470799,27.98
20,1432,ICRA,EQ,25291,16532,65.37
20,1433,IDBI,EQ,8241363,3069361,37.24
20,1434,IDEA,EQ,888431120,342457712,38.55
20,1435,IDEAFORGE,EQ,192541,90310,46.90
20,1436,IDEALTECHO,SM,1000,1000,100.00
20,1437,IDENTICAL,SM,24000,16000,66.67
20,1438,IDFCFIRSTB,EQ,14637414,7204247,49.22
20,1439,IDFNIFTYET,EQ,1016,919,90.45
20,1440,IEML,ST,44500,39500,88.76
20,1441,IEX,EQ,2469793,1166429,47.23
20,1442,IFBAGRO,EQ,3778,2634,69.72
20,1443,IFBIND,EQ,23672,11043,46.65
20,1444,IFCI,EQ,106219079,16201527,15.25
20,1445,IFGLEXPOR,EQ,56193,23263,41.40
20,1446,IGARASHI,EQ,39876,20107,50.42
20,1447,IGCL,EQ,105778,57225,54.10
20,1448,IGIL,EQ,433610,201188,46.40
20,1449,IGL,EQ,622240,318273,51.15
20,1450,IGPL,EQ,44341,25878,58.36
20,1451,IIFL,EQ,2214842,966811,43.65
20,1452,IIFL060326,YA,10,10,100.00
20,1453,IIFL06326,YC,260,210,80.77
20,1454,IIFLCAPS,EQ,337784,217191,64.30
20,1455,IIFLHF29,NE,26,2,7.69
20,1456,IIFLZC26,NN,32,32,100.00
20,1457,IIFLZC28,NG,60,60,100.00
20,1458,IIFLZC28B,Y1,5573,4998,89.68
20,1459,IITL,EQ,109487,10805,9.87
20,1460,IKIO,EQ,2436372,554274,22.75
20,1461,IKS,EQ,76060,35245,46.34
20,1462,IMAGICAA,EQ,683962,343513,50.22
20,1463,IMC1,N1,83,83,100.00
20,1464,IMC1,N2,83,83,100.00
20,1465,IMC1,N3,83,83,100.00
20,1466,IMFA,EQ,78648,45253,57.54
20,1467,IMPAL,EQ,3127,1525,48.77
20,1468,INA,EQ,605182,213748,35.32
20,1469,INCREDIBLE,EQ,9793,7580,77.40
20,1470,INDBANK,EQ,201918,89423,44.29
20,1471,INDGN,EQ,258395,130342,50.44
20,1472,INDHOTEL,EQ,991880,571735,57.64
20,1473,INDIACEM,EQ,36131,14917,41.29
20,1474,INDIAMART,EQ,135778,72912,53.70
20,1475,INDIANB,EQ,1181088,525426,44.49
20,1476,INDIANCARD,EQ,815,626,76.81
20,1477,INDIANHUME,EQ,77703,49614,63.85
20,1478,INDIASHLTR,EQ,109631,68735,62.70
20,1479,INDIGO,EQ,813491,523205,64.32
20,1480,INDIGOPNTS,EQ,74559,43064,57.76
20,1481,INDIGRID,IV,854341,813123,95.18
20,1482,INDIQUBE,EQ,29531,15831,53.61
20,1483,INDNIPPON,EQ,2823252,311482,11.03
20,1484,INDOBORAX,EQ,238232,99947,41.95
20,1485,INDOCO,EQ,6015331,362798,6.03
20,1486,INDOFARM,EQ,86499,48370,55.92
20,1487,INDOKEM,EQ,2599,1888,72.64
20,1488,INDOMIM,EQ,3303971,811552,24.56
20,1489,INDORAMA,EQ,3197552,799821,25.01
20,1490,INDOSTAR,EQ,90897,41754,45.94
20,1491,INDOTECH,EQ,7017,5237,74.63
20,1492,INDOTHAI,EQ,97714,97459,99.74
20,1493,INDOUS,EQ,5668,2549,44.97
20,1494,INDOWIND,EQ,157093,95646,60.88
20,1495,INDPRUD,EQ,58,57,98.28
20,1496,INDRAMEDCO,EQ,106996,53147,49.67
20,1497,INDSWFTLAB,EQ,372420,170994,45.91
20,1498,INDTERRAIN,EQ,15017,13296,88.54
20,1499,INDUSINDBK,EQ,972483,491344,50.52
20,1500,INDUSINVIT,IV,478086,352620,73.76
20,1501,INDUSTOWER,EQ,4491149,2755812,61.36
20,1502,INFINIUM,SM,3500,2500,71.43
20,1503,INFLUX,SM,20400,16800,82.35
20,1504,INFOBEAN,EQ,144218,63021,43.70
20,1505,INFOLLION,SM,10000,8000,80.00
20,1506,INFOMEDIA,EQ,13607,12098,88.91
20,1507,INFRA,EQ,76663,42927,55.99
20,1508,INFRABEES,EQ,3893,1902,48.86
20,1509,INFRAIETF,EQ,148954,100327,67.35
20,1510,INFY,EQ,8998529,5250417,58.35
20,1511,INGERRAND,EQ,20067,8863,44.17
20,1512,INNOMET,ST,16200,16200,100.00
20,1513,INNOVACAP,EQ,32787,18285,55.77
20,1514,INNOVANA,EQ,92386,49790,53.89
20,1515,INNOVISION,EQ,55275,24748,44.77
20,1516,INOXGREEN,EQ,2617527,2055515,78.53
20,1517,INOXINDIA,EQ,853734,217416,25.47
20,1518,INOXWIND,EQ,9773988,3367196,34.45
20,1519,INSECTICID,EQ,11623,7016,60.36
20,1520,INSPIRE,SM,2000,2000,100.00
20,1521,INSPIRISYS,EQ,3886,3195,82.22
20,1522,INSUREIETF,EQ,115430,101216,87.69
20,1523,INTELLECT,EQ,188883,91958,48.69
20,1524,INTENTECH,EQ,16617,11036,66.41
20,1525,INTERARCH,EQ,27908,16637,59.61
20,1526,INTERNET,EQ,73790,55454,75.15
20,1527,INTLCONV,EQ,28120,15770,56.08
20,1528,INVENTURE,EQ,605206,345474,57.08
20,1529,INVICTA,SM,9600,8000,83.33
20,1530,IOB,EQ,1617716,638557,39.47
20,1531,IOC,EQ,6629384,3653817,55.12
20,1532,IOLCP,EQ,3234389,957140,29.59
20,1533,IONEXCHANG,EQ,480368,208017,43.30
20,1534,IPCALAB,EQ,209376,146537,69.99
20,1535,IPHL,SM,13200,12000,90.91
20,1536,IPL,EQ,45366,20813,45.88
20,1537,IPRINGLTD,EQ,5036,3662,72.72
20,1538,IRB,EQ,78742444,11853231,15.05
20,1539,IRBINVIT,IV,510883,486901,95.31
20,1540,IRCON,EQ,1891140,518961,27.44
20,1541,IRCTC,EQ,675989,297346,43.99
20,1542,IREDA,EQ,5082162,1394998,27.45
20,1543,IRFC,EQ,8521418,3355681,39.38
20,1544,IRIS,EQ,8537,5548,64.99
20,1545,IRISDOREME,EQ,1407913,414849,29.47
20,1546,IRMENERGY,EQ,71084,28208,39.68
20,1547,ISFT,EQ,135437,14604,10.78
20,1548,ISGEC,EQ,160580,55883,34.80
20,1549,ISHANCH,EQ,17305,13952,80.62
20,1550,ISTLTD,EQ,851,579,68.04
20,1551,IT,EQ,363757,163564,44.97
20,1552,ITADD,EQ,22534,19745,87.62
20,1553,ITALIANE,SM,4000,4000,100.00
20,1554,ITAXIS,EQ,1103,917,83.14
20,1555,ITBEES,EQ,8419582,4399474,52.25
20,1556,ITBETA,EQ,782,687,87.85
20,1557,ITC,EQ,17541602,10373726,59.14
20,1558,ITCHOTELS,EQ,1213995,683355,56.29
20,1559,ITDC,EQ,8077461,212828,2.63
20,1560,ITETF,EQ,293507,148661,50.65
20,1561,ITI,EQ,171410,69092,40.31
20,1562,ITIETF,EQ,474066,319881,67.48
20,1563,ITL,EQ,2083,1372,65.87
20,1564,ITTL,ST,105,105,100.00
20,1565,IVALUE,EQ,83324,53330,64.00
20,1566,IVC,EQ,1347693,1009488,74.90
20,1567,IVZBANKNF,EQ,298,298,100.00
20,1568,IVZINGOLD,EQ,30437,26674,87.64
20,1569,IVZINNIFTY,EQ,479,386,80.58
20,1570,IVZSENSEX,EQ,3263,3062,93.84
20,1571,IWARE,ST,2400,2400,100.00
20,1572,IWP,EQ,2152,1903,88.43
20,1573,IXIGO,EQ,1880574,1151511,61.23
20,1574,IZMO,EQ,80261,34227,42.64
20,1575,J&KBANK,EQ,1192519,504962,42.34
20,1576,JAGRAN,EQ,268360,204316,76.14
20,1577,JAGSNPHARM,EQ,47327,24737,52.27
20,1578,JAIBALAJI,EQ,491607,355146,72.24
20,1579,JAICORPLTD,EQ,249253,99420,39.89
20,1580,JAINAM,SM,500,500,100.00
20,1581,JAINIK,SM,3600,3600,100.00
20,1582,JAINREC,EQ,516476,193179,37.40
20,1583,JAIPURKURT,EQ,7233,6090,84.20
20,1584,JAMNAAUTO,EQ,3397638,1349301,39.71
20,1585,JARO,EQ,185812,43396,23.35
20,1586,JASH,EQ,189537,87245,46.03
20,1587,JAYAGROGN,EQ,75360,47224,62.66
20,1588,JAYBARMARU,EQ,464405,237566,51.15
20,1589,JAYBEE,SM,27500,19000,69.09
20,1590,JAYESH,SM,1000,1000,100.00
20,1591,JAYKAY,EQ,235338,116298,49.42
20,1592,JAYNECOIND,EQ,2838428,1380675,48.64
20,1593,JAYSREETEA,EQ,67073,34682,51.71
20,1594,JBMA,EQ,219691,102335,46.58
20,1595,JENBURPH,EQ,3349,2786,83.19
20,1596,JETFREIGHT,EQ,52709,34891,66.20
20,1597,JEYYAM,ST,38000,38000,100.00
20,1598,JFLLIFE,SM,18000,18000,100.00
20,1599,JGCHEM,EQ,463039,167449,36.16
20,1600,JHS,EQ,36289,31197,85.97
20,1601,JINDALPHOT,EQ,1501,1190,79.28
20,1602,JINDALPOLY,EQ,6824,3933,57.63
20,1603,JINDALSAW,EQ,3368101,1223484,36.33
20,1604,JINDALSTEL,EQ,554299,309958,55.92
20,1605,JINDRILL,EQ,777024,213300,27.45
20,1606,JINDWORLD,EQ,21274518,2635611,12.39
20,1607,JIOFIN,EQ,8980169,4619948,51.45
20,1608,JISLDVREQS,EQ,6608,6087,92.12
20,1609,JISLJALEQS,EQ,1433440,667363,46.56
20,1610,JITFINFRA,EQ,38698,32204,83.22
20,1611,JIWANRAM,SM,6000,6000,100.00
20,1612,JKCEMENT,EQ,37586,19813,52.71
20,1613,JKIL,EQ,23678,14540,61.41
20,1614,JKIPL,EQ,27294,16699,61.18
20,1615,JKLAKSHMI,EQ,89497,45370,50.69
20,1616,JKPAPER,EQ,748718,295838,39.51
20,1617,JKTYRE,EQ,361289,190889,52.84
20,1618,JLHL,EQ,23187,10809,46.62
20,1619,JMA,EQ,16704,11584,69.35
20,1620,JMFINANCIL,EQ,1485582,604469,40.69
20,1621,JNKINDIA,EQ,92881,42409,45.66
20,1622,JNPR,EQ,177801,79267,44.58
20,1623,JOCIL,EQ,5247,3647,69.51
20,1624,JPOLYINVST,EQ,2795,1142,40.86
20,1625,JPPOWER,EQ,29091889,10688107,36.74
20,1626,JSFB,EQ,348693,184754,52.98
20,1627,JSL,EQ,960367,426365,44.40
20,1628,JSLL,EQ,993037,481547,48.49
20,1629,JSWCEMENT,EQ,681977,370261,54.29
20,1630,JSWDULUX,EQ,6736,3650,54.19
20,1631,JSWENERGY,EQ,973912,570327,58.56
20,1632,JSWHL,EQ,4370,2284,52.27
20,1633,JSWINFRA,EQ,2842351,1701846,59.87
20,1634,JSWSTEEL,EQ,1102536,656505,59.54
20,1635,JTEKTINDIA,EQ,172948,113642,65.71
20,1636,JTLIND,EQ,4005608,1417926,35.40
20,1637,JUBLCPL,EQ,11340,6428,56.68
20,1638,JUBLFOOD,EQ,962855,328435,34.11
20,1639,JUBLINGREA,EQ,101717,52869,51.98
20,1640,JUBLPHARMA,EQ,173412,82489,47.57
20,1641,JUNIORBEES,EQ,187309,140403,74.96
20,1642,JUNIPER,EQ,1039859,370981,35.68
20,1643,JUSTDIAL,EQ,225131,115981,51.52
20,1644,JWL,EQ,990155,218829,22.10
20,1645,JYOTHYLAB,EQ,488496,296218,60.64
20,1646,JYOTICNC,EQ,356066,145550,40.88
20,1647,JYOTIGLOBL,SM,82000,72000,87.80
20,1648,JYOTIRES,EQ,5330,3051,57.24
20,1649,JYOTISTRUC,EQ,3647204,2099603,57.57
20,1650,K2INFRA,ST,6600,5400,81.82
20,1651,KABRAEXTRU,EQ,773333,181048,23.41
20,1652,KAJARIACER,EQ,70866,27363,38.61
20,1653,KAKATCEM,EQ,5438,3205,58.94
20,1654,KALAMANDIR,EQ,564322,330660,58.59
20,1655,KALANA,SM,12000,10000,83.33
20,1656,KALPATARU,EQ,19849,9425,47.48
20,1657,KALYANKJIL,EQ,6066311,1424909,23.49
20,1658,KAMAHOLD,EQ,5128,3482,67.90
20,1659,KAMANWALA,EQ,10112,9856,97.47
20,1660,KAMATHOTEL,EQ,79870,40296,50.45
20,1661,KAMOPAINTS,EQ,445052,309249,69.49
20,1662,KANANIIND,EQ,113593,63585,55.98
20,1663,KANCHI,EQ,4127,2620,63.48
20,1664,KANCOTEA,EQ,860,755,87.79
20,1665,KANDARP,SM,23000,20000,86.96
20,1666,KANPRPLA,EQ,10832,5950,54.93
20,1667,KANSAINER,EQ,109221,55517,50.83
20,1668,KAPSTON,EQ,77377,41471,53.60
20,1669,KARMAENG,EQ,69650,42364,60.82
20,1670,KARNIKA,SM,30000,27000,90.00
20,1671,KARURVYSYA,EQ,979196,536909,54.83
20,1672,KATARIA,SM,30600,25200,82.35
20,1673,KAVDEFENCE,EQ,2362626,1077428,45.60
20,1674,KAYNES,EQ,848357,322337,38.00
20,1675,KAYTEX,SM,2400,1600,66.67
20,1676,KCEIL,SM,10000,6500,65.00
20,1677,KCK,ST,15000,15000,100.00
20,1678,KCP,EQ,59944,38949,64.98
20,1679,KDDL,EQ,16584,9272,55.91
20,1680,KDGREEN,EQ,95699,26877,28.08
20,1681,KDL,SM,12000,7950,66.25
20,1682,KEC,EQ,2448087,649563,26.53
20,1683,KECL,EQ,126560,60850,48.08
20,1684,KEEPLEARN,EQ,11004,10409,94.59
20,1685,KEI,EQ,999943,574908,57.49
20,1686,KELLTONTEC,EQ,1023316,550678,53.81
20,1687,KEN,SM,7200,6000,83.33
20,1688,KENNAMET,EQ,72699,26586,36.57
20,1689,KERNEX,EQ,189892,70800,37.28
20,1690,KEYFINSERV,EQ,597,332,55.61
20,1691,KFINTECH,EQ,312327,116298,37.24
20,1692,KHAICHEM,EQ,63268,37501,59.27
20,1693,KHAITANLTD,EQ,4363,3741,85.74
20,1694,KHANDSE,EQ,14089,11157,79.19
20,1695,KHFM,SM,12400,9300,75.00
20,1696,KICL,EQ,1083,702,64.82
20,1697,KIMS,EQ,256634,134566,52.43
20,1698,KINGFA,EQ,56247,20556,36.55
20,1699,KIOCL,EQ,80371,34313,42.69
20,1700,KIRANVYPAR,EQ,8867,8205,92.53
20,1701,KIRIINDUS,EQ,1189208,473649,39.83
20,1702,KIRLFER,EQ,75301,42302,56.18
20,1703,KIRLOSBROS,EQ,25548,14040,54.96
20,1704,KIRLOSENG,EQ,310849,144150,46.37
20,1705,KIRLOSIND,EQ,2662,1523,57.21
20,1706,KIRLPNU,EQ,127082,74481,58.61
20,1707,KISSHT,EQ,1514881,682578,45.06
20,1708,KITEX,EQ,189187,88355,46.70
20,1709,KJMCFIN,EQ,1795,959,53.43
20,1710,KKCL,EQ,27395,17012,62.10
20,1711,KKJEWELS,SM,1000,1000,100.00
20,1712,KKVAPOW,SM,342,342,100.00
20,1713,KLBRENG-B,EQ,381171,195695,51.34
20,1714,KLL,SM,9600,8800,91.67
20,1715,KMCSHIL,EQ,85875,51916,60.46
20,1716,KMEW,EQ,51447,21320,41.44
20,1717,KMSUGAR,EQ,106327,46185,43.44
20,1718,KNACK,EQ,703290,275414,39.16
20,1719,KNAGRI,EQ,11321,9688,85.58
20,1720,KNRCON,EQ,2823405,1364846,48.34
20,1721,KODYTECH,ST,5400,5200,96.30
20,1722,KOHINOOR,EQ,154095,51326,33.31
20,1723,KOKUYOCMLN,EQ,17115,10396,60.74
20,1724,KOLTEPATIL,EQ,1110209,150559,13.56
20,1725,KONSTELEC,ST,46000,41000,89.13
20,1726,KONTOR,SM,600,600,100.00
20,1727,KOPRAN,EQ,282347,126644,44.85
20,1728,KORE,ST,9500,9500,100.00
20,1729,KOTAKBANK,EQ,7755254,4998529,64.45
20,1730,KOTHARIPET,EQ,80350,47786,59.47
20,1731,KOTHARIPRO,EQ,7310,5210,71.27
20,1732,KOTIC,EQ,804224,56156,6.98
20,1733,KOVAI,EQ,15697,8321,53.01
20,1734,KPEL,EQ,438999,254172,57.90
20,1735,KPIGREEN,EQ,834609,402350,48.21
20,1736,KPIL,EQ,138417,69164,49.97
20,1737,KPITTECH,EQ,1114138,389472,34.96
20,1738,KPL,EQ,18178,7864,43.26
20,1739,KPRMILL,EQ,186138,99576,53.50
20,1740,KRBL,EQ,473016,215557,45.57
20,1741,KREBSBIO,EQ,79985,24314,30.40
20,1742,KRIDHANINF,EQ,159781,125368,78.46
20,1743,KRISHANA,EQ,617085,338926,54.92
20,1744,KRISHCA,SM,12000,11500,95.83
20,1745,KRISHIVAL,EQ,11235,9863,87.79
20,1746,KRISHNADEF,EQ,65190,30773,47.21
20,1747,KRITI,EQ,4601,3454,75.07
20,1748,KRITIKA,EQ,87201,67814,77.77
20,1749,KRITINUT,EQ,12535,10417,83.10
20,1750,KRMAYURVED,SM,232000,154000,66.38
20,1751,KRN,EQ,88038,47796,54.29
20,1752,KROSS,EQ,8960812,1661681,18.54
20,1753,KRSNAA,EQ,56292,37929,67.38
20,1754,KRT,RR,1430213,1363667,95.35
20,1755,KRYSTAL,EQ,4591,2320,50.53
20,1756,KSB,EQ,88865,49728,55.96
20,1757,KSCL,EQ,49514,24993,50.48
20,1758,KSE,EQ,13610,12553,92.23
20,1759,KSHINTL,EQ,187021,68185,36.46
20,1760,KSHITIJPOL,EQ,4029786,2853736,70.82
20,1761,KSL,EQ,661316,164267,24.84
20,1762,KSOLVES,EQ,59528,42136,70.78
20,1763,KSR,EQ,116736,86125,73.78
20,1764,KTKBANK,EQ,1448556,846635,58.45
20,1765,KUANTUM,EQ,87247,41868,47.99
20,1766,KUSUMGAR,EQ,120072,63478,52.87
20,1767,KWIL,EQ,13096961,4756491,36.32
20,1768,LADDERUP,EQ,9326,9025,96.77
20,1769,LAGNAM,EQ,18623,12558,67.43
20,1770,LAHOTIOV,EQ,32788,21332,65.06
20,1771,LAL,EQ,46049,26872,58.36
20,1772,LALITHAA,EQ,6296249,1844207,29.29
20,1773,LALPATHLAB,EQ,165825,101874,61.43
20,1774,LAMBODHARA,EQ,17199,10907,63.42
20,1775,LAMOSAIC,ST,40800,40800,100.00
20,1776,LANCER,EQ,205672,167627,81.50
20,1777,LANDMARK,EQ,72927,30985,42.49
20,1778,LANDSMILL,EQ,1722350,992962,57.65
20,1779,LAOPALA,EQ,237695,144977,60.99
20,1780,LARGEMID50,EQ,1490,1349,90.54
20,1781,LASERPOWER,EQ,479560,249575,52.04
20,1782,LATENTVIEW,EQ,288214,135137,46.89
20,1783,LATTEYS,EQ,20743,15253,73.53
20,1784,LAURUSLABS,EQ,1067622,433325,40.59
20,1785,LAXMICOT,EQ,2377,1742,73.29
20,1786,LAXMIDENTL,EQ,94776,43538,45.94
20,1787,LAXMIINDIA,EQ,377674,93914,24.87
20,1788,LCCINFOTEC,EQ,328095,261446,79.69
20,1789,LCL,EQ,451525,154996,34.33
20,1790,LEAPIND,EQ,2862305,1381393,48.26
20,1791,LEMERITE,EQ,268746,90839,33.80
20,1792,LEMONTREE,EQ,1099344,608144,55.32
20,1793,LENSKART,EQ,6256637,4141143,66.19
20,1794,LEXUS,EQ,4026,2833,70.37
20,1795,LFIC,EQ,6118,4882,79.80
20,1796,LGBBROSLTD,EQ,9004,4665,51.81
20,1797,LGEINDIA,EQ,794840,689912,86.80
20,1798,LGHL,EQ,52140,17222,33.03
20,1799,LIBAS,EQ,413944,131413,31.75
20,1800,LIBERTSHOE,EQ,20773,9504,45.75
20,1801,LICHSGFIN,EQ,2842584,1468939,51.68
20,1802,LICI,EQ,7670673,4419782,57.62
20,1803,LICMFGOLD,EQ,67573,47821,70.77
20,1804,LICNETFGSC,EQ,20937,19588,93.56
20,1805,LICNETFN50,EQ,602,597,99.17
20,1806,LICNETFSEN,EQ,11,11,100.00
20,1807,LICNFNHGP,EQ,134,124,92.54
20,1808,LICNMID100,EQ,2961,1959,66.16
20,1809,LIKHITHA,EQ,76883,29620,38.53
20,1810,LINC,EQ,12355,10400,84.18
20,1811,LINCOLN,EQ,27777,13693,49.30
20,1812,LINDEINDIA,EQ,13975,7468,53.44
20,1813,LIQGRWBEES,EQ,72953,61671,84.54
20,1814,LIQUID,EQ,61337,37554,61.23
20,1815,LIQUID1,EQ,510212,213219,41.79
20,1816,LIQUIDADD,EQ,661314,602783,91.15
20,1817,LIQUIDBEES,EQ,2258098,1948934,86.31
20,1818,LIQUIDBETA,EQ,36,32,88.89
20,1819,LIQUIDBETF,EQ,93280,46593,49.95
20,1820,LIQUIDCASE,EQ,13485192,10181827,75.50
20,1821,LIQUIDETF,EQ,74338,51300,69.01
20,1822,LIQUIDIETF,EQ,731161,618605,84.61
20,1823,LIQUIDPLUS,EQ,444694,402622,90.54
20,1824,LIQUIDSBI,EQ,30988,30601,98.75
20,1825,LIQUIDSHRI,EQ,8838,5737,64.91
20,1826,LKPSEC,EQ,15839,12133,76.60
20,1827,LLOYDS,SM,3000,3000,100.00
20,1828,LLOYDSENGG,EQ,3477682,1531712,44.04
20,1829,LLOYDSENT,EQ,1005206,538019,53.52
20,1830,LLOYDSME,EQ,191914,99933,52.07
20,1831,LMW,EQ,7775,5008,64.41
20,1832,LODHA,EQ,2078548,1178563,56.70
20,1833,LOKESHMACH,EQ,31555,23706,75.13
20,1834,LORDSCHLO,EQ,13339,8276,62.04
20,1835,LOTUSCHO,EQ,1262,999,79.16
20,1836,LOTUSEYE,EQ,16890,10998,65.12
20,1837,LOVABLE,EQ,30146,16114,53.45
20,1838,LOWVOL,EQ,1478,749,50.68
20,1839,LOWVOL1,EQ,2789517,2673916,95.86
20,1840,LOWVOLIETF,EQ,506919,404516,79.80
20,1841,LOYALTEX,EQ,61,59,96.72
20,1842,LPDC,EQ,31595,26149,82.76
20,1843,LRRPL,SM,4500,4500,100.00
20,1844,LT,EQ,1376951,684483,49.71
20,1845,LTF,EQ,4503846,2798157,62.13
20,1846,LTFOODS,EQ,337240,157449,46.69
20,1847,LTGILTBEES,EQ,2244670,2038907,90.83
20,1848,LTGILTCASE,EQ,23450,22465,95.80
20,1849,LTM,EQ,402440,143785,35.73
20,1850,LTTS,EQ,47576,20221,42.50
20,1851,LUMAXIND,EQ,76489,44092,57.64
20,1852,LUMAXTECH,EQ,83841,39798,47.47
20,1853,LUMINO,EQ,19091007,3570650,18.70
20,1854,LUPIN,EQ,624838,357554,57.22
20,1855,LUXIND,EQ,8661,5073,58.57
20,1856,LXCHEM,EQ,1814676,785308,43.28
20,1857,M&M,EQ,2140618,1248888,58.34
20,1858,M&MFIN,EQ,2598186,1415030,54.46
20,1859,MAANALU,EQ,92719,60525,65.28
20,1860,MACOBSTECH,SM,46400,23200,50.00
20,1861,MACPOWER,EQ,15621,8669,55.50
20,1862,MADHAV,EQ,27934,13047,46.71
20,1863,MADHAVBAUG,ST,11200,11200,100.00
20,1864,MADHAVIPL,EQ,87558,64254,73.38
20,1865,MADHURKNIT,ST,4800,4800,100.00
20,1866,MADHUSUDAN,ST,20000,16000,80.00
20,1867,MADRASFERT,EQ,54809,18960,34.59
20,1868,MAFANG,EQ,1093904,448280,40.98
20,1869,MAFATIND,EQ,37271,29654,79.56
20,1870,MAGADSUGAR,EQ,15235,5045,33.11
20,1871,MAGNUM,EQ,63106,45200,71.63
20,1872,MAGSON,SM,2000,2000,100.00
20,1873,MAHABANK,EQ,15415768,6066403,39.35
20,1874,MAHAPEXLTD,EQ,79709,41968,52.65
20,1875,MAHEPC,EQ,22418,19383,86.46
20,1876,MAHICKRA,SM,22500,18000,80.00
20,1877,MAHKTECH,EQ,1344798,958774,71.30
20,1878,MAHLIFE,EQ,68036,37149,54.60
20,1879,MAHLOG,EQ,75748,42776,56.47
20,1880,MAHSCOOTER,EQ,4084,2522,61.75
20,1881,MAHSEAMLES,EQ,1256187,416283,33.14
20,1882,MAITHANALL,EQ,80381,36917,45.93
20,1883,MAITREYA,SM,3200,2800,87.50
20,1884,MAKEINDIA,EQ,66888,48230,72.11
20,1885,MAKERSL,EQ,8848,5846,66.07
20,1886,MAKS,SM,3000,3000,100.00
20,1887,MAL,SM,17600,17600,100.00
20,1888,MALLCOM,EQ,1439,1177,81.79
20,1889,MALUPAPER,EQ,53157,17526,32.97
20,1890,MAMATA,EQ,36419,19277,52.93
20,1891,MANAKALUCO,EQ,60432,24381,40.34
20,1892,MANAKCOAT,EQ,2551453,751159,29.44
20,1893,MANAKSIA,EQ,553126,236518,42.76
20,1894,MANALIPETC,EQ,1530559,430406,28.12
20,1895,MANAPPURAM,EQ,6953151,3435438,49.41
20,1896,MANBA,EQ,66636,18753,28.14
20,1897,MANCREDIT,EQ,155276,15732,10.13
20,1898,MANDEEP,SM,2000,2000,100.00
20,1899,MANGALAM,EQ,284790,233561,82.01
20,1900,MANGLMCEM,EQ,77092,36450,47.28
20,1901,MANINDS,EQ,8839846,967006,10.94
20,1902,MANINFRA,EQ,1843204,958419,52.00
20,1903,MANIPALHOS,EQ,1384611,708814,51.19
20,1904,MANKIND,EQ,180515,102016,56.51
20,1905,MANOMAY,EQ,143102,39881,27.87
20,1906,MANORAMA,EQ,216714,97879,45.17
20,1907,MANORG,EQ,15595,10276,65.89
20,1908,MANUFGBEES,EQ,4433,2866,64.65
20,1909,MANYAVAR,EQ,183468,64304,35.05
20,1910,MAPMYINDIA,EQ,121948,49258,40.39
20,1911,MARALOVER,EQ,19059,13085,68.66
20,1912,MARATHON,EQ,113729,61023,53.66
20,1913,MARC,SM,21600,18000,83.33
20,1914,MARCO,SM,13500,9000,66.67
20,1915,MARICO,EQ,2060230,1445268,70.15
20,1916,MARINE,EQ,475404,224443,47.21
20,1917,MARKOLINES,EQ,150146,58201,38.76
20,1918,MARKSANS,EQ,1295256,455488,35.17
20,1919,MARSONS,EQ,6404815,1767155,27.59
20,1920,MARUSHIKA,SM,43200,38400,88.89
20,1921,MARUTI,EQ,338613,148868,43.96
20,1922,MASFIN,EQ,137458,84308,61.33
20,1923,MASKINVEST,EQ,47,30,63.83
20,1924,MASON,SM,1500,1000,66.67
20,1925,MASPTOP50,EQ,1041142,486756,46.75
20,1926,MASTEK,EQ,76128,28860,37.91
20,1927,MASTER,SM,1500,1000,66.67
20,1928,MASTERTR,EQ,627564,194503,30.99
20,1929,MATRIMONY,EQ,7124,4507,63.27
20,1930,MAWANASUG,EQ,199436,94749,47.51
20,1931,MAXESTATES,EQ,122478,97781,79.84
20,1932,MAXHEALTH,EQ,2579310,1635253,63.40
20,1933,MAXIND,EQ,45761,27571,60.25
20,1934,MAXVOLT,SM,47600,42000,88.24
20,1935,MAYURUNIQ,EQ,128849,68089,52.84
20,1936,MAZDOCK,EQ,395925,152979,38.64
20,1937,MBAPL,EQ,812278,455336,56.06
20,1938,MBEL,EQ,146192,79947,54.69
20,1939,MBLINFRA,EQ,13590,10411,76.61
20,1940,MCCHRLS-B,EQ,5086,4902,96.38
20,1941,MCL,EQ,59426,34890,58.71
20,1942,MCLEODRUSS,EQ,176730,123355,69.80
20,1943,MCLOUD,EQ,1096841,682966,62.27
20,1944,MCON,SM,8000,5000,62.50
20,1945,MCX,EQ,1308638,631659,48.27
20,1946,MEDANTA,EQ,337547,207423,61.45
20,1947,MEDIASSIST,EQ,112697,65439,58.07
20,1948,MEDICAMEQ,EQ,204862,82059,40.06
20,1949,MEDICAPQ,EQ,493535,187333,37.96
20,1950,MEDICO,EQ,378559,239600,63.29
20,1951,MEDPLUS,EQ,61424,32480,52.88
20,1952,MEESHO,EQ,15406554,6128372,39.78
20,1953,MEGAFLEX,SM,1000,1000,100.00
20,1954,MEGASTAR,EQ,910,596,65.49
20,1955,MEGATHERM,SM,20400,14400,70.59
20,1956,MEIL,EQ,23529,13637,57.96
20,1957,MERCANTILE,EQ,8086,4760,58.87
20,1958,MERCURYEV,EQ,3794734,2920317,76.96
20,1959,METAL,EQ,1397566,976101,69.84
20,1960,METALIC,ST,73600,72000,97.83
20,1961,METALIETF,EQ,4803124,2885588,60.08
20,1962,METROBRAND,EQ,27109,15854,58.48
20,1963,METROGLOBL,EQ,1446,1250,86.45
20,1964,METROPOLIS,EQ,291883,149082,51.08
20,1965,MFML,EQ,12083,9756,80.74
20,1966,MFSL,EQ,258122,134211,52.00
20,1967,MGEL,EQ,1085311,614399,56.61
20,1968,MGL,EQ,198415,116629,58.78
20,1969,MGSL,SM,108000,66000,61.11
20,1970,MHHL,SM,7500,7500,100.00
20,1971,MHRIL,EQ,313310,162351,51.82
20,1972,MICROPRO,SM,1600,1600,100.00
20,1973,MID150,EQ,93509,40227,43.02
20,1974,MID150BEES,EQ,996484,764698,76.74
20,1975,MID150CASE,EQ,885766,636269,71.83
20,1976,MIDBANKADD,EQ,2014,1911,94.89
20,1977,MIDCAP,EQ,279001,143269,51.35
20,1978,MIDCAPADD,EQ,1439,838,58.23
20,1979,MIDCAPBETA,EQ,636,546,85.85
20,1980,MIDCAPETF,EQ,1525556,1146218,75.13
20,1981,MIDCAPIETF,EQ,1791013,1027802,57.39
20,1982,MIDHANI,EQ,3378828,722409,21.38
20,1983,MIDQ50ADD,EQ,31657,28115,88.81
20,1984,MIDSELIETF,EQ,135506,98511,72.70
20,1985,MIDSMALL,EQ,161308,122420,75.89
20,1986,MIDWESTLTD,EQ,77450,67555,87.22
20,1987,MIEL,SM,16000,14000,87.50
20,1988,MIIL,EQ,66187,20078,30.34
20,1989,MILKYMIST,EQ,8013334,2685614,33.51
20,1990,MINDACORP,EQ,74618,35109,47.05
20,1991,MINDSPACE,RR,245027,195159,79.65
20,1992,MINDTECK,EQ,45843,23071,50.33
20,1993,MIRZAINT,EQ,63473,24558,38.69
20,1994,MITCON,EQ,7795,5576,71.53
20,1995,MITTAL,EQ,1556381,1276151,81.99
20,1996,MKEXIM,EQ,7037,6365,90.45
20,1997,MKPL,EQ,79304,57039,71.92
20,1998,MLKFOOD,EQ,7365,5387,73.14
20,1999,MMEL,SM,2000,2000,100.00
20,2000,MMFL,EQ,213941,92462,43.22
20,2001,MMP,EQ,50469,26274,52.06
20,2002,MMTC,EQ,1012634,439365,43.39
20,2003,MMWL,EQ,28053,18249,65.05
20,2004,MNC,EQ,17281,13682,79.17
20,2005,MOALPHA50,EQ,10269,6663,64.88
20,2006,MOBANK10,EQ,4532,4505,99.40
20,2007,MOBIKWIK,EQ,722711,161515,22.35
20,2008,MOBILISE,SM,3200,3200,100.00
20,2009,MOCAPITAL,EQ,571593,335496,58.69
20,2010,MODEFENCE,EQ,895581,538879,60.17
20,2011,MODINATUR,EQ,4303,2827,65.70
20,2012,MODIRUBBER,EQ,815,606,74.36
20,2013,MODIS,EQ,11202,6113,54.57
20,2014,MODISONLTD,EQ,170543,104515,61.28
20,2015,MODTHREAD,EQ,4689,3732,79.59
20,2016,MOENERGY,EQ,128914,97739,75.82
20,2017,MOGOLD,EQ,16445,7217,43.89
20,2018,MOGSEC,EQ,2464,1019,41.36
20,2019,MOHEALTH,EQ,60963,35660,58.49
20,2020,MOHITE,EQ,35555,23408,65.84
20,2021,MOHITIND,EQ,4348,3757,86.41
20,2022,MOIL,EQ,780689,350765,44.93
20,2023,MOINFRA,EQ,685,558,81.46
20,2024,MOIPO,EQ,14286,14285,99.99
20,2025,MOKSH,EQ,57711,42330,73.35
20,2026,MOL,EQ,607889,268087,44.10
20,2027,MOLBIO,EQ,11329700,860266,7.59
20,2028,MOLDTKPAC,EQ,14862,8597,57.85
20,2029,MOLOWVOL,EQ,52262,51396,98.34
20,2030,MOM100,EQ,291771,159914,54.81
20,2031,MOM30IETF,EQ,416351,286296,68.76
20,2032,MOM50,EQ,3932,3639,92.55
20,2033,MOMENTUM,EQ,46660,33595,72.00
20,2034,MOMENTUM30,EQ,21034,18321,87.10
20,2035,MOMENTUM50,EQ,275611,162058,58.80
20,2036,MOMETAL,EQ,19317,11748,60.82
20,2037,MOMGF,EQ,2434,2432,99.92
20,2038,MOMIDMTM,EQ,27821,15721,56.51
20,2039,MOMMIDCAP,EQ,2379012,1772379,74.50
20,2040,MOMNC,EQ,31991,31989,99.99
20,2041,MOMOMENTUM,EQ,72120,54597,75.70
20,2042,MON100,EQ,1232723,642305,52.10
20,2043,MON50EQUAL,EQ,2146,2091,97.44
20,2044,MONARCH,EQ,130223,51893,39.85
20,2045,MONEXT50,EQ,2291,2208,96.38
20,2046,MONEYBOXX,EQ,1459080,524176,35.93
20,2047,MONIFTY100,EQ,26273,13284,50.56
20,2048,MONIFTY500,EQ,835686,727452,87.05
20,2049,MONOLITH,SM,140000,82000,58.57
20,2050,MONOPHARMA,SM,6000,2000,33.33
20,2051,MONQ50,EQ,1264631,395567,31.28
20,2052,MONTECARLO,EQ,28781,16476,57.25
20,2053,MOOILGAS,EQ,15409,14354,93.15
20,2054,MOPSE,EQ,1174,1142,97.27
20,2055,MOQUALITY,EQ,4153,3865,93.07
20,2056,MOREALTY,EQ,422152,221883,52.56
20,2057,MOREPENLAB,EQ,9814569,2581228,26.30
20,2058,MOS,ST,784000,680000,86.73
20,2059,MOSCHIP,EQ,1247416,589758,47.28
20,2060,MOSERVICE,EQ,1550,1422,91.74
20,2061,MOSILVER,EQ,184460,169344,91.81
20,2062,MOSMALL250,EQ,544558,371993,68.31
20,2063,MOTHERSON,EQ,5599332,3426711,61.20
20,2064,MOTILALOFS,EQ,338388,127644,37.72
20,2065,MOTISONS,EQ,15121349,3044899,20.14
20,2066,MOTOGENFIN,EQ,15852,13710,86.49
20,2067,MOTOUR,EQ,8818,7725,87.60
20,2068,MOVALUE,EQ,39373,29305,74.43
20,2069,MOXSH,SM,1600,1600,100.00
20,2070,MPEL,ST,16000,12800,80.00
20,2071,MPEL-RE,ST,28800,28800,100.00
20,2072,MPHASIS,EQ,454003,297529,65.53
20,2073,MPSLTD,EQ,10462,5635,53.86
20,2074,MPTODAY,SM,4000,4000,100.00
20,2075,MRF,EQ,2102,953,45.34
20,2076,MRIL,ST,20800,20800,100.00
20,2077,MRPL,EQ,31180630,5923817,19.00
20,2078,MSCI360,EQ,16266,16265,99.99
20,2079,MSCIADD,EQ,747,409,54.75
20,2080,MSCIINDIA,EQ,6800,4887,71.87
20,2081,MSL,EQ,1412,1345,95.25
20,2082,MSPL,EQ,340364,244068,71.71
20,2083,MSTCLTD,EQ,326755,176642,54.06
20,2084,MSUMI,EQ,8339844,4950045,59.35
20,2085,MTNL,EQ,458177,206833,45.14
20,2086,MUFIN,EQ,475498,198669,41.78
20,2087,MUFTI,EQ,86212,28010,32.49
20,2088,MUKANDLTD,EQ,329153,148854,45.22
20,2089,MUKESHB,EQ,2650,2148,81.06
20,2090,MUKKA,EQ,873584,473200,54.17
20,2091,MULTICAP,EQ,124668,79829,64.03
20,2092,MUNISH,SM,18000,9600,53.33
20,2093,MUNJALAU,EQ,231004,88119,38.15
20,2094,MUNJALSHOW,EQ,15778,9337,59.18
20,2095,MURUDCERA,EQ,10188,8570,84.12
20,2096,MUTHOOTCAP,EQ,8204,5091,62.06
20,2097,MUTHOOTFIN,EQ,408226,174371,42.71
20,2098,MUTHOOTMF,EQ,140143,79456,56.70
20,2099,MVELECTRO,EQ,5082721,608891,11.98
20,2100,MVGJL,EQ,258423,105641,40.88
20,2101,MVKAGRO,SM,990600,863400,87.16
20,2102,MWL,EQ,18773791,948935,5.05
20,2103,MYMUDRA,SM,2400,2400,100.00
20,2104,NACLIND,EQ,443221,173849,39.22
20,2105,NAGREEKCAP,EQ,971,855,88.05
20,2106,NAGREEKEXP,EQ,9698,7902,81.48
20,2107,NAHARCAP,EQ,2468,1262,51.13
20,2108,NAHARINDUS,EQ,14916,9540,63.96
20,2109,NAHARPOLY,EQ,4604,3220,69.94
20,2110,NAHARSPING,EQ,42431,29912,70.50
20,2111,NAM-INDIA,EQ,1085689,550987,50.75
20,2112,NAMAN,SM,2400,1600,66.67
20,2113,NAMOEWASTE,ST,35200,30400,86.36
20,2114,NARMADA,EQ,458942,213500,46.52
20,2115,NATCOPHARM,EQ,236487,127636,53.97
20,2116,NATHBIOGEN,EQ,2248,1856,82.56
20,2117,NATIONALUM,EQ,3376100,1489275,44.11
20,2118,NATIONSTD,EQ,78107,51187,65.53
20,2119,NAUKRI,EQ,981803,576809,58.75
20,2120,NAVA,EQ,96940,47650,49.15
20,2121,NAVINFLUOR,EQ,65488,29802,45.51
20,2122,NAVKARCORP,EQ,339324,168903,49.78
20,2123,NAVNETEDUL,EQ,41286,26834,65.00
20,2124,NAZARA,EQ,1606579,864339,53.80
20,2125,NBCC,EQ,4868776,1696732,34.85
20,2126,NBIFIN,EQ,5037,5017,99.60
20,2127,NCC,EQ,2615966,1139075,43.54
20,2128,NCLIND,EQ,32644,10682,32.72
20,2129,NDGL,EQ,255,232,90.98
20,2130,NDL,EQ,876630,676191,77.14
20,2131,NDLVENTURE,EQ,14377,12746,88.66
20,2132,NDRAUTO,EQ,16993,10777,63.42
20,2133,NDRINVIT,IV,75000,75000,100.00
20,2134,NDTV,EQ,48449,29603,61.10
20,2135,NEAGI,EQ,1,1,100.00
20,2136,NECLIFE,EQ,87468,76046,86.94
20,2137,NEELAM,SM,84000,54000,64.29
20,2138,NELCAST,EQ,147086,101339,68.90
20,2139,NELCO,EQ,166262,68316,41.09
20,2140,NEOCHEM,SM,208800,139200,66.67
20,2141,NEOGEN,EQ,410092,154173,37.59
20,2142,NEPHROCARE,SM,26000,18000,69.23
20,2143,NEPHROPLUS,EQ,204920,111708,54.51
20,2144,NEPTUNE,SM,1000,1000,100.00
20,2145,NESCO,EQ,46666,24591,52.70
20,2146,NESTLEIND,EQ,568997,382546,67.23
20,2147,NETF,EQ,1013,819,80.85
20,2148,NETWEB,EQ,1532072,310769,20.28
20,2149,NETWORK18,EQ,2802426,1329282,47.43
20,2150,NEULANDLAB,EQ,55257,19640,35.54
20,2151,NEWGEN,EQ,531174,167319,31.50
20,2152,NEWJAISA,ST,4500,4500,100.00
20,2153,NEXT30ADD,EQ,1656,1607,97.04
20,2154,NEXT50,EQ,49990,29163,58.34
20,2155,NEXT50ADD,EQ,993,832,83.79
20,2156,NEXT50BETA,EQ,46573,32981,70.82
20,2157,NEXT50ETF,EQ,9415,5648,59.99
20,2158,NEXT50IETF,EQ,454650,314436,69.16
20,2159,NEXTMEDIA,EQ,117633,110278,93.75
20,2160,NFL,EQ,738161,237251,32.14
20,2161,NFPSAMPOOR,SM,24000,12000,50.00
20,2162,NGIL,EQ,11130,8016,72.02
20,2163,NGLFINE,EQ,4059,2593,63.88
20,2164,NH,EQ,140237,79681,56.82
20,2165,NHPC,EQ,9030454,4844815,53.65
20,2166,NIACL,EQ,5001728,1312365,26.24
20,2167,NIBE,EQ,34841,17963,51.56
20,2168,NIBL,EQ,3827,1902,49.70
20,2169,NICCOPAR,EQ,662,662,100.00
20,2170,NIDAN,SM,14000,13000,92.86
20,2171,NIF100BEES,EQ,45272,37250,82.28
20,2172,NIF100IETF,EQ,65991,36833,55.82
20,2173,NIF500BETA,EQ,881,875,99.32
20,2174,NIFTY1,EQ,107738,61203,56.81
20,2175,NIFTY100EW,EQ,54048,45310,83.83
20,2176,NIFTYADD,EQ,14792,12666,85.63
20,2177,NIFTYAXIS,EQ,182222,178408,97.91
20,2178,NIFTYBEES,EQ,5384617,3626338,67.35
20,2179,NIFTYBETA,EQ,23635,19276,81.56
20,2180,NIFTYBETF,EQ,1464,1319,90.10
20,2181,NIFTYCASE,EQ,841327,717266,85.25
20,2182,NIFTYETF,EQ,146073,96682,66.19
20,2183,NIFTYIETF,EQ,573236,442934,77.27
20,2184,NIFTYJBLK,EQ,68602,56324,82.10
20,2185,NIFTYQLITY,EQ,34816,28205,81.01
20,2186,NIITLTD,EQ,140966,75723,53.72
20,2187,NIITMTS,EQ,64725,38495,59.47
20,2188,NILAINFRA,EQ,121635,80832,66.45
20,2189,NILASPACES,EQ,579752,354185,61.09
20,2190,NILE,EQ,1998,1322,66.17
20,2191,NILKAMAL,EQ,11826,5181,43.81
20,2192,NIMBSPROJ,EQ,114752,14052,12.25
20,2193,NINSYS,EQ,3174,2472,77.88
20,2194,NIPPOBATRY,EQ,1939,1402,72.31
20,2195,NIRAJ,EQ,20039,14198,70.85
20,2196,NIRLON,EQ,3618,3166,87.51
20,2197,NIRMAN,SM,37500,36600,97.60
20,2198,NITCO,EQ,246641,135573,54.97
20,2199,NITINSPIN,EQ,188865,87548,46.35
20,2200,NITIRAJ,EQ,3966,3019,76.12
20,2201,NITTAGELA,EQ,1675,1134,67.70
20,2202,NIVABUPA,EQ,290644,144542,49.73
20,2203,NKIND,EQ,1867,1587,85.00
20,2204,NLCINDIA,EQ,1073393,501636,46.73
20,2205,NMDC,EQ,9878920,5423313,54.90
20,2206,NMSTEEL,SM,12800,6400,50.00
20,2207,NOCIL,EQ,7274037,2715711,37.33
20,2208,NOIDATOLL,EQ,61659,60222,97.67
20,2209,NORBTEAEXP,EQ,1992,1302,65.36
20,2210,NORTHARC,EQ,1349056,636728,47.20
20,2211,NOVARTIND,EQ,2292871,347125,15.14
20,2212,NPBET,EQ,3160,2303,72.88
20,2213,NPST,EQ,25134,10828,43.08
20,2214,NRAIL,EQ,39747,21792,54.83
20,2215,NRBBEARING,EQ,1397242,467485,33.46
20,2216,NRVANDANA,SM,57000,45000,78.95
20,2217,NSIL,EQ,1715,1393,81.22
20,2218,NSLNISP,EQ,3875085,1779399,45.92
20,2219,NTCIND,EQ,559,481,86.05
20,2220,NTPC,EQ,6905905,4844608,70.15
20,2221,NTPCGREEN,EQ,1225146,642388,52.43
20,2222,NUCLEUS,EQ,13973,8255,59.08
20,2223,NUVAMA,EQ,247136,136278,55.14
20,2224,NUVOCO,EQ,256455,137772,53.72
20,2225,NV20,EQ,101535,67848,66.82
20,2226,NV20BEES,EQ,22269,12404,55.70
20,2227,NV20IETF,EQ,378550,243607,64.35
20,2228,NXST,RR,362135,325610,89.91
20,2229,NXT-INFRA,IV,700000,700000,100.00
20,2230,NYKAA,EQ,3136550,1760638,56.13
20,2231,OAL,EQ,64967,33624,51.76
20,2232,OBCL,EQ,4444,4231,95.21
20,2233,OBEROIRLTY,EQ,233031,119056,51.09
20,2234,OBSCP,SM,130400,74800,57.36
20,2235,ODIGMA,EQ,35868,12916,36.01
20,2236,ODYCORP,EQ,40410,34879,86.31
20,2237,OFSS,EQ,167438,83725,50.00
20,2238,OIL,EQ,4397946,1385670,31.51
20,2239,OILIETF,EQ,691135,469584,67.94
20,2240,OLAELEC,EQ,180771099,26285714,14.54
20,2241,OLECTRA,EQ,243403,99493,40.88
20,2242,OLIL,SM,29200,22000,75.34
20,2243,OMAXAUTO,EQ,38738,19184,49.52
20,2244,OMAXE,EQ,742271,169415,22.82
20,2245,OMFURN,SM,2400,2400,100.00
20,2246,OMINFRAL,EQ,56813,25636,45.12
20,2247,OMNI,EQ,1296012,536904,41.43
20,2248,OMPOWER,EQ,35105,22057,62.83
20,2249,ONDOOR,SM,7200,5700,79.17
20,2250,ONEGLOBAL,EQ,15825,8754,55.32
20,2251,ONEPOINT,EQ,661574,321146,48.54
20,2252,ONESOURCE,EQ,247132,131052,53.03
20,2253,ONGC,EQ,12771340,6096147,47.73
20,2254,ONIDA,EQ,466678,292289,62.63
20,2255,ONIXSOLAR,EQ,690257,292782,42.42
20,2256,ONWARDTEC,EQ,55205,25741,46.63
20,2257,ONYX,ST,4000,4000,100.00
20,2258,OPTIEMUS,EQ,286523,87245,30.45
20,2259,OPTIFIN,EQ,44190,34896,78.97
20,2260,OPTIMYSTIX,SM,36800,29600,80.43
20,2261,OPTIVALUE,ST,17600,17600,100.00
20,2262,ORCHASP,EQ,185081,147005,79.43
20,2263,ORCHPHARMA,EQ,43310,23689,54.70
20,2264,ORIANA,SM,41475,31050,74.86
20,2265,ORICONENT,EQ,19885,10373,52.16
20,2266,ORIENTALTL,EQ,70328,37090,52.74
20,2267,ORIENTBELL,EQ,16716,8736,52.26
20,2268,ORIENTCEM,EQ,320950,213351,66.47
20,2269,ORIENTCER,EQ,140327,77798,55.44
20,2270,ORIENTELEC,EQ,45431,31423,69.17
20,2271,ORIENTHOT,EQ,352137,161910,45.98
20,2272,ORIENTPPR,EQ,440501,170669,38.74
20,2273,ORIENTTECH,EQ,266345,54809,20.58
20,2274,ORIRAIL,EQ,86819,46208,53.22
20,2275,ORISSAMINE,EQ,5995,2647,44.15
20,2276,ORKLAINDIA,EQ,46377,25152,54.23
20,2277,ORTINGLOBE,EQ,31447,27357,86.99
20,2278,OSELDEVICE,SM,19800,14800,74.75
20,2279,OSWALAGRO,EQ,61424,29516,48.05
20,2280,OSWALGREEN,EQ,123485,70246,56.89
20,2281,OSWALPUMPS,EQ,919613,302226,32.86
20,2282,OSWALSEEDS,EQ,1573719,755143,47.98
20,2283,OWAIS,ST,15700,15700,100.00
20,2284,PACEDIGITK,EQ,517537,236100,45.62
20,2285,PACIFICI,EQ,106,104,98.11
20,2286,PAGEIND,EQ,15704,6390,40.69
20,2287,PAISALO,EQ,21159038,7537551,35.62
20,2288,PAKKA,EQ,93909,58847,62.66
20,2289,PALASHSECU,EQ,416,208,50.00
20,2290,PALREDTEC,EQ,8304,8289,99.82
20,2291,PANACEABIO,EQ,101111,59657,59.00
20,2292,PANAMAPET,EQ,169128,61712,36.49
20,2293,PANORAMA,EQ,1538580,518225,33.68
20,2294,PANSARI,EQ,1891,1502,79.43
20,2295,PARACABLES,EQ,1118932,533364,47.67
20,2296,PARADEEP,EQ,2248464,1000538,44.50
20,2297,PARAGMILK,EQ,7361793,1689896,22.95
20,2298,PARAGON,SM,21600,16800,77.78
20,2299,PARAS,EQ,745689,169447,22.72
20,2300,PARASPETRO,EQ,172139,121255,70.44
20,2301,PARIN,SM,16500,8250,50.00
20,2302,PARKHOSPS,EQ,281714,120487,42.77
20,2303,PARKHOTELS,EQ,74993,40657,54.21
20,2304,PARNAXLAB,EQ,1783,1363,76.44
20,2305,PARTH,SM,10800,10000,92.59
20,2306,PARTYCRUS,SM,23000,21000,91.30
20,2307,PASHUPATI,EQ,142256,37108,26.09
20,2308,PATANJALI,EQ,1115935,484062,43.38
20,2309,PATELENG,EQ,2216158,1217146,54.92
20,2310,PATELRMART,EQ,59871,35250,58.88
20,2311,PATILAUTOM,SM,325200,231000,71.03
20,2312,PAUSHAKLTD,EQ,31771,17595,55.38
20,2313,PAVNAIND,EQ,91488,56171,61.40
20,2314,PAYTM,EQ,1479094,482576,32.63
20,2315,PBMPOLY,EQ,103,102,99.03
20,2316,PCBL,EQ,3387384,1073814,31.70
20,2317,PCCL,SM,11600,9200,79.31
20,2318,PCJEWELLER,EQ,530933799,107209369,20.19
20,2319,PDMJEPAPER,EQ,864939,163875,18.95
20,2320,PDSL,EQ,160889,113046,70.26
20,2321,PEARLPOLY,EQ,3058,2684,87.77
20,2322,PELATRO,SM,8400,6600,78.57
20,2323,PENIND,EQ,318619,156035,48.97
20,2324,PENINLAND,EQ,128977,93358,72.38
20,2325,PENTAGON,SM,23000,11000,47.83
20,2326,PERFECT,SZ,6000,6000,100.00
20,2327,PERMAGN,EQ,3537,2005,56.69
20,2328,PERNIASPOP,EQ,720934,352962,48.96
20,2329,PERSISTENT,EQ,516940,151589,29.32
20,2330,PETRONET,EQ,2585212,1635832,63.28
20,2331,PFC,EQ,7286720,4408099,60.49
20,2332,PFIZER,EQ,267140,212208,79.44
20,2333,PFOCUS,EQ,374526,166967,44.58
20,2334,PFS,EQ,585575,315489,53.88
20,2335,PGEL,EQ,786316,323313,41.12
20,2336,PGHH,EQ,5960,3687,61.86
20,2337,PGHL,EQ,15867,8320,52.44
20,2338,PGIL,EQ,292926,106416,36.33
20,2339,PGINVIT,IV,1443574,1248124,86.46
20,2340,PHANTOMFX,SM,43500,38100,87.59
20,2341,PHARMABEES,EQ,3713168,2693253,72.53
20,2342,PHOENIXLTD,EQ,383380,241644,63.03
20,2343,PHOENXINTL,EQ,1802,1501,83.30
20,2344,PICCADIL,EQ,127719,49089,38.44
20,2345,PIDILITIND,EQ,475698,287915,60.52
20,2346,PIGL,EQ,58444,34337,58.75
20,2347,PIIND,EQ,275516,178619,64.83
20,2348,PILANIINVS,EQ,2590,1449,55.95
20,2349,PILITA,EQ,42014,27196,64.73
20,2350,PINELABS,EQ,15911117,6368326,40.02
20,2351,PIONEEREMB,EQ,16041,11779,73.43
20,2352,PIRAMALFIN,EQ,335744,198385,59.09
20,2353,PITTIENG,EQ,71222,36784,51.65
20,2354,PIXTRANS,EQ,7959,4772,59.96
20,2355,PKTEA,EQ,10161,4468,43.97
20,2356,PLASTIBLEN,EQ,42721,25084,58.72
20,2357,PLATIND,EQ,35143,18091,51.48
20,2358,PLAZACABLE,EQ,193003,101928,52.81
20,2359,PML,EQ,221,199,90.05
20,2360,PNB,EQ,18231772,7520597,41.25
20,2361,PNBGILTS,EQ,476519,190768,40.03
20,2362,PNBHOUSING,EQ,1084833,620073,57.16
20,2363,PNC,EQ,6498,5325,81.95
20,2364,PNCINFRA,EQ,188698,112251,59.49
20,2365,PNGJL,EQ,248496,137866,55.48
20,2366,PNGSREVA,EQ,121081,72005,59.47
20,2367,POCL,EQ,411795,177255,43.04
20,2368,PODDARMENT,EQ,122057,31124,25.50
20,2369,POEL,EQ,19534,13401,68.60
20,2370,POKARNA,EQ,1363747,368788,27.04
20,2371,POLICYBZR,EQ,414006,216917,52.39
20,2372,POLYCAB,EQ,259270,149793,57.77
20,2373,POLYMED,EQ,99923,45028,45.06
20,2374,POLYPLEX,EQ,75614,53967,71.37
20,2375,POLYSIL,SM,9500,9500,100.00
20,2376,POLYSPIN,EQ,431,431,100.00
20,2377,PONNIERODE,EQ,29127,18892,64.86
20,2378,POONAWALLA,EQ,502977,277658,55.20
20,2379,POSITRON,SM,12000,8400,70.00
20,2380,POWERGRID,EQ,12187656,7693067,63.12
20,2381,POWERICA,EQ,626654,300755,47.99
20,2382,POWERINDIA,EQ,49644,22942,46.21
20,2383,POWERMECH,EQ,36315,15125,41.65
20,2384,PPLPHARMA,EQ,2726382,1302233,47.76
20,2385,PPSL,SM,39000,39000,100.00
20,2386,PRABHA,EQ,118160,54325,45.98
20,2387,PRAENG,EQ,59683,50605,84.79
20,2388,PRAJIND,EQ,459946,217014,47.18
20,2389,PRAKASH,EQ,461514,299064,64.80
20,2390,PRAKASHSTL,EQ,90649,61443,67.78
20,2391,PRAMARA,SM,29500,24500,83.05
20,2392,PRAMODINI,SM,298800,211200,70.68
20,2393,PRATHAM,SM,4800,4800,100.00
20,2394,PRAVEG,EQ,25343,14153,55.85
20,2395,PRAXIS,EQ,220518,194958,88.41
20,2396,PRECAM,EQ,86119,48663,56.51
20,2397,PRECISION,ST,12000,12000,100.00
20,2398,PRECOT,EQ,2297,1464,63.74
20,2399,PRECWIRE,EQ,415746,184304,44.33
20,2400,PREMCO,EQ,742,737,99.33
20,2401,PREMEXPLN,EQ,239866,164410,68.54
20,2402,PREMIERENE,EQ,992989,572481,57.65
20,2403,PREMIERPOL,EQ,189665,100157,52.81
20,2404,PREMIUM,SM,3000,3000,100.00
20,2405,PRESSTONIC,SM,10400,8000,76.92
20,2406,PRESTIGE,EQ,296169,126735,42.79
20,2407,PRICOLLTD,EQ,208612,95701,45.88
20,2408,PRIMECAB,ST,102400,89600,87.50
20,2409,PRIMESECU,EQ,24310,21287,87.56
20,2410,PRIMO,EQ,167025,124998,74.84
20,2411,PRINCEPIPE,EQ,138600,68293,49.27
20,2412,PRISMX,EQ,209988,176408,84.01
20,2413,PRITIKA,SM,30000,16000,53.33
20,2414,PRIVISCL,EQ,104437,57180,54.75
20,2415,PRIZOR,ST,14400,13200,91.67
20,2416,PRLIND,SM,41000,34000,82.93
20,2417,PROFX,SM,1600,1600,100.00
20,2418,PROPEQUITY,SM,1800,1800,100.00
20,2419,PROPSHOP,SM,50000,26000,52.00
20,2420,PROSTARM,EQ,217946,72822,33.41
20,2421,PROTEAN,EQ,207573,116836,56.29
20,2422,PROZONER,EQ,493674,332338,67.32
20,2423,PRSMJOHNSN,EQ,1164917,480562,41.25
20,2424,PRUDENT,EQ,8339,3522,42.24
20,2425,PSB,EQ,1124783,544998,48.45
20,2426,PSFL,SM,6000,4000,66.67
20,2427,PSPPROJECT,EQ,17189,8532,49.64
20,2428,PSRAJ,ST,62500,55000,88.00
20,2429,PSUBANK,EQ,69642,23429,33.64
20,2430,PSUBANKADD,EQ,6679,3537,52.96
20,2431,PSUBNKBEES,EQ,1625906,781304,48.05
20,2432,PSUBNKIETF,EQ,85050,43506,51.15
20,2433,PTC,EQ,1569043,964393,61.46
20,2434,PTCIL,EQ,16490,5574,33.80
20,2435,PTL,EQ,21129,13967,66.10
20,2436,PULZ,SM,32000,28000,87.50
20,2437,PUNJABCHEM,EQ,2534,1383,54.58
20,2438,PURPLEUTED,ST,70500,69750,98.94
20,2439,PURVA,EQ,148029,59561,40.24
20,2440,PURVFLEXI,SM,46400,45600,98.28
20,2441,PUSHPA,SM,18000,5000,27.78
20,2442,PVP,EQ,1507975,706098,46.82
20,2443,PVRINOX,EQ,746014,275344,36.91
20,2444,PVSL,EQ,10011,6000,59.93
20,2445,PVTBANIETF,EQ,471821,269984,57.22
20,2446,PVTBANK,EQ,18361,18106,98.61
20,2447,PVTBANKADD,EQ,11031,7230,65.54
20,2448,PVTBKGROWW,EQ,6087,3678,60.42
20,2449,PWL,EQ,13200512,5994025,45.41
20,2450,PYRAMID,EQ,24175,15794,65.33
20,2451,QGOLDHALF,EQ,252215,86180,34.17
20,2452,QLINE,SM,132000,88000,66.67
20,2453,QNIFTY,EQ,2028,1147,56.56
20,2454,QPOWER,EQ,213213,102889,48.26
20,2455,QUADFUTURE,EQ,431820,139933,32.41
20,2456,QUADPRO,SM,12000,12000,100.00
20,2457,QUAL30IETF,EQ,93934,79968,85.13
20,2458,QUALITY30,EQ,3960,3958,99.95
20,2459,QUESS,EQ,420571,170130,40.45
20,2460,QUESTLAB,SM,20400,18000,88.24
20,2461,QUICKHEAL,EQ,73128,38360,52.46
20,2462,QUICKTOUCH,SM,1500,1000,66.67
20,2463,QUINT,EQ,5768,5492,95.21
20,2464,QVCEL,SM,1600,1600,100.00
20,2465,RACE,EQ,3620,2477,68.43
20,2466,RACLGEAR,EQ,35327,12298,34.81
20,2467,RADAAN,EQ,34059,28917,84.90
20,2468,RADHIKAJWE,EQ,2401430,535592,22.30
20,2469,RADIANTCMS,EQ,577686,301784,52.24
20,2470,RADICO,EQ,119989,61628,51.36
20,2471,RADIOCITY,EQ,57135,36299,63.53
20,2472,RADIOWALLA,ST,4800,3200,66.67
20,2473,RAILTEL,EQ,543638,178287,32.80
20,2474,RAIN,EQ,4114741,1567316,38.09
20,2475,RAINBOW,EQ,75652,42284,55.89
20,2476,RAJINDLTD,SM,10500,10500,100.00
20,2477,RAJMET,EQ,251800,183250,72.78
20,2478,RAJPALAYAM,EQ,2021,1684,83.33
20,2479,RAJPUTANA,SM,1500,1500,100.00
20,2480,RAJRATAN,EQ,120155,60152,50.06
20,2481,RAJSREESUG,EQ,30972,17825,57.55
20,2482,RAJTV,EQ,73915,65786,89.00
20,2483,RALLIS,EQ,593140,330421,55.71
20,2484,RAMANEWS,EQ,8566,5372,62.71
20,2485,RAMAPHO,EQ,12925,7757,60.02
20,2486,RAMBHAJO,EQ,742523,286373,38.57
20,2487,RAMCOCEM,EQ,555763,446660,80.37
20,2488,RAMCOIND,EQ,75109,36921,49.16
20,2489,RAMCOSYS,EQ,71037,39571,55.70
20,2490,RAMKY,EQ,15021,9040,60.18
20,2491,RAMRAT,EQ,205735,74654,36.29
20,2492,RANASUG,EQ,247543,182570,73.75
20,2493,RANEHOLDIN,EQ,6820,3467,50.84
20,2494,RAPIDFLEET,SM,25800,1800,6.98
20,2495,RAPPID,SM,12000,9600,80.00
20,2496,RATEGAIN,EQ,296382,131276,44.29
20,2497,RATNAMANI,EQ,93487,52469,56.12
20,2498,RATNAVEER,EQ,3836811,1075226,28.02
20,2499,RAYMOND,EQ,3307236,535837,16.20
20,2500,RAYMONDLSL,EQ,570900,175544,30.75
20,2501,RAYMONDREL,EQ,277667,131324,47.30
20,2502,RBA,EQ,2882594,1317550,45.71
20,2503,RBLBANK,EQ,2711005,1364327,50.33
20,2504,RBMINFRA,SM,46800,23400,50.00
20,2505,RBS,SM,1600,1600,100.00
20,2506,RCDL,SM,39000,27000,69.23
20,2507,RCDL-RE,ST,27000,24000,88.89
20,2508,RCF,EQ,1662821,360777,21.70
20,2509,READYMIX,SM,25000,21000,84.00
20,2510,RECLTD,EQ,3526950,1449807,41.11
20,2511,REDINGTON,EQ,23154564,3998151,17.27
20,2512,REDTAPE,EQ,148573,80465,54.16
20,2513,REFEX,EQ,160584,86078,53.60
20,2514,REFRACTORY,SM,28000,28000,100.00
20,2515,REGAAL,EQ,110269,63395,57.49
20,2516,REGENCERAM,EQ,3715,2295,61.78
20,2517,RELAXO,EQ,638940,140124,21.93
20,2518,RELCHEMQ,EQ,993,483,48.64
20,2519,RELIABLE,EQ,34606,11080,32.02
20,2520,RELIANCE,EQ,9296079,5049468,54.32
20,2521,RELIGARE,EQ,1470503,757394,51.51
20,2522,RELTD,EQ,231262,122886,53.14
20,2523,REMSONSIND,EQ,83542,32218,38.57
20,2524,REMUS,SM,3800,2900,76.32
20,2525,RENUKA,EQ,18011981,4549206,25.26
20,2526,REPCOHOME,EQ,64220,45771,71.27
20,2527,REPRO,EQ,154399,151478,98.11
20,2528,RESPONIND,EQ,2901744,343780,11.85
20,2529,RETAIL,EQ,6568,5062,77.07
20,2530,REXPRO,SM,5000,2000,40.00
20,2531,RFBL,ST,210000,210000,100.00
20,2532,RGL,EQ,2423183,1142552,47.15
20,2533,RHETAN,EQ,90500,90500,100.00
20,2534,RHIM,EQ,234053,127580,54.51
20,2535,RHL,EQ,816,792,97.06
20,2536,RICHA,ST,4000,4000,100.00
20,2537,RICOAUTO,EQ,416899,136029,32.63
20,2538,RIIL,EQ,52712,23673,44.91
20,2539,RIIT,IV,63750,52787,82.80
20,2540,RILINFRA,SM,12100,10600,87.60
20,2541,RIR,EQ,2170322,1153239,53.14
20,2542,RISHABH,EQ,171348,80850,47.18
20,2543,RITCO,EQ,50250,25599,50.94
20,2544,RITES,EQ,455292,161508,35.47
20,2545,RKDL,EQ,1859,1858,99.95
20,2546,RKEC,EQ,73562,51453,69.95
20,2547,RKFORGE,EQ,717946,290031,40.40
20,2548,RKSWAMY,EQ,25219,17530,69.51
20,2549,RMC,EQ,104694,35496,33.90
20,2550,RML,EQ,187566,52400,27.94
20,2551,RNFI,SM,67200,49200,73.21
20,2552,RNPL,SM,12000,10800,90.00
20,2553,ROCKINGDCE,SM,500,500,100.00
20,2554,ROHLTD,EQ,11856,8037,67.79
20,2555,ROLEXRINGS,EQ,2475259,942945,38.09
20,2556,ROML,EQ,1352,951,70.34
20,2557,ROSSARI,EQ,46876,20590,43.92
20,2558,ROSSELLIND,EQ,18934,11479,60.63
20,2559,ROSSTECH,EQ,82882,33248,40.11
20,2560,ROTO,EQ,325196,97619,30.02
20,2561,ROUTE,EQ,59372,27961,47.09
20,2562,ROXHITECH,SM,16000,12800,80.00
20,2563,RPEL,EQ,213981,71721,33.52
20,2564,RPGLIFE,EQ,11654,5729,49.16
20,2565,RPOWER,EQ,14929226,4438581,29.73
20,2566,RPPINFRA,EQ,349542,132463,37.90
20,2567,RPSGVENT,EQ,43298,30832,71.21
20,2568,RPTECH,EQ,423199,168581,39.83
20,2569,RRECL,EQ,61,61,100.00
20,2570,RRIL,EQ,5782,4541,78.54
20,2571,RRKABEL,EQ,571293,343886,60.19
20,2572,RSL,EQ,172767,96669,55.95
20,2573,RSSOFTWARE,EQ,11425,8911,78.00
20,2574,RSYSTEMS,EQ,107915,64213,59.50
20,2575,RTL,SM,6000,6000,100.00
20,2576,RTNINDIA,EQ,600161,323194,53.85
20,2577,RTNPOWER,EQ,14701929,5381136,36.60
20,2578,RTSPOWR,EQ,1842,1831,99.40
20,2579,RUBFILA,EQ,24306,8027,33.02
20,2580,RUBICON,EQ,143377,80129,55.89
20,2581,RUBYMILLS,EQ,31500,19171,60.86
20,2582,RUCHINFRA,EQ,50981,34947,68.55
20,2583,RUCHIRA,EQ,73974,31129,42.08
20,2584,RUDRA,EQ,74633,66867,89.59
20,2585,RULKA,SM,1800,1500,83.33
20,2586,RUPA,EQ,120378,57709,47.94
20,2587,RUSHIL,EQ,144936,95403,65.82
20,2588,RUSTOMJEE,EQ,18773,10289,54.81
20,2589,RVHL,EQ,13468,12194,90.54
20,2590,RVNL,EQ,5012189,1225374,24.45
20,2591,RVTH,EQ,1557,1422,91.33
20,2592,S&SPOWER,EQ,3172,2188,68.98
20,2593,SAAKSHI,ST,30600,26400,86.27
20,2594,SAATVIKGL,EQ,65004,39724,61.11
20,2595,SAB,EQ,6,3,50.00
20,2596,SACHEEROME,SM,18300,15000,81.97
20,2597,SADBHAV,EQ,158176,115081,72.76
20,2598,SADHAV,SM,58800,43800,74.49
20,2599,SAFARI,EQ,13725,7946,57.89
20,2600,SAFEENTP,SM,14000,9500,67.86
20,2601,SAGARDEEP,EQ,9234,9149,99.08
20,2602,SAGCEM,EQ,50091,35451,70.77
20,2603,SAGILITY,EQ,9850961,5011020,50.87
20,2604,SAHAJSOLAR,SM,9200,7200,78.26
20,2605,SAHANA,SM,17550,11550,65.81
20,2606,SAHASRA,SM,39600,30000,75.76
20,2607,SAHLIBHFI,EQ,22392,12550,56.05
20,2608,SAHYADRI,EQ,11752,7359,62.62
20,2609,SAICAPI,EQ,1950,960,49.23
20,2610,SAIFL,SM,184000,156000,84.78
20,2611,SAIL,EQ,8060794,3676383,45.61
20,2612,SAILIFE,EQ,1174342,641543,54.63
20,2613,SAIPARENT,EQ,61345,28986,47.25
20,2614,SAKAR,EQ,91278,45099,49.41
20,2615,SAKHTISUG,EQ,60402,34545,57.19
20,2616,SAKSOFT,EQ,236398,118185,49.99
20,2617,SAKUMA,EQ,672649,462735,68.79
20,2618,SALASAR,EQ,3374525,1806784,53.54
20,2619,SALONA,EQ,28,25,89.29
20,2620,SALSTEEL,EQ,288268,86299,29.94
20,2621,SALZERELEC,EQ,30610,18161,59.33
20,2622,SAMAY,ST,20000,12000,60.00
20,2623,SAMBANDAM,EQ,200,200,100.00
20,2624,SAMBHAAV,EQ,60377,31354,51.93
20,2625,SAMBHV,EQ,2348033,964478,41.08
20,2626,SAMHI,EQ,14028183,1924045,13.72
20,2627,SAMMAANCAP,EQ,5094753,1977267,38.81
20,2628,SAMPANN,EQ,30605,27794,90.82
20,2629,SANATHAN,EQ,210461,114849,54.57
20,2630,SANDESH,EQ,377,334,88.59
20,2631,SANDHAR,EQ,168956,73198,43.32
20,2632,SANDUMA,EQ,364928,203208,55.68
20,2633,SANGAMIND,EQ,6591,3822,57.99
20,2634,SANGANI,SM,1500,1500,100.00
20,2635,SANGHVIMOV,EQ,129546,67783,52.32
20,2636,SANOFI,EQ,10873,5773,53.09
20,2637,SANOFICONR,EQ,4993,2900,58.08
20,2638,SANSERA,EQ,157289,80572,51.23
20,2639,SANSTAR,EQ,86730,49149,56.67
20,2640,SAPPHIRE,EQ,418375,203153,48.56
20,2641,SAPPL,EQ,4761,4045,84.96
20,2642,SARDAEN,EQ,752808,257204,34.17
20,2643,SAREGAMA,EQ,434404,170194,39.18
20,2644,SARLAPOLY,EQ,31694,20025,63.18
20,2645,SAROJA,SM,12800,11200,87.50
20,2646,SARTELE,SM,65000,45000,69.23
20,2647,SARVESHWAR,EQ,10094104,5838445,57.84
20,2648,SASKEN,EQ,32982,23561,71.44
20,2649,SATECH,SM,23000,19000,82.61
20,2650,SATIA,EQ,185198,116341,62.82
20,2651,SATIN,EQ,307384,212088,69.00
20,2652,SATKARTAR,SM,79200,68000,85.86
20,2653,SATTVAENGG,SM,9600,9600,100.00
20,2654,SAURASHCEM,EQ,30104,21005,69.77
20,2655,SAVY,SM,1200,1200,100.00
20,2656,SAWALIYA,SM,1800,1200,66.67
20,2657,SAYAJIHOTL,EQ,274,270,98.54
20,2658,SAYAJIIND,EQ,25,25,100.00
20,2659,SBC,EQ,10039752,5025531,50.06
20,2660,SBCL,EQ,138832,68220,49.14
20,2661,SBFC,EQ,716501,350308,48.89
20,2662,SBGLP,EQ,485912,230709,47.48
20,2663,SBIBPB,EQ,44509,33359,74.95
20,2664,SBICARD,EQ,1286184,716589,55.71
20,2665,SBIETFCON,EQ,56326,30839,54.75
20,2666,SBIETFIT,EQ,7497,4711,62.84
20,2667,SBIETFPB,EQ,930,818,87.96
20,2668,SBIETFQLTY,EQ,638,539,84.48
20,2669,SBIFUNDS,EQ,591646,306033,51.73
20,2670,SBILIFE,EQ,855621,566452,66.20
20,2671,SBILIQETF,EQ,348800,344320,98.72
20,2672,SBIMIDMOM,EQ,42707,38265,89.60
20,2673,SBIN,EQ,5504031,2251291,40.90
20,2674,SBINEQWETF,EQ,11822,11250,95.16
20,2675,SBINMID150,EQ,14339,12917,90.08
20,2676,SBISILVER,EQ,953345,388953,40.80
20,2677,SBISMLETF,EQ,87267,69498,79.64
20,2678,SBIVALETF,EQ,56826,39737,69.93
20,2679,SCHAEFFLER,EQ,19467,8700,44.69
20,2680,SCHAND,EQ,11634,7769,66.78
20,2681,SCHNEIDER,EQ,223993,94393,42.14
20,2682,SCI,EQ,1123388,462969,41.21
20,2683,SCILAL,EQ,200962,96524,48.03
20,2684,SCML,SM,1000,1000,100.00
20,2685,SCODATUBES,EQ,92022,61179,66.48
20,2686,SDBL,EQ,425579,200354,47.08
20,2687,SDREAMS,SM,12000,9000,75.00
20,2688,SEAMECLTD,EQ,55736,31219,56.01
20,2689,SECMARK,EQ,17484,3934,22.50
20,2690,SECURKLOUD,EQ,6278,5934,94.52
20,2691,SEDEMAC,EQ,105717,60669,57.39
20,2692,SEIL,EQ,213881,127136,59.44
20,2693,SEITINVIT,IV,200000,200000,100.00
20,2694,SEJALLTD,EQ,3755,2367,63.04
20,2695,SEKURITIND,EQ,20279,15879,78.30
20,2696,SEL,SM,7600,5600,73.68
20,2697,SELECTIPO,EQ,27809,17999,64.72
20,2698,SELLOWRAP,SM,1600,1600,100.00
20,2699,SEMAC,EQ,127,127,100.00
20,2700,SENCO,EQ,392329,156377,39.86
20,2701,SENORES,EQ,91237,46674,51.16
20,2702,SENSEXADD,EQ,606,491,81.02
20,2703,SENSEXAXIS,EQ,8976,5190,57.82
20,2704,SENSEXBETA,EQ,1979,1459,73.72
20,2705,SENSEXETF,EQ,26434,14072,53.23
20,2706,SENSEXIETF,EQ,10282,6762,65.77
20,2707,SEPC,EQ,6530129,3683449,56.41
20,2708,SERVOTECH,EQ,221576,117365,52.97
20,2709,SESHAPAPER,EQ,102354,54242,52.99
20,2710,SETF10GILT,EQ,1190,1148,96.47
20,2711,SETFGOLD,EQ,6272437,3946608,62.92
20,2712,SETFNIF50,EQ,1118773,669545,59.85
20,2713,SETFNIFBK,EQ,25458,15665,61.53
20,2714,SETFNN50,EQ,19264,10574,54.89
20,2715,SETL,EQ,344586,295891,85.87
20,2716,SFL,EQ,356525,160967,45.15
20,2717,SFML,SM,3200,1600,50.00
20,2718,SGBAPR28I,GB,234,168,71.79
20,2719,SGBAUG27,GB,28,26,92.86
20,2720,SGBAUG28V,GB,403,321,79.65
20,2721,SGBAUG29V,GB,18,15,83.33
20,2722,SGBAUG30,GB,130,84,64.62
20,2723,SGBD29VIII,GB,38,30,78.95
20,2724,SGBDC27VII,GB,41,33,80.49
20,2725,SGBDE30III,GB,94,74,78.72
20,2726,SGBDE31III,GB,669,431,64.42
20,2727,SGBFEB27,GB,21,21,100.00
20,2728,SGBFEB28IX,GB,25,13,52.00
20,2729,SGBFEB29XI,GB,203,124,61.08
20,2730,SGBFEB32IV,GB,1027,596,58.03
20,2731,SGBJ28VIII,GB,5,2,40.00
20,2732,SGBJAN27,GB,11,11,100.00
20,2733,SGBJAN29IX,GB,150,101,67.33
20,2734,SGBJAN29X,GB,84,80,95.24
20,2735,SGBJAN30IX,GB,347,93,26.80
20,2736,SGBJU29III,GB,2,2,100.00
20,2737,SGBJUL28IV,GB,449,330,73.50
20,2738,SGBJUL29IV,GB,205,179,87.32
20,2739,SGBJUN27,GB,59,43,72.88
20,2740,SGBJUN28,GB,35,31,88.57
20,2741,SGBJUN29II,GB,97,90,92.78
20,2742,SGBJUN30,GB,135,115,85.19
20,2743,SGBJUN31I,GB,273,170,62.27
20,2744,SGBMAR28X,GB,21,19,90.48
20,2745,SGBMAR30X,GB,33,27,81.82
20,2746,SGBMAR31IV,GB,38,27,71.05
20,2747,SGBMAY28,GB,372,336,90.32
20,2748,SGBMAY29I,GB,334,236,70.66
20,2749,SGBMR29XII,GB,153,128,83.66
20,2750,SGBN28VIII,GB,3,2,66.67
20,2751,SGBNOV26,GB,11,11,100.00
20,2752,SGBNV29VII,GB,82,78,95.12
20,2753,SGBOC28VII,GB,8,7,87.50
20,2754,SGBOCT26,GB,2,2,100.00
20,2755,SGBOCT27,GB,41,41,100.00
20,2756,SGBOCT27VI,GB,3,3,100.00
20,2757,SGBSEP27,GB,93,47,50.54
20,2758,SGBSEP28VI,GB,265,239,90.19
20,2759,SGBSEP29VI,GB,91,60,65.93
20,2760,SGBSEP31II,GB,693,553,79.80
20,2761,SGFIN,EQ,153561,81454,53.04
20,2762,SGIL,EQ,3236,2645,81.74
20,2763,SGL,EQ,11807,8572,72.60
20,2764,SGLRES,EQ,63379,44345,69.97
20,2765,SGMART,EQ,400244,192035,47.98
20,2766,SGRL,EQ,42088,26777,63.62
20,2767,SHADOWFAX,EQ,2613346,1449370,55.46
20,2768,SHAH,EQ,3922764,1991237,50.76
20,2769,SHAILY,EQ,102807,53206,51.75
20,2770,SHAKTIPUMP,EQ,13943643,1100894,7.90
20,2771,SHALBY,EQ,87771,58963,67.18
20,2772,SHANKARA,EQ,109702,99005,90.25
20,2773,SHANKESH,EQ,3637976,1356972,37.30
20,2774,SHANTHALA,SM,1200,1200,100.00
20,2775,SHANTI,EQ,11010,7123,64.70
20,2776,SHANTIGEAR,EQ,312598,92737,29.67
20,2777,SHANTIGOLD,EQ,1253608,420653,33.56
20,2778,SHANTIINOR,ST,217600,203200,93.38
20,2779,SHARDACROP,EQ,72793,33382,45.86
20,2780,SHARDAMOTR,EQ,220362,98064,44.50
20,2781,SHAREINDIA,EQ,58611177,3179079,5.42
20,2782,SHARIABEES,EQ,10553,8078,76.55
20,2783,SHBAJRG,EQ,486,356,73.25
20,2784,SHEETAL,SM,67500,42000,62.22
20,2785,SHERA,SM,253000,157000,62.06
20,2786,SHERVANI,EQ,15,11,73.33
20,2787,SHETHJI,SM,23000,16000,69.57
20,2788,SHIGAN,SM,4500,3000,66.67
20,2789,SHILCTECH,EQ,12554,6830,54.40
20,2790,SHILGRAVQ,EQ,93780,29419,31.37
20,2791,SHILPAMED,EQ,682900,325308,47.64
20,2792,SHINDL,EQ,305847,149047,48.73
20,2793,SHIPROCKET,EQ,2568729,834398,32.48
20,2794,SHIVAAGRO,EQ,1492,1387,92.96
20,2795,SHIVACEM,EQ,46357,42557,91.80
20,2796,SHIVALIK,EQ,375449,152959,40.74
20,2797,SHIVAMAUTO,EQ,23256,14960,64.33
20,2798,SHIVAMILLS,EQ,215,108,50.23
20,2799,SHIVASHRIT,SM,102000,45000,44.12
20,2800,SHIVATEX,EQ,10363,6646,64.13
20,2801,SHIVAUM,EQ,898031,708454,78.89
20,2802,SHK,EQ,216431,127412,58.87
20,2803,SHKSIL,SM,8000,8000,100.00
20,2804,SHOPERSTOP,EQ,19659,7237,36.81
20,2805,SHRADDHA,EQ,9404,2841,30.21
20,2806,SHRADHA,EQ,19799,7215,36.44
20,2807,SHREDIGCEM,EQ,114970,76742,66.75
20,2808,SHREECEM,EQ,9990,4513,45.18
20,2809,SHREEDHAR,ST,4000,4000,100.00
20,2810,SHREEJISPG,EQ,1182838,496335,41.96
20,2811,SHREEKARNI,SM,4050,3300,81.48
20,2812,SHREEOSFM,SM,2000,2000,100.00
20,2813,SHREEPUSHK,EQ,85810,45559,53.09
20,2814,SHREERAMA,EQ,207997,102289,49.18
20,2815,SHREYANIND,EQ,8075,4492,55.63
20,2816,SHRIAHIMSA,ST,10800,10800,100.00
20,2817,SHRIKANHA,SM,9600,8000,83.33
20,2818,SHRIKRISH,EQ,159,136,85.53
20,2819,SHRINGARMS,EQ,186044,76239,40.98
20,2820,SHRIPISTON,EQ,29116,14970,51.42
20,2821,SHRIRAMFIN,EQ,2757241,1638476,59.42
20,2822,SHRIRAMPPS,EQ,214076,120180,56.14
20,2823,SHRITECH,SM,12000,10000,83.33
20,2824,SHRJAGP,EQ,466,310,66.52
20,2825,SHUBHLAXMI,SM,6000,5000,83.33
20,2826,SHUBHSHREE,SM,6600,5100,77.27
20,2827,SHUKRAPHAR,EQ,4087812,2249921,55.04
20,2828,SHYAMDHANI,ST,30000,28000,93.33
20,2829,SHYAMMETL,EQ,128947,61174,47.44
20,2830,SHYAMTEL,EQ,4900,4888,99.76
20,2831,SICAGEN,EQ,20126,11765,58.46
20,2832,SIDDHICOTS,SM,3600,3600,100.00
20,2833,SIDDHIKA,SM,1500,1500,100.00
20,2834,SIEL,EQ,379,379,100.00
20,2835,SIEMENS,EQ,227398,120230,52.87
20,2836,SIGACHI,EQ,13529422,4121928,30.47
20,2837,SIGMA,EQ,111147,48501,43.64
20,2838,SIGNATURE,EQ,193242,16935,8.76
20,2839,SIGNPOST,EQ,83178,32731,39.35
20,2840,SIKA,EQ,75059,32952,43.90
20,2841,SIL,EQ,51287,32581,63.53
20,2842,SILGO,EQ,11423,5871,51.40
20,2843,SILINV,EQ,1527,1268,83.04
20,2844,SILKFLEX,SM,28000,20000,71.43
20,2845,SILKY,SM,4000,4000,100.00
20,2846,SILVER,EQ,1037175,465841,44.91
20,2847,SILVER001,EQ,12981,9141,70.42
20,2848,SILVER1,EQ,21027856,10423165,49.57
20,2849,SILVER360,EQ,18794,11326,60.26
20,2850,SILVERADD,EQ,4334709,1488207,34.33
20,2851,SILVERAG,EQ,278333,132433,47.58
20,2852,SILVERAXIS,EQ,147010,69914,47.56
20,2853,SILVERBEES,EQ,16509484,6614225,40.06
20,2854,SILVERBETA,EQ,512145,240443,46.95
20,2855,SILVERBND,EQ,15782,4593,29.10
20,2856,SILVERCASE,EQ,11933662,7141088,59.84
20,2857,SILVERIETF,EQ,3084086,1354928,43.93
20,2858,SILVERTUC,EQ,2242513,858696,38.29
20,2859,SIMCA,ST,18600,18600,100.00
20,2860,SIMPLEXINF,EQ,100611,69579,69.16
20,2861,SIMPLXREA,EQ,414,414,100.00
20,2862,SINCLAIR,EQ,20693,13597,65.71
20,2863,SINDHUTRAD,EQ,1497012,694391,46.39
20,2864,SINGERIND,EQ,385095,216477,56.21
20,2865,SINTERCOM,EQ,51758,27194,52.54
20,2866,SIRCA,EQ,313161,97017,30.98
20,2867,SIS,EQ,439487,206813,47.06
20,2868,SIYSIL,EQ,34024,15408,45.29
20,2869,SJLOGISTIC,SM,23500,21000,89.36
20,2870,SJS,EQ,97579,63444,65.02
20,2871,SJVN,EQ,3722427,1475051,39.63
20,2872,SKFINDIA,EQ,15804,9201,58.22
20,2873,SKFINDUS,EQ,42276,27198,64.33
20,2874,SKIPPER,EQ,1056778,410729,38.87
20,2875,SKMEGGPROD,EQ,149927,77010,51.36
20,2876,SKP,SM,38500,26000,67.53
20,2877,SKYGOLD,EQ,750031,349523,46.60
20,2878,SKYTECH,SM,9600,9600,100.00
20,2879,SKYWAYS,EQ,2803163,788288,28.12
20,2880,SLONE,ST,800,800,100.00
20,2881,SMALL250,EQ,120772,72070,59.67
20,2882,SMALLADD,EQ,16578,14781,89.16
20,2883,SMALLCAP,EQ,1636202,1246916,76.21
20,2884,SMALLGROWW,EQ,6211,5222,84.08
20,2885,SMALLIETF,EQ,34009,25566,75.17
20,2886,SMARTEN,ST,15600,15600,100.00
20,2887,SMARTWORKS,EQ,112126,75455,67.29
20,2888,SMCGLOBAL,EQ,35904423,2308596,6.43
20,2889,SML100CASE,EQ,2173190,1397357,64.30
20,2890,SMLMAH,EQ,70105,33245,47.42
20,2891,SMLT,EQ,5764,4200,72.87
20,2892,SMSPHARMA,EQ,561774,219805,39.13
20,2893,SNEHAA,SM,8000,5000,62.50
20,2894,SNOWMAN,EQ,97879,54659,55.84
20,2895,SNXT30BEES,EQ,1883,1707,90.65
20,2896,SNXT50BETA,EQ,3299,1792,54.32
20,2897,SOBHA,EQ,181083,146097,80.68
20,2898,SOCL,SM,6400,6400,100.00
20,2899,SOFTTECH,EQ,1259,926,73.55
20,2900,SOLARA,EQ,1463549,336740,23.01
20,2901,SOLARINDS,EQ,58690,23551,40.13
20,2902,SOLARWORLD,EQ,292863,143934,49.15
20,2903,SOLEX,EQ,22358,10002,44.74
20,2904,SOMANYCERA,EQ,88278,40527,45.91
20,2905,SOMATEX,EQ,3736,2615,69.99
20,2906,SOMICONVEY,EQ,99320,22847,23.00
20,2907,SONACOMS,EQ,1517259,572257,37.72
20,2908,SONAL,EQ,240,238,99.17
20,2909,SONAMAC,SM,2000,2000,100.00
20,2910,SONATSOFTW,EQ,1071987,414010,38.62
20,2911,SONUINFRA,ST,132000,124500,94.32
20,2912,SOTL,EQ,257147,80702,31.38
20,2913,SOUTHBANK,EQ,5591541,2583705,46.21
20,2914,SOUTHWEST,EQ,370671,180416,48.67
20,2915,SPAL,EQ,54077,20826,38.51
20,2916,SPANDANA,EQ,102678,51581,50.24
20,2917,SPARC,EQ,700852,310514,44.31
20,2918,SPCENET,EQ,500547,420539,84.02
20,2919,SPCL,SM,10800,7200,66.67
20,2920,SPECTSTM,SM,800,800,100.00
20,2921,SPENCERS,EQ,81409,74691,91.75
20,2922,SPIC,EQ,457757,255101,55.73
20,2923,SPLIL,EQ,1637,1421,86.81
20,2924,SPLPETRO,EQ,413527,130534,31.57
20,2925,SPMLINFRA,EQ,97588,60052,61.54
20,2926,SPORTKING,EQ,180996,86313,47.69
20,2927,SPPPOLY,SM,2000,2000,100.00
20,2928,SPRL,SM,800,800,100.00
20,2929,SPUNWEB,SM,4800,4800,100.00
20,2930,SRD,EQ,61667,47578,77.15
20,2931,SREEL,EQ,487582,127815,26.21
20,2932,SRF,EQ,210831,86263,40.92
20,2933,SRGHFL,EQ,126947,87803,69.17
20,2934,SRHHYPOLTD,EQ,18403,12735,69.20
20,2935,SRIVASAVI,ST,3000,3000,100.00
20,2936,SRM,EQ,35913,17768,49.48
20,2937,SRTL,EQ,38337,20184,52.65
20,2938,SSDL,EQ,296352,168049,56.71
20,2939,SSEGL,SM,171600,127200,74.13
20,2940,SSFL,ST,24500,24000,97.96
20,2941,SSWL,EQ,696576,292980,42.06
20,2942,STANLEY,EQ,89312,49104,54.98
20,2943,STAR,EQ,304120,162108,53.30
20,2944,STARCEMENT,EQ,219251,134197,61.21
20,2945,STARHEALTH,EQ,426891,215368,50.45
20,2946,STARPAPER,EQ,131116,100035,76.30
20,2947,STARTECK,EQ,233,142,60.94
20,2948,STCINDIA,EQ,13252,9684,73.08
20,2949,STEELCAS,EQ,45339,21220,46.80
20,2950,STEELCITY,EQ,183418,91756,50.03
20,2951,STEELXIND,EQ,28145206,5473591,19.45
20,2952,STEL,EQ,4036,2391,59.24
20,2953,STLNETWORK,EQ,8127111,4512053,55.52
20,2954,STLSTRINF,EQ,2419,1751,72.39
20,2955,STOVEKRAFT,EQ,48566,24360,50.16
20,2956,STRIDERS,SM,1600,1600,100.00
20,2957,STUDDS,EQ,46750,28655,61.29
20,2958,STUDIOLSD,SM,26000,20000,76.92
20,2959,STYL,EQ,85709,43442,50.69
20,2960,STYLAMIND,EQ,14083,7579,53.82
20,2961,STYLEBAAZA,EQ,379221,249008,65.66
20,2962,STYRENIX,EQ,28582,16005,56.00
20,2963,SUBAHOTELS,SM,14400,12000,83.33
20,2964,SUBEXLTD,EQ,15258452,5717882,37.47
20,2965,SUBROS,EQ,45641,21454,47.01
20,2966,SUDARCOLOR,EQ,2765,1915,69.26
20,2967,SUDARSCHEM,EQ,490526,281147,57.32
20,2968,SUDEEPPHRM,EQ,283504,134083,47.29
20,2969,SUKHJITS,EQ,24992,18977,75.93
20,2970,SULA,EQ,341494,193591,56.69
20,2971,SUMAX,ST,409200,408000,99.71
20,2972,SUMEDHA,EQ,4591,4045,88.11
20,2973,SUMEETINDS,EQ,1464680,1035181,70.68
20,2974,SUMICHEM,EQ,699446,437019,62.48
20,2975,SUMIT,EQ,13255,9672,72.97
20,2976,SUMMITSEC,EQ,5431,3370,62.05
20,2977,SUNCLAY,EQ,4028,2476,61.47
20,2978,SUNDARAM,EQ,230555,167636,72.71
20,2979,SUNDARMFIN,EQ,17626,8706,49.39
20,2980,SUNDRMFAST,EQ,2102293,296754,14.12
20,2981,SUNDROP,EQ,37446,25915,69.21
20,2982,SUNFLAG,EQ,295191,150375,50.94
20,2983,SUNLITE,SM,114600,80100,69.90
20,2984,SUNLOC,EQ,173,173,100.00
20,2985,SUNPHARMA,EQ,1178648,780836,66.25
20,2986,SUNRAKSHAK,EQ,11408,9005,78.94
20,2987,SUNREST,SM,1600,1600,100.00
20,2988,SUNSHIEL,EQ,3247,2528,77.86
20,2989,SUNSHINE,EQ,2019949,336683,16.67
20,2990,SUNTECH,SM,6400,6400,100.00
20,2991,SUNTECK,EQ,102409,47440,46.32
20,2992,SUNTV,EQ,289944,128062,44.17
20,2993,SUPERHOUSE,EQ,37503,26487,70.63
20,2994,SUPRAJIT,EQ,143145,89637,62.62
20,2995,SUPREME,EQ,38829,14609,37.62
20,2996,SUPREMEIND,EQ,54496,29171,53.53
20,2997,SUPREMEINF,EQ,288397,127770,44.30
20,2998,SUPREMEPWR,SM,42500,34500,81.18
20,2999,SUPRIYA,EQ,244416,93393,38.21
20,3000,SURAJEST,EQ,362659,224959,62.03
20,3001,SURAJLTD,EQ,3232,3101,95.95
20,3002,SURAKSHA,EQ,44852,24706,55.08
20,3003,SURANASOL,EQ,15426,13034,84.49
20,3004,SURANAT&P,EQ,37061,29175,78.72
20,3005,SURANI,SM,600,600,100.00
20,3006,SURYALA,EQ,981,448,45.67
20,3007,SURYALAXMI,EQ,1209,1055,87.26
20,3008,SURYAROSNI,EQ,322557,184036,57.06
20,3009,SURYODAY,EQ,132570,72954,55.03
20,3010,SUVEN,EQ,297186,126309,42.50
20,3011,SUVIDHAA,EQ,164465,134553,81.81
20,3012,SUYOG,EQ,27272,15049,55.18
20,3013,SUZLON,EQ,43668900,19878556,45.52
20,3014,SVGLOBAL,EQ,711,582,81.86
20,3015,SVPGLOB,EQ,18905,17825,94.29
20,3016,SWANCORP,EQ,53152302,2818234,5.30
20,3017,SWARAJENG,EQ,7542,5399,71.59
20,3018,SWARNSAR,EQ,75776,52139,68.81
20,3019,SWASTIK,ST,1200,1200,100.00
20,3020,SWELECTES,EQ,11018,5462,49.57
20,3021,SWIGGY,EQ,11468920,5474539,47.73
20,3022,SWSOLAR,EQ,2401702,652301,27.16
20,3023,SYMBIOTEC,EQ,2805864,583626,20.80
20,3024,SYMPHONY,EQ,96158,29970,31.17
20,3025,SYNCOMF,EQ,8403583,2694149,32.06
20,3026,SYNGENE,EQ,187712,99935,53.24
20,3027,SYRMA,EQ,738911,239824,32.46
20,3028,SYSTANGO,SM,6000,4400,73.33
20,3029,TAALTECH,EQ,24471,13769,56.27
20,3030,TAC,ST,41600,35600,85.58
20,3031,TAINWALCHM,EQ,3826,3171,82.88
20,3032,TAJGVK,EQ,188257,78172,41.52
20,3033,TAKE,EQ,44087,43287,98.19
20,3034,TALBROAUTO,EQ,72274,34706,48.02
20,3035,TANAA,EQ,64866,46919,72.33
20,3036,TANKUP,ST,3500,3500,100.00
20,3037,TANLA,EQ,273285,125869,46.06
20,3038,TARACHAND,EQ,59324,25342,42.72
20,3039,TARAPUR,EQ,23544,12281,52.16
20,3040,TARC,EQ,496359,323054,65.08
20,3041,TARIL,EQ,1129752,670250,59.33
20,3042,TARMAT,EQ,27556,10972,39.82
20,3043,TARSONS,EQ,136445,33880,24.83
20,3044,TASTYBITE,EQ,6020,2642,43.89
20,3045,TATACAP,EQ,664000,380771,57.35
20,3046,TATACHEM,EQ,692580,219057,31.63
20,3047,TATACOMM,EQ,187640,101257,53.96
20,3048,TATACONSUM,EQ,1001929,628362,62.72
20,3049,TATAELXSI,EQ,208936,48185,23.06
20,3050,TATAGOLD,EQ,42926312,15435322,35.96
20,3051,TATAINVEST,EQ,8165222,438898,5.38
20,3052,TATAPOWER,EQ,2896528,1239414,42.79
20,3053,TATASTEEL,EQ,23334612,12722193,54.52
20,3054,TATATECH,EQ,739884,234205,31.65
20,3055,TATSILV,EQ,39043618,15079639,38.62
20,3056,TATVA,EQ,96077,33958,35.34
20,3057,TAURIAN,ST,7200,6400,88.89
20,3058,TBI,SM,338400,246000,72.70
20,3059,TBOTEK,EQ,100199,44736,44.65
20,3060,TBZ,EQ,1594014,684761,42.96
20,3061,TCC,EQ,56803097,1339325,2.36
20,3062,TCI,EQ,21739,12710,58.47
20,3063,TCIEXP,EQ,15584,8743,56.10
20,3064,TCL,SM,60000,45600,76.00
20,3065,TCPLPACK,EQ,9504,4591,48.31
20,3066,TCS,EQ,2490912,1244751,49.97
20,3067,TDPOWERSYS,EQ,1289222,608217,47.18
20,3068,TEAMGTY,EQ,977,875,89.56
20,3069,TEAMLEASE,EQ,11448,7492,65.44
20,3070,TEAMTECH,ST,78000,68000,87.18
20,3071,TECH,EQ,19988,16496,82.53
20,3072,TECHD,SM,60300,39300,65.17
20,3073,TECHERA,SM,58400,43200,73.97
20,3074,TECHLABS,SM,12500,11250,90.00
20,3075,TECHM,EQ,1405653,477907,34.00
20,3076,TECHNOCRAF,EQ,4534860,721700,15.91
20,3077,TECHNOE,EQ,258265,118967,46.06
20,3078,TECHNVISN,EQ,135,88,65.19
20,3079,TECILCHEM,EQ,11648,10205,87.61
20,3080,TEGA,EQ,1131990,204531,18.07
20,3081,TEJA,SM,8400,5400,64.29
20,3082,TEJASNET,EQ,4076904,1146825,28.13
20,3083,TEMBO,EQ,345675,157172,45.47
20,3084,TEMPSENS,EQ,2165254,510862,23.59
20,3085,TENNIND,EQ,601567,337491,56.10
20,3086,TERAI,EQ,546,416,76.19
20,3087,TERASOFT,EQ,14181,7356,51.87
20,3088,TEXINFRA,EQ,277127,101972,36.80
20,3089,TEXMOPIPES,EQ,789095,289536,36.69
20,3090,TEXRAIL,EQ,3303257,969386,29.35
20,3091,TFCILTD,EQ,4319155,1773005,41.05
20,3092,TFL,EQ,3804,2034,53.47
20,3093,TGBHOTELS,EQ,7344,4253,57.91
20,3094,TGL,ST,600,600,100.00
20,3095,TGVSL,EQ,158109,82719,52.32
20,3096,THAKDEV,EQ,745,679,91.14
20,3097,THANGAMAYL,EQ,90183,35878,39.78
20,3098,THEINVEST,EQ,5406,3452,63.85
20,3099,THEJO,EQ,8107,5311,65.51
20,3100,THELEELA,EQ,343941,128076,37.24
20,3101,THEMISMED,EQ,80188,46308,57.75
20,3102,THERMAX,EQ,112142,50930,45.42
20,3103,THESL,ST,6000,3000,50.00
20,3104,THOMASCOOK,EQ,494762,192793,38.97
20,3105,THOMASCOTT,EQ,124120,86076,69.35
20,3106,THYROCARE,EQ,303873,182829,60.17
20,3107,TI,EQ,370739,170048,45.87
20,3108,TIGERLOGS,EQ,64523,42297,65.55
20,3109,TIIL,EQ,44509,24563,55.19
20,3110,TIINDIA,EQ,174561,105093,60.20
20,3111,TIMETECHNO,EQ,2051244,823612,40.15
20,3112,TIMEX,EQ,232843,105446,45.29
20,3113,TIMKEN,EQ,72555,31104,42.87
20,3114,TINNARUBR,EQ,40611,21948,54.04
20,3115,TIPSFILMS,EQ,1392,778,55.89
20,3116,TIPSMUSIC,EQ,528038,256969,48.66
20,3117,TIRUMALCHM,EQ,474593,215060,45.31
20,3118,TITAGARH,EQ,970891,332896,34.29
20,3119,TITAN,EQ,336565,198808,59.07
20,3120,TMB,EQ,51371,22000,42.83
20,3121,TMCV,EQ,4477525,2287723,51.09
20,3122,TMPV,EQ,7512877,3440392,45.79
20,3123,TNIDETF,EQ,80115,44937,56.09
20,3124,TNPETRO,EQ,854501,296170,34.66
20,3125,TNPL,EQ,364842,144381,39.57
20,3126,TNTELE,EQ,26707,12562,47.04
20,3127,TOKYOPLAST,EQ,353,246,69.69
20,3128,TOLINS,EQ,31876,25286,79.33
20,3129,TOP100CASE,EQ,827470,598488,72.33
20,3130,TOP10ADD,EQ,732020,608492,83.13
20,3131,TOP15IETF,EQ,213037,160624,75.40
20,3132,TOP20,EQ,26579,26541,99.86
20,3133,TORNTPHARM,EQ,190249,102858,54.06
20,3134,TORNTPOWER,EQ,110609,47927,43.33
20,3135,TOUCHWOOD,EQ,1415,1088,76.89
20,3136,TOYAMSL,EQ,2174611,771671,35.49
20,3137,TPLPLASTEH,EQ,129788,41569,32.03
20,3138,TRACXN,EQ,267220,228972,85.69
20,3139,TRANSCOR,EQ,6327,4144,65.50
20,3140,TRANSRAILL,EQ,357838,193029,53.94
20,3141,TRANSTEEL,SM,176000,114000,64.77
20,3142,TRAVELFOOD,EQ,16562,8262,49.89
20,3143,TREEHOUSE,EQ,13053,9230,70.71
20,3144,TREJHARA,EQ,7570,5538,73.16
20,3145,TREL,EQ,70457,52779,74.91
20,3146,TRENT,EQ,503802,288301,57.23
20,3147,TRF,EQ,27500,14684,53.40
20,3148,TRIDENT,EQ,2209137,1033984,46.80
20,3149,TRIDHYA,ST,12000,12000,100.00
20,3150,TRIGYN,EQ,31717,16695,52.64
20,3151,TRITONV,EQ,3031,2205,72.75
20,3152,TRITURBINE,EQ,1145463,693905,60.58
20,3153,TRIVENI,EQ,411213,186772,45.42
20,3154,TRU,EQ,85955,64559,75.11
20,3155,TRUALT,EQ,92623,48285,52.13
20,3156,TRUST,SM,47400,39000,82.28
20,3157,TSC,ST,84000,84000,100.00
20,3158,TSFINV,EQ,183455,81200,44.26
20,3159,TTKHLTCARE,EQ,64448,32839,50.95
20,3160,TTKPRESTIG,EQ,31877,15851,49.73
20,3161,TTL,EQ,375671,182512,48.58
20,3162,TTML,EQ,1248091,691216,55.38
20,3163,TUNWAL,SM,22000,14000,63.64
20,3164,TURTLEMINT,EQ,894619,292519,32.70
20,3165,TUTIALKA,EQ,22118,15412,69.68
20,3166,TVSELECT,EQ,15852,8294,52.32
20,3167,TVSHLTD,EQ,3702,1561,42.17
20,3168,TVSMOTOR,EQ,550990,337362,61.23
20,3169,TVSSCS,EQ,952295,535068,56.19
20,3170,TVSSRICHAK,EQ,5894,2377,40.33
20,3171,TVTODAY,EQ,25559,18082,70.75
20,3172,TWCGOLDETF,EQ,2212,2052,92.77
20,3173,UBL,EQ,43033,21470,49.89
20,3174,UCOBANK,EQ,3531333,1564540,44.30
20,3175,UDAYJEW,EQ,90402,31281,34.60
20,3176,UDS,EQ,328911,153356,46.63
20,3177,UEL,EQ,34173,16953,49.61
20,3178,UFLEX,EQ,104598,51604,49.34
20,3179,UFO,EQ,6766,4848,71.65
20,3180,UGARSUGAR,EQ,298195,108033,36.23
20,3181,UGROCAP,EQ,114156,66762,58.48
20,3182,UHTL,ST,18000,18000,100.00
20,3183,UJJIVANSFB,EQ,14339627,6608492,46.09
20,3184,ULTRACEMCO,EQ,270894,167707,61.91
20,3185,ULTRAMAR,EQ,54884,30280,55.17
20,3186,UMA,SM,8000,4000,50.00
20,3187,UMESLTD,EQ,6984,6284,89.98
20,3188,UMIYA-MRO,EQ,19475,12167,62.47
20,3189,UNICHEMLAB,EQ,73010,31216,42.76
20,3190,UNIECOM,EQ,121873,64017,52.53
20,3191,UNIENTER,EQ,4203,3604,85.75
20,3192,UNIHEALTH,SM,15000,11500,76.67
20,3193,UNIINFO,EQ,2330,1987,85.28
20,3194,UNIMECH,EQ,132067,58090,43.99
20,3195,UNIONBANK,EQ,8544176,3449496,40.37
20,3196,UNIONGOLD,EQ,3497,1231,35.20
20,3197,UNIPARTS,EQ,208073,77160,37.08
20,3198,UNITDSPR,EQ,432902,293815,67.87
20,3199,UNITECH,EQ,17405158,8920059,51.25
20,3200,UNITEDPOLY,EQ,88234,65986,74.79
20,3201,UNITEDTEA,EQ,5789,5619,97.06
20,3202,UNIVCABLES,EQ,65126,27372,42.03
20,3203,UNOMINDA,EQ,474437,293941,61.96
20,3204,UPHOT,EQ,259,248,95.75
20,3205,UPL,EQ,1242223,799693,64.38
20,3206,URBAN,SM,7200,4800,66.67
20,3207,URBANCO,EQ,6694497,2347188,35.06
20,3208,URJA,EQ,505944,379314,74.97
20,3209,USASEEDS,SM,2996,2568,85.71
20,3210,USHAFIN,SM,4800,4800,100.00
20,3211,USHAMART,EQ,781944,498281,63.72
20,3212,USK,EQ,32729,26439,80.78
20,3213,UTIAMC,EQ,208731,111195,53.27
20,3214,UTKAL,SM,26000,22000,84.62
20,3215,UTKARSHBNK,EQ,53894436,17667380,32.78
20,3216,UTLSOLAR,EQ,198307,88921,44.84
20,3217,UTSSAV,SM,126000,109800,87.14
20,3218,UTTAMSUGAR,EQ,179791,58835,32.72
20,3219,UWCSL,SM,1000,1000,100.00
20,3220,V2RETAIL,EQ,528322,294165,55.68
20,3221,VADILALIND,EQ,18654,10723,57.48
20,3222,VADILENT,EQ,105,105,100.00
20,3223,VAIBHAVGBL,EQ,257975,106239,41.18
20,3224,VAISHALI,EQ,204884,147256,71.87
20,3225,VAKRANGEE,EQ,939918,600057,63.84
20,3226,VAL30IETF,EQ,110430,58406,52.89
20,3227,VALUE,EQ,15691,8291,52.84
20,3228,VALUE360,SM,2400,2400,100.00
20,3229,VALUEAXIS,EQ,122454,66155,54.02
20,3230,VAML,EQ,4113436,2801372,68.10
20,3231,VARDMNPOLY,EQ,130934,81533,62.27
20,3232,VARROC,EQ,1468228,400494,27.28
20,3233,VASCONEQ,EQ,225491,138403,61.38
20,3234,VASUPRADA,EQ,51,51,100.00
20,3235,VASWANI,EQ,33025,30736,93.07
20,3236,VBL,EQ,7713560,3716766,48.18
20,3237,VDEAL,SM,14400,10200,70.83
20,3238,VEDAVAAG,EQ,526243,350059,66.52
20,3239,VEDL,EQ,4834991,2793244,57.77
20,3240,VEDPOWER,EQ,10913217,5352139,49.04
20,3241,VEEDOL,EQ,5202,3332,64.05
20,3242,VEEKAYEM,SM,10000,7500,75.00
20,3243,VENKEYS,EQ,83868,36435,43.44
20,3244,VENTIVE,EQ,49112,39054,79.52
20,3245,VENUSPIPES,EQ,171606,66568,38.79
20,3246,VERANDA,EQ,90890,57160,62.89
20,3247,VERTEXPLUS,SM,3000,3000,100.00
20,3248,VERTIS,IV,75000,75000,100.00
20,3249,VERTOZ,EQ,128888,84976,65.93
20,3250,VESUVIUS,EQ,123836,70452,56.89
20,3251,VGCL,EQ,4211,3474,82.50
20,3252,VGINFOTECH,SM,9000,7000,77.78
20,3253,VGL,EQ,279228,137537,49.26
20,3254,VGUARD,EQ,389120,200087,51.42
20,3255,VHL,EQ,512,307,59.96
20,3256,VIAZ,SM,8000,8000,100.00
20,3257,VICTORYEV,SM,12000,12000,100.00
20,3258,VIDHIING,EQ,17805,10730,60.26
20,3259,VIDYAWIRES,EQ,700002,312421,44.63
20,3260,VIESL,SM,14400,9600,66.67
20,3261,VIGOR,SM,28800,27200,94.44
20,3262,VIJAYA,EQ,87796,35446,40.37
20,3263,VIJAYPD,SM,2000,2000,100.00
20,3264,VIJSOLX,EQ,1932,1747,90.42
20,3265,VIKASECO,EQ,3504047,2176473,62.11
20,3266,VIKASLIFE,EQ,1778465,987326,55.52
20,3267,VIKRAMSOLR,EQ,960872,565526,58.86
20,3268,VIKRAN,EQ,769420,387147,50.32
20,3269,VILAS,SM,24500,20500,83.67
20,3270,VILINBIO,SM,20000,12000,60.00
20,3271,VIMTALABS,EQ,104764,42928,40.98
20,3272,VINATIORGA,EQ,42615,25769,60.47
20,3273,VINCOFE,EQ,3362417,1319213,39.23
20,3274,VINDHYATEL,EQ,61035,21179,34.70
20,3275,VINEETLAB,EQ,61159,35678,58.34
20,3276,VINNY,EQ,323408,303047,93.70
20,3277,VINSYS,ST,500,500,100.00
20,3278,VINYAS,SM,8600,6100,70.93
20,3279,VINYLINDIA,EQ,4739,3545,74.80
20,3280,VIPCLOTHNG,EQ,103793,75457,72.70
20,3281,VIPIND,EQ,348354,193296,55.49
20,3282,VIRAT,EQ,13675,11661,85.27
20,3283,VIRINCHI,EQ,55005,38090,69.25
20,3284,VISACHROME,EQ,26010,21021,80.82
20,3285,VISAKAIND,EQ,216486,65242,30.14
20,3286,VISAMAN,SM,1000,1000,100.00
20,3287,VISHAL,EQ,58458,37077,63.43
20,3288,VISHNU,EQ,82846,39079,47.17
20,3289,VISHNUINFR,SM,11000,10000,90.91
20,3290,VISHWARAJ,EQ,346180,185585,53.61
20,3291,VISHWAS,ST,1600,1600,100.00
20,3292,VISL,EQ,11464492,4698003,40.98
20,3293,VITAL,EQ,24027,21914,91.21
20,3294,VIVIANA,EQ,24002,11316,47.15
20,3295,VIVIDEL,SM,40560,24240,59.76
20,3296,VIVIDHA,EQ,134051,110801,82.66
20,3297,VIVO,ST,3200,3200,100.00
20,3298,VIVOBIOT,EQ,112181,92268,82.25
20,3299,VIYASH,EQ,3107823,1657817,53.34
20,3300,VLEGOV,EQ,229029,174606,76.24
20,3301,VLINFRA,SM,3000,3000,100.00
20,3302,VLSFINANCE,EQ,7585,4705,62.03
20,3303,VMARCIND,SM,348000,241500,69.40
20,3304,VMART,EQ,60366,20824,34.50
20,3305,VMM,EQ,4752690,2100257,44.19
20,3306,VMOBILE,SM,12000,12000,100.00
20,3307,VMSTMT,EQ,9836,7408,75.32
20,3308,VOEPL,EQ,76519,44982,58.79
20,3309,VOGL,EQ,23606914,9582653,40.59
20,3310,VOITHPAPR,EQ,453,387,85.43
20,3311,VOLERCAR,SM,16000,16000,100.00
20,3312,VOLTAMP,EQ,19205,11672,60.78
20,3313,VOLTAS,EQ,517423,210855,40.75
20,3314,VPRPL,EQ,2532059,625514,24.70
20,3315,VRAJ,EQ,20881,15406,73.78
20,3316,VRLLOG,EQ,155343,107316,69.08
20,3317,VSCL,SM,6000,6000,100.00
20,3318,VSSL,EQ,8306199,756559,9.11
20,3319,VSTIND,EQ,96791,58661,60.61
20,3320,VSTL,EQ,5743,4420,76.96
20,3321,VSTTILLERS,EQ,5896,3652,61.94
20,3322,VTL,EQ,287496,140611,48.91
20,3323,VTMLTD,EQ,43596,37605,86.26
20,3324,WAAREEENER,EQ,629037,336347,53.47
20,3325,WAAREEINDO,EQ,59046,39203,66.39
20,3326,WAAREERTL,EQ,94942,41590,43.81
20,3327,WABAG,EQ,1260627,392917,31.17
20,3328,WAKEFIT,EQ,510817,219906,43.05
20,3329,WALCHANNAG,EQ,264577,117037,44.24
20,3330,WANBURY,EQ,60101,32302,53.75
20,3331,WARDINMOBI,EQ,382818,243997,63.74
20,3332,WATERBASE,EQ,7837,6143,78.38
20,3333,WCIL,EQ,102129,50040,49.00
20,3334,WEALTH,EQ,1604,1071,66.77
20,3335,WEBELSOLAR,EQ,1982685,1132176,57.10
20,3336,WEIZMANIND,EQ,1984,1103,55.59
20,3337,WEL,EQ,1202294,534305,44.44
20,3338,WELCORP,EQ,4261554,924243,21.69
20,3339,WELENT,EQ,305587,135609,44.38
20,3340,WELSPLSOL,EQ,451059,182514,40.46
20,3341,WELSPUNLIV,EQ,1879096,641141,34.12
20,3342,WENDT,EQ,98896,29807,30.14
20,3343,WESTLIFE,EQ,29578,15820,53.49
20,3344,WEWIN,EQ,1324,1323,99.92
20,3345,WEWORK,EQ,114321,64584,56.49
20,3346,WHBRADY,EQ,14,10,71.43
20,3347,WHEELS,EQ,2648322,313722,11.85
20,3348,WHIRLPOOL,EQ,113037,50507,44.68
20,3349,WILLAMAGOR,EQ,6072,5394,88.83
20,3350,WINDLAS,EQ,57449,30231,52.62
20,3351,WINDMACHIN,EQ,31335,17800,56.81
20,3352,WINSOL,SM,2800,2800,100.00
20,3353,WIPL,EQ,4170,3118,74.77
20,3354,WIPRO,EQ,9586645,3985186,41.57
20,3355,WOCKPHARMA,EQ,693525,245765,35.44
20,3356,WOMANCART,ST,26000,23600,90.77
20,3357,WONDERLA,EQ,17917,12861,71.78
20,3358,WORTHPERI,EQ,6840,5921,86.56
20,3359,WPIL,EQ,144403,40711,28.19
20,3360,WSI,EQ,29567,15897,53.77
20,3361,WSTCSTPAPR,EQ,528781,219556,41.52
20,3362,WTICAB,SM,22500,16000,71.11
20,3363,XCHANGING,EQ,69094,42775,61.91
20,3364,XELPMOC,EQ,17649,13986,79.25
20,3365,XPROINDIA,EQ,53097,14674,27.64
20,3366,XTGLOBAL,EQ,30411,18956,62.33
20,3367,XTRANET,EQ,4898567,810014,16.54
20,3368,YAAP,SM,15000,10000,66.67
20,3369,YASHO,EQ,26451,13504,51.05
20,3370,YASHOPTICS,SM,10400,10400,100.00
20,3371,YATHARTH,EQ,249886,79026,31.62
20,3372,YATRA,EQ,790965,404693,51.16
20,3373,YCCL,SM,18000,18000,100.00
20,3374,YESBANK,EQ,47990386,21175893,44.13
20,3375,YOGI,EQ,180,120,66.67
20,3376,YUDIZ,SM,800,800,100.00
20,3377,YUKEN,EQ,120552,47183,39.14
20,3378,ZAGGLE,EQ,2600981,806088,30.99
20,3379,ZEAL,SM,6000,6000,100.00
20,3380,ZEEL,EQ,22803793,7377650,32.35
20,3381,ZEEMEDIA,EQ,1117559,550453,49.25
20,3382,ZENITHDRUG,SM,2400,1600,66.67
20,3383,ZENITHEXPO,EQ,7,7,100.00
20,3384,ZENITHSTL,EQ,144436,90275,62.50
20,3385,ZENSARTECH,EQ,865424,367835,42.50
20,3386,ZENTEC,EQ,238930,92973,38.91
20,3387,ZFCVINDIA,EQ,81482,43182,53.00
20,3388,ZFSTEERING,EQ,96970,35721,36.84
20,3389,ZIMLAB,EQ,458670,142585,31.09
20,3390,ZODIAC,EQ,6529,3838,58.78
20,3391,ZODIACLOTH,EQ,8772,5204,59.33
20,3392,ZOTA,EQ,37277,21029,56.41
20,3393,ZSARACOM,EQ,26,20,76.92
20,3394,ZTECH,SM,5400,3900,72.22
20,3395,ZUARI,EQ,37607,20018,53.23
20,3396,ZUARIIND,EQ,33644,17560,52.19
20,3397,ZYDUSLIFE,EQ,937267,557254,59.46
20,3398,ZYDUSWELL,EQ,368281,135356,36.75
